date,bracket,arm,net_return
2016-06-30,B1,baseline,0.0
2016-07-01,B1,baseline,0.0
2016-07-02,B1,baseline,0.0
2016-07-03,B1,baseline,0.0
2016-07-04,B1,baseline,0.0
2016-07-05,B1,baseline,0.0
2016-07-06,B1,baseline,0.0
2016-07-07,B1,baseline,0.0
2016-07-08,B1,baseline,0.0
2016-07-09,B1,baseline,0.0
2016-07-10,B1,baseline,0.0
2016-07-11,B1,baseline,0.0
2016-07-12,B1,baseline,0.0
2016-07-13,B1,baseline,0.0
2016-07-14,B1,baseline,0.0
2016-07-15,B1,baseline,0.0
2016-07-16,B1,baseline,0.0
2016-07-17,B1,baseline,0.0
2016-07-18,B1,baseline,0.0
2016-07-19,B1,baseline,0.0
2016-07-20,B1,baseline,0.0
2016-07-21,B1,baseline,0.0
2016-07-22,B1,baseline,0.0
2016-07-23,B1,baseline,0.0
2016-07-24,B1,baseline,0.0
2016-07-25,B1,baseline,0.0
2016-07-26,B1,baseline,0.0
2016-07-27,B1,baseline,0.0
2016-07-28,B1,baseline,0.0
2016-07-29,B1,baseline,0.0
2016-07-30,B1,baseline,0.0
2016-07-31,B1,baseline,0.0
2016-08-01,B1,baseline,0.0
2016-08-02,B1,baseline,0.0
2016-08-03,B1,baseline,0.0
2016-08-04,B1,baseline,0.0
2016-08-05,B1,baseline,0.0
2016-08-06,B1,baseline,0.0
2016-08-07,B1,baseline,0.0
2016-08-08,B1,baseline,0.0
2016-08-09,B1,baseline,0.0
2016-08-10,B1,baseline,0.0
2016-08-11,B1,baseline,0.0
2016-08-12,B1,baseline,0.0
2016-08-13,B1,baseline,0.0
2016-08-14,B1,baseline,0.0
2016-08-15,B1,baseline,0.0
2016-08-16,B1,baseline,0.0
2016-08-17,B1,baseline,0.0
2016-08-18,B1,baseline,0.0
2016-08-19,B1,baseline,0.0
2016-08-20,B1,baseline,0.0
2016-08-21,B1,baseline,0.0
2016-08-22,B1,baseline,0.0
2016-08-23,B1,baseline,0.0
2016-08-24,B1,baseline,0.0
2016-08-25,B1,baseline,0.0
2016-08-26,B1,baseline,0.0
2016-08-27,B1,baseline,0.0
2016-08-28,B1,baseline,0.0
2016-08-29,B1,baseline,0.0
2016-08-30,B1,baseline,0.0
2016-08-31,B1,baseline,0.0
2016-09-01,B1,baseline,0.0
2016-09-02,B1,baseline,0.0
2016-09-03,B1,baseline,0.0
2016-09-04,B1,baseline,0.0
2016-09-05,B1,baseline,0.0
2016-09-06,B1,baseline,0.0
2016-09-07,B1,baseline,0.0
2016-09-08,B1,baseline,0.0
2016-09-09,B1,baseline,0.0
2016-09-10,B1,baseline,0.0
2016-09-11,B1,baseline,0.0
2016-09-12,B1,baseline,0.0
2016-09-13,B1,baseline,0.0
2016-09-14,B1,baseline,0.0
2016-09-15,B1,baseline,0.0
2016-09-16,B1,baseline,0.0
2016-09-17,B1,baseline,0.0
2016-09-18,B1,baseline,0.0
2016-09-19,B1,baseline,0.0
2016-09-20,B1,baseline,0.0
2016-09-21,B1,baseline,0.0
2016-09-22,B1,baseline,0.0
2016-09-23,B1,baseline,0.0
2016-09-24,B1,baseline,0.0
2016-09-25,B1,baseline,0.0
2016-09-26,B1,baseline,0.0
2016-09-27,B1,baseline,0.0
2016-09-28,B1,baseline,0.0
2016-09-29,B1,baseline,0.0
2016-09-30,B1,baseline,0.0
2016-10-01,B1,baseline,0.0
2016-10-02,B1,baseline,0.0
2016-10-03,B1,baseline,0.0
2016-10-04,B1,baseline,0.0
2016-10-05,B1,baseline,0.0
2016-10-06,B1,baseline,0.0
2016-10-07,B1,baseline,0.0
2016-10-08,B1,baseline,0.0
2016-10-09,B1,baseline,0.0
2016-10-10,B1,baseline,0.0
2016-10-11,B1,baseline,0.0
2016-10-12,B1,baseline,0.0
2016-10-13,B1,baseline,0.0
2016-10-14,B1,baseline,0.0
2016-10-15,B1,baseline,0.0
2016-10-16,B1,baseline,0.0
2016-10-17,B1,baseline,0.0
2016-10-18,B1,baseline,0.0
2016-10-19,B1,baseline,0.0
2016-10-20,B1,baseline,0.0
2016-10-21,B1,baseline,0.0
2016-10-22,B1,baseline,0.0
2016-10-23,B1,baseline,0.0
2016-10-24,B1,baseline,0.0
2016-10-25,B1,baseline,0.0
2016-10-26,B1,baseline,0.0
2016-10-27,B1,baseline,0.0
2016-10-28,B1,baseline,0.0
2016-10-29,B1,baseline,0.0
2016-10-30,B1,baseline,0.0
2016-10-31,B1,baseline,0.0
2016-11-01,B1,baseline,0.0
2016-11-02,B1,baseline,0.0
2016-11-03,B1,baseline,0.0
2016-11-04,B1,baseline,0.0
2016-11-05,B1,baseline,0.0
2016-11-06,B1,baseline,0.0
2016-11-07,B1,baseline,0.0
2016-11-08,B1,baseline,0.0
2016-11-09,B1,baseline,0.0
2016-11-10,B1,baseline,0.0
2016-11-11,B1,baseline,0.0
2016-11-12,B1,baseline,0.0
2016-11-13,B1,baseline,0.0
2016-11-14,B1,baseline,0.0
2016-11-15,B1,baseline,0.0
2016-11-16,B1,baseline,0.0
2016-11-17,B1,baseline,0.0
2016-11-18,B1,baseline,0.0
2016-11-19,B1,baseline,0.0
2016-11-20,B1,baseline,0.0
2016-11-21,B1,baseline,0.0
2016-11-22,B1,baseline,0.0
2016-11-23,B1,baseline,0.0
2016-11-24,B1,baseline,0.0
2016-11-25,B1,baseline,0.0
2016-11-26,B1,baseline,0.0
2016-11-27,B1,baseline,0.0
2016-11-28,B1,baseline,0.0
2016-11-29,B1,baseline,0.0
2016-11-30,B1,baseline,0.0
2016-12-01,B1,baseline,0.0
2016-12-02,B1,baseline,0.0
2016-12-03,B1,baseline,0.0
2016-12-04,B1,baseline,0.0
2016-12-05,B1,baseline,0.0
2016-12-06,B1,baseline,0.0
2016-12-07,B1,baseline,0.0
2016-12-08,B1,baseline,0.0
2016-12-09,B1,baseline,0.0
2016-12-10,B1,baseline,0.0
2016-12-11,B1,baseline,0.0
2016-12-12,B1,baseline,0.0
2016-12-13,B1,baseline,0.0
2016-12-14,B1,baseline,0.0
2016-12-15,B1,baseline,0.0
2016-12-16,B1,baseline,0.0
2016-12-17,B1,baseline,0.0
2016-12-18,B1,baseline,0.0
2016-12-19,B1,baseline,0.0
2016-12-20,B1,baseline,0.0
2016-12-21,B1,baseline,0.0
2016-12-22,B1,baseline,0.0
2016-12-23,B1,baseline,0.0
2016-12-24,B1,baseline,0.0
2016-12-25,B1,baseline,0.0
2016-12-26,B1,baseline,0.0
2016-12-27,B1,baseline,0.0
2016-12-28,B1,baseline,0.0
2016-12-29,B1,baseline,0.0
2016-12-30,B1,baseline,0.0
2016-12-31,B1,baseline,0.0
2017-01-01,B1,baseline,0.0
2017-01-02,B1,baseline,0.0
2017-01-03,B1,baseline,0.0
2017-01-04,B1,baseline,0.0
2017-01-05,B1,baseline,0.0
2017-01-06,B1,baseline,0.0
2017-01-07,B1,baseline,0.0
2017-01-08,B1,baseline,0.0
2017-01-09,B1,baseline,0.0
2017-01-10,B1,baseline,0.0
2017-01-11,B1,baseline,0.0
2017-01-12,B1,baseline,0.0
2017-01-13,B1,baseline,0.0
2017-01-14,B1,baseline,0.0
2017-01-15,B1,baseline,0.0
2017-01-16,B1,baseline,0.0
2017-01-17,B1,baseline,0.0
2017-01-18,B1,baseline,0.0
2017-01-19,B1,baseline,0.0
2017-01-20,B1,baseline,0.0
2017-01-21,B1,baseline,0.0
2017-01-22,B1,baseline,0.0
2017-01-23,B1,baseline,0.0
2017-01-24,B1,baseline,0.0
2017-01-25,B1,baseline,0.0
2017-01-26,B1,baseline,0.0
2017-01-27,B1,baseline,0.0
2017-01-28,B1,baseline,0.0
2017-01-29,B1,baseline,0.0
2017-01-30,B1,baseline,0.0
2017-01-31,B1,baseline,0.0
2017-02-01,B1,baseline,0.0
2017-02-02,B1,baseline,0.0
2017-02-03,B1,baseline,0.0
2017-02-04,B1,baseline,0.0
2017-02-05,B1,baseline,0.0
2017-02-06,B1,baseline,0.0
2017-02-07,B1,baseline,0.0
2017-02-08,B1,baseline,0.0
2017-02-09,B1,baseline,0.0
2017-02-10,B1,baseline,0.0
2017-02-11,B1,baseline,0.0
2017-02-12,B1,baseline,0.0
2017-02-13,B1,baseline,0.0
2017-02-14,B1,baseline,0.0
2017-02-15,B1,baseline,0.0
2017-02-16,B1,baseline,0.0
2017-02-17,B1,baseline,0.0
2017-02-18,B1,baseline,0.0
2017-02-19,B1,baseline,0.0
2017-02-20,B1,baseline,0.0
2017-02-21,B1,baseline,0.0
2017-02-22,B1,baseline,0.0
2017-02-23,B1,baseline,0.0
2017-02-24,B1,baseline,0.0
2017-02-25,B1,baseline,0.0
2017-02-26,B1,baseline,0.0
2017-02-27,B1,baseline,0.0
2017-02-28,B1,baseline,0.0
2017-03-01,B1,baseline,0.0
2017-03-02,B1,baseline,0.0
2017-03-03,B1,baseline,0.0
2017-03-04,B1,baseline,0.0
2017-03-05,B1,baseline,0.0
2017-03-06,B1,baseline,0.0
2017-03-07,B1,baseline,0.0
2017-03-08,B1,baseline,0.0
2017-03-09,B1,baseline,0.0
2017-03-10,B1,baseline,0.0
2017-03-11,B1,baseline,0.0
2017-03-12,B1,baseline,0.0
2017-03-13,B1,baseline,0.0
2017-03-14,B1,baseline,0.0
2017-03-15,B1,baseline,0.0
2017-03-16,B1,baseline,0.0
2017-03-17,B1,baseline,0.0
2017-03-18,B1,baseline,0.0
2017-03-19,B1,baseline,0.0
2017-03-20,B1,baseline,0.0
2017-03-21,B1,baseline,0.0
2017-03-22,B1,baseline,0.0
2017-03-23,B1,baseline,0.0
2017-03-24,B1,baseline,0.0
2017-03-25,B1,baseline,0.0
2017-03-26,B1,baseline,0.0
2017-03-27,B1,baseline,0.0
2017-03-28,B1,baseline,0.0
2017-03-29,B1,baseline,0.0
2017-03-30,B1,baseline,0.0
2017-03-31,B1,baseline,0.0
2017-04-01,B1,baseline,0.0
2017-04-02,B1,baseline,0.0
2017-04-03,B1,baseline,0.0
2017-04-04,B1,baseline,0.0
2017-04-05,B1,baseline,0.0
2017-04-06,B1,baseline,0.0
2017-04-07,B1,baseline,0.0
2017-04-08,B1,baseline,0.0
2017-04-09,B1,baseline,0.0
2017-04-10,B1,baseline,0.0
2017-04-11,B1,baseline,0.0
2017-04-12,B1,baseline,0.0
2017-04-13,B1,baseline,0.0
2017-04-14,B1,baseline,0.0
2017-04-15,B1,baseline,0.0
2017-04-16,B1,baseline,0.0
2017-04-17,B1,baseline,0.0
2017-04-18,B1,baseline,0.0
2017-04-19,B1,baseline,0.0
2017-04-20,B1,baseline,0.0
2017-04-21,B1,baseline,0.0
2017-04-22,B1,baseline,0.0
2017-04-23,B1,baseline,0.0
2017-04-24,B1,baseline,0.0
2017-04-25,B1,baseline,0.0
2017-04-26,B1,baseline,0.0
2017-04-27,B1,baseline,0.0
2017-04-28,B1,baseline,0.0
2017-04-29,B1,baseline,0.0
2017-04-30,B1,baseline,0.0
2017-05-01,B1,baseline,0.0
2017-05-02,B1,baseline,0.0
2017-05-03,B1,baseline,0.0
2017-05-04,B1,baseline,0.0
2017-05-05,B1,baseline,0.0
2017-05-06,B1,baseline,0.0
2017-05-07,B1,baseline,0.0
2017-05-08,B1,baseline,0.0
2017-05-09,B1,baseline,0.0
2017-05-10,B1,baseline,0.0
2017-05-11,B1,baseline,0.0
2017-05-12,B1,baseline,0.0
2017-05-13,B1,baseline,0.0
2017-05-14,B1,baseline,0.0
2017-05-15,B1,baseline,0.0
2017-05-16,B1,baseline,0.0
2017-05-17,B1,baseline,0.0
2017-05-18,B1,baseline,0.0
2017-05-19,B1,baseline,0.0
2017-05-20,B1,baseline,0.0
2017-05-21,B1,baseline,0.0
2017-05-22,B1,baseline,0.0
2017-05-23,B1,baseline,0.0
2017-05-24,B1,baseline,0.0
2017-05-25,B1,baseline,0.0
2017-05-26,B1,baseline,0.0
2017-05-27,B1,baseline,0.0
2017-05-28,B1,baseline,0.0
2017-05-29,B1,baseline,0.0
2017-05-30,B1,baseline,0.0
2017-05-31,B1,baseline,0.0
2017-06-01,B1,baseline,0.0
2017-06-02,B1,baseline,0.0
2017-06-03,B1,baseline,0.0
2017-06-04,B1,baseline,0.0
2017-06-05,B1,baseline,0.0
2017-06-06,B1,baseline,0.0
2017-06-07,B1,baseline,0.0
2017-06-08,B1,baseline,0.0
2017-06-09,B1,baseline,0.0
2017-06-10,B1,baseline,0.0
2017-06-11,B1,baseline,0.0
2017-06-12,B1,baseline,0.0
2017-06-13,B1,baseline,0.0
2017-06-14,B1,baseline,0.0
2017-06-15,B1,baseline,0.0
2017-06-16,B1,baseline,0.0
2017-06-17,B1,baseline,0.0
2017-06-18,B1,baseline,0.0
2017-06-19,B1,baseline,0.0
2017-06-20,B1,baseline,0.0
2017-06-21,B1,baseline,0.0
2017-06-22,B1,baseline,0.0
2017-06-23,B1,baseline,0.0
2017-06-24,B1,baseline,0.0
2017-06-25,B1,baseline,0.0
2017-06-26,B1,baseline,0.0
2017-06-27,B1,baseline,0.0
2017-06-28,B1,baseline,0.0
2017-06-29,B1,baseline,0.0
2017-06-30,B1,baseline,0.0
2017-07-01,B1,baseline,0.0
2017-07-02,B1,baseline,0.0
2017-07-03,B1,baseline,0.0
2017-07-04,B1,baseline,0.0
2017-07-05,B1,baseline,0.0
2017-07-06,B1,baseline,0.0
2017-07-07,B1,baseline,0.0
2017-07-08,B1,baseline,0.0
2017-07-09,B1,baseline,0.0
2017-07-10,B1,baseline,0.0
2017-07-11,B1,baseline,0.0
2017-07-12,B1,baseline,0.0
2017-07-13,B1,baseline,0.0
2017-07-14,B1,baseline,0.0
2017-07-15,B1,baseline,0.0
2017-07-16,B1,baseline,0.0
2017-07-17,B1,baseline,0.0
2017-07-18,B1,baseline,0.0
2017-07-19,B1,baseline,0.0
2017-07-20,B1,baseline,0.0
2017-07-21,B1,baseline,0.0
2017-07-22,B1,baseline,0.0
2017-07-23,B1,baseline,0.0
2017-07-24,B1,baseline,0.0
2017-07-25,B1,baseline,0.0
2017-07-26,B1,baseline,0.0
2017-07-27,B1,baseline,0.0
2017-07-28,B1,baseline,0.0
2017-07-29,B1,baseline,0.0
2017-07-30,B1,baseline,0.0
2017-07-31,B1,baseline,0.0
2017-08-01,B1,baseline,0.0
2017-08-02,B1,baseline,0.0
2017-08-03,B1,baseline,0.0
2017-08-04,B1,baseline,0.0
2017-08-05,B1,baseline,0.0
2017-08-06,B1,baseline,0.0
2017-08-07,B1,baseline,0.0
2017-08-08,B1,baseline,0.0
2017-08-09,B1,baseline,0.0
2017-08-10,B1,baseline,0.0
2017-08-11,B1,baseline,0.0
2017-08-12,B1,baseline,0.0
2017-08-13,B1,baseline,0.0
2017-08-14,B1,baseline,0.0
2017-08-15,B1,baseline,0.0
2017-08-16,B1,baseline,0.0
2017-08-17,B1,baseline,0.0
2017-08-18,B1,baseline,0.0
2017-08-19,B1,baseline,0.0
2017-08-20,B1,baseline,0.0
2017-08-21,B1,baseline,0.0
2017-08-22,B1,baseline,0.0
2017-08-23,B1,baseline,0.0
2017-08-24,B1,baseline,0.0
2017-08-25,B1,baseline,0.0
2017-08-26,B1,baseline,0.0
2017-08-27,B1,baseline,0.0
2017-08-28,B1,baseline,0.0
2017-08-29,B1,baseline,0.0
2017-08-30,B1,baseline,0.0
2017-08-31,B1,baseline,0.0
2017-09-01,B1,baseline,0.0
2017-09-02,B1,baseline,0.0
2017-09-03,B1,baseline,0.0
2017-09-04,B1,baseline,0.0
2017-09-05,B1,baseline,0.0
2017-09-06,B1,baseline,0.0
2017-09-07,B1,baseline,0.0
2017-09-08,B1,baseline,0.0
2017-09-09,B1,baseline,0.0
2017-09-10,B1,baseline,0.0
2017-09-11,B1,baseline,0.0
2017-09-12,B1,baseline,0.0
2017-09-13,B1,baseline,0.0
2017-09-14,B1,baseline,0.0
2017-09-15,B1,baseline,0.0
2017-09-16,B1,baseline,0.0
2017-09-17,B1,baseline,0.0
2017-09-18,B1,baseline,0.0
2017-09-19,B1,baseline,0.0
2017-09-20,B1,baseline,0.0
2017-09-21,B1,baseline,0.0
2017-09-22,B1,baseline,0.0
2017-09-23,B1,baseline,0.0
2017-09-24,B1,baseline,0.0
2017-09-25,B1,baseline,0.0
2017-09-26,B1,baseline,0.0
2017-09-27,B1,baseline,0.0
2017-09-28,B1,baseline,0.0
2017-09-29,B1,baseline,0.0
2017-09-30,B1,baseline,0.0
2017-10-01,B1,baseline,0.0
2017-10-02,B1,baseline,0.0
2017-10-03,B1,baseline,0.0
2017-10-04,B1,baseline,0.0
2017-10-05,B1,baseline,0.0
2017-10-06,B1,baseline,0.0
2017-10-07,B1,baseline,0.0
2017-10-08,B1,baseline,0.0
2017-10-09,B1,baseline,0.0
2017-10-10,B1,baseline,0.0
2017-10-11,B1,baseline,0.0
2017-10-12,B1,baseline,0.0
2017-10-13,B1,baseline,0.0
2017-10-14,B1,baseline,0.0
2017-10-15,B1,baseline,0.0
2017-10-16,B1,baseline,0.0
2017-10-17,B1,baseline,0.0
2017-10-18,B1,baseline,0.0
2017-10-19,B1,baseline,0.0
2017-10-20,B1,baseline,0.0
2017-10-21,B1,baseline,0.0
2017-10-22,B1,baseline,0.0
2017-10-23,B1,baseline,0.0
2017-10-24,B1,baseline,0.0
2017-10-25,B1,baseline,0.0
2017-10-26,B1,baseline,0.0
2017-10-27,B1,baseline,0.0
2017-10-28,B1,baseline,0.0
2017-10-29,B1,baseline,0.0
2017-10-30,B1,baseline,0.0
2017-10-31,B1,baseline,0.0
2017-11-01,B1,baseline,0.0
2017-11-02,B1,baseline,0.0
2017-11-03,B1,baseline,0.0
2017-11-04,B1,baseline,0.0
2017-11-05,B1,baseline,0.0
2017-11-06,B1,baseline,0.0
2017-11-07,B1,baseline,0.0
2017-11-08,B1,baseline,0.0
2017-11-09,B1,baseline,0.0
2017-11-10,B1,baseline,0.0
2017-11-11,B1,baseline,0.0
2017-11-12,B1,baseline,0.0
2017-11-13,B1,baseline,0.0
2017-11-14,B1,baseline,0.0
2017-11-15,B1,baseline,0.0
2017-11-16,B1,baseline,0.0
2017-11-17,B1,baseline,0.0
2017-11-18,B1,baseline,0.0
2017-11-19,B1,baseline,0.0
2017-11-20,B1,baseline,0.0
2017-11-21,B1,baseline,0.0
2017-11-22,B1,baseline,0.0
2017-11-23,B1,baseline,0.0
2017-11-24,B1,baseline,0.0
2017-11-25,B1,baseline,0.0
2017-11-26,B1,baseline,0.0
2017-11-27,B1,baseline,0.0
2017-11-28,B1,baseline,0.0
2017-11-29,B1,baseline,0.0
2017-11-30,B1,baseline,0.0
2017-12-01,B1,baseline,0.0
2017-12-02,B1,baseline,0.0
2017-12-03,B1,baseline,0.0
2017-12-04,B1,baseline,0.0
2017-12-05,B1,baseline,0.0
2017-12-06,B1,baseline,0.0
2017-12-07,B1,baseline,0.0
2017-12-08,B1,baseline,0.0
2017-12-09,B1,baseline,0.0
2017-12-10,B1,baseline,0.0
2017-12-11,B1,baseline,0.0
2017-12-12,B1,baseline,0.0
2017-12-13,B1,baseline,0.0
2017-12-14,B1,baseline,0.0
2017-12-15,B1,baseline,0.0
2017-12-16,B1,baseline,0.0
2017-12-17,B1,baseline,0.0
2017-12-18,B1,baseline,0.0
2017-12-19,B1,baseline,0.0
2017-12-20,B1,baseline,0.0
2017-12-21,B1,baseline,0.0
2017-12-22,B1,baseline,0.0
2017-12-23,B1,baseline,0.0
2017-12-24,B1,baseline,0.0
2017-12-25,B1,baseline,0.0
2017-12-26,B1,baseline,0.0
2017-12-27,B1,baseline,0.0
2017-12-28,B1,baseline,0.0
2017-12-29,B1,baseline,0.0
2017-12-30,B1,baseline,0.0
2017-12-31,B1,baseline,0.0
2018-01-01,B1,baseline,0.0
2018-01-02,B1,baseline,0.0
2018-01-03,B1,baseline,0.0
2018-01-04,B1,baseline,0.0
2018-01-05,B1,baseline,0.0
2018-01-06,B1,baseline,0.0
2018-01-07,B1,baseline,0.0
2018-01-08,B1,baseline,0.0
2018-01-09,B1,baseline,0.0
2018-01-10,B1,baseline,0.0
2018-01-11,B1,baseline,0.0
2018-01-12,B1,baseline,0.0
2018-01-13,B1,baseline,0.0
2018-01-14,B1,baseline,0.0
2018-01-15,B1,baseline,0.0
2018-01-16,B1,baseline,0.0
2018-01-17,B1,baseline,0.0
2018-01-18,B1,baseline,0.0
2018-01-19,B1,baseline,0.0
2018-01-20,B1,baseline,0.0
2018-01-21,B1,baseline,0.0
2018-01-22,B1,baseline,0.0
2018-01-23,B1,baseline,0.0
2018-01-24,B1,baseline,0.0
2018-01-25,B1,baseline,0.0
2018-01-26,B1,baseline,0.0
2018-01-27,B1,baseline,0.0
2018-01-28,B1,baseline,0.0
2018-01-29,B1,baseline,0.0
2018-01-30,B1,baseline,0.0
2018-01-31,B1,baseline,0.0
2018-02-01,B1,baseline,0.0
2018-02-02,B1,baseline,0.0
2018-02-03,B1,baseline,0.0
2018-02-04,B1,baseline,0.0
2018-02-05,B1,baseline,0.0
2018-02-06,B1,baseline,0.0
2018-02-07,B1,baseline,0.0
2018-02-08,B1,baseline,0.0
2018-02-09,B1,baseline,0.0
2018-02-10,B1,baseline,0.0
2018-02-11,B1,baseline,0.0
2018-02-12,B1,baseline,0.0
2018-02-13,B1,baseline,0.0
2018-02-14,B1,baseline,0.0
2018-02-15,B1,baseline,0.0
2018-02-16,B1,baseline,0.0
2018-02-17,B1,baseline,0.0
2018-02-18,B1,baseline,0.0
2018-02-19,B1,baseline,0.0
2018-02-20,B1,baseline,0.0
2018-02-21,B1,baseline,0.0
2018-02-22,B1,baseline,0.0
2018-02-23,B1,baseline,0.0
2018-02-24,B1,baseline,0.0
2018-02-25,B1,baseline,0.0
2018-02-26,B1,baseline,0.0
2018-02-27,B1,baseline,0.0
2018-02-28,B1,baseline,0.0
2018-03-01,B1,baseline,0.0
2018-03-02,B1,baseline,0.0
2018-03-03,B1,baseline,0.0
2018-03-04,B1,baseline,0.0
2018-03-05,B1,baseline,0.0
2018-03-06,B1,baseline,0.0
2018-03-07,B1,baseline,0.0
2018-03-08,B1,baseline,0.0
2018-03-09,B1,baseline,0.0
2018-03-10,B1,baseline,0.0
2018-03-11,B1,baseline,0.0
2018-03-12,B1,baseline,0.0
2018-03-13,B1,baseline,0.0
2018-03-14,B1,baseline,0.0
2018-03-15,B1,baseline,0.0
2018-03-16,B1,baseline,0.0
2018-03-17,B1,baseline,0.0
2018-03-18,B1,baseline,0.0
2018-03-19,B1,baseline,0.0
2018-03-20,B1,baseline,0.0
2018-03-21,B1,baseline,0.0
2018-03-22,B1,baseline,0.0
2018-03-23,B1,baseline,0.0
2018-03-24,B1,baseline,0.0
2018-03-25,B1,baseline,0.0
2018-03-26,B1,baseline,0.0
2018-03-27,B1,baseline,0.0
2018-03-28,B1,baseline,0.0
2018-03-29,B1,baseline,0.0
2018-03-30,B1,baseline,0.0
2018-03-31,B1,baseline,0.0
2018-04-01,B1,baseline,0.0
2018-04-02,B1,baseline,0.0
2018-04-03,B1,baseline,0.0
2018-04-04,B1,baseline,0.0
2018-04-05,B1,baseline,0.0
2018-04-06,B1,baseline,0.0
2018-04-07,B1,baseline,0.0
2018-04-08,B1,baseline,0.0
2018-04-09,B1,baseline,0.0
2018-04-10,B1,baseline,0.0
2018-04-11,B1,baseline,0.0
2018-04-12,B1,baseline,0.0
2018-04-13,B1,baseline,0.0
2018-04-14,B1,baseline,0.0
2018-04-15,B1,baseline,0.0
2018-04-16,B1,baseline,0.0
2018-04-17,B1,baseline,0.0
2018-04-18,B1,baseline,0.0
2018-04-19,B1,baseline,0.0
2018-04-20,B1,baseline,0.0
2018-04-21,B1,baseline,0.0
2018-04-22,B1,baseline,0.0
2018-04-23,B1,baseline,0.0
2018-04-24,B1,baseline,0.0
2018-04-25,B1,baseline,0.0
2018-04-26,B1,baseline,0.0
2018-04-27,B1,baseline,0.0
2018-04-28,B1,baseline,0.0
2018-04-29,B1,baseline,0.0
2018-04-30,B1,baseline,0.0
2018-05-01,B1,baseline,0.0
2018-05-02,B1,baseline,0.0
2018-05-03,B1,baseline,0.0
2018-05-04,B1,baseline,0.0
2018-05-05,B1,baseline,0.0
2018-05-06,B1,baseline,0.0
2018-05-07,B1,baseline,0.0
2018-05-08,B1,baseline,0.0
2018-05-09,B1,baseline,0.0
2018-05-10,B1,baseline,0.0
2018-05-11,B1,baseline,0.0
2018-05-12,B1,baseline,0.0
2018-05-13,B1,baseline,0.0
2018-05-14,B1,baseline,0.0
2018-05-15,B1,baseline,0.0
2018-05-16,B1,baseline,0.0
2018-05-17,B1,baseline,0.0
2018-05-18,B1,baseline,0.0
2018-05-19,B1,baseline,0.0
2018-05-20,B1,baseline,0.0
2018-05-21,B1,baseline,0.0
2018-05-22,B1,baseline,0.0
2018-05-23,B1,baseline,0.0
2018-05-24,B1,baseline,0.0
2018-05-25,B1,baseline,0.0
2018-05-26,B1,baseline,0.0
2018-05-27,B1,baseline,0.0
2018-05-28,B1,baseline,0.0
2018-05-29,B1,baseline,0.0
2018-05-30,B1,baseline,0.0
2018-05-31,B1,baseline,0.0
2018-06-01,B1,baseline,0.0
2018-06-02,B1,baseline,0.0
2018-06-03,B1,baseline,0.0
2018-06-04,B1,baseline,0.0
2018-06-05,B1,baseline,0.0
2018-06-06,B1,baseline,0.0
2018-06-07,B1,baseline,0.0
2018-06-08,B1,baseline,0.0
2018-06-09,B1,baseline,0.0
2018-06-10,B1,baseline,0.0
2018-06-11,B1,baseline,0.0
2018-06-12,B1,baseline,0.0
2018-06-13,B1,baseline,0.0
2018-06-14,B1,baseline,0.0
2018-06-15,B1,baseline,0.0
2018-06-16,B1,baseline,0.0
2018-06-17,B1,baseline,0.0
2018-06-18,B1,baseline,0.0
2018-06-19,B1,baseline,0.0
2018-06-20,B1,baseline,0.0
2018-06-21,B1,baseline,0.0
2018-06-22,B1,baseline,0.0
2018-06-23,B1,baseline,0.0
2018-06-24,B1,baseline,0.0
2018-06-25,B1,baseline,0.0
2018-06-26,B1,baseline,0.0
2018-06-27,B1,baseline,0.0
2018-06-28,B1,baseline,0.0
2018-06-29,B1,baseline,0.0
2018-06-30,B1,baseline,0.0
2018-07-01,B1,baseline,0.0
2018-07-02,B1,baseline,0.0
2018-07-03,B1,baseline,0.0
2018-07-04,B1,baseline,0.0
2018-07-05,B1,baseline,0.0
2018-07-06,B1,baseline,0.0
2018-07-07,B1,baseline,0.0
2018-07-08,B1,baseline,0.0
2018-07-09,B1,baseline,0.0
2018-07-10,B1,baseline,0.0
2018-07-11,B1,baseline,0.0
2018-07-12,B1,baseline,0.0
2018-07-13,B1,baseline,0.0
2018-07-14,B1,baseline,0.0
2018-07-15,B1,baseline,0.0
2018-07-16,B1,baseline,0.0
2018-07-17,B1,baseline,0.0
2018-07-18,B1,baseline,0.0
2018-07-19,B1,baseline,0.0
2018-07-20,B1,baseline,0.0
2018-07-21,B1,baseline,0.0
2018-07-22,B1,baseline,0.0
2018-07-23,B1,baseline,0.0
2018-07-24,B1,baseline,0.0
2018-07-25,B1,baseline,0.0
2018-07-26,B1,baseline,0.0
2018-07-27,B1,baseline,0.0
2018-07-28,B1,baseline,0.0
2018-07-29,B1,baseline,0.0
2018-07-30,B1,baseline,0.0
2018-07-31,B1,baseline,0.0
2018-08-01,B1,baseline,0.0
2018-08-02,B1,baseline,0.0
2018-08-03,B1,baseline,0.0
2018-08-04,B1,baseline,0.0
2018-08-05,B1,baseline,0.0
2018-08-06,B1,baseline,0.0
2018-08-07,B1,baseline,0.0
2018-08-08,B1,baseline,0.0
2018-08-09,B1,baseline,0.0
2018-08-10,B1,baseline,0.0
2018-08-11,B1,baseline,0.0
2018-08-12,B1,baseline,0.0
2018-08-13,B1,baseline,0.0
2018-08-14,B1,baseline,0.0
2018-08-15,B1,baseline,0.0
2018-08-16,B1,baseline,0.0
2018-08-17,B1,baseline,0.0
2018-08-18,B1,baseline,0.0
2018-08-19,B1,baseline,0.0
2018-08-20,B1,baseline,0.0
2018-08-21,B1,baseline,0.0
2018-08-22,B1,baseline,0.0
2018-08-23,B1,baseline,0.0
2018-08-24,B1,baseline,0.0
2018-08-25,B1,baseline,0.0
2018-08-26,B1,baseline,0.0
2018-08-27,B1,baseline,0.0
2018-08-28,B1,baseline,0.0
2018-08-29,B1,baseline,0.0
2018-08-30,B1,baseline,0.0
2018-08-31,B1,baseline,0.0
2018-09-01,B1,baseline,0.0
2018-09-02,B1,baseline,0.0
2018-09-03,B1,baseline,0.0
2018-09-04,B1,baseline,0.0
2018-09-05,B1,baseline,0.0
2018-09-06,B1,baseline,0.0
2018-09-07,B1,baseline,0.0
2018-09-08,B1,baseline,0.0
2018-09-09,B1,baseline,0.0
2018-09-10,B1,baseline,0.0
2018-09-11,B1,baseline,0.0
2018-09-12,B1,baseline,0.0
2018-09-13,B1,baseline,0.0
2018-09-14,B1,baseline,0.0
2018-09-15,B1,baseline,0.0
2018-09-16,B1,baseline,0.0
2018-09-17,B1,baseline,0.0
2018-09-18,B1,baseline,0.0
2018-09-19,B1,baseline,0.0
2018-09-20,B1,baseline,0.0
2018-09-21,B1,baseline,0.0
2018-09-22,B1,baseline,0.0
2018-09-23,B1,baseline,0.0
2018-09-24,B1,baseline,0.0
2018-09-25,B1,baseline,0.0
2018-09-26,B1,baseline,0.0
2018-09-27,B1,baseline,0.0
2018-09-28,B1,baseline,0.0
2018-09-29,B1,baseline,0.0
2018-09-30,B1,baseline,0.0
2018-10-01,B1,baseline,0.0
2018-10-02,B1,baseline,0.0
2018-10-03,B1,baseline,0.0
2018-10-04,B1,baseline,0.0
2018-10-05,B1,baseline,0.0
2018-10-06,B1,baseline,0.0
2018-10-07,B1,baseline,0.0
2018-10-08,B1,baseline,0.0
2018-10-09,B1,baseline,0.0
2018-10-10,B1,baseline,0.0
2018-10-11,B1,baseline,0.0
2018-10-12,B1,baseline,0.0
2018-10-13,B1,baseline,0.0
2018-10-14,B1,baseline,0.0
2018-10-15,B1,baseline,0.0
2018-10-16,B1,baseline,0.0
2018-10-17,B1,baseline,0.0
2018-10-18,B1,baseline,0.0
2018-10-19,B1,baseline,0.0
2018-10-20,B1,baseline,0.0
2018-10-21,B1,baseline,0.0
2018-10-22,B1,baseline,0.0
2018-10-23,B1,baseline,0.0
2018-10-24,B1,baseline,0.0
2018-10-25,B1,baseline,0.0
2018-10-26,B1,baseline,0.0
2018-10-27,B1,baseline,0.0
2018-10-28,B1,baseline,0.0
2018-10-29,B1,baseline,0.0
2018-10-30,B1,baseline,0.0
2018-10-31,B1,baseline,0.0
2018-11-01,B1,baseline,0.0
2018-11-02,B1,baseline,0.0
2018-11-03,B1,baseline,0.0
2018-11-04,B1,baseline,0.0
2018-11-05,B1,baseline,0.0
2018-11-06,B1,baseline,0.0
2018-11-07,B1,baseline,0.0
2018-11-08,B1,baseline,0.0
2018-11-09,B1,baseline,0.0
2018-11-10,B1,baseline,0.0
2018-11-11,B1,baseline,0.0
2018-11-12,B1,baseline,0.0
2018-11-13,B1,baseline,0.0
2018-11-14,B1,baseline,0.0
2018-11-15,B1,baseline,0.0
2018-11-16,B1,baseline,0.0
2018-11-17,B1,baseline,0.00027175267989254515
2018-11-18,B1,baseline,-0.0007615431290112218
2018-11-19,B1,baseline,1.185140138981744e-05
2018-11-20,B1,baseline,0.0007319974672854723
2018-11-21,B1,baseline,0.001049213401350002
2018-11-22,B1,baseline,-0.0021743987454355684
2018-11-23,B1,baseline,-0.0015925622393798688
2018-11-24,B1,baseline,-0.004636035006242101
2018-11-25,B1,baseline,0.00017794317887798172
2018-11-26,B1,baseline,0.0005470979677675292
2018-11-27,B1,baseline,-0.0022642804735708566
2018-11-28,B1,baseline,0.005139896915264064
2018-11-29,B1,baseline,0.005032488560453796
2018-11-30,B1,baseline,-0.002383208584826768
2018-12-01,B1,baseline,0.00020224636849675015
2018-12-02,B1,baseline,0.0009766311223082802
2018-12-03,B1,baseline,-0.0015206640852181152
2018-12-04,B1,baseline,0.006891571822078335
2018-12-05,B1,baseline,-0.0020000096532567513
2018-12-06,B1,baseline,-0.0031754206605184576
2018-12-07,B1,baseline,0.00010558925278125741
2018-12-08,B1,baseline,0.005877334367726528
2018-12-09,B1,baseline,0.008194958444678768
2018-12-10,B1,baseline,-0.0022105587447655006
2018-12-11,B1,baseline,-0.0013141184461489264
2018-12-12,B1,baseline,0.002500691792693077
2018-12-13,B1,baseline,-0.002977880516174758
2018-12-14,B1,baseline,-0.002365217020611432
2018-12-15,B1,baseline,0.0030337860006381945
2018-12-16,B1,baseline,0.0007029469974961788
2018-12-17,B1,baseline,0.0009219521381411688
2018-12-18,B1,baseline,0.0013874530120190354
2018-12-19,B1,baseline,-0.0024593738317560954
2018-12-20,B1,baseline,0.0026286133505177833
2018-12-21,B1,baseline,0.0006963607628702739
2018-12-22,B1,baseline,-0.0003373111456154154
2018-12-23,B1,baseline,0.0013056823333157386
2018-12-24,B1,baseline,0.002197741488718874
2018-12-25,B1,baseline,-0.0008897345201782647
2018-12-26,B1,baseline,0.00028359915696718474
2018-12-27,B1,baseline,2.769744853359235e-05
2018-12-28,B1,baseline,0.002230127284214456
2018-12-29,B1,baseline,-0.000623523165291906
2018-12-30,B1,baseline,-6.706320892058137e-06
2018-12-31,B1,baseline,0.00011256482545718427
2019-01-01,B1,baseline,-5.812326769383258e-05
2019-01-02,B1,baseline,0.00093737544429362
2019-01-03,B1,baseline,-0.0003597425372581231
2019-01-04,B1,baseline,0.0003497489424071354
2019-01-05,B1,baseline,0.00028942008147070375
2019-01-06,B1,baseline,0.0015788119188016037
2019-01-07,B1,baseline,-0.0009015793993673027
2019-01-08,B1,baseline,0.0019514738811767796
2019-01-09,B1,baseline,0.0001027459478217807
2019-01-10,B1,baseline,-0.0007586330739178804
2019-01-11,B1,baseline,0.0006124278912011949
2019-01-12,B1,baseline,-0.0010522124880107953
2019-01-13,B1,baseline,0.0006108678952356783
2019-01-14,B1,baseline,0.00017083152853847317
2019-01-15,B1,baseline,0.0006079485201897494
2019-01-16,B1,baseline,-7.591280124485955e-05
2019-01-17,B1,baseline,-0.0002198400390178712
2019-01-18,B1,baseline,-0.0014393985682618071
2019-01-19,B1,baseline,-0.0006463347625133009
2019-01-20,B1,baseline,9.99655373346009e-06
2019-01-21,B1,baseline,-6.505615798224618e-05
2019-01-22,B1,baseline,-0.00016921883714071662
2019-01-23,B1,baseline,0.00043783711900058364
2019-01-24,B1,baseline,0.0010558961263484878
2019-01-25,B1,baseline,0.0007295758566014943
2019-01-26,B1,baseline,0.0012991401675641612
2019-01-27,B1,baseline,0.00035529000780232245
2019-01-28,B1,baseline,-0.0012148156079866412
2019-01-29,B1,baseline,0.00025155436524171293
2019-01-30,B1,baseline,-0.00014372264470152718
2019-01-31,B1,baseline,0.0011004792129096774
2019-02-01,B1,baseline,0.00043247193271334083
2019-02-02,B1,baseline,0.0006681744122427613
2019-02-03,B1,baseline,-9.174345584006538e-05
2019-02-04,B1,baseline,0.0016210924953508066
2019-02-05,B1,baseline,0.0027920582501603786
2019-02-06,B1,baseline,-0.0008269522098061088
2019-02-07,B1,baseline,0.00023245207722633054
2019-02-08,B1,baseline,-5.3128508649469275e-05
2019-02-09,B1,baseline,0.0001696612087236371
2019-02-10,B1,baseline,0.0004394232445943391
2019-02-11,B1,baseline,0.002057531077912511
2019-02-12,B1,baseline,0.0011617945826996046
2019-02-13,B1,baseline,-0.0003268350844924939
2019-02-14,B1,baseline,-0.0005299993586999063
2019-02-15,B1,baseline,-0.00040111709474510704
2019-02-16,B1,baseline,-0.0012611966079262293
2019-02-17,B1,baseline,-0.0006273858433997193
2019-02-18,B1,baseline,0.000961308382583681
2019-02-19,B1,baseline,0.0009174032950705069
2019-02-20,B1,baseline,-0.0007352430195279869
2019-02-21,B1,baseline,-0.00038899640658862644
2019-02-22,B1,baseline,-0.00019404500994379958
2019-02-23,B1,baseline,0.0007248277571003658
2019-02-24,B1,baseline,0.0016873835604633847
2019-02-25,B1,baseline,-0.001048193453281332
2019-02-26,B1,baseline,-0.0004987475223224846
2019-02-27,B1,baseline,0.0004724691305433293
2019-02-28,B1,baseline,-0.0007409591671228011
2019-03-01,B1,baseline,-0.0001792210034916586
2019-03-02,B1,baseline,-0.000600366115317108
2019-03-03,B1,baseline,-0.0017849277716049938
2019-03-04,B1,baseline,7.797858112557066e-05
2019-03-05,B1,baseline,0.0004804780324207947
2019-03-06,B1,baseline,0.00018935462378188994
2019-03-07,B1,baseline,-0.0008579007452611531
2019-03-08,B1,baseline,-0.00019171948976592912
2019-03-09,B1,baseline,-0.0006365328190629516
2019-03-10,B1,baseline,-0.0020724278066134305
2019-03-11,B1,baseline,-9.849040245324403e-05
2019-03-12,B1,baseline,-0.00028429771152671535
2019-03-13,B1,baseline,-0.0027848652137097973
2019-03-14,B1,baseline,-0.0011285982135611494
2019-03-15,B1,baseline,0.0006051822691746089
2019-03-16,B1,baseline,0.0016056824838199812
2019-03-17,B1,baseline,-0.0006698342113184985
2019-03-18,B1,baseline,0.0008482207851596701
2019-03-19,B1,baseline,0.00022612570588909087
2019-03-20,B1,baseline,0.00018324372917155607
2019-03-21,B1,baseline,-0.00014990584026453035
2019-03-22,B1,baseline,-0.0005635261484600029
2019-03-23,B1,baseline,-0.0007963946606619476
2019-03-24,B1,baseline,0.00023775709044238091
2019-03-25,B1,baseline,-0.0012953185420587765
2019-03-26,B1,baseline,0.0006381939311383977
2019-03-27,B1,baseline,-0.0010373998044482802
2019-03-28,B1,baseline,-6.56578046787093e-06
2019-03-29,B1,baseline,0.0015277470509353908
2019-03-30,B1,baseline,8.456146135138454e-05
2019-03-31,B1,baseline,0.0006874865899699767
2019-04-01,B1,baseline,-0.0028331236239925728
2019-04-02,B1,baseline,-0.00463531879698309
2019-04-03,B1,baseline,-0.006531676966451738
2019-04-04,B1,baseline,0.00029881909949991403
2019-04-05,B1,baseline,-0.0005133142403266344
2019-04-06,B1,baseline,0.002361481228932316
2019-04-07,B1,baseline,-0.002825128855638237
2019-04-08,B1,baseline,-0.00016869222407933648
2019-04-09,B1,baseline,0.0037008446336792566
2019-04-10,B1,baseline,-0.0015735557533349542
2019-04-11,B1,baseline,0.008141589558369411
2019-04-12,B1,baseline,-0.0003126626452077952
2019-04-13,B1,baseline,0.00021505467372207043
2019-04-14,B1,baseline,-0.0012744153518259305
2019-04-15,B1,baseline,0.0015040574838551812
2019-04-16,B1,baseline,-0.0009739513702656799
2019-04-17,B1,baseline,0.0005677716580805292
2019-04-18,B1,baseline,-0.0011172268572794408
2019-04-19,B1,baseline,-0.00053508693633042
2019-04-20,B1,baseline,0.0009447485630398322
2019-04-21,B1,baseline,0.002094186694236111
2019-04-22,B1,baseline,-0.0008829856579684048
2019-04-23,B1,baseline,0.0003075837292609851
2019-04-24,B1,baseline,0.004332578349029115
2019-04-25,B1,baseline,0.0023769593638489628
2019-04-26,B1,baseline,6.812895721974854e-05
2019-04-27,B1,baseline,-0.0011349495974163348
2019-04-28,B1,baseline,0.0004140746351257718
2019-04-29,B1,baseline,0.002568231325005943
2019-04-30,B1,baseline,-0.001350698194553579
2019-05-01,B1,baseline,-0.00013423711028281993
2019-05-02,B1,baseline,-0.0007276949598135074
2019-05-03,B1,baseline,-0.0011905673205141465
2019-05-04,B1,baseline,0.000525187816998729
2019-05-05,B1,baseline,0.0010987417195635896
2019-05-06,B1,baseline,0.0009255048103000707
2019-05-07,B1,baseline,0.000530264926055457
2019-05-08,B1,baseline,0.0007220361727955371
2019-05-09,B1,baseline,0.0007560449928352142
2019-05-10,B1,baseline,-0.0013183434504723257
2019-05-11,B1,baseline,-0.005929833793060002
2019-05-12,B1,baseline,0.004096860665628643
2019-05-13,B1,baseline,-0.0012049342055826529
2019-05-14,B1,baseline,-0.0024432633814980287
2019-05-15,B1,baseline,-0.008545297483317338
2019-05-16,B1,baseline,-0.0015883384801851363
2019-05-17,B1,baseline,0.006797856900011556
2019-05-18,B1,baseline,0.0013776824868558801
2019-05-19,B1,baseline,-0.005260512754372448
2019-05-20,B1,baseline,0.0028296447502431654
2019-05-21,B1,baseline,-0.003703956487633886
2019-05-22,B1,baseline,0.0019207724921337377
2019-05-23,B1,baseline,-0.0003613035308061008
2019-05-24,B1,baseline,0.00034255406585192993
2019-05-25,B1,baseline,-0.0014987031049524813
2019-05-26,B1,baseline,-0.0011776651272679128
2019-05-27,B1,baseline,-0.0019657786183847614
2019-05-28,B1,baseline,0.0036456446106989393
2019-05-29,B1,baseline,-0.001903085639714197
2019-05-30,B1,baseline,0.0025403936469305943
2019-05-31,B1,baseline,-0.0017471725227280466
2019-06-01,B1,baseline,-0.0014652284885570133
2019-06-02,B1,baseline,-0.00034021251172478006
2019-06-03,B1,baseline,0.0042222037905881304
2019-06-04,B1,baseline,0.0037581847665615342
2019-06-05,B1,baseline,-0.001001877588575062
2019-06-06,B1,baseline,-0.00018867992946403067
2019-06-07,B1,baseline,-0.0027633993000942825
2019-06-08,B1,baseline,0.000607814541931706
2019-06-09,B1,baseline,0.002773566731173016
2019-06-10,B1,baseline,-0.003082266009858947
2019-06-11,B1,baseline,0.00016007204566270694
2019-06-12,B1,baseline,-0.00039428420139786535
2019-06-13,B1,baseline,-3.3810866076122714e-05
2019-06-14,B1,baseline,0.002087927715183957
2019-06-15,B1,baseline,-0.0009842806666555681
2019-06-16,B1,baseline,-0.00035895029157573255
2019-06-17,B1,baseline,-0.00029943322471348566
2019-06-18,B1,baseline,0.000679936459857089
2019-06-19,B1,baseline,-0.0004383767083611101
2019-06-20,B1,baseline,0.0008458153422605807
2019-06-21,B1,baseline,-0.00030821621873489136
2019-06-22,B1,baseline,0.0018322863766560005
2019-06-23,B1,baseline,-0.002077111033353729
2019-06-24,B1,baseline,-0.001284844421242548
2019-06-25,B1,baseline,-0.004717271609728124
2019-06-26,B1,baseline,0.001010479669459441
2019-06-27,B1,baseline,0.009128085620229598
2019-06-28,B1,baseline,-0.006810239386169092
2019-06-29,B1,baseline,-0.0013419214668911605
2019-06-30,B1,baseline,0.007303189439326729
2019-07-01,B1,baseline,0.0003403626691507178
2019-07-02,B1,baseline,0.0001621885794522715
2019-07-03,B1,baseline,-0.0016566796747929935
2019-07-04,B1,baseline,0.003997885642664789
2019-07-05,B1,baseline,0.0003665891232054186
2019-07-06,B1,baseline,-0.000972678694073692
2019-07-07,B1,baseline,-0.0016282670948020161
2019-07-08,B1,baseline,-0.001193482406324664
2019-07-09,B1,baseline,0.0009307759379220126
2019-07-10,B1,baseline,0.003385360972741447
2019-07-11,B1,baseline,0.007135780907448597
2019-07-12,B1,baseline,-0.0026848503042963268
2019-07-13,B1,baseline,0.0021805372317429406
2019-07-14,B1,baseline,0.006505186049407863
2019-07-15,B1,baseline,-0.0018360732107329802
2019-07-16,B1,baseline,0.007275776075323925
2019-07-17,B1,baseline,-0.002796987896503733
2019-07-18,B1,baseline,-0.004320116714876421
2019-07-19,B1,baseline,6.696197289102201e-05
2019-07-20,B1,baseline,-0.002686602684603967
2019-07-21,B1,baseline,0.0011830214455537114
2019-07-22,B1,baseline,0.0007593991246199749
2019-07-23,B1,baseline,0.0016705966550842888
2019-07-24,B1,baseline,-0.00017541741513371623
2019-07-25,B1,baseline,-0.0006608998847447145
2019-07-26,B1,baseline,-0.00010164166676496222
2019-07-27,B1,baseline,0.0025837321117603285
2019-07-28,B1,baseline,0.0004069805419026906
2019-07-29,B1,baseline,0.0003481289840114865
2019-07-30,B1,baseline,-8.557497065075914e-06
2019-07-31,B1,baseline,-0.0017225817939355847
2019-08-01,B1,baseline,0.0003270021477674856
2019-08-02,B1,baseline,0.00039252067690553893
2019-08-03,B1,baseline,-1.081534068880785e-05
2019-08-04,B1,baseline,-0.0002668259274790641
2019-08-05,B1,baseline,-0.0009041518093464429
2019-08-06,B1,baseline,0.0021834898153498816
2019-08-07,B1,baseline,0.0006901323035022333
2019-08-08,B1,baseline,0.0005262813156701185
2019-08-09,B1,baseline,0.0021389560804909724
2019-08-10,B1,baseline,0.0011768945540544529
2019-08-11,B1,baseline,-0.0012572098248614383
2019-08-12,B1,baseline,0.0005499745060546513
2019-08-13,B1,baseline,0.0016362419976796438
2019-08-14,B1,baseline,0.0032426340387279318
2019-08-15,B1,baseline,-0.00012128809654288197
2019-08-16,B1,baseline,-0.0004267531498878263
2019-08-17,B1,baseline,-0.002171869217058142
2019-08-18,B1,baseline,0.0001425930901970407
2019-08-19,B1,baseline,-0.0007785734896886831
2019-08-20,B1,baseline,0.0008552485948001287
2019-08-21,B1,baseline,0.0021356502151463896
2019-08-22,B1,baseline,-0.0012497256206523977
2019-08-23,B1,baseline,-0.0011159713413573247
2019-08-24,B1,baseline,0.0002521136181852235
2019-08-25,B1,baseline,0.0005260057798903706
2019-08-26,B1,baseline,5.156309762144318e-05
2019-08-27,B1,baseline,0.0010072970711116902
2019-08-28,B1,baseline,0.004006707628168016
2019-08-29,B1,baseline,0.0013994248726045821
2019-08-30,B1,baseline,-0.00047770889650977644
2019-08-31,B1,baseline,8.222347789987872e-05
2019-09-01,B1,baseline,-0.0007617495208989133
2019-09-02,B1,baseline,-0.0005150180293397311
2019-09-03,B1,baseline,-0.0001621298122145287
2019-09-04,B1,baseline,0.0008082653030692111
2019-09-05,B1,baseline,0.0007458034038825279
2019-09-06,B1,baseline,0.001121660603530028
2019-09-07,B1,baseline,-0.0015029180629045902
2019-09-08,B1,baseline,-0.00044336119054144696
2019-09-09,B1,baseline,8.365566237378275e-05
2019-09-10,B1,baseline,0.000967652514927142
2019-09-11,B1,baseline,0.0007218826798869316
2019-09-12,B1,baseline,0.00021336143145900266
2019-09-13,B1,baseline,-1.475591219890493e-05
2019-09-14,B1,baseline,-0.0005658433157369469
2019-09-15,B1,baseline,3.18334091131689e-05
2019-09-16,B1,baseline,0.0007686559888671063
2019-09-17,B1,baseline,-0.0013158476415217057
2019-09-18,B1,baseline,-0.0013468302416219657
2019-09-19,B1,baseline,0.00044434390360303944
2019-09-20,B1,baseline,0.0002469757541976314
2019-09-21,B1,baseline,0.0005452212549461599
2019-09-22,B1,baseline,-2.7946884775142955e-05
2019-09-23,B1,baseline,0.00200170130576538
2019-09-24,B1,baseline,0.006313999225395772
2019-09-25,B1,baseline,-0.0008775641686792346
2019-09-26,B1,baseline,0.00114173721746047
2019-09-27,B1,baseline,-0.0016575003513907838
2019-09-28,B1,baseline,4.969073683036562e-05
2019-09-29,B1,baseline,0.0007110933798915031
2019-09-30,B1,baseline,-0.0009884361151565324
2019-10-01,B1,baseline,7.280344938531691e-05
2019-10-02,B1,baseline,-0.00034420292935366525
2019-10-03,B1,baseline,0.0005218888379701081
2019-10-04,B1,baseline,-0.0007117571313967064
2019-10-05,B1,baseline,-0.00013282230739253276
2019-10-06,B1,baseline,0.0009456039272679462
2019-10-07,B1,baseline,-0.0016930995367863133
2019-10-08,B1,baseline,-0.0015221924056811886
2019-10-09,B1,baseline,7.053238610033041e-05
2019-10-10,B1,baseline,0.0005142139785225819
2019-10-11,B1,baseline,0.00013070221505939728
2019-10-12,B1,baseline,-0.000827905439036325
2019-10-13,B1,baseline,0.0001671811411867452
2019-10-14,B1,baseline,-0.0004867698031112422
2019-10-15,B1,baseline,0.002012628396285354
2019-10-16,B1,baseline,0.0013141617382095294
2019-10-17,B1,baseline,-0.0016258867278463596
2019-10-18,B1,baseline,0.0014479879779951688
2019-10-19,B1,baseline,1.7534819115594402e-05
2019-10-20,B1,baseline,-0.000399052799900268
2019-10-21,B1,baseline,0.0006417946995542767
2019-10-22,B1,baseline,0.000377084210797074
2019-10-23,B1,baseline,0.0028091467582798124
2019-10-24,B1,baseline,-0.00032474902075230183
2019-10-25,B1,baseline,-0.0028014389862270894
2019-10-26,B1,baseline,-0.00048814117664008894
2019-10-27,B1,baseline,-0.0025416508958329143
2019-10-28,B1,baseline,0.00025645931354056906
2019-10-29,B1,baseline,-0.00017074463542143814
2019-10-30,B1,baseline,8.283667304231912e-05
2019-10-31,B1,baseline,0.0001084985573838182
2019-11-01,B1,baseline,-0.0007837607543903502
2019-11-02,B1,baseline,-0.0007568334299559165
2019-11-03,B1,baseline,-0.00020860907989594946
2019-11-04,B1,baseline,-0.0005818622211496427
2019-11-05,B1,baseline,0.0007320195185003264
2019-11-06,B1,baseline,9.696435578354645e-05
2019-11-07,B1,baseline,-0.00014019340701088012
2019-11-08,B1,baseline,0.0011957754004006116
2019-11-09,B1,baseline,0.0005426366480436595
2019-11-10,B1,baseline,-0.0009068596659531636
2019-11-11,B1,baseline,0.0010357818817181563
2019-11-12,B1,baseline,-0.0004985384343093591
2019-11-13,B1,baseline,-0.0009564781492257257
2019-11-14,B1,baseline,-0.0007448945372652283
2019-11-15,B1,baseline,-0.00038915897850766434
2019-11-16,B1,baseline,0.0001137495555703083
2019-11-17,B1,baseline,0.00020454877292230833
2019-11-18,B1,baseline,0.0015247450429332066
2019-11-19,B1,baseline,0.0012474315037651618
2019-11-20,B1,baseline,0.0006079360080013529
2019-11-21,B1,baseline,0.002479949118293412
2019-11-22,B1,baseline,0.0016239365308237108
2019-11-23,B1,baseline,-0.001334392937900497
2019-11-24,B1,baseline,0.0022340028874516804
2019-11-25,B1,baseline,-0.0002655372894182495
2019-11-26,B1,baseline,-0.0010745985333817654
2019-11-27,B1,baseline,-0.0009724339144032701
2019-11-28,B1,baseline,-0.0003797272730837742
2019-11-29,B1,baseline,-0.0010765508108441235
2019-11-30,B1,baseline,0.001308516810063054
2019-12-01,B1,baseline,0.0004190355464142037
2019-12-02,B1,baseline,0.0008414977547499536
2019-12-03,B1,baseline,-0.0001754279361906308
2019-12-04,B1,baseline,0.0003157444834493983
2019-12-05,B1,baseline,-0.0010208161809650562
2019-12-06,B1,baseline,0.0002157086317007284
2019-12-07,B1,baseline,-0.0003707252211907486
2019-12-08,B1,baseline,-0.0010607329112878316
2019-12-09,B1,baseline,0.0006928082899140264
2019-12-10,B1,baseline,0.0011808661557881628
2019-12-11,B1,baseline,-0.00023610232084358973
2019-12-12,B1,baseline,-9.612120560698045e-05
2019-12-13,B1,baseline,-0.000982262106674514
2019-12-14,B1,baseline,0.00036666910919058715
2019-12-15,B1,baseline,0.0005706153193061336
2019-12-16,B1,baseline,0.0022369280369416433
2019-12-17,B1,baseline,0.0026255094512011024
2019-12-18,B1,baseline,-0.0024046579785130806
2019-12-19,B1,baseline,0.00014770612650605308
2019-12-20,B1,baseline,-7.836002802952269e-05
2019-12-21,B1,baseline,0.0004915881216838169
2019-12-22,B1,baseline,-0.000579754242928443
2019-12-23,B1,baseline,0.0008976303871361946
2019-12-24,B1,baseline,-6.662977276472581e-05
2019-12-25,B1,baseline,0.00043150446732176384
2019-12-26,B1,baseline,0.00017466589427650447
2019-12-27,B1,baseline,-2.0735074027666833e-05
2019-12-28,B1,baseline,-4.459313296789613e-05
2019-12-29,B1,baseline,-0.00016624468220105548
2019-12-30,B1,baseline,0.00034274338421536044
2019-12-31,B1,baseline,0.0005431389794847696
2020-01-01,B1,baseline,-0.00016633396859433436
2020-01-02,B1,baseline,0.000841896892365801
2020-01-03,B1,baseline,-0.0011907893064271313
2020-01-04,B1,baseline,-0.000342961230383243
2020-01-05,B1,baseline,0.00013558743596653322
2020-01-06,B1,baseline,-0.001404625381340563
2020-01-07,B1,baseline,0.0002920287271872546
2020-01-08,B1,baseline,0.0006540308704103825
2020-01-09,B1,baseline,0.00018768349842646082
2020-01-10,B1,baseline,1.163273629134487e-05
2020-01-11,B1,baseline,-0.00017762292668821456
2020-01-12,B1,baseline,-0.0005389074720245635
2020-01-13,B1,baseline,0.0004914887011606695
2020-01-14,B1,baseline,-0.0018347486087074705
2020-01-15,B1,baseline,-0.0020522714431724376
2020-01-16,B1,baseline,-3.964938843414867e-05
2020-01-17,B1,baseline,-0.001528025702549729
2020-01-18,B1,baseline,0.0001417921656621246
2020-01-19,B1,baseline,0.0015258694374142845
2020-01-20,B1,baseline,0.00011764212648346373
2020-01-21,B1,baseline,-0.000626428568888282
2020-01-22,B1,baseline,-0.00032543060560774606
2020-01-23,B1,baseline,0.0014730321664333523
2020-01-24,B1,baseline,-0.00025824228443727115
2020-01-25,B1,baseline,0.00038633083687900083
2020-01-26,B1,baseline,-0.0005187003873279306
2020-01-27,B1,baseline,-0.0007102319367943144
2020-01-28,B1,baseline,-0.0010602142190069275
2020-01-29,B1,baseline,-0.000872089564905254
2020-01-30,B1,baseline,-0.0014487549613879658
2020-01-31,B1,baseline,0.0008883002508630611
2020-02-01,B1,baseline,-0.005001340573487001
2020-02-02,B1,baseline,0.00037150444253164494
2020-02-03,B1,baseline,-0.0007398600577152026
2020-02-04,B1,baseline,-0.001731481533873258
2020-02-05,B1,baseline,-0.0013876300914086315
2020-02-06,B1,baseline,-0.0013409981749245015
2020-02-07,B1,baseline,-0.0008594579213447862
2020-02-08,B1,baseline,-0.000507595450323195
2020-02-09,B1,baseline,-0.003920580060089995
2020-02-10,B1,baseline,0.00034176301220911753
2020-02-11,B1,baseline,-0.0014912225693319847
2020-02-12,B1,baseline,-0.0016986956811776421
2020-02-13,B1,baseline,-0.0016679154327127188
2020-02-14,B1,baseline,-0.003316384127559302
2020-02-15,B1,baseline,0.005170370671568447
2020-02-16,B1,baseline,0.0011460552098438992
2020-02-17,B1,baseline,0.0008460684990880818
2020-02-18,B1,baseline,-0.005021004904431026
2020-02-19,B1,baseline,0.005991488118741728
2020-02-20,B1,baseline,0.0011312420890345898
2020-02-21,B1,baseline,0.00016578658518051625
2020-02-22,B1,baseline,0.0006305696559072427
2020-02-23,B1,baseline,-0.002200706091338933
2020-02-24,B1,baseline,0.003512546941335959
2020-02-25,B1,baseline,0.003909036860932025
2020-02-26,B1,baseline,0.002883844375181299
2020-02-27,B1,baseline,-0.00018074671776913132
2020-02-28,B1,baseline,0.0004886927237381933
2020-02-29,B1,baseline,-1.880750396532349e-05
2020-03-01,B1,baseline,1.4766213383143878e-06
2020-03-02,B1,baseline,-0.001604125777327381
2020-03-03,B1,baseline,0.0002917446906407495
2020-03-04,B1,baseline,0.0002663032839111956
2020-03-05,B1,baseline,-0.0010756155194627803
2020-03-06,B1,baseline,-0.0011748518131567964
2020-03-07,B1,baseline,0.0014784997215120388
2020-03-08,B1,baseline,0.006224993122011302
2020-03-09,B1,baseline,0.00022418330874907078
2020-03-10,B1,baseline,-0.0014904870556320393
2020-03-11,B1,baseline,0.0009251958211744515
2020-03-12,B1,baseline,0.014732463025865838
2020-03-13,B1,baseline,-0.0034378397527113913
2020-03-14,B1,baseline,0.0010935586244671391
2020-03-15,B1,baseline,-0.0013991717617571897
2020-03-16,B1,baseline,0.0027895062773755086
2020-03-17,B1,baseline,-0.0014385882280711915
2020-03-18,B1,baseline,-0.0020866680135979143
2020-03-19,B1,baseline,-0.005467336553024671
2020-03-20,B1,baseline,0.00276028997552924
2020-03-21,B1,baseline,0.0001376971766802182
2020-03-22,B1,baseline,0.0012721997428932763
2020-03-23,B1,baseline,-0.001346601879476328
2020-03-24,B1,baseline,-0.00015940492700372566
2020-03-25,B1,baseline,0.0004904021432103889
2020-03-26,B1,baseline,-9.88575703360084e-05
2020-03-27,B1,baseline,0.0002946108305619255
2020-03-28,B1,baseline,0.0006575339763146282
2020-03-29,B1,baseline,0.0013590351705210502
2020-03-30,B1,baseline,-0.0012657935740757464
2020-03-31,B1,baseline,-0.0001672005470083615
2020-04-01,B1,baseline,-0.0003052873450410942
2020-04-02,B1,baseline,-0.0004908854914431604
2020-04-03,B1,baseline,-0.000532897320027037
2020-04-04,B1,baseline,-0.0005553903746498001
2020-04-05,B1,baseline,0.0007039467675500344
2020-04-06,B1,baseline,-0.002108845442844731
2020-04-07,B1,baseline,0.00041679139607730953
2020-04-08,B1,baseline,-0.0010264121512614244
2020-04-09,B1,baseline,0.0004002027492961968
2020-04-10,B1,baseline,0.002488310999014587
2020-04-11,B1,baseline,6.723488530924193e-05
2020-04-12,B1,baseline,-0.0003283527412093479
2020-04-13,B1,baseline,0.000533930170931729
2020-04-14,B1,baseline,-0.00021465898157957408
2020-04-15,B1,baseline,0.0005445116976068309
2020-04-16,B1,baseline,-0.0016508759985974786
2020-04-17,B1,baseline,1.4336158637107133e-05
2020-04-18,B1,baseline,-0.001028532297223883
2020-04-19,B1,baseline,0.0005491357262072949
2020-04-20,B1,baseline,0.0015595858227350767
2020-04-21,B1,baseline,4.195481684687863e-05
2020-04-22,B1,baseline,-0.001138980951317814
2020-04-23,B1,baseline,-0.0007352348116497209
2020-04-24,B1,baseline,-0.0010646680186428004
2020-04-25,B1,baseline,-0.0010041337973962783
2020-04-26,B1,baseline,-0.0019251756730450653
2020-04-27,B1,baseline,-7.397139619291782e-05
2020-04-28,B1,baseline,-0.0008260284342229696
2020-04-29,B1,baseline,-0.0024244836449737184
2020-04-30,B1,baseline,0.000610041628585245
2020-05-01,B1,baseline,-0.0015973019562350865
2020-05-02,B1,baseline,-0.000555602570014968
2020-05-03,B1,baseline,0.0009420953185939052
2020-05-04,B1,baseline,7.756433741867852e-05
2020-05-05,B1,baseline,-0.001094591753658003
2020-05-06,B1,baseline,-0.0011217363102681288
2020-05-07,B1,baseline,-0.0003106608610244921
2020-05-08,B1,baseline,0.00031377160732404263
2020-05-09,B1,baseline,0.0007295752076219575
2020-05-10,B1,baseline,0.004223728642580582
2020-05-11,B1,baseline,0.001202306981768153
2020-05-12,B1,baseline,-0.0015218506351161176
2020-05-13,B1,baseline,-0.001817906377123868
2020-05-14,B1,baseline,-0.000274907520632528
2020-05-15,B1,baseline,0.0010015934571319107
2020-05-16,B1,baseline,-0.00032395486143477203
2020-05-17,B1,baseline,-0.0004387546177820889
2020-05-18,B1,baseline,-2.864915461364692e-05
2020-05-19,B1,baseline,-0.0005255941622912541
2020-05-20,B1,baseline,-0.00023338402760353372
2020-05-21,B1,baseline,0.002019008268166811
2020-05-22,B1,baseline,-0.0034062802109072754
2020-05-23,B1,baseline,-0.00030790050455731244
2020-05-24,B1,baseline,0.0014772287039042098
2020-05-25,B1,baseline,-0.0030871718094261924
2020-05-26,B1,baseline,0.0004242625458548144
2020-05-27,B1,baseline,-0.00011369077086986756
2020-05-28,B1,baseline,-0.00020998031294761077
2020-05-29,B1,baseline,0.00027588884640050715
2020-05-30,B1,baseline,-0.001340356583516722
2020-05-31,B1,baseline,0.0009300355774835012
2020-06-01,B1,baseline,-0.001708964714324579
2020-06-02,B1,baseline,0.0007679712679447004
2020-06-03,B1,baseline,-0.0015239398961619521
2020-06-04,B1,baseline,-0.0011795856877955258
2020-06-05,B1,baseline,0.0006250305193102879
2020-06-06,B1,baseline,-0.0014001067216429242
2020-06-07,B1,baseline,0.0005255383226536736
2020-06-08,B1,baseline,-0.0003014638507371492
2020-06-09,B1,baseline,-0.00031648986865495665
2020-06-10,B1,baseline,-0.002176792682314299
2020-06-11,B1,baseline,0.0043728356306500515
2020-06-12,B1,baseline,-0.003571268546120998
2020-06-13,B1,baseline,-0.0030402013909456294
2020-06-14,B1,baseline,0.0016574647528833086
2020-06-15,B1,baseline,-0.003773148556661887
2020-06-16,B1,baseline,-0.0028690425108139905
2020-06-17,B1,baseline,-6.508596017840151e-05
2020-06-18,B1,baseline,0.0016100632870013065
2020-06-19,B1,baseline,0.0023472622662037423
2020-06-20,B1,baseline,-0.0007322748834583948
2020-06-21,B1,baseline,0.0016876618970811386
2020-06-22,B1,baseline,-0.0008754083709847649
2020-06-23,B1,baseline,-0.0013118473453573865
2020-06-24,B1,baseline,0.0031216539614136174
2020-06-25,B1,baseline,0.0018007638692161265
2020-06-26,B1,baseline,0.0009095616554992692
2020-06-27,B1,baseline,0.0016406416080283481
2020-06-28,B1,baseline,-0.0015693757061419067
2020-06-29,B1,baseline,6.554213526754893e-05
2020-06-30,B1,baseline,-7.138843392728855e-05
2020-07-01,B1,baseline,-0.0018130189034479827
2020-07-02,B1,baseline,0.0009348459341953497
2020-07-03,B1,baseline,0.00046687675448109367
2020-07-04,B1,baseline,-0.0007887366458689815
2020-07-05,B1,baseline,0.0007857304198679582
2020-07-06,B1,baseline,-0.0018693993631730965
2020-07-07,B1,baseline,-0.0001639315123997953
2020-07-08,B1,baseline,-0.005320079787212495
2020-07-09,B1,baseline,0.0018826821621222845
2020-07-10,B1,baseline,0.0014619023705781942
2020-07-11,B1,baseline,-0.001078674842470817
2020-07-12,B1,baseline,0.0008106421025733113
2020-07-13,B1,baseline,0.0003716269425628749
2020-07-14,B1,baseline,-0.00016830500134279447
2020-07-15,B1,baseline,0.00016744655872402703
2020-07-16,B1,baseline,0.001407123251175868
2020-07-17,B1,baseline,-0.00033386625238485124
2020-07-18,B1,baseline,-0.001117420569747063
2020-07-19,B1,baseline,0.0007427783417199851
2020-07-20,B1,baseline,0.000238423951890665
2020-07-21,B1,baseline,-0.0008136494782686743
2020-07-22,B1,baseline,-0.0009237051980426347
2020-07-23,B1,baseline,0.00026262821229328104
2020-07-24,B1,baseline,2.2699625783051403e-05
2020-07-25,B1,baseline,-0.0006821192589353542
2020-07-26,B1,baseline,0.001671021946431539
2020-07-27,B1,baseline,0.0013654032517687043
2020-07-28,B1,baseline,-0.0009717682512615511
2020-07-29,B1,baseline,-0.0006813535300638218
2020-07-30,B1,baseline,-0.0009593420102056438
2020-07-31,B1,baseline,0.001248113012496832
2020-08-01,B1,baseline,-0.00299295053046178
2020-08-02,B1,baseline,0.003071890226650442
2020-08-03,B1,baseline,-0.001618672976272384
2020-08-04,B1,baseline,-0.0006048156668149174
2020-08-05,B1,baseline,-0.000649325517426913
2020-08-06,B1,baseline,-0.00043835471260089687
2020-08-07,B1,baseline,0.00047962654763233914
2020-08-08,B1,baseline,-0.0021344160342942065
2020-08-09,B1,baseline,0.00014921682007784653
2020-08-10,B1,baseline,-0.003594943067359968
2020-08-11,B1,baseline,0.002684299262351475
2020-08-12,B1,baseline,-0.0037391729168694265
2020-08-13,B1,baseline,-0.0012119042696635551
2020-08-14,B1,baseline,-0.0003860180003033564
2020-08-15,B1,baseline,-0.0009859157124180173
2020-08-16,B1,baseline,-0.002219788899165409
2020-08-17,B1,baseline,-0.0006124101192410691
2020-08-18,B1,baseline,0.002096287859828072
2020-08-19,B1,baseline,0.003069346119010774
2020-08-20,B1,baseline,-0.00462395723493525
2020-08-21,B1,baseline,0.00047655117782929857
2020-08-22,B1,baseline,-0.0030336073173671263
2020-08-23,B1,baseline,-0.0010805400756288552
2020-08-24,B1,baseline,0.0004877500445821248
2020-08-25,B1,baseline,0.005756921642658508
2020-08-26,B1,baseline,-0.004472241905847718
2020-08-27,B1,baseline,0.0057936235189672836
2020-08-28,B1,baseline,-0.00367642207226504
2020-08-29,B1,baseline,-0.0013285293608256143
2020-08-30,B1,baseline,0.0002678993263971474
2020-08-31,B1,baseline,-0.005056450566084503
2020-09-01,B1,baseline,0.00022783062269704502
2020-09-02,B1,baseline,0.0020941027320124928
2020-09-03,B1,baseline,0.010030837957278216
2020-09-04,B1,baseline,-0.0020873912659848948
2020-09-05,B1,baseline,0.00037322511011894655
2020-09-06,B1,baseline,-0.0012857470616736144
2020-09-07,B1,baseline,-0.0016181604849875297
2020-09-08,B1,baseline,0.0026110340540199672
2020-09-09,B1,baseline,-0.0012646029404432824
2020-09-10,B1,baseline,0.0022317032372911605
2020-09-11,B1,baseline,-9.322182422455416e-05
2020-09-12,B1,baseline,0.0002701877356285909
2020-09-13,B1,baseline,0.002552054656135505
2020-09-14,B1,baseline,-0.00029199582968320037
2020-09-15,B1,baseline,0.002033336604890801
2020-09-16,B1,baseline,-0.0008102406662223727
2020-09-17,B1,baseline,-0.00011057183696228101
2020-09-18,B1,baseline,-0.0007736398123114885
2020-09-19,B1,baseline,0.000187691805761947
2020-09-20,B1,baseline,0.0005315139634283206
2020-09-21,B1,baseline,0.003216103621894728
2020-09-22,B1,baseline,-0.0007123554282482125
2020-09-23,B1,baseline,0.0025369402878161473
2020-09-24,B1,baseline,-0.0017324792742912098
2020-09-25,B1,baseline,-0.00037351692620046784
2020-09-26,B1,baseline,-0.00019901179134296232
2020-09-27,B1,baseline,0.00024807490433764734
2020-09-28,B1,baseline,-0.00021086733044695105
2020-09-29,B1,baseline,0.0001235345347003758
2020-09-30,B1,baseline,0.0001957407500097208
2020-10-01,B1,baseline,0.0008392650955197922
2020-10-02,B1,baseline,0.0008143495901362652
2020-10-03,B1,baseline,-7.488419540668811e-05
2020-10-04,B1,baseline,-4.880460625844574e-05
2020-10-05,B1,baseline,-0.00018842269863439398
2020-10-06,B1,baseline,0.0016953749139898555
2020-10-07,B1,baseline,0.0002862329135564501
2020-10-08,B1,baseline,-0.001081239468613271
2020-10-09,B1,baseline,-0.0011173654400961075
2020-10-10,B1,baseline,-0.0001798870109521733
2020-10-11,B1,baseline,-0.0002164124998520478
2020-10-12,B1,baseline,-4.805230285676032e-05
2020-10-13,B1,baseline,0.0004321677589815831
2020-10-14,B1,baseline,0.0006662911238692892
2020-10-15,B1,baseline,6.119287368910875e-05
2020-10-16,B1,baseline,0.0007121053924219467
2020-10-17,B1,baseline,-1.9846018809221988e-05
2020-10-18,B1,baseline,-0.0002864062075609297
2020-10-19,B1,baseline,-0.00014268507624359827
2020-10-20,B1,baseline,0.0010481729651801164
2020-10-21,B1,baseline,-0.0011831036836650322
2020-10-22,B1,baseline,-0.0010591847346989036
2020-10-23,B1,baseline,0.0006828898547937001
2020-10-24,B1,baseline,-0.00013317984747729383
2020-10-25,B1,baseline,0.0005459453795957359
2020-10-26,B1,baseline,0.0007504237853157569
2020-10-27,B1,baseline,0.0004591558450248723
2020-10-28,B1,baseline,0.0009155068032853375
2020-10-29,B1,baseline,0.0006572731898624173
2020-10-30,B1,baseline,0.0006466536323503913
2020-10-31,B1,baseline,-0.00035505206059605054
2020-11-01,B1,baseline,-0.0007669050471494909
2020-11-02,B1,baseline,0.0011227924331396189
2020-11-03,B1,baseline,0.0008304701106365275
2020-11-04,B1,baseline,-0.00023381273748090958
2020-11-05,B1,baseline,-0.001443799382236266
2020-11-06,B1,baseline,-0.002316861098068168
2020-11-07,B1,baseline,0.0013591322993962152
2020-11-08,B1,baseline,-0.0012019501116234954
2020-11-09,B1,baseline,1.8832244364608286e-05
2020-11-10,B1,baseline,-0.0004081004623034401
2020-11-11,B1,baseline,0.00025734410627964444
2020-11-12,B1,baseline,0.0002388810451408041
2020-11-13,B1,baseline,-0.0013181239301693903
2020-11-14,B1,baseline,0.000922016991936836
2020-11-15,B1,baseline,0.00045884005550433926
2020-11-16,B1,baseline,-0.0007423167833254807
2020-11-17,B1,baseline,-0.0007653454295606377
2020-11-18,B1,baseline,-0.00042892063718036333
2020-11-19,B1,baseline,-0.00020873299080537144
2020-11-20,B1,baseline,-0.0011629655404963302
2020-11-21,B1,baseline,-0.004013386779018413
2020-11-22,B1,baseline,0.0016584788939022488
2020-11-23,B1,baseline,-0.0021594338765265064
2020-11-24,B1,baseline,-0.006889204455412856
2020-11-25,B1,baseline,0.0027382177676626984
2020-11-26,B1,baseline,0.004689353776946348
2020-11-27,B1,baseline,0.000165089775665761
2020-11-28,B1,baseline,-0.002151233764496552
2020-11-29,B1,baseline,-0.0003588708557568099
2020-11-30,B1,baseline,-0.001944495211242958
2020-12-01,B1,baseline,0.0007844368263927315
2020-12-02,B1,baseline,-0.0016368192831897055
2020-12-03,B1,baseline,-0.0006664893770736979
2020-12-04,B1,baseline,0.004362132150642628
2020-12-05,B1,baseline,-0.00147941348182834
2020-12-06,B1,baseline,2.7911921427481445e-06
2020-12-07,B1,baseline,0.00038048467941975694
2020-12-08,B1,baseline,0.0027066642502584504
2020-12-09,B1,baseline,-0.00034683241452515556
2020-12-10,B1,baseline,-0.0003429949189488468
2020-12-11,B1,baseline,0.0011460787165269437
2020-12-12,B1,baseline,-0.0020730907456395498
2020-12-13,B1,baseline,6.270097746652326e-05
2020-12-14,B1,baseline,0.00018249963994199092
2020-12-15,B1,baseline,-0.0004459188460274044
2020-12-16,B1,baseline,-0.002583720025879699
2020-12-17,B1,baseline,0.0003614499916060332
2020-12-18,B1,baseline,-0.0021632990323187107
2020-12-19,B1,baseline,-0.0008561038555185974
2020-12-20,B1,baseline,9.791413371518232e-05
2020-12-21,B1,baseline,0.002196525801051452
2020-12-22,B1,baseline,-0.0005131837445799814
2020-12-23,B1,baseline,0.006326250875459349
2020-12-24,B1,baseline,-0.0036125522115828534
2020-12-25,B1,baseline,-0.0004031938876333241
2020-12-26,B1,baseline,-0.0015068607438366577
2020-12-27,B1,baseline,-0.0013331448443769656
2020-12-28,B1,baseline,-0.0006536813849137291
2020-12-29,B1,baseline,0.001880488191335461
2020-12-30,B1,baseline,-0.000212146234063737
2020-12-31,B1,baseline,3.0575062067716985e-05
2021-01-01,B1,baseline,-0.0005435776072152398
2021-01-02,B1,baseline,-0.0016311861605265987
2021-01-03,B1,baseline,-0.005200826217455545
2021-01-04,B1,baseline,0.0013574759851766593
2021-01-05,B1,baseline,-0.0004419369087443892
2021-01-06,B1,baseline,-0.01022841656454121
2021-01-07,B1,baseline,-0.00573938965747256
2021-01-08,B1,baseline,-0.0011003631129065106
2021-01-09,B1,baseline,-0.001886571270563242
2021-01-10,B1,baseline,0.001286933213514585
2021-01-11,B1,baseline,0.005111896209542666
2021-01-12,B1,baseline,0.0017614982200422347
2021-01-13,B1,baseline,-0.003477642915951873
2021-01-14,B1,baseline,-0.0008246293212936795
2021-01-15,B1,baseline,0.0007746499312824007
2021-01-16,B1,baseline,-0.0007411269809598497
2021-01-17,B1,baseline,-0.0004957876990775434
2021-01-18,B1,baseline,-0.0006438596372211336
2021-01-19,B1,baseline,0.00012229353096815387
2021-01-20,B1,baseline,-0.0007189667836760005
2021-01-21,B1,baseline,0.006236538740677089
2021-01-22,B1,baseline,-0.0019688514088396225
2021-01-23,B1,baseline,-0.0030513678843013814
2021-01-24,B1,baseline,0.0013076931588971163
2021-01-25,B1,baseline,-0.0005105723595585365
2021-01-26,B1,baseline,-0.00015391629786964955
2021-01-27,B1,baseline,0.0015005721642546987
2021-01-28,B1,baseline,-0.0016263046994187125
2021-01-29,B1,baseline,-0.010055432650908136
2021-01-30,B1,baseline,0.005455190594664261
2021-01-31,B1,baseline,-0.0004805706064744397
2021-02-01,B1,baseline,-0.0021417862132933063
2021-02-02,B1,baseline,-0.0009015215503078711
2021-02-03,B1,baseline,-0.004411551650966183
2021-02-04,B1,baseline,0.0013702890576445803
2021-02-05,B1,baseline,-0.0061234794673186155
2021-02-06,B1,baseline,-0.0012824913269302574
2021-02-07,B1,baseline,0.0017391715659942353
2021-02-08,B1,baseline,-0.006318778748074738
2021-02-09,B1,baseline,-0.0029357487905926627
2021-02-10,B1,baseline,-0.009701110523637757
2021-02-11,B1,baseline,-0.00550638059518449
2021-02-12,B1,baseline,-0.0007919107420690796
2021-02-13,B1,baseline,-0.008006231613714165
2021-02-14,B1,baseline,-0.0012232137583301217
2021-02-15,B1,baseline,0.001193465537919769
2021-02-16,B1,baseline,0.0009758843959439822
2021-02-17,B1,baseline,-0.0030249426918678157
2021-02-18,B1,baseline,-0.0031176444090683653
2021-02-19,B1,baseline,-0.0018367452339014267
2021-02-20,B1,baseline,0.0028311411501400485
2021-02-21,B1,baseline,-0.0009051607659745775
2021-02-22,B1,baseline,0.0036126811243029078
2021-02-23,B1,baseline,0.006318814631424585
2021-02-24,B1,baseline,-0.0014734086283606507
2021-02-25,B1,baseline,0.001334884377513168
2021-02-26,B1,baseline,-0.0006573993414999979
2021-02-27,B1,baseline,-0.0006426646787198731
2021-02-28,B1,baseline,0.0014243761991492576
2021-03-01,B1,baseline,-0.002946226235358229
2021-03-02,B1,baseline,0.0010891363143836763
2021-03-03,B1,baseline,-0.0015315380202113316
2021-03-04,B1,baseline,0.00044713379246874574
2021-03-05,B1,baseline,3.276222815040697e-06
2021-03-06,B1,baseline,-5.963209906090228e-06
2021-03-07,B1,baseline,-0.001128245894954194
2021-03-08,B1,baseline,-0.00011625643803703234
2021-03-09,B1,baseline,-0.0027351699021442855
2021-03-10,B1,baseline,0.0009106974972930004
2021-03-11,B1,baseline,-0.004182042723441359
2021-03-12,B1,baseline,-0.002103756938044765
2021-03-13,B1,baseline,0.0011316714670386308
2021-03-14,B1,baseline,-0.0018136889922401034
2021-03-15,B1,baseline,-0.00035323491622496483
2021-03-16,B1,baseline,-0.0009548692262612013
2021-03-17,B1,baseline,-0.0008402577963350089
2021-03-18,B1,baseline,9.335312617442248e-05
2021-03-19,B1,baseline,-0.003119162477308257
2021-03-20,B1,baseline,0.0013896908506862982
2021-03-21,B1,baseline,-6.030286155256359e-05
2021-03-22,B1,baseline,-0.0035380669462224956
2021-03-23,B1,baseline,-0.0006277528713346525
2021-03-24,B1,baseline,0.002368972337499109
2021-03-25,B1,baseline,0.0012630704198446363
2021-03-26,B1,baseline,-0.0021486729931669
2021-03-27,B1,baseline,-0.0004654909549963726
2021-03-28,B1,baseline,-0.0019487516673012406
2021-03-29,B1,baseline,-0.0037607223885222085
2021-03-30,B1,baseline,0.0005419699269850753
2021-03-31,B1,baseline,-0.00019953058030774962
2021-04-01,B1,baseline,-0.0009116592019012826
2021-04-02,B1,baseline,-0.002780451702489972
2021-04-03,B1,baseline,0.0052429248932863715
2021-04-04,B1,baseline,-0.0066744494185916325
2021-04-05,B1,baseline,0.0018085945790946578
2021-04-06,B1,baseline,0.011244568339739303
2021-04-07,B1,baseline,0.005981791598000719
2021-04-08,B1,baseline,-0.0017769908113561828
2021-04-09,B1,baseline,0.001239455859160632
2021-04-10,B1,baseline,0.006157561224521935
2021-04-11,B1,baseline,0.0007229865559332804
2021-04-12,B1,baseline,0.001400232053848427
2021-04-13,B1,baseline,0.0016559325658718205
2021-04-14,B1,baseline,-0.0018934106563831543
2021-04-15,B1,baseline,0.009606188661940296
2021-04-16,B1,baseline,0.007074708107121852
2021-04-17,B1,baseline,0.0032489643013793312
2021-04-18,B1,baseline,-0.02008415075701031
2021-04-19,B1,baseline,0.0014198061517047833
2021-04-20,B1,baseline,-0.0020405444032191022
2021-04-21,B1,baseline,0.0011698942298761228
2021-04-22,B1,baseline,0.004667002137816345
2021-04-23,B1,baseline,-0.005088983133549663
2021-04-24,B1,baseline,0.007834278875880729
2021-04-25,B1,baseline,0.002513096935621739
2021-04-26,B1,baseline,0.008756757674324378
2021-04-27,B1,baseline,0.008613103865788618
2021-04-28,B1,baseline,-0.0011772253593953508
2021-04-29,B1,baseline,-0.00404118303447043
2021-04-30,B1,baseline,0.00012579424649716842
2021-05-01,B1,baseline,-0.0029123302133873263
2021-05-02,B1,baseline,-0.004008162263277715
2021-05-03,B1,baseline,0.00327385677355152
2021-05-04,B1,baseline,-0.00769694339649496
2021-05-05,B1,baseline,0.011003380634443838
2021-05-06,B1,baseline,0.002975066410503713
2021-05-07,B1,baseline,0.002253481971896232
2021-05-08,B1,baseline,-0.0005976469740507362
2021-05-09,B1,baseline,0.0008293862075730019
2021-05-10,B1,baseline,-0.005564889330343492
2021-05-11,B1,baseline,0.006420148659590286
2021-05-12,B1,baseline,-0.008602771054915248
2021-05-13,B1,baseline,0.01825295350332312
2021-05-14,B1,baseline,0.012395919633336971
2021-05-15,B1,baseline,-0.010489417673972379
2021-05-16,B1,baseline,-0.0025979996396560123
2021-05-17,B1,baseline,-0.008556081118979764
2021-05-18,B1,baseline,0.0005718724830248156
2021-05-19,B1,baseline,-0.02660943468919086
2021-05-20,B1,baseline,0.0021756384584157296
2021-05-21,B1,baseline,-0.00044261769973241716
2021-05-22,B1,baseline,-0.0011516153121042816
2021-05-23,B1,baseline,0.012774609288682015
2021-05-24,B1,baseline,-0.0115226296498383
2021-05-25,B1,baseline,-0.002281707591349491
2021-05-26,B1,baseline,0.0013103954624882341
2021-05-27,B1,baseline,0.0012342289219053892
2021-05-28,B1,baseline,-0.0012737000686376954
2021-05-29,B1,baseline,0.0018761024134059667
2021-05-30,B1,baseline,-0.0015004972119835314
2021-05-31,B1,baseline,-0.0013023211163486481
2021-06-01,B1,baseline,0.022143206483890454
2021-06-02,B1,baseline,-0.015410254066048457
2021-06-03,B1,baseline,0.00018999112094197912
2021-06-04,B1,baseline,0.0018000040259249506
2021-06-05,B1,baseline,0.0003339670417921159
2021-06-06,B1,baseline,-0.00013495510765137997
2021-06-07,B1,baseline,1.9402981773719574e-05
2021-06-08,B1,baseline,0.0007701475271262304
2021-06-09,B1,baseline,0.0005851645729730848
2021-06-10,B1,baseline,-0.0026993656588145676
2021-06-11,B1,baseline,0.00029599992894890903
2021-06-12,B1,baseline,-7.664635765236572e-05
2021-06-13,B1,baseline,0.010872208378677195
2021-06-14,B1,baseline,-0.010823819436508897
2021-06-15,B1,baseline,0.00020823587986140701
2021-06-16,B1,baseline,0.0010596837615821642
2021-06-17,B1,baseline,-1.0419330643052227e-05
2021-06-18,B1,baseline,0.003209707171999865
2021-06-19,B1,baseline,0.008593672405659003
2021-06-20,B1,baseline,-0.002107173664397055
2021-06-21,B1,baseline,-0.008981866423062423
2021-06-22,B1,baseline,0.0036128933531338614
2021-06-23,B1,baseline,-0.002796265098780726
2021-06-24,B1,baseline,0.0005816640608862222
2021-06-25,B1,baseline,-0.0012142607154953522
2021-06-26,B1,baseline,-0.002358490965603033
2021-06-27,B1,baseline,-0.00041065865150080594
2021-06-28,B1,baseline,0.016722736488241408
2021-06-29,B1,baseline,-0.0033248841845915367
2021-06-30,B1,baseline,-0.011049030492672474
2021-07-01,B1,baseline,0.009038450197030423
2021-07-02,B1,baseline,0.0023981992126167473
2021-07-03,B1,baseline,-0.0062722017535480346
2021-07-04,B1,baseline,0.004232235322472411
2021-07-05,B1,baseline,0.0018646026529365312
2021-07-06,B1,baseline,0.0006974468165068526
2021-07-07,B1,baseline,-0.0014548075538124428
2021-07-08,B1,baseline,0.0012818478254130738
2021-07-09,B1,baseline,0.0014430585872704516
2021-07-10,B1,baseline,-0.001619642385266462
2021-07-11,B1,baseline,0.0018214233737476881
2021-07-12,B1,baseline,-0.00033293480031582057
2021-07-13,B1,baseline,0.0003612060704967224
2021-07-14,B1,baseline,-0.002921281521246488
2021-07-15,B1,baseline,-0.002225699412561233
2021-07-16,B1,baseline,0.0018820747775847302
2021-07-17,B1,baseline,-0.00032570788959984665
2021-07-18,B1,baseline,-0.009744131896030184
2021-07-19,B1,baseline,0.009338003989028953
2021-07-20,B1,baseline,-0.001140233454565931
2021-07-21,B1,baseline,0.0006875632915439578
2021-07-22,B1,baseline,-0.004103554677741594
2021-07-23,B1,baseline,-0.006783463090088815
2021-07-24,B1,baseline,0.0057481331096855826
2021-07-25,B1,baseline,-0.0003028380367495753
2021-07-26,B1,baseline,-0.0005016132767490245
2021-07-27,B1,baseline,0.002932799611077286
2021-07-28,B1,baseline,-0.0018316534336541013
2021-07-29,B1,baseline,-0.007129521632523006
2021-07-30,B1,baseline,-0.002963049042271182
2021-07-31,B1,baseline,0.009077948206962061
2021-08-01,B1,baseline,-0.008307172998581858
2021-08-02,B1,baseline,0.009749376975668245
2021-08-03,B1,baseline,0.0014653634896881762
2021-08-04,B1,baseline,-0.0003832647135566525
2021-08-05,B1,baseline,-0.005796281661486158
2021-08-06,B1,baseline,0.005262189494259717
2021-08-07,B1,baseline,0.039933427310182124
2021-08-08,B1,baseline,-0.01700214902973507
2021-08-09,B1,baseline,-0.0013941255885842052
2021-08-10,B1,baseline,-4.6262640075345196e-05
2021-08-11,B1,baseline,-0.0014233930557593366
2021-08-12,B1,baseline,-0.0010233178383680652
2021-08-13,B1,baseline,-0.003458653969297454
2021-08-14,B1,baseline,0.0013425699669558089
2021-08-15,B1,baseline,0.0005047122039791851
2021-08-16,B1,baseline,0.0002686168214514062
2021-08-17,B1,baseline,0.0018873137496329129
2021-08-18,B1,baseline,0.0007164669545125513
2021-08-19,B1,baseline,-0.0011943221578097907
2021-08-20,B1,baseline,-0.001955599827963561
2021-08-21,B1,baseline,0.0016274167366623349
2021-08-22,B1,baseline,-5.535415193380633e-05
2021-08-23,B1,baseline,-0.0004444667613208164
2021-08-24,B1,baseline,0.0019549184249845197
2021-08-25,B1,baseline,-0.0004825795615053252
2021-08-26,B1,baseline,-0.00037672405395539066
2021-08-27,B1,baseline,0.0016085151280080812
2021-08-28,B1,baseline,0.0018016688495710032
2021-08-29,B1,baseline,0.0007738258221088312
2021-08-30,B1,baseline,0.000940988300454304
2021-08-31,B1,baseline,-0.002611093153362054
2021-09-01,B1,baseline,-7.537991081596473e-05
2021-09-02,B1,baseline,0.002763782934545933
2021-09-03,B1,baseline,-0.002664740731090798
2021-09-04,B1,baseline,0.00577733542424963
2021-09-05,B1,baseline,-0.004045065878033105
2021-09-06,B1,baseline,-0.0013346380530363522
2021-09-07,B1,baseline,0.00029038859671826067
2021-09-08,B1,baseline,-0.0035917441197613753
2021-09-09,B1,baseline,0.003444375719320547
2021-09-10,B1,baseline,0.004664265442445803
2021-09-11,B1,baseline,-0.002541566377011195
2021-09-12,B1,baseline,0.0026862994654959227
2021-09-13,B1,baseline,0.00310257687275195
2021-09-14,B1,baseline,-0.0010396103407317447
2021-09-15,B1,baseline,-9.118263133101046e-06
2021-09-16,B1,baseline,-0.00011623506385893823
2021-09-17,B1,baseline,0.0025657085073242936
2021-09-18,B1,baseline,-0.0009560424438552761
2021-09-19,B1,baseline,0.00047159694380183304
2021-09-20,B1,baseline,0.00034914317176260035
2021-09-21,B1,baseline,0.002005657693624485
2021-09-22,B1,baseline,-0.0009798574068504706
2021-09-23,B1,baseline,-0.000989940279387147
2021-09-24,B1,baseline,0.002644020783760581
2021-09-25,B1,baseline,-0.00045000005215378724
2021-09-26,B1,baseline,-0.0012751160019182084
2021-09-27,B1,baseline,0.0013123197069477843
2021-09-28,B1,baseline,0.0006176350783824169
2021-09-29,B1,baseline,-0.0011337146099150708
2021-09-30,B1,baseline,0.0005051195927554541
2021-10-01,B1,baseline,0.00021783531781127685
2021-10-02,B1,baseline,-0.0007230982871164748
2021-10-03,B1,baseline,9.703302704422434e-05
2021-10-04,B1,baseline,0.0003279862702709746
2021-10-05,B1,baseline,-0.0003675463731969142
2021-10-06,B1,baseline,0.0003456315682857092
2021-10-07,B1,baseline,0.00029134103706751624
2021-10-08,B1,baseline,3.512071370592729e-05
2021-10-09,B1,baseline,-0.0002869977406612101
2021-10-10,B1,baseline,5.669842777500378e-06
2021-10-11,B1,baseline,0.0014704782359433732
2021-10-12,B1,baseline,-3.295698561323057e-05
2021-10-13,B1,baseline,-0.0007673261222969074
2021-10-14,B1,baseline,-0.0006530582267687546
2021-10-15,B1,baseline,-0.0007918686536303454
2021-10-16,B1,baseline,-0.0004274738635664521
2021-10-17,B1,baseline,3.306593340068886e-05
2021-10-18,B1,baseline,0.00024898237031822923
2021-10-19,B1,baseline,-0.0008324017045436838
2021-10-20,B1,baseline,-0.0015530634592891834
2021-10-21,B1,baseline,0.0010768835412995337
2021-10-22,B1,baseline,0.0005550115881516327
2021-10-23,B1,baseline,-0.0021567080108035874
2021-10-24,B1,baseline,0.003095013251831702
2021-10-25,B1,baseline,-0.002843373054555065
2021-10-26,B1,baseline,0.0008666568776596328
2021-10-27,B1,baseline,0.0010569285432775466
2021-10-28,B1,baseline,0.00152300410077566
2021-10-29,B1,baseline,-0.0007585101599529853
2021-10-30,B1,baseline,0.0009976656662715744
2021-10-31,B1,baseline,0.0005769845376755178
2021-11-01,B1,baseline,-0.0012242613671881175
2021-11-02,B1,baseline,-0.0006185523560099382
2021-11-03,B1,baseline,-0.00151637751797562
2021-11-04,B1,baseline,0.0024402057934957977
2021-11-05,B1,baseline,0.0017649258093204168
2021-11-06,B1,baseline,0.0003571120768639524
2021-11-07,B1,baseline,-0.0012217895271384727
2021-11-08,B1,baseline,-0.002944402804670232
2021-11-09,B1,baseline,-0.00252767126839748
2021-11-10,B1,baseline,-0.0021860024265573097
2021-11-11,B1,baseline,-0.0022241893824505032
2021-11-12,B1,baseline,-0.00047773467194289765
2021-11-13,B1,baseline,0.0004812424866165177
2021-11-14,B1,baseline,-0.00048738744906784426
2021-11-15,B1,baseline,0.002581366322465639
2021-11-16,B1,baseline,0.003081353319545066
2021-11-17,B1,baseline,0.0018801815217246443
2021-11-18,B1,baseline,-0.002323674288080224
2021-11-19,B1,baseline,-9.405030906639578e-05
2021-11-20,B1,baseline,0.0001290549835071264
2021-11-21,B1,baseline,-0.0008978294341699389
2021-11-22,B1,baseline,0.001985399796388787
2021-11-23,B1,baseline,0.0002536047604557723
2021-11-24,B1,baseline,0.0012482889528870889
2021-11-25,B1,baseline,-0.0011340525575065374
2021-11-26,B1,baseline,0.0021582085487421576
2021-11-27,B1,baseline,-0.0002276786261005137
2021-11-28,B1,baseline,-0.0005710863953881651
2021-11-29,B1,baseline,0.0013449969474779166
2021-11-30,B1,baseline,-0.0002955371777655369
2021-12-01,B1,baseline,-0.002405002128200384
2021-12-02,B1,baseline,0.0017542052952501663
2021-12-03,B1,baseline,-0.00024164429766226903
2021-12-04,B1,baseline,0.0014224642342743898
2021-12-05,B1,baseline,-0.0016836090581656693
2021-12-06,B1,baseline,0.0013629417133311783
2021-12-07,B1,baseline,0.0031212825402502364
2021-12-08,B1,baseline,-0.0016234807010898633
2021-12-09,B1,baseline,0.0010584439089660336
2021-12-10,B1,baseline,0.0006238214292721977
2021-12-11,B1,baseline,-0.0006143811206967831
2021-12-12,B1,baseline,-0.00026909798488117254
2021-12-13,B1,baseline,0.002335916603625199
2021-12-14,B1,baseline,0.0003943622527515789
2021-12-15,B1,baseline,-0.000867810079855702
2021-12-16,B1,baseline,0.0008798309172166618
2021-12-17,B1,baseline,0.0005629403623388374
2021-12-18,B1,baseline,-0.0005969800140483983
2021-12-19,B1,baseline,-0.00265073179801123
2021-12-20,B1,baseline,0.0014735095299287515
2021-12-21,B1,baseline,0.0014179518136154812
2021-12-22,B1,baseline,1.3968204113590232e-05
2021-12-23,B1,baseline,-0.001667269834060292
2021-12-24,B1,baseline,-0.0006612985438189112
2021-12-25,B1,baseline,3.779192628039496e-05
2021-12-26,B1,baseline,0.0008206083162554112
2021-12-27,B1,baseline,7.97847566800236e-05
2021-12-28,B1,baseline,0.0024723934544506054
2021-12-29,B1,baseline,0.0001853589206748385
2021-12-30,B1,baseline,-0.001267182953099244
2021-12-31,B1,baseline,0.00025470087119217055
2022-01-01,B1,baseline,0.00016434775465734575
2022-01-02,B1,baseline,-0.0010277388358607142
2022-01-03,B1,baseline,-0.0011161582375933676
2022-01-04,B1,baseline,0.00041297577775090133
2022-01-05,B1,baseline,-0.0006311263837558423
2022-01-06,B1,baseline,-0.00047750087805786823
2022-01-07,B1,baseline,-0.000693201286350198
2022-01-08,B1,baseline,-0.0009549046576846631
2022-01-09,B1,baseline,-0.0011273318326193715
2022-01-10,B1,baseline,0.0002081877494073403
2022-01-11,B1,baseline,0.0008213689146991943
2022-01-12,B1,baseline,-0.0002778765651201276
2022-01-13,B1,baseline,0.002353844702835728
2022-01-14,B1,baseline,-0.0015208942133450032
2022-01-15,B1,baseline,9.722007528112364e-05
2022-01-16,B1,baseline,0.00017744004199915508
2022-01-17,B1,baseline,-0.00012055957338963363
2022-01-18,B1,baseline,0.00041695587046075566
2022-01-19,B1,baseline,0.00038183964924765057
2022-01-20,B1,baseline,0.0008201919517794032
2022-01-21,B1,baseline,0.0015934790407359234
2022-01-22,B1,baseline,-0.0007987481546560815
2022-01-23,B1,baseline,1.8837890778389266e-06
2022-01-24,B1,baseline,0.0006643428407124841
2022-01-25,B1,baseline,0.00029051332050844536
2022-01-26,B1,baseline,-0.0005006618870124768
2022-01-27,B1,baseline,-0.00012044971025126916
2022-01-28,B1,baseline,-0.00042514787551162225
2022-01-29,B1,baseline,9.550421111792495e-05
2022-01-30,B1,baseline,-0.00029333335722903087
2022-01-31,B1,baseline,0.00023051367321280658
2022-02-01,B1,baseline,-2.821999808055864e-06
2022-02-02,B1,baseline,0.001029024475347251
2022-02-03,B1,baseline,0.00038011676684757134
2022-02-04,B1,baseline,-0.00031268587237276435
2022-02-05,B1,baseline,-0.00027383102778832935
2022-02-06,B1,baseline,-0.0005879382919347087
2022-02-07,B1,baseline,-0.0002538718100257853
2022-02-08,B1,baseline,0.0006063306941255231
2022-02-09,B1,baseline,0.00012193064201415638
2022-02-10,B1,baseline,-0.0004666932534000967
2022-02-11,B1,baseline,0.001069684533715698
2022-02-12,B1,baseline,-7.14562713669542e-05
2022-02-13,B1,baseline,0.00015655851792262254
2022-02-14,B1,baseline,-0.00041045189584099084
2022-02-15,B1,baseline,-0.00041305925790402487
2022-02-16,B1,baseline,-0.0007843389866951656
2022-02-17,B1,baseline,0.0006570676758679284
2022-02-18,B1,baseline,-0.0003860091698216772
2022-02-19,B1,baseline,0.00029813144603219044
2022-02-20,B1,baseline,0.00024457216471440724
2022-02-21,B1,baseline,0.0009235883567906278
2022-02-22,B1,baseline,-0.0003501980700560958
2022-02-23,B1,baseline,7.971528034289577e-05
2022-02-24,B1,baseline,-4.030603270266386e-05
2022-02-25,B1,baseline,-0.0004299677767882759
2022-02-26,B1,baseline,0.00024354325443876057
2022-02-27,B1,baseline,0.0005644194440834749
2022-02-28,B1,baseline,-0.000317585945426746
2022-03-01,B1,baseline,6.1715593582256645e-06
2022-03-02,B1,baseline,0.0001764978120071259
2022-03-03,B1,baseline,5.93784232050254e-06
2022-03-04,B1,baseline,0.00024164252238234596
2022-03-05,B1,baseline,0.00034275206291289884
2022-03-06,B1,baseline,3.7014596758755403e-06
2022-03-07,B1,baseline,0.00018711607446530998
2022-03-08,B1,baseline,0.0012492052725741054
2022-03-09,B1,baseline,-0.0012213623213760405
2022-03-10,B1,baseline,-0.00010828186477174206
2022-03-11,B1,baseline,-0.0001928173215109963
2022-03-12,B1,baseline,7.801973761378811e-05
2022-03-13,B1,baseline,0.00037280706565678834
2022-03-14,B1,baseline,-1.7091410618230718e-05
2022-03-15,B1,baseline,-0.0002114684301622871
2022-03-16,B1,baseline,-0.0006048760499394179
2022-03-17,B1,baseline,0.00013919624812053222
2022-03-18,B1,baseline,0.00012814999245081005
2022-03-19,B1,baseline,9.34920723749677e-06
2022-03-20,B1,baseline,-0.0005167180410643457
2022-03-21,B1,baseline,-0.0013171455207019456
2022-03-22,B1,baseline,-1.667630351209759e-05
2022-03-23,B1,baseline,0.000273968556243398
2022-03-24,B1,baseline,-3.595625613161957e-05
2022-03-25,B1,baseline,-5.95790784652106e-05
2022-03-26,B1,baseline,0.0008923207995124027
2022-03-27,B1,baseline,6.261022252673776e-05
2022-03-28,B1,baseline,6.904724428080655e-05
2022-03-29,B1,baseline,-0.00014165080894235071
2022-03-30,B1,baseline,0.0006847855549449999
2022-03-31,B1,baseline,-0.00012416259409842034
2022-04-01,B1,baseline,0.0004498805318584598
2022-04-02,B1,baseline,-0.0002979676638938944
2022-04-03,B1,baseline,-1.3913508756346893e-05
2022-04-04,B1,baseline,0.00037431297110890327
2022-04-05,B1,baseline,0.0010622396464465833
2022-04-06,B1,baseline,-0.00020595296370728988
2022-04-07,B1,baseline,0.0005352458526910464
2022-04-08,B1,baseline,-0.00022117149576628137
2022-04-09,B1,baseline,0.0005346197211990589
2022-04-10,B1,baseline,8.676097823800966e-05
2022-04-11,B1,baseline,0.0005527773482532083
2022-04-12,B1,baseline,6.715304037063774e-05
2022-04-13,B1,baseline,2.087737101574838e-05
2022-04-14,B1,baseline,0.00025082914330987194
2022-04-15,B1,baseline,-3.174993539867277e-05
2022-04-16,B1,baseline,-0.0004821526345275551
2022-04-17,B1,baseline,-0.00013599052946566825
2022-04-18,B1,baseline,8.700026400143557e-05
2022-04-19,B1,baseline,-0.00035529447782722823
2022-04-20,B1,baseline,0.0007959509194257475
2022-04-21,B1,baseline,0.00014163670012834473
2022-04-22,B1,baseline,-8.882273727872647e-05
2022-04-23,B1,baseline,0.00019325847721374245
2022-04-24,B1,baseline,-0.0005118933583263541
2022-04-25,B1,baseline,0.0007615929813900024
2022-04-26,B1,baseline,-0.000680889757082026
2022-04-27,B1,baseline,-0.00015961488778526434
2022-04-28,B1,baseline,-0.0003899327505800798
2022-04-29,B1,baseline,0.00019218951076549473
2022-04-30,B1,baseline,-0.007336705997299076
2022-05-01,B1,baseline,0.0013598542644330802
2022-05-02,B1,baseline,-0.0017719994990056387
2022-05-03,B1,baseline,-0.0034682591282648723
2022-05-04,B1,baseline,0.0018514060017793543
2022-05-05,B1,baseline,-0.0017598378913288304
2022-05-06,B1,baseline,-0.00952961032316968
2022-05-07,B1,baseline,-0.0024323342442066354
2022-05-08,B1,baseline,-0.0035117883438200437
2022-05-09,B1,baseline,-0.003017377346065553
2022-05-10,B1,baseline,0.003549802581809036
2022-05-11,B1,baseline,-0.010723661245215621
2022-05-12,B1,baseline,-0.0029424629446700434
2022-05-13,B1,baseline,0.03156490700375203
2022-05-14,B1,baseline,0.02151601653618207
2022-05-15,B1,baseline,0.0011160702686732193
2022-05-16,B1,baseline,-0.008585965149987884
2022-05-17,B1,baseline,-0.0024835417458385356
2022-05-18,B1,baseline,-0.00396899399591244
2022-05-19,B1,baseline,0.0011691556024640004
2022-05-20,B1,baseline,-0.0014398177855075023
2022-05-21,B1,baseline,0.0008315669189773445
2022-05-22,B1,baseline,0.0022046342026706967
2022-05-23,B1,baseline,-0.0034834093988082016
2022-05-24,B1,baseline,0.0027683798643531876
2022-05-25,B1,baseline,-0.000518491936283838
2022-05-26,B1,baseline,-0.004003337208898228
2022-05-27,B1,baseline,-0.001657496339046327
2022-05-28,B1,baseline,0.002073169357921234
2022-05-29,B1,baseline,0.0020130163637355203
2022-05-30,B1,baseline,0.0028714299110854657
2022-05-31,B1,baseline,-0.001938638189757591
2022-06-01,B1,baseline,-0.003392104389750683
2022-06-02,B1,baseline,0.0029052680091354866
2022-06-03,B1,baseline,-0.0039593604157937
2022-06-04,B1,baseline,0.0004399882928505239
2022-06-05,B1,baseline,-0.000647119898164128
2022-06-06,B1,baseline,0.0012265647938458635
2022-06-07,B1,baseline,-0.0018128797044300038
2022-06-08,B1,baseline,-0.0019966810021697645
2022-06-09,B1,baseline,0.0022554228220483807
2022-06-10,B1,baseline,-0.0030691254184961325
2022-06-11,B1,baseline,-0.005130142585965336
2022-06-12,B1,baseline,-0.002945536703837681
2022-06-13,B1,baseline,-0.006558931952154734
2022-06-14,B1,baseline,-0.0013598732919933854
2022-06-15,B1,baseline,0.0025324152944377065
2022-06-16,B1,baseline,-0.005717025522688046
2022-06-17,B1,baseline,0.0017906071006101865
2022-06-18,B1,baseline,-0.002283081951807042
2022-06-19,B1,baseline,0.0017050235719733298
2022-06-20,B1,baseline,0.0013581345589031013
2022-06-21,B1,baseline,0.004009184949429256
2022-06-22,B1,baseline,-0.0030167758234792563
2022-06-23,B1,baseline,0.003431692735792913
2022-06-24,B1,baseline,0.004135919673159405
2022-06-25,B1,baseline,0.00037336796495557323
2022-06-26,B1,baseline,-0.004415794305802301
2022-06-27,B1,baseline,0.0004412599963661279
2022-06-28,B1,baseline,-0.0025434655045392107
2022-06-29,B1,baseline,-0.0016561800905013913
2022-06-30,B1,baseline,-3.648847255099952e-05
2022-07-01,B1,baseline,-0.001223654365569149
2022-07-02,B1,baseline,0.001610764258373365
2022-07-03,B1,baseline,-0.0006072505386196525
2022-07-04,B1,baseline,0.0018612226021801348
2022-07-05,B1,baseline,-6.751938080951092e-05
2022-07-06,B1,baseline,0.001066310821550287
2022-07-07,B1,baseline,0.0027722200972626343
2022-07-08,B1,baseline,0.0006508117532968427
2022-07-09,B1,baseline,-0.0007240547603283298
2022-07-10,B1,baseline,-0.002346108083479903
2022-07-11,B1,baseline,-0.001126767332046974
2022-07-12,B1,baseline,-0.0014701559669462183
2022-07-13,B1,baseline,0.0024917943188864644
2022-07-14,B1,baseline,0.0009099837842612146
2022-07-15,B1,baseline,0.0011879932028944218
2022-07-16,B1,baseline,0.0008272039017678257
2022-07-17,B1,baseline,0.0005056267271286163
2022-07-18,B1,baseline,0.008200117353200032
2022-07-19,B1,baseline,-7.551730056398753e-06
2022-07-20,B1,baseline,-0.002978360331055474
2022-07-21,B1,baseline,0.0011361423474642862
2022-07-22,B1,baseline,-0.001346767150085304
2022-07-23,B1,baseline,-0.0007840002824416326
2022-07-24,B1,baseline,0.00041396743949406734
2022-07-25,B1,baseline,-0.006134225104583391
2022-07-26,B1,baseline,0.0025398770959266237
2022-07-27,B1,baseline,0.0029357340154390066
2022-07-28,B1,baseline,0.0015115628429696049
2022-07-29,B1,baseline,0.0012132284432613272
2022-07-30,B1,baseline,0.0024405151375774814
2022-07-31,B1,baseline,0.002327097803985545
2022-08-01,B1,baseline,-0.0016995109726081203
2022-08-02,B1,baseline,-0.0022000927016448957
2022-08-03,B1,baseline,0.0010357617266907315
2022-08-04,B1,baseline,0.0005651235035633029
2022-08-05,B1,baseline,0.0006442680735587736
2022-08-06,B1,baseline,0.0013602133190155907
2022-08-07,B1,baseline,-0.0002995099436500226
2022-08-08,B1,baseline,0.0016641590864518996
2022-08-09,B1,baseline,-0.002987605356771339
2022-08-10,B1,baseline,0.004556453764274826
2022-08-11,B1,baseline,-0.0006790094724927753
2022-08-12,B1,baseline,0.002292865890554996
2022-08-13,B1,baseline,-0.00027363259708179655
2022-08-14,B1,baseline,0.0038092782805465575
2022-08-15,B1,baseline,-0.003203913812809933
2022-08-16,B1,baseline,-0.0011455218000280265
2022-08-17,B1,baseline,-0.0014633772972802994
2022-08-18,B1,baseline,-0.0018181786832096591
2022-08-19,B1,baseline,-0.003989685991528602
2022-08-20,B1,baseline,4.255361975458172e-06
2022-08-21,B1,baseline,0.001272679405245114
2022-08-22,B1,baseline,-0.00021396265609796572
2022-08-23,B1,baseline,0.001318678671923923
2022-08-24,B1,baseline,-0.0008727135422731402
2022-08-25,B1,baseline,0.00026911871576396074
2022-08-26,B1,baseline,-0.0036997724256363496
2022-08-27,B1,baseline,0.0004370192228579928
2022-08-28,B1,baseline,-0.0009561085020619586
2022-08-29,B1,baseline,0.002294461280711646
2022-08-30,B1,baseline,-0.0012631255846949907
2022-08-31,B1,baseline,-5.638982584543761e-06
2022-09-01,B1,baseline,7.135761522225614e-05
2022-09-02,B1,baseline,-0.00037099906814097583
2022-09-03,B1,baseline,0.00017757353607406046
2022-09-04,B1,baseline,-3.0348442281558086e-05
2022-09-05,B1,baseline,0.0006006002322511694
2022-09-06,B1,baseline,-0.002685657671914532
2022-09-07,B1,baseline,0.0016803100439939378
2022-09-08,B1,baseline,0.0013032213265107284
2022-09-09,B1,baseline,0.0023307072029230547
2022-09-10,B1,baseline,-0.00012876549736495768
2022-09-11,B1,baseline,8.992897665893729e-05
2022-09-12,B1,baseline,0.00030950334880541774
2022-09-13,B1,baseline,-0.003996953858435792
2022-09-14,B1,baseline,0.0006456823467015926
2022-09-15,B1,baseline,-0.0007467162146548301
2022-09-16,B1,baseline,0.0007624083757027389
2022-09-17,B1,baseline,0.001051935039750873
2022-09-18,B1,baseline,-0.0026084674667242735
2022-09-19,B1,baseline,0.0005638520060700092
2022-09-20,B1,baseline,2.2253863634080773e-06
2022-09-21,B1,baseline,-0.0012773798893384036
2022-09-22,B1,baseline,0.002982667447640752
2022-09-23,B1,baseline,0.0009200840696312884
2022-09-24,B1,baseline,-0.00048733165552272695
2022-09-25,B1,baseline,-5.167325923016719e-05
2022-09-26,B1,baseline,0.0011249016143417556
2022-09-27,B1,baseline,-0.0005194746905178294
2022-09-28,B1,baseline,0.00024174116366659781
2022-09-29,B1,baseline,0.0011469986368246587
2022-09-30,B1,baseline,-0.0006437135601182753
2022-10-01,B1,baseline,-0.0008237773979203888
2022-10-02,B1,baseline,-0.0014144407706850881
2022-10-03,B1,baseline,0.001477004210125088
2022-10-04,B1,baseline,0.0011086805208717632
2022-10-05,B1,baseline,0.00038923066634888315
2022-10-06,B1,baseline,-0.000475934590328575
2022-10-07,B1,baseline,0.0003775763905986551
2022-10-08,B1,baseline,-0.0003895230619738177
2022-10-09,B1,baseline,0.0006327800731620314
2022-10-10,B1,baseline,-0.0014291559053692948
2022-10-11,B1,baseline,-0.00015419374675296194
2022-10-12,B1,baseline,0.00030101430788165295
2022-10-13,B1,baseline,-0.0001661905363518068
2022-10-14,B1,baseline,0.0003872424901931737
2022-10-15,B1,baseline,-0.0004617957410644191
2022-10-16,B1,baseline,0.00017771238486941066
2022-10-17,B1,baseline,0.0006099640691870079
2022-10-18,B1,baseline,-0.0005575490632362401
2022-10-19,B1,baseline,-0.0009438220374271555
2022-10-20,B1,baseline,-0.00048578524530540346
2022-10-21,B1,baseline,0.00018934364251244062
2022-10-22,B1,baseline,0.000280189934934727
2022-10-23,B1,baseline,0.00039111161906424385
2022-10-24,B1,baseline,-0.000871245360820283
2022-10-25,B1,baseline,0.00015598507410996554
2022-10-26,B1,baseline,0.00024359134889095913
2022-10-27,B1,baseline,-0.00067672738234692
2022-10-28,B1,baseline,0.00036556484014416135
2022-10-29,B1,baseline,-0.0016034149316466184
2022-10-30,B1,baseline,-0.0004288529953214715
2022-10-31,B1,baseline,-0.00011804652395563942
2022-11-01,B1,baseline,-0.0015992420722672485
2022-11-02,B1,baseline,-0.0006459343669333872
2022-11-03,B1,baseline,0.0020641427916960886
2022-11-04,B1,baseline,0.003200555384571091
2022-11-05,B1,baseline,-0.000498508126376751
2022-11-06,B1,baseline,-0.0012955346901831755
2022-11-07,B1,baseline,0.0018186621756159926
2022-11-08,B1,baseline,-0.004388143886709384
2022-11-09,B1,baseline,-0.005413079544041466
2022-11-10,B1,baseline,0.0032005992424970486
2022-11-11,B1,baseline,-0.0009230870955921899
2022-11-12,B1,baseline,-0.001549967845760447
2022-11-13,B1,baseline,-0.0012501762363200664
2022-11-14,B1,baseline,0.0011041752185563247
2022-11-15,B1,baseline,0.0006710398349158986
2022-11-16,B1,baseline,-0.0004536371645629256
2022-11-17,B1,baseline,-0.00024531242799663566
2022-11-18,B1,baseline,-1.490710486984348e-05
2022-11-19,B1,baseline,0.0002001338354340465
2022-11-20,B1,baseline,-0.001375698486485999
2022-11-21,B1,baseline,0.000570672685077156
2022-11-22,B1,baseline,0.0002301329573679567
2022-11-23,B1,baseline,0.0003624055800266479
2022-11-24,B1,baseline,0.001079353733729027
2022-11-25,B1,baseline,-0.00037994359916115883
2022-11-26,B1,baseline,-0.00021643228265566528
2022-11-27,B1,baseline,-0.000823176088133426
2022-11-28,B1,baseline,0.00011380603557187285
2022-11-29,B1,baseline,5.220194810040546e-05
2022-11-30,B1,baseline,0.0009341302150247532
2022-12-01,B1,baseline,-0.00016127679416377827
2022-12-02,B1,baseline,0.0006800070798540503
2022-12-03,B1,baseline,-0.0010666218477584088
2022-12-04,B1,baseline,0.00025074388811940906
2022-12-05,B1,baseline,-0.00041403942468642985
2022-12-06,B1,baseline,0.00034757607073609975
2022-12-07,B1,baseline,-0.0005487563339575674
2022-12-08,B1,baseline,0.0009279760379719004
2022-12-09,B1,baseline,-8.614126306349945e-05
2022-12-10,B1,baseline,-3.9956271884578065e-05
2022-12-11,B1,baseline,-0.0004925288052572974
2022-12-12,B1,baseline,0.00015681671085499005
2022-12-13,B1,baseline,0.0007750733387366093
2022-12-14,B1,baseline,-0.0004437215022800034
2022-12-15,B1,baseline,-4.9504199023830964e-05
2022-12-16,B1,baseline,-0.0026097241899031287
2022-12-17,B1,baseline,0.00087667379805767
2022-12-18,B1,baseline,-0.000636013517857803
2022-12-19,B1,baseline,-0.00047013322555466974
2022-12-20,B1,baseline,0.0010269049842002165
2022-12-21,B1,baseline,-5.8350809056584296e-05
2022-12-22,B1,baseline,-8.516274617687003e-05
2022-12-23,B1,baseline,-0.0005500176390540457
2022-12-24,B1,baseline,2.0221992669267053e-06
2022-12-25,B1,baseline,-0.00019904291258676654
2022-12-26,B1,baseline,0.0005264605946693202
2022-12-27,B1,baseline,-3.596766331237511e-05
2022-12-28,B1,baseline,-0.0001285607693051194
2022-12-29,B1,baseline,-0.0002585079471768559
2022-12-30,B1,baseline,4.8484297117568076e-05
2022-12-31,B1,baseline,-0.0003297214658540826
2023-01-01,B1,baseline,0.000244164016911963
2023-01-02,B1,baseline,0.0001034274996811746
2023-01-03,B1,baseline,-0.00020599446903479812
2023-01-04,B1,baseline,0.0003598831766211674
2023-01-05,B1,baseline,-0.0004828855158499623
2023-01-06,B1,baseline,-0.0003283935797765425
2023-01-07,B1,baseline,-8.241511050521844e-05
2023-01-08,B1,baseline,0.00039608025057802365
2023-01-09,B1,baseline,0.0002604438124436115
2023-01-10,B1,baseline,0.0004641964417373412
2023-01-11,B1,baseline,0.0011333063014424827
2023-01-12,B1,baseline,0.0009518640438550552
2023-01-13,B1,baseline,0.0010883061687076978
2023-01-14,B1,baseline,0.002712219124295645
2023-01-15,B1,baseline,-0.000615578813945139
2023-01-16,B1,baseline,-0.00013848831780316484
2023-01-17,B1,baseline,0.0005942120964292918
2023-01-18,B1,baseline,-0.0018839972794149062
2023-01-19,B1,baseline,0.0009567864892252587
2023-01-20,B1,baseline,0.002040250660183096
2023-01-21,B1,baseline,-0.00047649121164805575
2023-01-22,B1,baseline,0.0006159030421570844
2023-01-23,B1,baseline,0.001912396328010102
2023-01-24,B1,baseline,-0.002089007292173206
2023-01-25,B1,baseline,0.001614507154467093
2023-01-26,B1,baseline,0.0006478343535489817
2023-01-27,B1,baseline,0.0013386609223517976
2023-01-28,B1,baseline,-0.001048588951328644
2023-01-29,B1,baseline,-6.528427175334084e-05
2023-01-30,B1,baseline,-0.002767249382560455
2023-01-31,B1,baseline,-0.0004755224360629695
2023-02-01,B1,baseline,0.0016317075094347544
2023-02-02,B1,baseline,-0.0006288092638093712
2023-02-03,B1,baseline,0.001185353965179603
2023-02-04,B1,baseline,-0.0002620994002607846
2023-02-05,B1,baseline,-0.0008044369862115763
2023-02-06,B1,baseline,-0.0008469076778210294
2023-02-07,B1,baseline,0.0020033135005195213
2023-02-08,B1,baseline,-0.0003080967603955598
2023-02-09,B1,baseline,-0.002602944780965344
2023-02-10,B1,baseline,0.00023380963836294733
2023-02-11,B1,baseline,0.0005182167154826889
2023-02-12,B1,baseline,-0.0002794329643174276
2023-02-13,B1,baseline,-0.00028356691520747823
2023-02-14,B1,baseline,0.0001539564421777495
2023-02-15,B1,baseline,0.0021569599856825494
2023-02-16,B1,baseline,-0.0014636626372386274
2023-02-17,B1,baseline,0.007262476984996935
2023-02-18,B1,baseline,-0.00034517992770422
2023-02-19,B1,baseline,0.002489351600258427
2023-02-20,B1,baseline,0.0022370233760709013
2023-02-21,B1,baseline,-0.0017916130242321415
2023-02-22,B1,baseline,-0.0006254241114723724
2023-02-23,B1,baseline,-0.00023912163439843148
2023-02-24,B1,baseline,-0.003102079989087736
2023-02-25,B1,baseline,-0.0006622343590749757
2023-02-26,B1,baseline,0.0008299539036580317
2023-02-27,B1,baseline,0.00022599799232003726
2023-02-28,B1,baseline,-0.0014133922625261253
2023-03-01,B1,baseline,0.0019099469237997546
2023-03-02,B1,baseline,-0.0012367212184992704
2023-03-03,B1,baseline,-0.002568819422657187
2023-03-04,B1,baseline,-0.0009325107674456046
2023-03-05,B1,baseline,0.0003979260858610889
2023-03-06,B1,baseline,0.0006015104880090494
2023-03-07,B1,baseline,-0.0007157950121489121
2023-03-08,B1,baseline,-0.001091454928911495
2023-03-09,B1,baseline,-0.002636586238598748
2023-03-10,B1,baseline,0.00036493975843954196
2023-03-11,B1,baseline,0.0005164571236440096
2023-03-12,B1,baseline,0.002627572890619101
2023-03-13,B1,baseline,0.0016257090230547
2023-03-14,B1,baseline,0.0008274201804352455
2023-03-15,B1,baseline,-0.002377224762814545
2023-03-16,B1,baseline,0.0005839039005233193
2023-03-17,B1,baseline,0.002398092151372433
2023-03-18,B1,baseline,-0.0018556382072650868
2023-03-19,B1,baseline,0.0016417042632952406
2023-03-20,B1,baseline,-0.0017807122036871403
2023-03-21,B1,baseline,0.0020165807722127838
2023-03-22,B1,baseline,-0.0042295818427489085
2023-03-23,B1,baseline,0.002005581655009303
2023-03-24,B1,baseline,-0.001572900663913468
2023-03-25,B1,baseline,0.00040046399227744445
2023-03-26,B1,baseline,0.0006728417076411475
2023-03-27,B1,baseline,-0.0007888516158858216
2023-03-28,B1,baseline,0.0008812439402130501
2023-03-29,B1,baseline,0.0012728568939219809
2023-03-30,B1,baseline,-0.0005410894926312082
2023-03-31,B1,baseline,0.0005243347812089461
2023-04-01,B1,baseline,-0.0004100542609820623
2023-04-02,B1,baseline,-0.00040929317451765534
2023-04-03,B1,baseline,-0.0015032035689417356
2023-04-04,B1,baseline,0.0009975054453152943
2023-04-05,B1,baseline,0.0002524904641258985
2023-04-06,B1,baseline,0.0004997813697242837
2023-04-07,B1,baseline,0.00026582256262330795
2023-04-08,B1,baseline,-0.00034189963310815585
2023-04-09,B1,baseline,0.0002685132300290771
2023-04-10,B1,baseline,0.000942554434052445
2023-04-11,B1,baseline,7.323774781542447e-05
2023-04-12,B1,baseline,-0.0007714640221755387
2023-04-13,B1,baseline,0.0002670618522979673
2023-04-14,B1,baseline,0.00046095847684068936
2023-04-15,B1,baseline,1.7522898914990037e-05
2023-04-16,B1,baseline,0.00032359717009411426
2023-04-17,B1,baseline,-0.0006798172625223087
2023-04-18,B1,baseline,0.0019239244038071757
2023-04-19,B1,baseline,-0.0030413065228460656
2023-04-20,B1,baseline,-0.0007179650449543606
2023-04-21,B1,baseline,-0.0009663527607204347
2023-04-22,B1,baseline,0.0007148649153139175
2023-04-23,B1,baseline,-0.00039439282662012687
2023-04-24,B1,baseline,-0.00015053730641367835
2023-04-25,B1,baseline,0.0003413756765315856
2023-04-26,B1,baseline,-0.0012046719748791679
2023-04-27,B1,baseline,0.0005837899510430233
2023-04-28,B1,baseline,0.0008405974506617842
2023-04-29,B1,baseline,0.0009654088038379971
2023-04-30,B1,baseline,-0.0004224201350921941
2023-05-01,B1,baseline,-0.0009283082980587887
2023-05-02,B1,baseline,-0.00010639111232080278
2023-05-03,B1,baseline,0.00016736431171593402
2023-05-04,B1,baseline,-0.0003553948402501561
2023-05-05,B1,baseline,0.0010188271464872667
2023-05-06,B1,baseline,-0.0006225806433519665
2023-05-07,B1,baseline,-0.0005446315836616922
2023-05-08,B1,baseline,-0.0013778776404844706
2023-05-09,B1,baseline,0.0009574719993172831
2023-05-10,B1,baseline,-0.00047715561363959047
2023-05-11,B1,baseline,-0.0016112499926308477
2023-05-12,B1,baseline,0.0009561638552642027
2023-05-13,B1,baseline,-0.00019808933896159342
2023-05-14,B1,baseline,-5.579761405205552e-05
2023-05-15,B1,baseline,5.920414746229952e-05
2023-05-16,B1,baseline,-6.39547213318048e-05
2023-05-17,B1,baseline,0.0001609428159354831
2023-05-18,B1,baseline,-0.00021252125237003483
2023-05-19,B1,baseline,0.0004052766899411697
2023-05-20,B1,baseline,0.0004482032519277368
2023-05-21,B1,baseline,-0.000260869702943034
2023-05-22,B1,baseline,0.0008260860883453347
2023-05-23,B1,baseline,0.00030312665028153774
2023-05-24,B1,baseline,-0.0004832297566985666
2023-05-25,B1,baseline,5.076611897525396e-07
2023-05-26,B1,baseline,3.078295776304252e-05
2023-05-27,B1,baseline,0.0007624904197625071
2023-05-28,B1,baseline,0.0005689948866307581
2023-05-29,B1,baseline,0.0001425278377156225
2023-05-30,B1,baseline,0.0008323422221263588
2023-05-31,B1,baseline,-0.0010792792229794568
2023-06-01,B1,baseline,-0.0008254630724653378
2023-06-02,B1,baseline,0.0018539965756612098
2023-06-03,B1,baseline,-0.00018467055125259701
2023-06-04,B1,baseline,8.062281051013365e-05
2023-06-05,B1,baseline,-0.0018640931958958662
2023-06-06,B1,baseline,0.0011816659483987468
2023-06-07,B1,baseline,-0.0007131772272744863
2023-06-08,B1,baseline,0.00013255120536892484
2023-06-09,B1,baseline,-0.0007177401105579184
2023-06-10,B1,baseline,-0.0019239073914634197
2023-06-11,B1,baseline,0.00040914126824564967
2023-06-12,B1,baseline,0.00048667630022070085
2023-06-13,B1,baseline,0.0005881007018673223
2023-06-14,B1,baseline,-0.0015500583632737097
2023-06-15,B1,baseline,4.6634581594373614e-05
2023-06-16,B1,baseline,-0.00024733745543692454
2023-06-17,B1,baseline,0.0002911286909301758
2023-06-18,B1,baseline,-3.219781436158975e-05
2023-06-19,B1,baseline,8.014155119839828e-05
2023-06-20,B1,baseline,0.0005502552199534438
2023-06-21,B1,baseline,0.0020332620957741465
2023-06-22,B1,baseline,-6.795989013486103e-05
2023-06-23,B1,baseline,0.004407548791526272
2023-06-24,B1,baseline,0.0015723500110966793
2023-06-25,B1,baseline,-5.084625439844004e-05
2023-06-26,B1,baseline,0.0016559363530361804
2023-06-27,B1,baseline,0.0007402391947441966
2023-06-28,B1,baseline,-0.0012073821303062449
2023-06-29,B1,baseline,0.0020512975489104246
2023-06-30,B1,baseline,0.0020822315287916116
2023-07-01,B1,baseline,0.0003319617688539722
2023-07-02,B1,baseline,0.00037079499467451704
2023-07-03,B1,baseline,0.0009103988501015792
2023-07-04,B1,baseline,-0.0016886900258704651
2023-07-05,B1,baseline,-0.00019516922136098014
2023-07-06,B1,baseline,-0.00022650675566893153
2023-07-07,B1,baseline,0.00039966883013442533
2023-07-08,B1,baseline,-0.00021761158221889065
2023-07-09,B1,baseline,-0.0007723635814143037
2023-07-10,B1,baseline,0.0005891370089838865
2023-07-11,B1,baseline,3.6120444830478604e-05
2023-07-12,B1,baseline,0.0006882989964933639
2023-07-13,B1,baseline,0.00577548879727896
2023-07-14,B1,baseline,-0.00210253923543946
2023-07-15,B1,baseline,-0.0003387722147316641
2023-07-16,B1,baseline,0.00031534855687609387
2023-07-17,B1,baseline,0.00012508600817540128
2023-07-18,B1,baseline,0.00048669826276692696
2023-07-19,B1,baseline,-0.00019115957175674936
2023-07-20,B1,baseline,0.0007852911465138224
2023-07-21,B1,baseline,-0.0004474016188047436
2023-07-22,B1,baseline,-0.0006523370966032838
2023-07-23,B1,baseline,0.0008306562531636974
2023-07-24,B1,baseline,-0.001940156794330461
2023-07-25,B1,baseline,-0.000819287175062855
2023-07-26,B1,baseline,0.0005299870889361458
2023-07-27,B1,baseline,0.0003396089168237193
2023-07-28,B1,baseline,0.00011095895324086946
2023-07-29,B1,baseline,-0.0004768729999444776
2023-07-30,B1,baseline,-0.0005880967330655906
2023-07-31,B1,baseline,-0.0003267702899142355
2023-08-01,B1,baseline,0.00010289563193999207
2023-08-02,B1,baseline,-0.0013039073560844328
2023-08-03,B1,baseline,-0.0006077696785466991
2023-08-04,B1,baseline,-0.0005093123367573282
2023-08-05,B1,baseline,-0.0003578871645718573
2023-08-06,B1,baseline,-0.00041198962402599903
2023-08-07,B1,baseline,0.0008362028223045659
2023-08-08,B1,baseline,0.0005479606636078493
2023-08-09,B1,baseline,-7.357887773562499e-05
2023-08-10,B1,baseline,-0.00037585006860885173
2023-08-11,B1,baseline,-0.00031811252078250973
2023-08-12,B1,baseline,-4.6673760850879376e-05
2023-08-13,B1,baseline,0.0001429899908991228
2023-08-14,B1,baseline,0.0006625876164265687
2023-08-15,B1,baseline,-0.0013490933824548135
2023-08-16,B1,baseline,-0.002132080201851849
2023-08-17,B1,baseline,-0.0036858050186048263
2023-08-18,B1,baseline,0.00016842330185395937
2023-08-19,B1,baseline,0.0003431657931336485
2023-08-20,B1,baseline,0.0008468536860766207
2023-08-21,B1,baseline,-0.0007256093914939088
2023-08-22,B1,baseline,-6.083975111981221e-05
2023-08-23,B1,baseline,0.0010354931452729588
2023-08-24,B1,baseline,-0.0008673512750883017
2023-08-25,B1,baseline,0.00019596273733024638
2023-08-26,B1,baseline,2.5645941128527028e-05
2023-08-27,B1,baseline,0.0006251437442432728
2023-08-28,B1,baseline,-0.0006072141402425624
2023-08-29,B1,baseline,0.0026774619172891256
2023-08-30,B1,baseline,-0.001533869720243941
2023-08-31,B1,baseline,-0.0006504106050053693
2023-09-01,B1,baseline,-0.0009359574494418599
2023-09-02,B1,baseline,-0.00017988465438500967
2023-09-03,B1,baseline,0.000193940371480128
2023-09-04,B1,baseline,-0.00015008191754595224
2023-09-05,B1,baseline,-7.501003212551094e-05
2023-09-06,B1,baseline,0.0006576826669490998
2023-09-07,B1,baseline,0.0001841571927652108
2023-09-08,B1,baseline,-0.00010761824306237955
2023-09-09,B1,baseline,-0.00035333174743545914
2023-09-10,B1,baseline,-0.0007089442301145832
2023-09-11,B1,baseline,-0.0013684830102294043
2023-09-12,B1,baseline,0.002615360996284455
2023-09-13,B1,baseline,0.00022983523323794053
2023-09-14,B1,baseline,0.0013852997595658056
2023-09-15,B1,baseline,0.001480409963438456
2023-09-16,B1,baseline,-0.0004567363145555614
2023-09-17,B1,baseline,-0.0006667442334975515
2023-09-18,B1,baseline,0.0008922771638033566
2023-09-19,B1,baseline,0.0007146795664860761
2023-09-20,B1,baseline,0.0002752883005228135
2023-09-21,B1,baseline,-0.0015494955056697401
2023-09-22,B1,baseline,0.00027218266176198824
2023-09-23,B1,baseline,6.921138516013947e-05
2023-09-24,B1,baseline,-0.0005223237654614632
2023-09-25,B1,baseline,0.0010412432513164926
2023-09-26,B1,baseline,-2.622407859731446e-05
2023-09-27,B1,baseline,0.0012139497470968763
2023-09-28,B1,baseline,0.00139522017806204
2023-09-29,B1,baseline,0.00059181347321835
2023-09-30,B1,baseline,-6.4303713425140074e-06
2023-10-01,B1,baseline,0.0007259219444044618
2023-10-02,B1,baseline,-0.000884011593336953
2023-10-03,B1,baseline,3.3812647137754226e-06
2023-10-04,B1,baseline,0.00029772938524974535
2023-10-05,B1,baseline,-0.0009038317305098964
2023-10-06,B1,baseline,9.369720228780132e-05
2023-10-07,B1,baseline,0.0003928142032256776
2023-10-08,B1,baseline,-2.3634096785185577e-06
2023-10-09,B1,baseline,-0.0017875659504039687
2023-10-10,B1,baseline,-0.0003889282404512251
2023-10-11,B1,baseline,-0.00017517451820669994
2023-10-12,B1,baseline,-0.00031976382191944985
2023-10-13,B1,baseline,0.0005579678223697204
2023-10-14,B1,baseline,-0.00031170323327667226
2023-10-15,B1,baseline,0.000494866848553599
2023-10-16,B1,baseline,0.0017474318608861061
2023-10-17,B1,baseline,-0.0006805339164006607
2023-10-18,B1,baseline,-5.449716021599382e-05
2023-10-19,B1,baseline,0.000653777199807859
2023-10-20,B1,baseline,0.0015780533936280428
2023-10-21,B1,baseline,0.0017186327654565847
2023-10-22,B1,baseline,0.0008002705401524146
2023-10-23,B1,baseline,0.0026149667723158743
2023-10-24,B1,baseline,-0.0008457154231902297
2023-10-25,B1,baseline,0.0010428655152061594
2023-10-26,B1,baseline,-0.0015911807694639624
2023-10-27,B1,baseline,-0.0003531970096655179
2023-10-28,B1,baseline,0.0006174281594772957
2023-10-29,B1,baseline,0.0012878148481685336
2023-10-30,B1,baseline,0.0006167988125382884
2023-10-31,B1,baseline,0.0007931401103091762
2023-11-01,B1,baseline,0.001095258745873684
2023-11-02,B1,baseline,-0.0015709441126158241
2023-11-03,B1,baseline,-0.00029407750679899536
2023-11-04,B1,baseline,0.0005922438953336329
2023-11-05,B1,baseline,0.0009817667284912623
2023-11-06,B1,baseline,0.0016535518070328603
2023-11-07,B1,baseline,-0.0001659078947564563
2023-11-08,B1,baseline,0.002559842976404436
2023-11-09,B1,baseline,-0.0010468083153760688
2023-11-10,B1,baseline,0.0020508824783029844
2023-11-11,B1,baseline,0.0005209851568956925
2023-11-12,B1,baseline,0.0007307109290703995
2023-11-13,B1,baseline,-0.0012266542344010478
2023-11-14,B1,baseline,-0.0028519814114427167
2023-11-15,B1,baseline,0.00232788176825105
2023-11-16,B1,baseline,-0.003174408213291735
2023-11-17,B1,baseline,-0.0006323882638671341
2023-11-18,B1,baseline,-0.00014482949513994203
2023-11-19,B1,baseline,0.0021335434706184486
2023-11-20,B1,baseline,-0.001439112571362977
2023-11-21,B1,baseline,-0.003760160098518206
2023-11-22,B1,baseline,0.003202192387384839
2023-11-23,B1,baseline,0.0005905993754478089
2023-11-24,B1,baseline,0.000828787896973493
2023-11-25,B1,baseline,0.0011556192063204573
2023-11-26,B1,baseline,-0.00011932570661077335
2023-11-27,B1,baseline,-0.002392033373213698
2023-11-28,B1,baseline,0.0003638871784061859
2023-11-29,B1,baseline,0.0005655726776563341
2023-11-30,B1,baseline,-0.00015999255966603343
2023-12-01,B1,baseline,0.0011732885677331328
2023-12-02,B1,baseline,0.0015437676820215795
2023-12-03,B1,baseline,-0.00014288188050137762
2023-12-04,B1,baseline,0.0019008405894571645
2023-12-05,B1,baseline,-0.0002679963886601522
2023-12-06,B1,baseline,-0.000635510955486307
2023-12-07,B1,baseline,0.0004046974057112518
2023-12-08,B1,baseline,0.0007893305371624582
2023-12-09,B1,baseline,-0.0011921935512063664
2023-12-10,B1,baseline,0.0001209253791836229
2023-12-11,B1,baseline,-0.0035616269681616464
2023-12-12,B1,baseline,0.00089914810011682
2023-12-13,B1,baseline,8.0617343446443e-05
2023-12-14,B1,baseline,0.001379175910234176
2023-12-15,B1,baseline,-0.001659618466588908
2023-12-16,B1,baseline,0.0035755558467167603
2023-12-17,B1,baseline,-0.00033518550949152015
2023-12-18,B1,baseline,0.001066870504816908
2023-12-19,B1,baseline,-0.00032009158464973986
2023-12-20,B1,baseline,0.001650685187835066
2023-12-21,B1,baseline,0.0015947260228730276
2023-12-22,B1,baseline,0.0011526195052018462
2023-12-23,B1,baseline,0.0009019951926412251
2023-12-24,B1,baseline,-0.00043175681822404943
2023-12-25,B1,baseline,0.0025792395603603246
2023-12-26,B1,baseline,-0.0023602395385267094
2023-12-27,B1,baseline,0.0032226871180451866
2023-12-28,B1,baseline,0.0005835779627885174
2023-12-29,B1,baseline,-0.0013366386369572103
2023-12-30,B1,baseline,0.0038063231968286093
2023-12-31,B1,baseline,0.0005469464087910492
2024-01-01,B1,baseline,0.0024624610914656397
2024-01-02,B1,baseline,-0.0009876956254702973
2024-01-03,B1,baseline,-0.003990178408957434
2024-01-04,B1,baseline,0.0006732277064218639
2024-01-05,B1,baseline,-0.0025537975733812557
2024-01-06,B1,baseline,-0.002682199793815676
2024-01-07,B1,baseline,-0.0016258787749762194
2024-01-08,B1,baseline,0.005481440948434724
2024-01-09,B1,baseline,-0.0025297391500637145
2024-01-10,B1,baseline,0.004405347556367012
2024-01-11,B1,baseline,0.0013546160730599777
2024-01-12,B1,baseline,-0.004259200960181508
2024-01-13,B1,baseline,0.002064951510994728
2024-01-14,B1,baseline,-0.0013159949666934345
2024-01-15,B1,baseline,0.0011942388065053766
2024-01-16,B1,baseline,-0.0005210057296473058
2024-01-17,B1,baseline,-0.0007554180319516712
2024-01-18,B1,baseline,-0.002527701487924028
2024-01-19,B1,baseline,0.0003817289844041394
2024-01-20,B1,baseline,-0.0008010448752233668
2024-01-21,B1,baseline,-0.0008630665225830558
2024-01-22,B1,baseline,-0.002338317456318628
2024-01-23,B1,baseline,-0.00034001376794390303
2024-01-24,B1,baseline,0.002162715445381602
2024-01-25,B1,baseline,1.464752635693678e-05
2024-01-26,B1,baseline,0.002436673094822206
2024-01-27,B1,baseline,0.00016094864747695503
2024-01-28,B1,baseline,-0.0007760149046329712
2024-01-29,B1,baseline,0.0011640706960138747
2024-01-30,B1,baseline,-0.0016040202673854864
2024-01-31,B1,baseline,-0.00036901933749988736
2024-02-01,B1,baseline,0.002317620154900668
2024-02-02,B1,baseline,0.0020776061765723774
2024-02-03,B1,baseline,-5.766655211925098e-05
2024-02-04,B1,baseline,-0.0005640418218286758
2024-02-05,B1,baseline,0.0005929181697374997
2024-02-06,B1,baseline,-0.002614712945901654
2024-02-07,B1,baseline,0.0022757121603425023
2024-02-08,B1,baseline,-0.0010408843845970406
2024-02-09,B1,baseline,0.0014574462682528377
2024-02-10,B1,baseline,-6.0876940859544426e-05
2024-02-11,B1,baseline,0.0027622380877045938
2024-02-12,B1,baseline,0.0014069703348644769
2024-02-13,B1,baseline,0.0001841177295174301
2024-02-14,B1,baseline,0.0024207229396597807
2024-02-15,B1,baseline,0.003626521383625736
2024-02-16,B1,baseline,-0.000555252267247619
2024-02-17,B1,baseline,-8.902005355981846e-05
2024-02-18,B1,baseline,0.0005120802739162489
2024-02-19,B1,baseline,0.001202688847238953
2024-02-20,B1,baseline,-0.000362638295992479
2024-02-21,B1,baseline,-0.0013514298096231059
2024-02-22,B1,baseline,0.0001312252678677961
2024-02-23,B1,baseline,-0.00023364998075003918
2024-02-24,B1,baseline,0.00045585021146044014
2024-02-25,B1,baseline,0.00035391745208301906
2024-02-26,B1,baseline,0.0004239601649052016
2024-02-27,B1,baseline,0.0007670297651947156
2024-02-28,B1,baseline,-0.0008426402157852841
2024-02-29,B1,baseline,-0.0009578778096578366
2024-03-01,B1,baseline,-0.0007274216986981052
2024-03-02,B1,baseline,0.013471929675537897
2024-03-03,B1,baseline,-0.0014755295854950168
2024-03-04,B1,baseline,-0.0026720004802445185
2024-03-05,B1,baseline,-0.0013654503303686116
2024-03-06,B1,baseline,0.003934757659191046
2024-03-07,B1,baseline,-0.0005103421132658381
2024-03-08,B1,baseline,0.0007990954512013815
2024-03-09,B1,baseline,-0.0017766047891150105
2024-03-10,B1,baseline,0.0010128723781597238
2024-03-11,B1,baseline,0.001570644082802275
2024-03-12,B1,baseline,-0.000541195635331948
2024-03-13,B1,baseline,0.0006421411457284698
2024-03-14,B1,baseline,-0.0013373205700253354
2024-03-15,B1,baseline,-0.00315048920237182
2024-03-16,B1,baseline,-0.002433604480834406
2024-03-17,B1,baseline,0.0009429665673608145
2024-03-18,B1,baseline,6.541464317555423e-05
2024-03-19,B1,baseline,-0.004127671929048615
2024-03-20,B1,baseline,0.0020386682635791242
2024-03-21,B1,baseline,0.000890581383244271
2024-03-22,B1,baseline,-0.0005574447559778539
2024-03-23,B1,baseline,-0.0006452322566612434
2024-03-24,B1,baseline,0.0014858364745411468
2024-03-25,B1,baseline,0.003579243684899147
2024-03-26,B1,baseline,0.0002363221255239356
2024-03-27,B1,baseline,-0.002020298433957679
2024-03-28,B1,baseline,-0.002276987882555148
2024-03-29,B1,baseline,-0.001063969374151097
2024-03-30,B1,baseline,0.0013770864166926522
2024-03-31,B1,baseline,0.0002476300054619074
2024-04-01,B1,baseline,-0.0013826651560143732
2024-04-02,B1,baseline,-0.001449805851371777
2024-04-03,B1,baseline,0.0009739013975578192
2024-04-04,B1,baseline,0.0005401639844024864
2024-04-05,B1,baseline,-0.0015785840922200034
2024-04-06,B1,baseline,0.00023240292196247125
2024-04-07,B1,baseline,-0.00033217215594083527
2024-04-08,B1,baseline,0.0009582639319662967
2024-04-09,B1,baseline,-0.0016282619252893094
2024-04-10,B1,baseline,-0.0013249703624198528
2024-04-11,B1,baseline,-0.0006499586219418374
2024-04-12,B1,baseline,-0.004844869307175426
2024-04-13,B1,baseline,-0.003715431994341989
2024-04-14,B1,baseline,0.0012610020351273565
2024-04-15,B1,baseline,-0.0010335078752057303
2024-04-16,B1,baseline,4.036974057064491e-05
2024-04-17,B1,baseline,-0.0004155651867860932
2024-04-18,B1,baseline,0.0013109921235241462
2024-04-19,B1,baseline,0.000858524515357173
2024-04-20,B1,baseline,0.003009223680079609
2024-04-21,B1,baseline,-0.0003949573757915381
2024-04-22,B1,baseline,0.0011428208922292793
2024-04-23,B1,baseline,-0.001094678746230593
2024-04-24,B1,baseline,-0.0016929441578744653
2024-04-25,B1,baseline,-1.6205494843157808e-05
2024-04-26,B1,baseline,-0.0008933113722652264
2024-04-27,B1,baseline,0.00034979760747777533
2024-04-28,B1,baseline,-0.0001814711078648168
2024-04-29,B1,baseline,0.00021734664936046144
2024-04-30,B1,baseline,-0.0009791593018843026
2024-05-01,B1,baseline,0.001652190992612379
2024-05-02,B1,baseline,0.0009984685281838601
2024-05-03,B1,baseline,-0.00020068279084872742
2024-05-04,B1,baseline,-0.0012545314325950185
2024-05-05,B1,baseline,0.0005344570419485439
2024-05-06,B1,baseline,1.6888447178953214e-05
2024-05-07,B1,baseline,-0.0009221132099134222
2024-05-08,B1,baseline,-1.8204524880882644e-05
2024-05-09,B1,baseline,0.0001577292690533305
2024-05-10,B1,baseline,-0.0009874298042661378
2024-05-11,B1,baseline,-0.0002566678162174707
2024-05-12,B1,baseline,7.94789369795712e-05
2024-05-13,B1,baseline,-0.00020880555225877284
2024-05-14,B1,baseline,-0.0004948248868394955
2024-05-15,B1,baseline,0.001428451656057872
2024-05-16,B1,baseline,0.00134919464748684
2024-05-17,B1,baseline,0.00133001963929269
2024-05-18,B1,baseline,0.00025458139512046785
2024-05-19,B1,baseline,-0.000537011044878688
2024-05-20,B1,baseline,0.0013594330130921595
2024-05-21,B1,baseline,-0.0008067595199405808
2024-05-22,B1,baseline,-0.0006664208940097005
2024-05-23,B1,baseline,-0.000267898100585362
2024-05-24,B1,baseline,0.0005657428738559123
2024-05-25,B1,baseline,-0.00011753717296958399
2024-05-26,B1,baseline,-0.00020345681764522006
2024-05-27,B1,baseline,0.0015699056222118202
2024-05-28,B1,baseline,-0.00037036295530812335
2024-05-29,B1,baseline,-0.0004852917144013702
2024-05-30,B1,baseline,-0.0003366089600138622
2024-05-31,B1,baseline,0.0003017203694588577
2024-06-01,B1,baseline,0.0002533711549139728
2024-06-02,B1,baseline,-7.824283018442735e-05
2024-06-03,B1,baseline,-0.0005170004243783
2024-06-04,B1,baseline,0.0006718643117276102
2024-06-05,B1,baseline,-2.654697054715882e-05
2024-06-06,B1,baseline,-0.0005597497437834775
2024-06-07,B1,baseline,-0.0009702741549545424
2024-06-08,B1,baseline,-0.0003520437226097739
2024-06-09,B1,baseline,0.0007549835136859695
2024-06-10,B1,baseline,-0.0003314093999028378
2024-06-11,B1,baseline,-0.0018363314542898523
2024-06-12,B1,baseline,0.0014495728556074283
2024-06-13,B1,baseline,-0.0021759761916297915
2024-06-14,B1,baseline,-0.0007306419302852696
2024-06-15,B1,baseline,0.0003988274863160335
2024-06-16,B1,baseline,0.0007036552614212432
2024-06-17,B1,baseline,-0.0004018886964551882
2024-06-18,B1,baseline,-0.0014220366000006202
2024-06-19,B1,baseline,0.0004468954027119221
2024-06-20,B1,baseline,-0.0006494203976292745
2024-06-21,B1,baseline,-0.0005118800364665166
2024-06-22,B1,baseline,1.9760466542839694e-05
2024-06-23,B1,baseline,-0.0005959374202999523
2024-06-24,B1,baseline,0.0007428351509544129
2024-06-25,B1,baseline,0.00023328076430306766
2024-06-26,B1,baseline,-0.0002675347248817239
2024-06-27,B1,baseline,0.0007485271145086791
2024-06-28,B1,baseline,-0.0008120176575897586
2024-06-29,B1,baseline,-0.00034707486572282953
2024-06-30,B1,baseline,0.0009242570320107113
2024-07-01,B1,baseline,0.00017225712215185318
2024-07-02,B1,baseline,0.00022782731345394325
2024-07-03,B1,baseline,-0.0014747348782280234
2024-07-04,B1,baseline,-0.0017284715011057772
2024-07-05,B1,baseline,-0.00020369835469224995
2024-07-06,B1,baseline,0.0019254958471803807
2024-07-07,B1,baseline,-0.0016766847178101285
2024-07-08,B1,baseline,0.0006246745500149142
2024-07-09,B1,baseline,0.0003909932697014895
2024-07-10,B1,baseline,3.052995276808801e-06
2024-07-11,B1,baseline,4.839109062726443e-05
2024-07-12,B1,baseline,0.0007652504552695394
2024-07-13,B1,baseline,0.0016777225537094598
2024-07-14,B1,baseline,0.00021493281903017802
2024-07-15,B1,baseline,0.0013740407020161882
2024-07-16,B1,baseline,0.0006638161711782775
2024-07-17,B1,baseline,0.0013286172333424329
2024-07-18,B1,baseline,-0.0016064496103159742
2024-07-19,B1,baseline,0.0006969392194990931
2024-07-20,B1,baseline,0.00030117349339553456
2024-07-21,B1,baseline,0.0005038891443527316
2024-07-22,B1,baseline,-0.0011196532248732849
2024-07-23,B1,baseline,-0.0003817683404988559
2024-07-24,B1,baseline,-0.00022990166464409434
2024-07-25,B1,baseline,1.0951167910722148e-05
2024-07-26,B1,baseline,2.5667088159986307e-05
2024-07-27,B1,baseline,-4.053020711269895e-06
2024-07-28,B1,baseline,-0.00029903224797533934
2024-07-29,B1,baseline,-1.88763617503529e-05
2024-07-30,B1,baseline,5.034560512262587e-05
2024-07-31,B1,baseline,-0.00015928331011916264
2024-08-01,B1,baseline,-0.0003427119530265976
2024-08-02,B1,baseline,-0.0014725922243157274
2024-08-03,B1,baseline,-0.0008415485365481645
2024-08-04,B1,baseline,-0.0016784096628920109
2024-08-05,B1,baseline,-0.00200708861729737
2024-08-06,B1,baseline,0.0015694537267625375
2024-08-07,B1,baseline,0.0011027968994501425
2024-08-08,B1,baseline,0.0019325801799039422
2024-08-09,B1,baseline,-0.0011618846227184898
2024-08-10,B1,baseline,-0.00023327897968161704
2024-08-11,B1,baseline,-0.0017448649625390056
2024-08-12,B1,baseline,0.0008367407869531718
2024-08-13,B1,baseline,-2.8440006105134863e-05
2024-08-14,B1,baseline,-0.00029970146207392023
2024-08-15,B1,baseline,-0.0007018830534278875
2024-08-16,B1,baseline,3.548709465084343e-05
2024-08-17,B1,baseline,0.00011910497133160725
2024-08-18,B1,baseline,0.00021171999612223935
2024-08-19,B1,baseline,0.0009333064169576577
2024-08-20,B1,baseline,0.00016421108732678213
2024-08-21,B1,baseline,0.0013123667284620222
2024-08-22,B1,baseline,0.0008453431546322498
2024-08-23,B1,baseline,0.001096253999249397
2024-08-24,B1,baseline,0.00029038818156457147
2024-08-25,B1,baseline,-0.0006085729648427352
2024-08-26,B1,baseline,-0.0008164845636696727
2024-08-27,B1,baseline,-0.0013101364161122175
2024-08-28,B1,baseline,-0.00011367947421925262
2024-08-29,B1,baseline,-0.00030754991538883836
2024-08-30,B1,baseline,8.038094603035617e-06
2024-08-31,B1,baseline,-8.359936121760114e-05
2024-09-01,B1,baseline,-0.000996672719637659
2024-09-02,B1,baseline,0.0008539385253696352
2024-09-03,B1,baseline,-0.0008713132681599234
2024-09-04,B1,baseline,0.0002924820261012151
2024-09-05,B1,baseline,-0.0008996585842419025
2024-09-06,B1,baseline,-0.0006843677450187879
2024-09-07,B1,baseline,0.0005261723659830686
2024-09-08,B1,baseline,0.0008456985876910128
2024-09-09,B1,baseline,0.00037369962832256576
2024-09-10,B1,baseline,0.00108300934875305
2024-09-11,B1,baseline,-0.00037329143165854006
2024-09-12,B1,baseline,0.000618245891675695
2024-09-13,B1,baseline,0.0004946015044942076
2024-09-14,B1,baseline,0.00034359235910197405
2024-09-15,B1,baseline,-0.000942906516758768
2024-09-16,B1,baseline,-7.191790605776127e-05
2024-09-17,B1,baseline,-0.0002311483042932716
2024-09-18,B1,baseline,0.00014051997837238872
2024-09-19,B1,baseline,0.00042247953791885173
2024-09-20,B1,baseline,0.0006108565239657526
2024-09-21,B1,baseline,0.00018234420297069676
2024-09-22,B1,baseline,-0.0008310196210546961
2024-09-23,B1,baseline,0.0004981179367242738
2024-09-24,B1,baseline,0.0012678208161467364
2024-09-25,B1,baseline,-0.0003003814670197169
2024-09-26,B1,baseline,0.0002541882493731773
2024-09-27,B1,baseline,-3.770452677065439e-05
2024-09-28,B1,baseline,-9.283899179535204e-06
2024-09-29,B1,baseline,0.0001300967463222502
2024-09-30,B1,baseline,-0.0012695021055529887
2024-10-01,B1,baseline,-0.0014410433990884597
2024-10-02,B1,baseline,-0.0019015457158141347
2024-10-03,B1,baseline,-0.00016087841579537354
2024-10-04,B1,baseline,0.0007004458409296532
2024-10-05,B1,baseline,-0.00017402503326846563
2024-10-06,B1,baseline,4.025744535263165e-05
2024-10-07,B1,baseline,-0.0002737850508391926
2024-10-08,B1,baseline,-0.0001790106315039397
2024-10-09,B1,baseline,-0.0007179640923187236
2024-10-10,B1,baseline,0.0006541654308980238
2024-10-11,B1,baseline,0.0001656299374162007
2024-10-12,B1,baseline,-1.5821415040306874e-05
2024-10-13,B1,baseline,-0.0005017948929784133
2024-10-14,B1,baseline,0.0014003347143352052
2024-10-15,B1,baseline,-0.000692266839676936
2024-10-16,B1,baseline,-0.0007504377769944615
2024-10-17,B1,baseline,-0.0010347825115285536
2024-10-18,B1,baseline,0.00028843182918603105
2024-10-19,B1,baseline,-0.000560171529932818
2024-10-20,B1,baseline,0.0013253348046502467
2024-10-21,B1,baseline,-0.0009363581834241907
2024-10-22,B1,baseline,0.0001472985009618455
2024-10-23,B1,baseline,-0.0007165946741132245
2024-10-24,B1,baseline,0.0002899336154009724
2024-10-25,B1,baseline,-0.0009828468414219138
2024-10-26,B1,baseline,-5.681812761693106e-05
2024-10-27,B1,baseline,-0.00023991904506748263
2024-10-28,B1,baseline,-0.0007083764005588744
2024-10-29,B1,baseline,-0.0003435111941607616
2024-10-30,B1,baseline,0.0010755500023205133
2024-10-31,B1,baseline,-0.0010164411018629416
2024-11-01,B1,baseline,-0.00018457853666642432
2024-11-02,B1,baseline,-0.00037841010481609594
2024-11-03,B1,baseline,-6.80517358880861e-05
2024-11-04,B1,baseline,-0.0009612044217638394
2024-11-05,B1,baseline,0.00028582630842488577
2024-11-06,B1,baseline,0.0003586309901324469
2024-11-07,B1,baseline,0.0007785421744228582
2024-11-08,B1,baseline,0.001111151399678878
2024-11-09,B1,baseline,-0.000678260026704236
2024-11-10,B1,baseline,-0.0022191949146026513
2024-11-11,B1,baseline,-0.0031514999952955147
2024-11-12,B1,baseline,-0.0005194942628774513
2024-11-13,B1,baseline,-0.0006311968382138877
2024-11-14,B1,baseline,-0.0003378135233669255
2024-11-15,B1,baseline,0.003586577069325969
2024-11-16,B1,baseline,0.004611786700805087
2024-11-17,B1,baseline,-0.0013710513820910375
2024-11-18,B1,baseline,0.0012621800055134802
2024-11-19,B1,baseline,-0.0007916511196025544
2024-11-20,B1,baseline,-0.0009551990045013614
2024-11-21,B1,baseline,0.00020437614978430219
2024-11-22,B1,baseline,0.001453822414472672
2024-11-23,B1,baseline,-0.002729764804850099
2024-11-24,B1,baseline,0.00054634025884992
2024-11-25,B1,baseline,0.0005897512944834649
2024-11-26,B1,baseline,0.0007973872477886612
2024-11-27,B1,baseline,0.0003283605347059737
2024-11-28,B1,baseline,-0.0007464857338282949
2024-11-29,B1,baseline,-0.0008627678528794203
2024-11-30,B1,baseline,0.00280009179070162
2024-12-01,B1,baseline,-0.002532672924141055
2024-12-02,B1,baseline,0.006489736915462618
2024-12-03,B1,baseline,0.0012223612377582072
2024-12-04,B1,baseline,0.002453064023896001
2024-12-05,B1,baseline,-0.0015056093678530447
2024-12-06,B1,baseline,0.003158206816669784
2024-12-07,B1,baseline,-0.0013458001134988296
2024-12-08,B1,baseline,0.0015489792688248016
2024-12-09,B1,baseline,-0.005497512489824441
2024-12-10,B1,baseline,-0.0011090075693297452
2024-12-11,B1,baseline,0.0034488470296674123
2024-12-12,B1,baseline,0.004676397666991683
2024-12-13,B1,baseline,-0.0008537992449656473
2024-12-14,B1,baseline,-0.00038437476062236353
2024-12-15,B1,baseline,0.0009956649268398898
2024-12-16,B1,baseline,-0.0005590996439530649
2024-12-17,B1,baseline,-0.0016785454900474228
2024-12-18,B1,baseline,0.00011062989604382345
2024-12-19,B1,baseline,-0.0012475879182785032
2024-12-20,B1,baseline,0.00046929730481704013
2024-12-21,B1,baseline,-0.0006639997048074608
2024-12-22,B1,baseline,-0.0001764565241425542
2024-12-23,B1,baseline,0.000652880588080329
2024-12-24,B1,baseline,-0.0004635881249875906
2024-12-25,B1,baseline,3.5402197677836256e-05
2024-12-26,B1,baseline,-0.00011124726386102513
2024-12-27,B1,baseline,0.0005066611641602048
2024-12-28,B1,baseline,0.0006430987216980988
2024-12-29,B1,baseline,-0.00032600209880107034
2024-12-30,B1,baseline,-0.00016403293383360218
2024-12-31,B1,baseline,-0.0004446930651719194
2025-01-01,B1,baseline,-0.0016556619265065686
2025-01-02,B1,baseline,0.00029942274962357907
2025-01-03,B1,baseline,0.0010807214676396004
2025-01-04,B1,baseline,-0.00017651244111716036
2025-01-05,B1,baseline,0.00020205097912140424
2025-01-06,B1,baseline,0.0004544784921554079
2025-01-07,B1,baseline,-0.0008077960640743287
2025-01-08,B1,baseline,-0.00034691870442538075
2025-01-09,B1,baseline,-0.00044752764249444965
2025-01-10,B1,baseline,0.0003588414131050488
2025-01-11,B1,baseline,-0.0009626562832554253
2025-01-12,B1,baseline,0.0005128548043404901
2025-01-13,B1,baseline,-0.0002559251020302078
2025-01-14,B1,baseline,0.0003543471584883662
2025-01-15,B1,baseline,-0.00144028475675273
2025-01-16,B1,baseline,-0.00012162035243790115
2025-01-17,B1,baseline,-1.619240132078037e-05
2025-01-18,B1,baseline,-0.0010289213952276999
2025-01-19,B1,baseline,0.00017241353511709967
2025-01-20,B1,baseline,-0.00039972825942680146
2025-01-21,B1,baseline,0.000831062121424031
2025-01-22,B1,baseline,-7.485823964581417e-05
2025-01-23,B1,baseline,-0.00017578408794682865
2025-01-24,B1,baseline,-0.00021770627615191884
2025-01-25,B1,baseline,8.732403043731907e-05
2025-01-26,B1,baseline,0.0002680866533870674
2025-01-27,B1,baseline,-0.0006380388281520544
2025-01-28,B1,baseline,0.00023959642741933074
2025-01-29,B1,baseline,-6.556530580603681e-05
2025-01-30,B1,baseline,-0.0007939088442998621
2025-01-31,B1,baseline,0.0010539558122395487
2025-02-01,B1,baseline,-0.00015532186891309419
2025-02-02,B1,baseline,-0.000797092037901348
2025-02-03,B1,baseline,-2.7128633185102835e-05
2025-02-04,B1,baseline,-7.617327842823762e-05
2025-02-05,B1,baseline,0.0002638872364291167
2025-02-06,B1,baseline,-0.00032389515136443947
2025-02-07,B1,baseline,-0.000698646633509159
2025-02-08,B1,baseline,0.0004649073760250033
2025-02-09,B1,baseline,0.0004943552580269905
2025-02-10,B1,baseline,-0.000761830864980495
2025-02-11,B1,baseline,-0.00015157371710006196
2025-02-12,B1,baseline,0.00032211701235840273
2025-02-13,B1,baseline,-0.0009313192617317334
2025-02-14,B1,baseline,0.00016904807643203235
2025-02-15,B1,baseline,-0.0009407738700245583
2025-02-16,B1,baseline,0.0006018942731038646
2025-02-17,B1,baseline,0.0009178724789802306
2025-02-18,B1,baseline,-0.0008099528659680777
2025-02-19,B1,baseline,-0.0005884799024077347
2025-02-20,B1,baseline,0.00038081895335650984
2025-02-21,B1,baseline,0.0006130605262157918
2025-02-22,B1,baseline,0.0002106691855905396
2025-02-23,B1,baseline,-0.000379963915314363
2025-02-24,B1,baseline,0.0004246340179920871
2025-02-25,B1,baseline,-4.40003288182389e-05
2025-02-26,B1,baseline,-0.0004322510317732453
2025-02-27,B1,baseline,0.0002740392328195451
2025-02-28,B1,baseline,-0.00025782656087913747
2025-03-01,B1,baseline,-0.0002872292619594541
2025-03-02,B1,baseline,0.0004465602294028148
2025-03-03,B1,baseline,0.0006591158893771709
2025-03-04,B1,baseline,0.00021359995198877435
2025-03-05,B1,baseline,0.00054025221754328
2025-03-06,B1,baseline,-7.415291258805468e-07
2025-03-07,B1,baseline,-0.00019020996466678763
2025-03-08,B1,baseline,0.0001818119618528513
2025-03-09,B1,baseline,-0.0003507776784770211
2025-03-10,B1,baseline,0.0003212029003079042
2025-03-11,B1,baseline,0.00027736745180306777
2025-03-12,B1,baseline,-0.00030574668941385497
2025-03-13,B1,baseline,-0.00023383663260023724
2025-03-14,B1,baseline,0.0002899419856927654
2025-03-15,B1,baseline,0.00043178896332052297
2025-03-16,B1,baseline,4.075698837757713e-05
2025-03-17,B1,baseline,0.0001558030869164284
2025-03-18,B1,baseline,-7.260417341714565e-05
2025-03-19,B1,baseline,-0.00046292818832849303
2025-03-20,B1,baseline,4.884911271552106e-05
2025-03-21,B1,baseline,0.0003508444623299134
2025-03-22,B1,baseline,0.0001996957975711755
2025-03-23,B1,baseline,-4.266743518877014e-05
2025-03-24,B1,baseline,2.4342117162179377e-05
2025-03-25,B1,baseline,7.607570584244883e-05
2025-03-26,B1,baseline,0.0003555211554311377
2025-03-27,B1,baseline,-2.226834809637701e-05
2025-03-28,B1,baseline,-0.0004176668651971749
2025-03-29,B1,baseline,-0.00016775279690040001
2025-03-30,B1,baseline,2.2459826898080237e-05
2025-03-31,B1,baseline,0.0002718829723709071
2025-04-01,B1,baseline,-9.407587604703949e-06
2025-04-02,B1,baseline,-2.0464517614837696e-05
2025-04-03,B1,baseline,-8.894898858413658e-05
2025-04-04,B1,baseline,-0.0001407930381639444
2025-04-05,B1,baseline,0.00018571527358757223
2025-04-06,B1,baseline,1.2528970932512706e-05
2025-04-07,B1,baseline,-8.738646858974519e-05
2025-04-08,B1,baseline,-0.0004437712130316296
2025-04-09,B1,baseline,-8.105936090119226e-05
2025-04-10,B1,baseline,-0.00022706163436558846
2025-04-11,B1,baseline,0.0003469096738057953
2025-04-12,B1,baseline,-6.448056734842389e-05
2025-04-13,B1,baseline,-0.00020785449669158407
2025-04-14,B1,baseline,0.0002897763191507252
2025-04-15,B1,baseline,-8.772580521421158e-05
2025-04-16,B1,baseline,0.0001671954596409453
2025-04-17,B1,baseline,7.311938788223671e-06
2025-04-18,B1,baseline,-8.213832246406483e-05
2025-04-19,B1,baseline,0.0003663335614068064
2025-04-20,B1,baseline,-0.0002106514797608483
2025-04-21,B1,baseline,-0.0003602761732297566
2025-04-22,B1,baseline,0.00012859655722419205
2025-04-23,B1,baseline,0.0003075767148583708
2025-04-24,B1,baseline,-0.0003181880731768505
2025-04-25,B1,baseline,0.0002772624784959099
2025-04-26,B1,baseline,-5.6045850156394295e-05
2025-04-27,B1,baseline,6.331486735389191e-05
2025-04-28,B1,baseline,0.0008874600990851356
2025-04-29,B1,baseline,0.00017910452976255264
2025-04-30,B1,baseline,0.0007010033216472422
2025-05-01,B1,baseline,-0.0005594820831864578
2025-05-02,B1,baseline,0.0005560147270586846
2025-05-03,B1,baseline,-0.00034381256231896806
2025-05-04,B1,baseline,0.0001546105878680315
2025-05-05,B1,baseline,0.00018172565864560397
2025-05-06,B1,baseline,-0.000374364835532659
2025-05-07,B1,baseline,5.096384679159627e-05
2025-05-08,B1,baseline,0.0005131184905902142
2025-05-09,B1,baseline,0.0006427393414560889
2025-05-10,B1,baseline,0.00032506745246130286
2025-05-11,B1,baseline,0.0005494350251207258
2025-05-12,B1,baseline,-0.00044571326828601876
2025-05-13,B1,baseline,0.00046090667602616264
2025-05-14,B1,baseline,-0.000177760166132801
2025-05-15,B1,baseline,-0.00020658586105193333
2025-05-16,B1,baseline,-0.00025791213766623855
2025-05-17,B1,baseline,0.00016560400110798845
2025-05-18,B1,baseline,-4.0344640391709596e-05
2025-05-19,B1,baseline,5.892181450595224e-05
2025-05-20,B1,baseline,0.0006512687608539736
2025-05-21,B1,baseline,0.001459421799039795
2025-05-22,B1,baseline,-0.0004684059553958786
2025-05-23,B1,baseline,0.0001462373729026467
2025-05-24,B1,baseline,0.00028989112134381045
2025-05-25,B1,baseline,0.0004491644188313604
2025-05-26,B1,baseline,0.0004105839285921675
2025-05-27,B1,baseline,-0.00021134257833488324
2025-05-28,B1,baseline,-0.0014693004985625313
2025-05-29,B1,baseline,-0.0047684716232596625
2025-05-30,B1,baseline,0.0017895624367285645
2025-05-31,B1,baseline,-0.0027317743516358517
2025-06-01,B1,baseline,0.0070766478031421
2025-06-02,B1,baseline,0.001880297834573108
2025-06-03,B1,baseline,-0.004056683763604574
2025-06-04,B1,baseline,-0.01017245681427903
2025-06-05,B1,baseline,0.004719141179344355
2025-06-06,B1,baseline,-0.0005298345896519452
2025-06-07,B1,baseline,0.00023200941625245441
2025-06-08,B1,baseline,-0.005498008183281056
2025-06-09,B1,baseline,-0.004784421676517381
2025-06-10,B1,baseline,0.0032731132679282293
2025-06-11,B1,baseline,-0.005592841642444335
2025-06-12,B1,baseline,-0.0016027696355124244
2025-06-13,B1,baseline,0.00022397804832663404
2025-06-14,B1,baseline,0.0020213428974866776
2025-06-15,B1,baseline,-0.0015596053675756005
2025-06-16,B1,baseline,0.004054562660664951
2025-06-17,B1,baseline,0.00042521100760706254
2025-06-18,B1,baseline,0.005410307095570666
2025-06-19,B1,baseline,-0.004566274961093519
2025-06-20,B1,baseline,0.0007984525774620277
2025-06-21,B1,baseline,-0.0017139832820775025
2025-06-22,B1,baseline,-0.002419492985425431
2025-06-23,B1,baseline,0.004266059932081623
2025-06-24,B1,baseline,0.002439449062281218
2025-06-25,B1,baseline,-0.0012424646926656457
2025-06-26,B1,baseline,-0.0007710648041926449
2025-06-27,B1,baseline,-0.0011859557819234867
2025-06-28,B1,baseline,0.0014014260653310018
2025-06-29,B1,baseline,-0.0004175116510557464
2025-06-30,B1,baseline,-0.0027894506755844484
2016-06-30,B1,ewma,0.0
2016-07-01,B1,ewma,0.0
2016-07-02,B1,ewma,0.0
2016-07-03,B1,ewma,0.0
2016-07-04,B1,ewma,0.0
2016-07-05,B1,ewma,0.0
2016-07-06,B1,ewma,0.0
2016-07-07,B1,ewma,0.0
2016-07-08,B1,ewma,0.0
2016-07-09,B1,ewma,0.0
2016-07-10,B1,ewma,0.0
2016-07-11,B1,ewma,0.0
2016-07-12,B1,ewma,0.0
2016-07-13,B1,ewma,0.0
2016-07-14,B1,ewma,0.0
2016-07-15,B1,ewma,0.0
2016-07-16,B1,ewma,0.0
2016-07-17,B1,ewma,0.0
2016-07-18,B1,ewma,0.0
2016-07-19,B1,ewma,0.0
2016-07-20,B1,ewma,0.0
2016-07-21,B1,ewma,0.0
2016-07-22,B1,ewma,0.0
2016-07-23,B1,ewma,0.0
2016-07-24,B1,ewma,0.0
2016-07-25,B1,ewma,0.0
2016-07-26,B1,ewma,0.0
2016-07-27,B1,ewma,0.0
2016-07-28,B1,ewma,0.0
2016-07-29,B1,ewma,0.0
2016-07-30,B1,ewma,0.0
2016-07-31,B1,ewma,0.0
2016-08-01,B1,ewma,0.0
2016-08-02,B1,ewma,0.0
2016-08-03,B1,ewma,0.0
2016-08-04,B1,ewma,0.0
2016-08-05,B1,ewma,0.0
2016-08-06,B1,ewma,0.0
2016-08-07,B1,ewma,0.0
2016-08-08,B1,ewma,0.0
2016-08-09,B1,ewma,0.0
2016-08-10,B1,ewma,0.0
2016-08-11,B1,ewma,0.0
2016-08-12,B1,ewma,0.0
2016-08-13,B1,ewma,0.0
2016-08-14,B1,ewma,0.0
2016-08-15,B1,ewma,0.0
2016-08-16,B1,ewma,0.0
2016-08-17,B1,ewma,0.0
2016-08-18,B1,ewma,0.0
2016-08-19,B1,ewma,0.0
2016-08-20,B1,ewma,0.0
2016-08-21,B1,ewma,0.0
2016-08-22,B1,ewma,0.0
2016-08-23,B1,ewma,0.0
2016-08-24,B1,ewma,0.0
2016-08-25,B1,ewma,0.0
2016-08-26,B1,ewma,0.0
2016-08-27,B1,ewma,0.0
2016-08-28,B1,ewma,0.0
2016-08-29,B1,ewma,0.0
2016-08-30,B1,ewma,0.0
2016-08-31,B1,ewma,0.0
2016-09-01,B1,ewma,0.0
2016-09-02,B1,ewma,0.0
2016-09-03,B1,ewma,0.0
2016-09-04,B1,ewma,0.0
2016-09-05,B1,ewma,0.0
2016-09-06,B1,ewma,0.0
2016-09-07,B1,ewma,0.0
2016-09-08,B1,ewma,0.0
2016-09-09,B1,ewma,0.0
2016-09-10,B1,ewma,0.0
2016-09-11,B1,ewma,0.0
2016-09-12,B1,ewma,0.0
2016-09-13,B1,ewma,0.0
2016-09-14,B1,ewma,0.0
2016-09-15,B1,ewma,0.0
2016-09-16,B1,ewma,0.0
2016-09-17,B1,ewma,0.0
2016-09-18,B1,ewma,0.0
2016-09-19,B1,ewma,0.0
2016-09-20,B1,ewma,0.0
2016-09-21,B1,ewma,0.0
2016-09-22,B1,ewma,0.0
2016-09-23,B1,ewma,0.0
2016-09-24,B1,ewma,0.0
2016-09-25,B1,ewma,0.0
2016-09-26,B1,ewma,0.0
2016-09-27,B1,ewma,0.0
2016-09-28,B1,ewma,0.0
2016-09-29,B1,ewma,0.0
2016-09-30,B1,ewma,0.0
2016-10-01,B1,ewma,0.0
2016-10-02,B1,ewma,0.0
2016-10-03,B1,ewma,0.0
2016-10-04,B1,ewma,0.0
2016-10-05,B1,ewma,0.0
2016-10-06,B1,ewma,0.0
2016-10-07,B1,ewma,0.0
2016-10-08,B1,ewma,0.0
2016-10-09,B1,ewma,0.0
2016-10-10,B1,ewma,0.0
2016-10-11,B1,ewma,0.0
2016-10-12,B1,ewma,0.0
2016-10-13,B1,ewma,0.0
2016-10-14,B1,ewma,0.0
2016-10-15,B1,ewma,0.0
2016-10-16,B1,ewma,0.0
2016-10-17,B1,ewma,0.0
2016-10-18,B1,ewma,0.0
2016-10-19,B1,ewma,0.0
2016-10-20,B1,ewma,0.0
2016-10-21,B1,ewma,0.0
2016-10-22,B1,ewma,0.0
2016-10-23,B1,ewma,0.0
2016-10-24,B1,ewma,0.0
2016-10-25,B1,ewma,0.0
2016-10-26,B1,ewma,0.0
2016-10-27,B1,ewma,0.0
2016-10-28,B1,ewma,0.0
2016-10-29,B1,ewma,0.0
2016-10-30,B1,ewma,0.0
2016-10-31,B1,ewma,0.0
2016-11-01,B1,ewma,0.0
2016-11-02,B1,ewma,0.0
2016-11-03,B1,ewma,0.0
2016-11-04,B1,ewma,0.0
2016-11-05,B1,ewma,0.0
2016-11-06,B1,ewma,0.0
2016-11-07,B1,ewma,0.0
2016-11-08,B1,ewma,0.0
2016-11-09,B1,ewma,0.0
2016-11-10,B1,ewma,0.0
2016-11-11,B1,ewma,0.0
2016-11-12,B1,ewma,0.0
2016-11-13,B1,ewma,0.0
2016-11-14,B1,ewma,0.0
2016-11-15,B1,ewma,0.0
2016-11-16,B1,ewma,0.0
2016-11-17,B1,ewma,0.0
2016-11-18,B1,ewma,0.0
2016-11-19,B1,ewma,0.0
2016-11-20,B1,ewma,0.0
2016-11-21,B1,ewma,0.0
2016-11-22,B1,ewma,0.0
2016-11-23,B1,ewma,0.0
2016-11-24,B1,ewma,0.0
2016-11-25,B1,ewma,0.0
2016-11-26,B1,ewma,0.0
2016-11-27,B1,ewma,0.0
2016-11-28,B1,ewma,0.0
2016-11-29,B1,ewma,0.0
2016-11-30,B1,ewma,0.0
2016-12-01,B1,ewma,0.0
2016-12-02,B1,ewma,0.0
2016-12-03,B1,ewma,0.0
2016-12-04,B1,ewma,0.0
2016-12-05,B1,ewma,0.0
2016-12-06,B1,ewma,0.0
2016-12-07,B1,ewma,0.0
2016-12-08,B1,ewma,0.0
2016-12-09,B1,ewma,0.0
2016-12-10,B1,ewma,0.0
2016-12-11,B1,ewma,0.0
2016-12-12,B1,ewma,0.0
2016-12-13,B1,ewma,0.0
2016-12-14,B1,ewma,0.0
2016-12-15,B1,ewma,0.0
2016-12-16,B1,ewma,0.0
2016-12-17,B1,ewma,0.0
2016-12-18,B1,ewma,0.0
2016-12-19,B1,ewma,0.0
2016-12-20,B1,ewma,0.0
2016-12-21,B1,ewma,0.0
2016-12-22,B1,ewma,0.0
2016-12-23,B1,ewma,0.0
2016-12-24,B1,ewma,0.0
2016-12-25,B1,ewma,0.0
2016-12-26,B1,ewma,0.0
2016-12-27,B1,ewma,0.0
2016-12-28,B1,ewma,0.0
2016-12-29,B1,ewma,0.0
2016-12-30,B1,ewma,0.0
2016-12-31,B1,ewma,0.0
2017-01-01,B1,ewma,0.0
2017-01-02,B1,ewma,0.0
2017-01-03,B1,ewma,0.0
2017-01-04,B1,ewma,0.0
2017-01-05,B1,ewma,0.0
2017-01-06,B1,ewma,0.0
2017-01-07,B1,ewma,0.0
2017-01-08,B1,ewma,0.0
2017-01-09,B1,ewma,0.0
2017-01-10,B1,ewma,0.0
2017-01-11,B1,ewma,0.0
2017-01-12,B1,ewma,0.0
2017-01-13,B1,ewma,0.0
2017-01-14,B1,ewma,0.0
2017-01-15,B1,ewma,0.0
2017-01-16,B1,ewma,0.0
2017-01-17,B1,ewma,0.0
2017-01-18,B1,ewma,0.0
2017-01-19,B1,ewma,0.0
2017-01-20,B1,ewma,0.0
2017-01-21,B1,ewma,0.0
2017-01-22,B1,ewma,0.0
2017-01-23,B1,ewma,0.0
2017-01-24,B1,ewma,0.0
2017-01-25,B1,ewma,0.0
2017-01-26,B1,ewma,0.0
2017-01-27,B1,ewma,0.0
2017-01-28,B1,ewma,0.0
2017-01-29,B1,ewma,0.0
2017-01-30,B1,ewma,0.0
2017-01-31,B1,ewma,0.0
2017-02-01,B1,ewma,0.0
2017-02-02,B1,ewma,0.0
2017-02-03,B1,ewma,0.0
2017-02-04,B1,ewma,0.0
2017-02-05,B1,ewma,0.0
2017-02-06,B1,ewma,0.0
2017-02-07,B1,ewma,0.0
2017-02-08,B1,ewma,0.0
2017-02-09,B1,ewma,0.0
2017-02-10,B1,ewma,0.0
2017-02-11,B1,ewma,0.0
2017-02-12,B1,ewma,0.0
2017-02-13,B1,ewma,0.0
2017-02-14,B1,ewma,0.0
2017-02-15,B1,ewma,0.0
2017-02-16,B1,ewma,0.0
2017-02-17,B1,ewma,0.0
2017-02-18,B1,ewma,0.0
2017-02-19,B1,ewma,0.0
2017-02-20,B1,ewma,0.0
2017-02-21,B1,ewma,0.0
2017-02-22,B1,ewma,0.0
2017-02-23,B1,ewma,0.0
2017-02-24,B1,ewma,0.0
2017-02-25,B1,ewma,0.0
2017-02-26,B1,ewma,0.0
2017-02-27,B1,ewma,0.0
2017-02-28,B1,ewma,0.0
2017-03-01,B1,ewma,0.0
2017-03-02,B1,ewma,0.0
2017-03-03,B1,ewma,0.0
2017-03-04,B1,ewma,0.0
2017-03-05,B1,ewma,0.0
2017-03-06,B1,ewma,0.0
2017-03-07,B1,ewma,0.0
2017-03-08,B1,ewma,0.0
2017-03-09,B1,ewma,0.0
2017-03-10,B1,ewma,0.0
2017-03-11,B1,ewma,0.0
2017-03-12,B1,ewma,0.0
2017-03-13,B1,ewma,0.0
2017-03-14,B1,ewma,0.0
2017-03-15,B1,ewma,0.0
2017-03-16,B1,ewma,0.0
2017-03-17,B1,ewma,0.0
2017-03-18,B1,ewma,0.0
2017-03-19,B1,ewma,0.0
2017-03-20,B1,ewma,0.0
2017-03-21,B1,ewma,0.0
2017-03-22,B1,ewma,0.0
2017-03-23,B1,ewma,0.0
2017-03-24,B1,ewma,0.0
2017-03-25,B1,ewma,0.0
2017-03-26,B1,ewma,0.0
2017-03-27,B1,ewma,0.0
2017-03-28,B1,ewma,0.0
2017-03-29,B1,ewma,0.0
2017-03-30,B1,ewma,0.0
2017-03-31,B1,ewma,0.0
2017-04-01,B1,ewma,0.0
2017-04-02,B1,ewma,0.0
2017-04-03,B1,ewma,0.0
2017-04-04,B1,ewma,0.0
2017-04-05,B1,ewma,0.0
2017-04-06,B1,ewma,0.0
2017-04-07,B1,ewma,0.0
2017-04-08,B1,ewma,0.0
2017-04-09,B1,ewma,0.0
2017-04-10,B1,ewma,0.0
2017-04-11,B1,ewma,0.0
2017-04-12,B1,ewma,0.0
2017-04-13,B1,ewma,0.0
2017-04-14,B1,ewma,0.0
2017-04-15,B1,ewma,0.0
2017-04-16,B1,ewma,0.0
2017-04-17,B1,ewma,0.0
2017-04-18,B1,ewma,0.0
2017-04-19,B1,ewma,0.0
2017-04-20,B1,ewma,0.0
2017-04-21,B1,ewma,0.0
2017-04-22,B1,ewma,0.0
2017-04-23,B1,ewma,0.0
2017-04-24,B1,ewma,0.0
2017-04-25,B1,ewma,0.0
2017-04-26,B1,ewma,0.0
2017-04-27,B1,ewma,0.0
2017-04-28,B1,ewma,0.0
2017-04-29,B1,ewma,0.0
2017-04-30,B1,ewma,0.0
2017-05-01,B1,ewma,0.0
2017-05-02,B1,ewma,0.0
2017-05-03,B1,ewma,0.0
2017-05-04,B1,ewma,0.0
2017-05-05,B1,ewma,0.0
2017-05-06,B1,ewma,0.0
2017-05-07,B1,ewma,0.0
2017-05-08,B1,ewma,0.0
2017-05-09,B1,ewma,0.0
2017-05-10,B1,ewma,0.0
2017-05-11,B1,ewma,0.0
2017-05-12,B1,ewma,0.0
2017-05-13,B1,ewma,0.0
2017-05-14,B1,ewma,0.0
2017-05-15,B1,ewma,0.0
2017-05-16,B1,ewma,0.0
2017-05-17,B1,ewma,0.0
2017-05-18,B1,ewma,0.0
2017-05-19,B1,ewma,0.0
2017-05-20,B1,ewma,0.0
2017-05-21,B1,ewma,0.0
2017-05-22,B1,ewma,0.0
2017-05-23,B1,ewma,0.0
2017-05-24,B1,ewma,0.0
2017-05-25,B1,ewma,0.0
2017-05-26,B1,ewma,0.0
2017-05-27,B1,ewma,0.0
2017-05-28,B1,ewma,0.0
2017-05-29,B1,ewma,0.0
2017-05-30,B1,ewma,0.0
2017-05-31,B1,ewma,0.0
2017-06-01,B1,ewma,0.0
2017-06-02,B1,ewma,0.0
2017-06-03,B1,ewma,0.0
2017-06-04,B1,ewma,0.0
2017-06-05,B1,ewma,0.0
2017-06-06,B1,ewma,0.0
2017-06-07,B1,ewma,0.0
2017-06-08,B1,ewma,0.0
2017-06-09,B1,ewma,0.0
2017-06-10,B1,ewma,0.0
2017-06-11,B1,ewma,0.0
2017-06-12,B1,ewma,0.0
2017-06-13,B1,ewma,0.0
2017-06-14,B1,ewma,0.0
2017-06-15,B1,ewma,0.0
2017-06-16,B1,ewma,0.0
2017-06-17,B1,ewma,0.0
2017-06-18,B1,ewma,0.0
2017-06-19,B1,ewma,0.0
2017-06-20,B1,ewma,0.0
2017-06-21,B1,ewma,0.0
2017-06-22,B1,ewma,0.0
2017-06-23,B1,ewma,0.0
2017-06-24,B1,ewma,0.0
2017-06-25,B1,ewma,0.0
2017-06-26,B1,ewma,0.0
2017-06-27,B1,ewma,0.0
2017-06-28,B1,ewma,0.0
2017-06-29,B1,ewma,0.0
2017-06-30,B1,ewma,0.0
2017-07-01,B1,ewma,0.0
2017-07-02,B1,ewma,0.0
2017-07-03,B1,ewma,0.0
2017-07-04,B1,ewma,0.0
2017-07-05,B1,ewma,0.0
2017-07-06,B1,ewma,0.0
2017-07-07,B1,ewma,0.0
2017-07-08,B1,ewma,0.0
2017-07-09,B1,ewma,0.0
2017-07-10,B1,ewma,0.0
2017-07-11,B1,ewma,0.0
2017-07-12,B1,ewma,0.0
2017-07-13,B1,ewma,0.0
2017-07-14,B1,ewma,0.0
2017-07-15,B1,ewma,0.0
2017-07-16,B1,ewma,0.0
2017-07-17,B1,ewma,0.0
2017-07-18,B1,ewma,0.0
2017-07-19,B1,ewma,0.0
2017-07-20,B1,ewma,0.0
2017-07-21,B1,ewma,0.0
2017-07-22,B1,ewma,0.0
2017-07-23,B1,ewma,0.0
2017-07-24,B1,ewma,0.0
2017-07-25,B1,ewma,0.0
2017-07-26,B1,ewma,0.0
2017-07-27,B1,ewma,0.0
2017-07-28,B1,ewma,0.0
2017-07-29,B1,ewma,0.0
2017-07-30,B1,ewma,0.0
2017-07-31,B1,ewma,0.0
2017-08-01,B1,ewma,0.0
2017-08-02,B1,ewma,0.0
2017-08-03,B1,ewma,0.0
2017-08-04,B1,ewma,0.0
2017-08-05,B1,ewma,0.0
2017-08-06,B1,ewma,0.0
2017-08-07,B1,ewma,0.0
2017-08-08,B1,ewma,0.0
2017-08-09,B1,ewma,0.0
2017-08-10,B1,ewma,0.0
2017-08-11,B1,ewma,0.0
2017-08-12,B1,ewma,0.0
2017-08-13,B1,ewma,0.0
2017-08-14,B1,ewma,0.0
2017-08-15,B1,ewma,0.0
2017-08-16,B1,ewma,0.0
2017-08-17,B1,ewma,0.0
2017-08-18,B1,ewma,0.0
2017-08-19,B1,ewma,0.0
2017-08-20,B1,ewma,0.0
2017-08-21,B1,ewma,0.0
2017-08-22,B1,ewma,0.0
2017-08-23,B1,ewma,0.0
2017-08-24,B1,ewma,0.0
2017-08-25,B1,ewma,0.0
2017-08-26,B1,ewma,0.0
2017-08-27,B1,ewma,0.0
2017-08-28,B1,ewma,0.0
2017-08-29,B1,ewma,0.0
2017-08-30,B1,ewma,0.0
2017-08-31,B1,ewma,0.0
2017-09-01,B1,ewma,0.0
2017-09-02,B1,ewma,0.0
2017-09-03,B1,ewma,0.0
2017-09-04,B1,ewma,0.0
2017-09-05,B1,ewma,0.0
2017-09-06,B1,ewma,0.0
2017-09-07,B1,ewma,0.0
2017-09-08,B1,ewma,0.0
2017-09-09,B1,ewma,0.0
2017-09-10,B1,ewma,0.0
2017-09-11,B1,ewma,0.0
2017-09-12,B1,ewma,0.0
2017-09-13,B1,ewma,0.0
2017-09-14,B1,ewma,0.0
2017-09-15,B1,ewma,0.0
2017-09-16,B1,ewma,0.0
2017-09-17,B1,ewma,0.0
2017-09-18,B1,ewma,0.0
2017-09-19,B1,ewma,0.0
2017-09-20,B1,ewma,0.0
2017-09-21,B1,ewma,0.0
2017-09-22,B1,ewma,0.0
2017-09-23,B1,ewma,0.0
2017-09-24,B1,ewma,0.0
2017-09-25,B1,ewma,0.0
2017-09-26,B1,ewma,0.0
2017-09-27,B1,ewma,0.0
2017-09-28,B1,ewma,0.0
2017-09-29,B1,ewma,0.0
2017-09-30,B1,ewma,0.0
2017-10-01,B1,ewma,0.0
2017-10-02,B1,ewma,0.0
2017-10-03,B1,ewma,0.0
2017-10-04,B1,ewma,0.0
2017-10-05,B1,ewma,0.0
2017-10-06,B1,ewma,0.0
2017-10-07,B1,ewma,0.0
2017-10-08,B1,ewma,0.0
2017-10-09,B1,ewma,0.0
2017-10-10,B1,ewma,0.0
2017-10-11,B1,ewma,0.0
2017-10-12,B1,ewma,0.0
2017-10-13,B1,ewma,0.0
2017-10-14,B1,ewma,0.0
2017-10-15,B1,ewma,0.0
2017-10-16,B1,ewma,0.0
2017-10-17,B1,ewma,0.0
2017-10-18,B1,ewma,0.0
2017-10-19,B1,ewma,0.0
2017-10-20,B1,ewma,0.0
2017-10-21,B1,ewma,0.0
2017-10-22,B1,ewma,0.0
2017-10-23,B1,ewma,0.0
2017-10-24,B1,ewma,0.0
2017-10-25,B1,ewma,0.0
2017-10-26,B1,ewma,0.0
2017-10-27,B1,ewma,0.0
2017-10-28,B1,ewma,0.0
2017-10-29,B1,ewma,0.0
2017-10-30,B1,ewma,0.0
2017-10-31,B1,ewma,0.0
2017-11-01,B1,ewma,0.0
2017-11-02,B1,ewma,0.0
2017-11-03,B1,ewma,0.0
2017-11-04,B1,ewma,0.0
2017-11-05,B1,ewma,0.0
2017-11-06,B1,ewma,0.0
2017-11-07,B1,ewma,0.0
2017-11-08,B1,ewma,0.0
2017-11-09,B1,ewma,0.0
2017-11-10,B1,ewma,0.0
2017-11-11,B1,ewma,0.0
2017-11-12,B1,ewma,0.0
2017-11-13,B1,ewma,0.0
2017-11-14,B1,ewma,0.0
2017-11-15,B1,ewma,0.0
2017-11-16,B1,ewma,0.0
2017-11-17,B1,ewma,0.0
2017-11-18,B1,ewma,0.0
2017-11-19,B1,ewma,0.0
2017-11-20,B1,ewma,0.0
2017-11-21,B1,ewma,0.0
2017-11-22,B1,ewma,0.0
2017-11-23,B1,ewma,0.0
2017-11-24,B1,ewma,0.0
2017-11-25,B1,ewma,0.0
2017-11-26,B1,ewma,0.0
2017-11-27,B1,ewma,0.0
2017-11-28,B1,ewma,0.0
2017-11-29,B1,ewma,0.0
2017-11-30,B1,ewma,0.0
2017-12-01,B1,ewma,0.0
2017-12-02,B1,ewma,0.0
2017-12-03,B1,ewma,0.0
2017-12-04,B1,ewma,0.0
2017-12-05,B1,ewma,0.0
2017-12-06,B1,ewma,0.0
2017-12-07,B1,ewma,0.0
2017-12-08,B1,ewma,0.0
2017-12-09,B1,ewma,0.0
2017-12-10,B1,ewma,0.0
2017-12-11,B1,ewma,0.0
2017-12-12,B1,ewma,0.0
2017-12-13,B1,ewma,0.0
2017-12-14,B1,ewma,0.0
2017-12-15,B1,ewma,0.0
2017-12-16,B1,ewma,0.0
2017-12-17,B1,ewma,0.0
2017-12-18,B1,ewma,0.0
2017-12-19,B1,ewma,0.0
2017-12-20,B1,ewma,0.0
2017-12-21,B1,ewma,0.0
2017-12-22,B1,ewma,0.0
2017-12-23,B1,ewma,0.0
2017-12-24,B1,ewma,0.0
2017-12-25,B1,ewma,0.0
2017-12-26,B1,ewma,0.0
2017-12-27,B1,ewma,0.0
2017-12-28,B1,ewma,0.0
2017-12-29,B1,ewma,0.0
2017-12-30,B1,ewma,0.0
2017-12-31,B1,ewma,0.0
2018-01-01,B1,ewma,0.0
2018-01-02,B1,ewma,0.0
2018-01-03,B1,ewma,0.0
2018-01-04,B1,ewma,0.0
2018-01-05,B1,ewma,0.0
2018-01-06,B1,ewma,0.0
2018-01-07,B1,ewma,0.0
2018-01-08,B1,ewma,0.0
2018-01-09,B1,ewma,0.0
2018-01-10,B1,ewma,0.0
2018-01-11,B1,ewma,0.0
2018-01-12,B1,ewma,0.0
2018-01-13,B1,ewma,0.0
2018-01-14,B1,ewma,0.0
2018-01-15,B1,ewma,0.0
2018-01-16,B1,ewma,0.0
2018-01-17,B1,ewma,0.0
2018-01-18,B1,ewma,0.0
2018-01-19,B1,ewma,0.0
2018-01-20,B1,ewma,0.0
2018-01-21,B1,ewma,0.0
2018-01-22,B1,ewma,0.0
2018-01-23,B1,ewma,0.0
2018-01-24,B1,ewma,0.0
2018-01-25,B1,ewma,0.0
2018-01-26,B1,ewma,0.0
2018-01-27,B1,ewma,0.0
2018-01-28,B1,ewma,0.0
2018-01-29,B1,ewma,0.0
2018-01-30,B1,ewma,0.0
2018-01-31,B1,ewma,0.0
2018-02-01,B1,ewma,0.0
2018-02-02,B1,ewma,0.0
2018-02-03,B1,ewma,0.0
2018-02-04,B1,ewma,0.0
2018-02-05,B1,ewma,0.0
2018-02-06,B1,ewma,0.0
2018-02-07,B1,ewma,0.0
2018-02-08,B1,ewma,0.0
2018-02-09,B1,ewma,0.0
2018-02-10,B1,ewma,0.0
2018-02-11,B1,ewma,0.0
2018-02-12,B1,ewma,0.0
2018-02-13,B1,ewma,0.0
2018-02-14,B1,ewma,0.0
2018-02-15,B1,ewma,0.0
2018-02-16,B1,ewma,0.0
2018-02-17,B1,ewma,0.0
2018-02-18,B1,ewma,0.0
2018-02-19,B1,ewma,0.0
2018-02-20,B1,ewma,0.0
2018-02-21,B1,ewma,0.0
2018-02-22,B1,ewma,0.0
2018-02-23,B1,ewma,0.0
2018-02-24,B1,ewma,0.0
2018-02-25,B1,ewma,0.0
2018-02-26,B1,ewma,0.0
2018-02-27,B1,ewma,0.0
2018-02-28,B1,ewma,0.0
2018-03-01,B1,ewma,0.0
2018-03-02,B1,ewma,0.0
2018-03-03,B1,ewma,0.0
2018-03-04,B1,ewma,0.0
2018-03-05,B1,ewma,0.0
2018-03-06,B1,ewma,0.0
2018-03-07,B1,ewma,0.0
2018-03-08,B1,ewma,0.0
2018-03-09,B1,ewma,0.0
2018-03-10,B1,ewma,0.0
2018-03-11,B1,ewma,0.0
2018-03-12,B1,ewma,0.0
2018-03-13,B1,ewma,0.0
2018-03-14,B1,ewma,0.0
2018-03-15,B1,ewma,0.0
2018-03-16,B1,ewma,0.0
2018-03-17,B1,ewma,0.0
2018-03-18,B1,ewma,0.0
2018-03-19,B1,ewma,0.0
2018-03-20,B1,ewma,0.0
2018-03-21,B1,ewma,0.0
2018-03-22,B1,ewma,0.0
2018-03-23,B1,ewma,0.0
2018-03-24,B1,ewma,0.0
2018-03-25,B1,ewma,0.0
2018-03-26,B1,ewma,0.0
2018-03-27,B1,ewma,0.0
2018-03-28,B1,ewma,0.0
2018-03-29,B1,ewma,0.0
2018-03-30,B1,ewma,0.0
2018-03-31,B1,ewma,0.0
2018-04-01,B1,ewma,0.0
2018-04-02,B1,ewma,0.0
2018-04-03,B1,ewma,0.0
2018-04-04,B1,ewma,0.0
2018-04-05,B1,ewma,0.0
2018-04-06,B1,ewma,0.0
2018-04-07,B1,ewma,0.0
2018-04-08,B1,ewma,0.0
2018-04-09,B1,ewma,0.0
2018-04-10,B1,ewma,0.0
2018-04-11,B1,ewma,0.0
2018-04-12,B1,ewma,0.0
2018-04-13,B1,ewma,0.0
2018-04-14,B1,ewma,0.0
2018-04-15,B1,ewma,0.0
2018-04-16,B1,ewma,0.0
2018-04-17,B1,ewma,0.0
2018-04-18,B1,ewma,0.0
2018-04-19,B1,ewma,0.0
2018-04-20,B1,ewma,0.0
2018-04-21,B1,ewma,0.0
2018-04-22,B1,ewma,0.0
2018-04-23,B1,ewma,0.0
2018-04-24,B1,ewma,0.0
2018-04-25,B1,ewma,0.0
2018-04-26,B1,ewma,0.0
2018-04-27,B1,ewma,0.0
2018-04-28,B1,ewma,0.0
2018-04-29,B1,ewma,0.0
2018-04-30,B1,ewma,0.0
2018-05-01,B1,ewma,0.0
2018-05-02,B1,ewma,0.0
2018-05-03,B1,ewma,0.0
2018-05-04,B1,ewma,0.0
2018-05-05,B1,ewma,0.0
2018-05-06,B1,ewma,0.0
2018-05-07,B1,ewma,0.0
2018-05-08,B1,ewma,0.0
2018-05-09,B1,ewma,0.0
2018-05-10,B1,ewma,0.0
2018-05-11,B1,ewma,0.0
2018-05-12,B1,ewma,0.0
2018-05-13,B1,ewma,0.0
2018-05-14,B1,ewma,0.0
2018-05-15,B1,ewma,0.0
2018-05-16,B1,ewma,0.0
2018-05-17,B1,ewma,0.0
2018-05-18,B1,ewma,0.0
2018-05-19,B1,ewma,0.0
2018-05-20,B1,ewma,0.0
2018-05-21,B1,ewma,0.0
2018-05-22,B1,ewma,0.0
2018-05-23,B1,ewma,0.0
2018-05-24,B1,ewma,0.0
2018-05-25,B1,ewma,0.0
2018-05-26,B1,ewma,0.0
2018-05-27,B1,ewma,0.0
2018-05-28,B1,ewma,0.0
2018-05-29,B1,ewma,0.0
2018-05-30,B1,ewma,0.0
2018-05-31,B1,ewma,0.0
2018-06-01,B1,ewma,0.0
2018-06-02,B1,ewma,0.0
2018-06-03,B1,ewma,0.0
2018-06-04,B1,ewma,0.0
2018-06-05,B1,ewma,0.0
2018-06-06,B1,ewma,0.0
2018-06-07,B1,ewma,0.0
2018-06-08,B1,ewma,0.0
2018-06-09,B1,ewma,0.0
2018-06-10,B1,ewma,0.0
2018-06-11,B1,ewma,0.0
2018-06-12,B1,ewma,0.0
2018-06-13,B1,ewma,0.0
2018-06-14,B1,ewma,0.0
2018-06-15,B1,ewma,0.0
2018-06-16,B1,ewma,0.0
2018-06-17,B1,ewma,0.0
2018-06-18,B1,ewma,0.0
2018-06-19,B1,ewma,0.0
2018-06-20,B1,ewma,0.0
2018-06-21,B1,ewma,0.0
2018-06-22,B1,ewma,0.0
2018-06-23,B1,ewma,0.0
2018-06-24,B1,ewma,0.0
2018-06-25,B1,ewma,0.0
2018-06-26,B1,ewma,0.0
2018-06-27,B1,ewma,0.0
2018-06-28,B1,ewma,0.0
2018-06-29,B1,ewma,0.0
2018-06-30,B1,ewma,0.0
2018-07-01,B1,ewma,0.0
2018-07-02,B1,ewma,0.0
2018-07-03,B1,ewma,0.0
2018-07-04,B1,ewma,0.0
2018-07-05,B1,ewma,0.0
2018-07-06,B1,ewma,0.0
2018-07-07,B1,ewma,0.0
2018-07-08,B1,ewma,0.0
2018-07-09,B1,ewma,0.0
2018-07-10,B1,ewma,0.0
2018-07-11,B1,ewma,0.0
2018-07-12,B1,ewma,0.0
2018-07-13,B1,ewma,0.0
2018-07-14,B1,ewma,0.0
2018-07-15,B1,ewma,0.0
2018-07-16,B1,ewma,0.0
2018-07-17,B1,ewma,0.0
2018-07-18,B1,ewma,0.0
2018-07-19,B1,ewma,0.0
2018-07-20,B1,ewma,0.0
2018-07-21,B1,ewma,0.0
2018-07-22,B1,ewma,0.0
2018-07-23,B1,ewma,0.0
2018-07-24,B1,ewma,0.0
2018-07-25,B1,ewma,0.0
2018-07-26,B1,ewma,0.0
2018-07-27,B1,ewma,0.0
2018-07-28,B1,ewma,0.0
2018-07-29,B1,ewma,0.0
2018-07-30,B1,ewma,0.0
2018-07-31,B1,ewma,0.0
2018-08-01,B1,ewma,0.0
2018-08-02,B1,ewma,0.0
2018-08-03,B1,ewma,0.0
2018-08-04,B1,ewma,0.0
2018-08-05,B1,ewma,0.0
2018-08-06,B1,ewma,0.0
2018-08-07,B1,ewma,0.0
2018-08-08,B1,ewma,0.0
2018-08-09,B1,ewma,0.0
2018-08-10,B1,ewma,0.0
2018-08-11,B1,ewma,0.0
2018-08-12,B1,ewma,0.0
2018-08-13,B1,ewma,0.0
2018-08-14,B1,ewma,0.0
2018-08-15,B1,ewma,0.0
2018-08-16,B1,ewma,0.0
2018-08-17,B1,ewma,0.0
2018-08-18,B1,ewma,0.0
2018-08-19,B1,ewma,0.0
2018-08-20,B1,ewma,0.0
2018-08-21,B1,ewma,0.0
2018-08-22,B1,ewma,0.0
2018-08-23,B1,ewma,0.0
2018-08-24,B1,ewma,0.0
2018-08-25,B1,ewma,0.0
2018-08-26,B1,ewma,0.0
2018-08-27,B1,ewma,0.0
2018-08-28,B1,ewma,0.0
2018-08-29,B1,ewma,0.0
2018-08-30,B1,ewma,0.0
2018-08-31,B1,ewma,0.0
2018-09-01,B1,ewma,0.0
2018-09-02,B1,ewma,0.0
2018-09-03,B1,ewma,0.0
2018-09-04,B1,ewma,0.0
2018-09-05,B1,ewma,0.0
2018-09-06,B1,ewma,0.0
2018-09-07,B1,ewma,0.0
2018-09-08,B1,ewma,0.0
2018-09-09,B1,ewma,0.0
2018-09-10,B1,ewma,0.0
2018-09-11,B1,ewma,0.0
2018-09-12,B1,ewma,0.0
2018-09-13,B1,ewma,0.0
2018-09-14,B1,ewma,0.0
2018-09-15,B1,ewma,0.0
2018-09-16,B1,ewma,0.0
2018-09-17,B1,ewma,0.0
2018-09-18,B1,ewma,0.0
2018-09-19,B1,ewma,0.0
2018-09-20,B1,ewma,0.0
2018-09-21,B1,ewma,0.0
2018-09-22,B1,ewma,0.0
2018-09-23,B1,ewma,0.0
2018-09-24,B1,ewma,0.0
2018-09-25,B1,ewma,0.0
2018-09-26,B1,ewma,0.0
2018-09-27,B1,ewma,0.0
2018-09-28,B1,ewma,0.0
2018-09-29,B1,ewma,0.0
2018-09-30,B1,ewma,0.0
2018-10-01,B1,ewma,0.0
2018-10-02,B1,ewma,0.0
2018-10-03,B1,ewma,0.0
2018-10-04,B1,ewma,0.0
2018-10-05,B1,ewma,0.0
2018-10-06,B1,ewma,0.0
2018-10-07,B1,ewma,0.0
2018-10-08,B1,ewma,0.0
2018-10-09,B1,ewma,0.0
2018-10-10,B1,ewma,0.0
2018-10-11,B1,ewma,0.0
2018-10-12,B1,ewma,0.0
2018-10-13,B1,ewma,0.0
2018-10-14,B1,ewma,0.0
2018-10-15,B1,ewma,0.0
2018-10-16,B1,ewma,0.0
2018-10-17,B1,ewma,0.0
2018-10-18,B1,ewma,0.0
2018-10-19,B1,ewma,0.0
2018-10-20,B1,ewma,0.0
2018-10-21,B1,ewma,0.0
2018-10-22,B1,ewma,0.0
2018-10-23,B1,ewma,0.0
2018-10-24,B1,ewma,0.0
2018-10-25,B1,ewma,0.0
2018-10-26,B1,ewma,0.0
2018-10-27,B1,ewma,0.0
2018-10-28,B1,ewma,0.0
2018-10-29,B1,ewma,0.0
2018-10-30,B1,ewma,0.0
2018-10-31,B1,ewma,0.0
2018-11-01,B1,ewma,0.0
2018-11-02,B1,ewma,0.0
2018-11-03,B1,ewma,0.0
2018-11-04,B1,ewma,0.0
2018-11-05,B1,ewma,0.0
2018-11-06,B1,ewma,0.0
2018-11-07,B1,ewma,0.0
2018-11-08,B1,ewma,0.0
2018-11-09,B1,ewma,0.0
2018-11-10,B1,ewma,0.0
2018-11-11,B1,ewma,0.0
2018-11-12,B1,ewma,0.0
2018-11-13,B1,ewma,0.0
2018-11-14,B1,ewma,0.0
2018-11-15,B1,ewma,0.0
2018-11-16,B1,ewma,0.0
2018-11-17,B1,ewma,0.0
2018-11-18,B1,ewma,0.0
2018-11-19,B1,ewma,0.0
2018-11-20,B1,ewma,0.006570945767324865
2018-11-21,B1,ewma,0.0007788985405416948
2018-11-22,B1,ewma,-0.00013904124028230047
2018-11-23,B1,ewma,-0.000609589894203455
2018-11-24,B1,ewma,0.0
2018-11-25,B1,ewma,0.0
2018-11-26,B1,ewma,0.003033219892487393
2018-11-27,B1,ewma,-0.001083671163972344
2018-11-28,B1,ewma,0.009150201961057647
2018-11-29,B1,ewma,0.0023258614922176957
2018-11-30,B1,ewma,0.002704792014297741
2018-12-01,B1,ewma,0.0024253526157285155
2018-12-02,B1,ewma,0.0010966648303709636
2018-12-03,B1,ewma,0.0023427038269225875
2018-12-04,B1,ewma,0.006903493229571289
2018-12-05,B1,ewma,0.0019354152556889659
2018-12-06,B1,ewma,0.002351906565246864
2018-12-07,B1,ewma,6.10618154643916e-05
2018-12-08,B1,ewma,-0.0001976141061977854
2018-12-09,B1,ewma,-0.0006619398205662819
2018-12-10,B1,ewma,0.00135848207226541
2018-12-11,B1,ewma,0.0010303203104371494
2018-12-12,B1,ewma,-0.00028621210161072774
2018-12-13,B1,ewma,0.0013345399973221372
2018-12-14,B1,ewma,-0.00012738415728319463
2018-12-15,B1,ewma,-0.0003150125696417261
2018-12-16,B1,ewma,1.4932795129540821e-05
2018-12-17,B1,ewma,-0.0026963439810724354
2018-12-18,B1,ewma,-0.0020283862046839296
2018-12-19,B1,ewma,-0.0008006894209644511
2018-12-20,B1,ewma,-0.0032335246573881316
2018-12-21,B1,ewma,0.002831600311399729
2018-12-22,B1,ewma,-0.0013847168656559994
2018-12-23,B1,ewma,-0.00043921620300857445
2018-12-24,B1,ewma,-0.0012046184724682218
2018-12-25,B1,ewma,0.003203855386579857
2018-12-26,B1,ewma,-0.00010457091486337777
2018-12-27,B1,ewma,0.002566765802629156
2018-12-28,B1,ewma,-0.00244303505325405
2018-12-29,B1,ewma,0.0005130969070938907
2018-12-30,B1,ewma,-0.00030936743295773006
2018-12-31,B1,ewma,0.0010615951138945867
2019-01-01,B1,ewma,-0.0006836718599828595
2019-01-02,B1,ewma,-0.0002886174958554033
2019-01-03,B1,ewma,0.00030680275510697186
2019-01-04,B1,ewma,5.246762995692045e-05
2019-01-05,B1,ewma,-0.00013158350463615687
2019-01-06,B1,ewma,-0.0018373054021608715
2019-01-07,B1,ewma,5.968190876259882e-05
2019-01-08,B1,ewma,0.0007315945531249923
2019-01-09,B1,ewma,-0.00012303917064016012
2019-01-10,B1,ewma,0.000935881844538855
2019-01-11,B1,ewma,0.0006965094945254879
2019-01-12,B1,ewma,0.0005835908321298877
2019-01-13,B1,ewma,0.0016128544794282718
2019-01-14,B1,ewma,-0.0017966782508930246
2019-01-15,B1,ewma,0.0003730612305004044
2019-01-16,B1,ewma,9.749839565698082e-05
2019-01-17,B1,ewma,-0.0002496826721138934
2019-01-18,B1,ewma,0.0008251195846895598
2019-01-19,B1,ewma,-0.0008333068681621869
2019-01-20,B1,ewma,0.001079763127515898
2019-01-21,B1,ewma,0.00012961864134464207
2019-01-22,B1,ewma,-0.00037527387596703043
2019-01-23,B1,ewma,0.00023450562063231928
2019-01-24,B1,ewma,-0.00028662390750611166
2019-01-25,B1,ewma,0.0003844806886832419
2019-01-26,B1,ewma,4.162268809659864e-05
2019-01-27,B1,ewma,0.0005838678474507919
2019-01-28,B1,ewma,0.0009652582052712688
2019-01-29,B1,ewma,0.0003376125517216
2019-01-30,B1,ewma,-0.0006681553522136507
2019-01-31,B1,ewma,0.000778909264555816
2019-02-01,B1,ewma,-0.00020071492029116733
2019-02-02,B1,ewma,-7.835857123161816e-05
2019-02-03,B1,ewma,0.0005346753249539926
2019-02-04,B1,ewma,-0.00021263253094305767
2019-02-05,B1,ewma,0.0004995626882651205
2019-02-06,B1,ewma,0.0004971093848891162
2019-02-07,B1,ewma,-6.942563551015635e-05
2019-02-08,B1,ewma,-0.0019340599567487793
2019-02-09,B1,ewma,-0.0003898475815377056
2019-02-10,B1,ewma,0.000371818581880623
2019-02-11,B1,ewma,0.0006370686642342971
2019-02-12,B1,ewma,0.00011807694325716156
2019-02-13,B1,ewma,-1.78060980488004e-05
2019-02-14,B1,ewma,2.691704459589772e-05
2019-02-15,B1,ewma,-0.0001531442285858109
2019-02-16,B1,ewma,6.665367433789093e-05
2019-02-17,B1,ewma,-0.00024315911446559646
2019-02-18,B1,ewma,-0.0014629304101406726
2019-02-19,B1,ewma,-0.0001583351515916931
2019-02-20,B1,ewma,-0.00026924248520188154
2019-02-21,B1,ewma,0.000127876385586978
2019-02-22,B1,ewma,-0.0005163284216037622
2019-02-23,B1,ewma,-0.0017229399073731555
2019-02-24,B1,ewma,0.0027807315359074103
2019-02-25,B1,ewma,-0.00040347074782276504
2019-02-26,B1,ewma,-0.00020704975724794572
2019-02-27,B1,ewma,0.00014554334905247934
2019-02-28,B1,ewma,-0.00022681036200389304
2019-03-01,B1,ewma,-0.0009056578234015733
2019-03-02,B1,ewma,0.00010536966879359788
2019-03-03,B1,ewma,-0.0013726376101761417
2019-03-04,B1,ewma,0.0021533078370703507
2019-03-05,B1,ewma,-0.001124391594068852
2019-03-06,B1,ewma,0.00022312050056005894
2019-03-07,B1,ewma,-0.00029331874782478895
2019-03-08,B1,ewma,-0.0007937232244631387
2019-03-09,B1,ewma,-0.0009493168398703178
2019-03-10,B1,ewma,0.0003454953592838539
2019-03-11,B1,ewma,-0.0002001667519659911
2019-03-12,B1,ewma,-0.0019755685189809524
2019-03-13,B1,ewma,0.0003440841038011566
2019-03-14,B1,ewma,-0.0006472341052552455
2019-03-15,B1,ewma,-0.0006978124550868214
2019-03-16,B1,ewma,0.00011728160923363262
2019-03-17,B1,ewma,-0.00021911236271243695
2019-03-18,B1,ewma,0.0013820373047916945
2019-03-19,B1,ewma,-0.00015330739065411159
2019-03-20,B1,ewma,-0.0008479400134319137
2019-03-21,B1,ewma,0.0012084277772219654
2019-03-22,B1,ewma,-0.002225164734353191
2019-03-23,B1,ewma,-0.0003484182636086519
2019-03-24,B1,ewma,0.0004562426607750414
2019-03-25,B1,ewma,0.0028075055535112803
2019-03-26,B1,ewma,0.0008480091077993634
2019-03-27,B1,ewma,-0.001933993911177101
2019-03-28,B1,ewma,0.00017474843947073992
2019-03-29,B1,ewma,0.0011277090446704108
2019-03-30,B1,ewma,-0.0001401361715303029
2019-03-31,B1,ewma,-0.0009393553272171173
2019-04-01,B1,ewma,-0.00037284134891468756
2019-04-02,B1,ewma,-0.003486964375703061
2019-04-03,B1,ewma,-0.0006085120621796003
2019-04-04,B1,ewma,0.00029130390720610855
2019-04-05,B1,ewma,-0.0012840575445292046
2019-04-06,B1,ewma,0.000384617299630019
2019-04-07,B1,ewma,-0.0014469848369693672
2019-04-08,B1,ewma,-0.0019603906807863503
2019-04-09,B1,ewma,0.0024438015780088307
2019-04-10,B1,ewma,-0.0003219416611914827
2019-04-11,B1,ewma,0.00402923545010947
2019-04-12,B1,ewma,-0.0007664365356286895
2019-04-13,B1,ewma,9.774704824305758e-05
2019-04-14,B1,ewma,-2.03488079790759e-05
2019-04-15,B1,ewma,0.0012553926694189865
2019-04-16,B1,ewma,-0.0010844531509122124
2019-04-17,B1,ewma,0.00020807626623264852
2019-04-18,B1,ewma,-0.0008188585186675867
2019-04-19,B1,ewma,0.0004744314596130117
2019-04-20,B1,ewma,0.0005016298985811574
2019-04-21,B1,ewma,0.001001294349610271
2019-04-22,B1,ewma,-0.0008616718615841457
2019-04-23,B1,ewma,-0.0005748206763295238
2019-04-24,B1,ewma,0.002583035152266211
2019-04-25,B1,ewma,0.0015401002829318333
2019-04-26,B1,ewma,-4.085845834889135e-06
2019-04-27,B1,ewma,7.500727649345507e-05
2019-04-28,B1,ewma,0.0004564303674599035
2019-04-29,B1,ewma,0.0010040965192408269
2019-04-30,B1,ewma,-0.0006092010352655164
2019-05-01,B1,ewma,6.232338631440015e-05
2019-05-02,B1,ewma,0.00022063285756801498
2019-05-03,B1,ewma,-0.00020096253750179205
2019-05-04,B1,ewma,0.0011804466261198243
2019-05-05,B1,ewma,-9.861986131798339e-05
2019-05-06,B1,ewma,-0.00022677179601160447
2019-05-07,B1,ewma,0.00030010156312809677
2019-05-08,B1,ewma,0.00044080960933845503
2019-05-09,B1,ewma,0.0008421492180032963
2019-05-10,B1,ewma,-0.0014817535255637893
2019-05-11,B1,ewma,-0.0024698830703885344
2019-05-12,B1,ewma,0.002442854343368328
2019-05-13,B1,ewma,-0.0008020327463817978
2019-05-14,B1,ewma,-0.0014557682324807253
2019-05-15,B1,ewma,-0.008701577997867083
2019-05-16,B1,ewma,0.0006926581296933243
2019-05-17,B1,ewma,0.0032599928993282123
2019-05-18,B1,ewma,0.000772172631221979
2019-05-19,B1,ewma,-0.003836781983256987
2019-05-20,B1,ewma,0.0017565719590790785
2019-05-21,B1,ewma,-0.003226677970599945
2019-05-22,B1,ewma,-6.625957864681009e-05
2019-05-23,B1,ewma,-3.277524625233674e-05
2019-05-24,B1,ewma,-0.0005522224713557788
2019-05-25,B1,ewma,-0.0008358350292655414
2019-05-26,B1,ewma,0.0003215544122192604
2019-05-27,B1,ewma,-0.0011293536877605703
2019-05-28,B1,ewma,0.0006306699355171919
2019-05-29,B1,ewma,-0.00047590405568354033
2019-05-30,B1,ewma,0.001951018071783217
2019-05-31,B1,ewma,-0.0006199791324088544
2019-06-01,B1,ewma,-0.0005155217839918347
2019-06-02,B1,ewma,-0.0007372782816433832
2019-06-03,B1,ewma,0.001067707733199974
2019-06-04,B1,ewma,0.001368569116199314
2019-06-05,B1,ewma,-0.0003227888960616321
2019-06-06,B1,ewma,0.00010788390781191204
2019-06-07,B1,ewma,-0.0003871915576370011
2019-06-08,B1,ewma,0.0007481896509642372
2019-06-09,B1,ewma,0.0010421004238385656
2019-06-10,B1,ewma,-0.00012981720207860814
2019-06-11,B1,ewma,0.0006353827879619356
2019-06-12,B1,ewma,-0.00011586472031965833
2019-06-13,B1,ewma,0.00027840825286884474
2019-06-14,B1,ewma,1.7864035935621914e-05
2019-06-15,B1,ewma,-0.0005012005293579813
2019-06-16,B1,ewma,1.965777831092197e-05
2019-06-17,B1,ewma,0.0001423186517965913
2019-06-18,B1,ewma,-0.000453645785067347
2019-06-19,B1,ewma,-0.003020194689572153
2019-06-20,B1,ewma,0.0016613087796819581
2019-06-21,B1,ewma,0.0006375800553897193
2019-06-22,B1,ewma,-0.0012946968869372855
2019-06-23,B1,ewma,0.0010429320799700825
2019-06-24,B1,ewma,8.05511003840742e-05
2019-06-25,B1,ewma,-0.0008998986552493093
2019-06-26,B1,ewma,0.001989366102261858
2019-06-27,B1,ewma,0.0006577984749345234
2019-06-28,B1,ewma,-0.0004569394251576764
2019-06-29,B1,ewma,0.00015337440070450903
2019-06-30,B1,ewma,0.0006371016307158417
2019-07-01,B1,ewma,-0.0007627856419710755
2019-07-02,B1,ewma,0.0008694116844263355
2019-07-03,B1,ewma,-0.0003448967467589714
2019-07-04,B1,ewma,0.00022355584244793114
2019-07-05,B1,ewma,0.0004080546904399185
2019-07-06,B1,ewma,-0.0008071325100548199
2019-07-07,B1,ewma,-0.0013317089835968021
2019-07-08,B1,ewma,0.0005741077056584665
2019-07-09,B1,ewma,-0.0002766840752788102
2019-07-10,B1,ewma,0.0007764063401873855
2019-07-11,B1,ewma,0.0006874654912476519
2019-07-12,B1,ewma,-0.0012788664396964355
2019-07-13,B1,ewma,0.0002792640395221646
2019-07-14,B1,ewma,0.0012421037397134516
2019-07-15,B1,ewma,-0.0003056073876583909
2019-07-16,B1,ewma,0.001974451065437366
2019-07-17,B1,ewma,-0.0010596883395992407
2019-07-18,B1,ewma,-0.0007718819031801161
2019-07-19,B1,ewma,1.1110905874023302e-05
2019-07-20,B1,ewma,-0.0004796334548547998
2019-07-21,B1,ewma,0.00047201312825984054
2019-07-22,B1,ewma,0.0006465056190783081
2019-07-23,B1,ewma,0.0004936281933594078
2019-07-24,B1,ewma,6.069469974412378e-05
2019-07-25,B1,ewma,-9.18029884549032e-05
2019-07-26,B1,ewma,-5.887201987253565e-05
2019-07-27,B1,ewma,0.0004535237097125222
2019-07-28,B1,ewma,-2.904128219882729e-05
2019-07-29,B1,ewma,0.00021263023372442014
2019-07-30,B1,ewma,0.00012297389130577763
2019-07-31,B1,ewma,-0.0002781325880267804
2019-08-01,B1,ewma,-1.3111912732788333e-05
2019-08-02,B1,ewma,0.0004964785635053204
2019-08-03,B1,ewma,-0.00015591862572916781
2019-08-04,B1,ewma,0.00014144364497781226
2019-08-05,B1,ewma,-0.0010789013401221181
2019-08-06,B1,ewma,0.000937507592546849
2019-08-07,B1,ewma,0.0002372535805146292
2019-08-08,B1,ewma,2.7287612798243543e-06
2019-08-09,B1,ewma,0.00048266586091072483
2019-08-10,B1,ewma,8.562859767025088e-05
2019-08-11,B1,ewma,-0.0007522663091066306
2019-08-12,B1,ewma,0.0005304143760769264
2019-08-13,B1,ewma,0.00022000381656184231
2019-08-14,B1,ewma,0.00036616838273872965
2019-08-15,B1,ewma,-0.0001582819218799436
2019-08-16,B1,ewma,3.467040312377101e-05
2019-08-17,B1,ewma,0.0002200206435314378
2019-08-18,B1,ewma,-2.5287757603909e-05
2019-08-19,B1,ewma,-0.000665945748015262
2019-08-20,B1,ewma,0.000480282197408366
2019-08-21,B1,ewma,0.0003863798708465538
2019-08-22,B1,ewma,-0.0001634960089713644
2019-08-23,B1,ewma,-0.0005374152310940739
2019-08-24,B1,ewma,0.0003909429392767727
2019-08-25,B1,ewma,0.00014796469662092804
2019-08-26,B1,ewma,0.00038156336338301955
2019-08-27,B1,ewma,-9.966794440652293e-05
2019-08-28,B1,ewma,0.000527256557352862
2019-08-29,B1,ewma,0.0002444018497800293
2019-08-30,B1,ewma,-8.481261567405696e-05
2019-08-31,B1,ewma,0.00011184805077912863
2019-09-01,B1,ewma,-0.0003615416738820265
2019-09-02,B1,ewma,-0.0003723421579270303
2019-09-03,B1,ewma,2.6054164529165647e-05
2019-09-04,B1,ewma,7.778349480136448e-05
2019-09-05,B1,ewma,0.0006252673330424674
2019-09-06,B1,ewma,2.1288791584472833e-05
2019-09-07,B1,ewma,-4.197397355243382e-06
2019-09-08,B1,ewma,-0.0005200812404279054
2019-09-09,B1,ewma,0.00026668531145035423
2019-09-10,B1,ewma,0.00020207604473232443
2019-09-11,B1,ewma,-3.172978655441305e-05
2019-09-12,B1,ewma,-3.551954481240127e-05
2019-09-13,B1,ewma,0.00019090818909139884
2019-09-14,B1,ewma,-0.0001058856083302473
2019-09-15,B1,ewma,0.00011939358049128934
2019-09-16,B1,ewma,0.0001992202387270936
2019-09-17,B1,ewma,-0.0001848058158482324
2019-09-18,B1,ewma,-0.0004455271879086897
2019-09-19,B1,ewma,8.892982771069313e-06
2019-09-20,B1,ewma,0.00017480046520401693
2019-09-21,B1,ewma,2.298187787963535e-05
2019-09-22,B1,ewma,0.0003191339843793273
2019-09-23,B1,ewma,0.0002441056659767682
2019-09-24,B1,ewma,0.0011512391667618527
2019-09-25,B1,ewma,-0.0006167583150286093
2019-09-26,B1,ewma,-0.00038876011457955606
2019-09-27,B1,ewma,-0.0003030961066139426
2019-09-28,B1,ewma,3.1353887323559704e-05
2019-09-29,B1,ewma,0.0002530289121975837
2019-09-30,B1,ewma,-0.00015698302590072544
2019-10-01,B1,ewma,3.075818407327624e-05
2019-10-02,B1,ewma,0.00023062011605090582
2019-10-03,B1,ewma,-0.0001711639840342727
2019-10-04,B1,ewma,0.0001313478713085292
2019-10-05,B1,ewma,-1.9930846952287418e-05
2019-10-06,B1,ewma,0.0001592993667496323
2019-10-07,B1,ewma,-0.0005461882754114189
2019-10-08,B1,ewma,-9.67787410180998e-05
2019-10-09,B1,ewma,-0.0005843552429611876
2019-10-10,B1,ewma,-3.703012257805227e-05
2019-10-11,B1,ewma,6.0893602143341496e-05
2019-10-12,B1,ewma,-0.00022415664373753863
2019-10-13,B1,ewma,-9.14791727748554e-05
2019-10-14,B1,ewma,1.603778549652546e-05
2019-10-15,B1,ewma,0.0005645877739677285
2019-10-16,B1,ewma,0.0002788137203344476
2019-10-17,B1,ewma,-0.0001088319840033547
2019-10-18,B1,ewma,0.00024004191967286204
2019-10-19,B1,ewma,0.00016045581675494525
2019-10-20,B1,ewma,0.00010589546850980902
2019-10-21,B1,ewma,4.9085630339229525e-05
2019-10-22,B1,ewma,0.0002866683850990537
2019-10-23,B1,ewma,0.0003998550013468716
2019-10-24,B1,ewma,1.8908206002254957e-05
2019-10-25,B1,ewma,-0.0010808108867830235
2019-10-26,B1,ewma,-0.00036293063686021476
2019-10-27,B1,ewma,0.0003753342075158983
2019-10-28,B1,ewma,0.0004256287932611347
2019-10-29,B1,ewma,-0.0002448308839969604
2019-10-30,B1,ewma,0.0004931061377790869
2019-10-31,B1,ewma,9.583479114305682e-05
2019-11-01,B1,ewma,0.0002137151906380641
2019-11-02,B1,ewma,-0.00037778096650376014
2019-11-03,B1,ewma,-4.318882634513077e-05
2019-11-04,B1,ewma,-7.229278625742186e-05
2019-11-05,B1,ewma,-6.235999385473256e-05
2019-11-06,B1,ewma,5.091938970114285e-05
2019-11-07,B1,ewma,0.00028141909480106087
2019-11-08,B1,ewma,9.97834687972432e-05
2019-11-09,B1,ewma,-0.00023082301203347644
2019-11-10,B1,ewma,3.972504846472269e-05
2019-11-11,B1,ewma,0.0002184360734187596
2019-11-12,B1,ewma,-0.0002616617997044379
2019-11-13,B1,ewma,3.083165115125297e-05
2019-11-14,B1,ewma,0.00016134769154274586
2019-11-15,B1,ewma,0.00018777136208880663
2019-11-16,B1,ewma,-3.965635089853148e-05
2019-11-17,B1,ewma,4.042119617464479e-06
2019-11-18,B1,ewma,0.0002732182309304054
2019-11-19,B1,ewma,9.794049400801974e-05
2019-11-20,B1,ewma,-0.0005880689985044985
2019-11-21,B1,ewma,0.00010906371398289316
2019-11-22,B1,ewma,0.0003052332821420478
2019-11-23,B1,ewma,-0.00015491316957205736
2019-11-24,B1,ewma,0.0005104552544925589
2019-11-25,B1,ewma,-1.7609967667198134e-05
2019-11-26,B1,ewma,-0.00020398482228267678
2019-11-27,B1,ewma,-0.0005367340820814359
2019-11-28,B1,ewma,0.00017112586550926956
2019-11-29,B1,ewma,1.6910771630351817e-05
2019-11-30,B1,ewma,0.00015826838518884223
2019-12-01,B1,ewma,0.00014097007252100724
2019-12-02,B1,ewma,9.14591098355455e-05
2019-12-03,B1,ewma,-6.622925341492891e-05
2019-12-04,B1,ewma,-4.5739148454071454e-05
2019-12-05,B1,ewma,0.00034046916390639836
2019-12-06,B1,ewma,-0.00018353657477898633
2019-12-07,B1,ewma,3.271017336792248e-05
2019-12-08,B1,ewma,-0.00013435017096019575
2019-12-09,B1,ewma,-5.145605482048676e-05
2019-12-10,B1,ewma,0.00022099943676989753
2019-12-11,B1,ewma,-3.768291485117814e-05
2019-12-12,B1,ewma,-8.44593305864283e-05
2019-12-13,B1,ewma,-9.327848758866608e-05
2019-12-14,B1,ewma,0.0002668572476653974
2019-12-15,B1,ewma,7.920848929332536e-05
2019-12-16,B1,ewma,0.00021112354080199403
2019-12-17,B1,ewma,0.00016802750181477144
2019-12-18,B1,ewma,-0.0007390657796992883
2019-12-19,B1,ewma,0.00031475200608133136
2019-12-20,B1,ewma,0.000281109754352471
2019-12-21,B1,ewma,0.00029755060172753645
2019-12-22,B1,ewma,-6.838986578794337e-05
2019-12-23,B1,ewma,0.00011027532814544827
2019-12-24,B1,ewma,-1.5354594551375556e-06
2019-12-25,B1,ewma,9.121502166986595e-05
2019-12-26,B1,ewma,0.00021739297317546757
2019-12-27,B1,ewma,0.00011966466457336011
2019-12-28,B1,ewma,-7.460437384265717e-05
2019-12-29,B1,ewma,-3.917800046715492e-06
2019-12-30,B1,ewma,0.00016104904713065693
2019-12-31,B1,ewma,4.9420917243914175e-05
2020-01-01,B1,ewma,3.473780746410249e-05
2020-01-02,B1,ewma,1.9573543355910772e-05
2020-01-03,B1,ewma,-0.00013631461322582972
2020-01-04,B1,ewma,-8.368022832272448e-05
2020-01-05,B1,ewma,5.549095623447187e-06
2020-01-06,B1,ewma,-0.00033475780081460016
2020-01-07,B1,ewma,-0.00021881588332295365
2020-01-08,B1,ewma,0.0002542814742561017
2020-01-09,B1,ewma,0.00018914342101306048
2020-01-10,B1,ewma,-0.00010343652948396898
2020-01-11,B1,ewma,2.460575451279645e-05
2020-01-12,B1,ewma,-0.00014876882897740806
2020-01-13,B1,ewma,-5.468266574315539e-05
2020-01-14,B1,ewma,-0.0005175648920785481
2020-01-15,B1,ewma,-0.00045039924710588153
2020-01-16,B1,ewma,-0.00028124885670066657
2020-01-17,B1,ewma,8.847941280754057e-06
2020-01-18,B1,ewma,2.08456942261126e-05
2020-01-19,B1,ewma,0.00014526103608125673
2020-01-20,B1,ewma,8.985055098387207e-05
2020-01-21,B1,ewma,9.554966319491598e-06
2020-01-22,B1,ewma,6.549764723273732e-05
2020-01-23,B1,ewma,0.0002593618638473405
2020-01-24,B1,ewma,-6.068437295836393e-05
2020-01-25,B1,ewma,0.00022782734536064275
2020-01-26,B1,ewma,-1.7639357260290645e-05
2020-01-27,B1,ewma,-0.00010500007251379451
2020-01-28,B1,ewma,-0.00014412972057320506
2020-01-29,B1,ewma,0.00019922103714797856
2020-01-30,B1,ewma,-8.934154027817609e-05
2020-01-31,B1,ewma,0.0002013694995472992
2020-02-01,B1,ewma,-0.0002057654567909628
2020-02-02,B1,ewma,-8.131315414738882e-05
2020-02-03,B1,ewma,9.11731261723503e-05
2020-02-04,B1,ewma,-6.0414820426846205e-05
2020-02-05,B1,ewma,-0.0005947721894857816
2020-02-06,B1,ewma,-7.826929220855483e-05
2020-02-07,B1,ewma,-0.00011238113694844731
2020-02-08,B1,ewma,-0.00012200724172006794
2020-02-09,B1,ewma,-0.00024077484847906394
2020-02-10,B1,ewma,0.00019475962466963814
2020-02-11,B1,ewma,-0.0005179672525738033
2020-02-12,B1,ewma,-0.00025510409687967694
2020-02-13,B1,ewma,2.6047557414976552e-05
2020-02-14,B1,ewma,-0.00010081864264233076
2020-02-15,B1,ewma,5.0204500995132406e-05
2020-02-16,B1,ewma,0.0001281851173491333
2020-02-17,B1,ewma,0.0004667303294854097
2020-02-18,B1,ewma,-0.00014776251504433624
2020-02-19,B1,ewma,0.0007043103550568031
2020-02-20,B1,ewma,0.00039187541387208924
2020-02-21,B1,ewma,-0.00022777453734057485
2020-02-22,B1,ewma,-0.00014497947847535997
2020-02-23,B1,ewma,-0.0001020174797904394
2020-02-24,B1,ewma,0.0004335083154443087
2020-02-25,B1,ewma,0.00032699477209208183
2020-02-26,B1,ewma,0.00045710583128588667
2020-02-27,B1,ewma,8.758847754464227e-05
2020-02-28,B1,ewma,0.00014012284743647463
2020-02-29,B1,ewma,-3.256441516163999e-05
2020-03-01,B1,ewma,0.00028449963994869876
2020-03-02,B1,ewma,-0.0005017606975546984
2020-03-03,B1,ewma,0.0001138374891445082
2020-03-04,B1,ewma,-0.00016182412187715212
2020-03-05,B1,ewma,-0.0003720409222456311
2020-03-06,B1,ewma,0.00022157141892620302
2020-03-07,B1,ewma,0.00026099741637430895
2020-03-08,B1,ewma,0.0004920049993011322
2020-03-09,B1,ewma,0.00010586386756705757
2020-03-10,B1,ewma,1.4381280192266033e-05
2020-03-11,B1,ewma,8.576056517339836e-05
2020-03-12,B1,ewma,0.00234286228464331
2020-03-13,B1,ewma,-0.0006812959873577773
2020-03-14,B1,ewma,0.0003489688812168268
2020-03-15,B1,ewma,1.677139434974606e-05
2020-03-16,B1,ewma,0.00034502870366326377
2020-03-17,B1,ewma,-1.6197919606830702e-05
2020-03-18,B1,ewma,-1.8660562589367657e-05
2020-03-19,B1,ewma,-0.000928217043328794
2020-03-20,B1,ewma,0.0004986545767349249
2020-03-21,B1,ewma,-0.0001374625141790098
2020-03-22,B1,ewma,0.0004487053089126114
2020-03-23,B1,ewma,-0.00032163117523686946
2020-03-24,B1,ewma,-0.00010487063081432435
2020-03-25,B1,ewma,-0.0002410959904287635
2020-03-26,B1,ewma,-0.00026668709017585446
2020-03-27,B1,ewma,-0.0002911726646823709
2020-03-28,B1,ewma,0.00016676977389784575
2020-03-29,B1,ewma,3.317474838926415e-05
2020-03-30,B1,ewma,-0.0002169631599403532
2020-03-31,B1,ewma,-0.00021017037877035794
2020-04-01,B1,ewma,-0.000151087693602725
2020-04-02,B1,ewma,-0.00013536671687619517
2020-04-03,B1,ewma,-0.00026231790714292824
2020-04-04,B1,ewma,-0.000375362379031019
2020-04-05,B1,ewma,0.00021360736439857142
2020-04-06,B1,ewma,-0.0012498223135566366
2020-04-07,B1,ewma,0.00020900489527830857
2020-04-08,B1,ewma,-0.00028606622557159067
2020-04-09,B1,ewma,-0.00030672461318403954
2020-04-10,B1,ewma,0.0007941645671529773
2020-04-11,B1,ewma,-0.00018948038781307908
2020-04-12,B1,ewma,-8.62560714398608e-06
2020-04-13,B1,ewma,0.0006182561980589973
2020-04-14,B1,ewma,0.00031282323300518833
2020-04-15,B1,ewma,0.00040858207371452515
2020-04-16,B1,ewma,-0.0029936538271974067
2020-04-17,B1,ewma,0.001142578363307889
2020-04-18,B1,ewma,-0.0012663952933277267
2020-04-19,B1,ewma,-0.00011052624589957816
2020-04-20,B1,ewma,0.001006878299195435
2020-04-21,B1,ewma,-0.0007517677395373346
2020-04-22,B1,ewma,-0.0014274998330382482
2020-04-23,B1,ewma,-0.0017464391836000681
2020-04-24,B1,ewma,-0.0019783854714028326
2020-04-25,B1,ewma,-0.004257432830195307
2020-04-26,B1,ewma,0.0022595028706993148
2020-04-27,B1,ewma,0.0034994099666914025
2020-04-28,B1,ewma,-0.0009576271296249939
2020-04-29,B1,ewma,-0.003293840005738402
2020-04-30,B1,ewma,-0.00016864163006147237
2020-05-01,B1,ewma,-0.0011357082217251513
2020-05-02,B1,ewma,-0.0029985521317765773
2020-05-03,B1,ewma,-6.678939563009578e-05
2020-05-04,B1,ewma,-0.00010389701633395365
2020-05-05,B1,ewma,0.0
2020-05-06,B1,ewma,0.0
2020-05-07,B1,ewma,0.0
2020-05-08,B1,ewma,0.0
2020-05-09,B1,ewma,0.0
2020-05-10,B1,ewma,0.0
2020-05-11,B1,ewma,0.0
2020-05-12,B1,ewma,0.0
2020-05-13,B1,ewma,0.0
2020-05-14,B1,ewma,0.0
2020-05-15,B1,ewma,0.0
2020-05-16,B1,ewma,0.0
2020-05-17,B1,ewma,0.0
2020-05-18,B1,ewma,0.0
2020-05-19,B1,ewma,0.0
2020-05-20,B1,ewma,0.0
2020-05-21,B1,ewma,0.0
2020-05-22,B1,ewma,0.0
2020-05-23,B1,ewma,0.0
2020-05-24,B1,ewma,0.0
2020-05-25,B1,ewma,0.0
2020-05-26,B1,ewma,0.0
2020-05-27,B1,ewma,0.0
2020-05-28,B1,ewma,0.0
2020-05-29,B1,ewma,0.0
2020-05-30,B1,ewma,0.0
2020-05-31,B1,ewma,0.0
2020-06-01,B1,ewma,0.0
2020-06-02,B1,ewma,0.0
2020-06-03,B1,ewma,0.0
2020-06-04,B1,ewma,0.0
2020-06-05,B1,ewma,0.0
2020-06-06,B1,ewma,0.0
2020-06-07,B1,ewma,0.0
2020-06-08,B1,ewma,0.0
2020-06-09,B1,ewma,0.0
2020-06-10,B1,ewma,0.0
2020-06-11,B1,ewma,0.0
2020-06-12,B1,ewma,0.0
2020-06-13,B1,ewma,0.0
2020-06-14,B1,ewma,0.0
2020-06-15,B1,ewma,0.0
2020-06-16,B1,ewma,0.0
2020-06-17,B1,ewma,0.0
2020-06-18,B1,ewma,0.0
2020-06-19,B1,ewma,0.0
2020-06-20,B1,ewma,0.0
2020-06-21,B1,ewma,0.0
2020-06-22,B1,ewma,0.0
2020-06-23,B1,ewma,0.0
2020-06-24,B1,ewma,0.0
2020-06-25,B1,ewma,0.0
2020-06-26,B1,ewma,0.0
2020-06-27,B1,ewma,0.0
2020-06-28,B1,ewma,0.0
2020-06-29,B1,ewma,0.0
2020-06-30,B1,ewma,0.0
2020-07-01,B1,ewma,0.0
2020-07-02,B1,ewma,0.0
2020-07-03,B1,ewma,0.0
2020-07-04,B1,ewma,0.0
2020-07-05,B1,ewma,0.0
2020-07-06,B1,ewma,0.0
2020-07-07,B1,ewma,0.0
2020-07-08,B1,ewma,0.0
2020-07-09,B1,ewma,0.0
2020-07-10,B1,ewma,0.0
2020-07-11,B1,ewma,0.0
2020-07-12,B1,ewma,0.0
2020-07-13,B1,ewma,0.0
2020-07-14,B1,ewma,0.0
2020-07-15,B1,ewma,0.0
2020-07-16,B1,ewma,0.0
2020-07-17,B1,ewma,0.0
2020-07-18,B1,ewma,0.0
2020-07-19,B1,ewma,0.0
2020-07-20,B1,ewma,0.0
2020-07-21,B1,ewma,0.0
2020-07-22,B1,ewma,0.0
2020-07-23,B1,ewma,0.0
2020-07-24,B1,ewma,0.0
2020-07-25,B1,ewma,0.0
2020-07-26,B1,ewma,0.0
2020-07-27,B1,ewma,0.0
2020-07-28,B1,ewma,0.0
2020-07-29,B1,ewma,0.0
2020-07-30,B1,ewma,0.0
2020-07-31,B1,ewma,0.0
2020-08-01,B1,ewma,0.0
2020-08-02,B1,ewma,0.0
2020-08-03,B1,ewma,0.0
2020-08-04,B1,ewma,0.0
2020-08-05,B1,ewma,0.0
2020-08-06,B1,ewma,0.0
2020-08-07,B1,ewma,0.0
2020-08-08,B1,ewma,0.0
2020-08-09,B1,ewma,0.0
2020-08-10,B1,ewma,0.0
2020-08-11,B1,ewma,0.0
2020-08-12,B1,ewma,0.0
2020-08-13,B1,ewma,0.0
2020-08-14,B1,ewma,0.0
2020-08-15,B1,ewma,0.0
2020-08-16,B1,ewma,0.0
2020-08-17,B1,ewma,0.0
2020-08-18,B1,ewma,0.0
2020-08-19,B1,ewma,0.0
2020-08-20,B1,ewma,0.0
2020-08-21,B1,ewma,0.0
2020-08-22,B1,ewma,0.0
2020-08-23,B1,ewma,0.0
2020-08-24,B1,ewma,0.0
2020-08-25,B1,ewma,0.0
2020-08-26,B1,ewma,0.0
2020-08-27,B1,ewma,0.0
2020-08-28,B1,ewma,0.0
2020-08-29,B1,ewma,0.0
2020-08-30,B1,ewma,0.0
2020-08-31,B1,ewma,0.0
2020-09-01,B1,ewma,0.0
2020-09-02,B1,ewma,0.0
2020-09-03,B1,ewma,0.0
2020-09-04,B1,ewma,0.0
2020-09-05,B1,ewma,0.0
2020-09-06,B1,ewma,0.0
2020-09-07,B1,ewma,0.0
2020-09-08,B1,ewma,0.0
2020-09-09,B1,ewma,0.0
2020-09-10,B1,ewma,0.0
2020-09-11,B1,ewma,0.0
2020-09-12,B1,ewma,0.0
2020-09-13,B1,ewma,0.0
2020-09-14,B1,ewma,0.0
2020-09-15,B1,ewma,0.0
2020-09-16,B1,ewma,0.0
2020-09-17,B1,ewma,0.0
2020-09-18,B1,ewma,0.0
2020-09-19,B1,ewma,0.0
2020-09-20,B1,ewma,0.0
2020-09-21,B1,ewma,0.0
2020-09-22,B1,ewma,0.0
2020-09-23,B1,ewma,0.0
2020-09-24,B1,ewma,0.0
2020-09-25,B1,ewma,0.0
2020-09-26,B1,ewma,0.0
2020-09-27,B1,ewma,0.0
2020-09-28,B1,ewma,0.0
2020-09-29,B1,ewma,0.0
2020-09-30,B1,ewma,0.0
2020-10-01,B1,ewma,0.0
2020-10-02,B1,ewma,0.0
2020-10-03,B1,ewma,0.0
2020-10-04,B1,ewma,0.0
2020-10-05,B1,ewma,0.0
2020-10-06,B1,ewma,0.0
2020-10-07,B1,ewma,0.0
2020-10-08,B1,ewma,0.0
2020-10-09,B1,ewma,0.0
2020-10-10,B1,ewma,0.0
2020-10-11,B1,ewma,0.0
2020-10-12,B1,ewma,0.0
2020-10-13,B1,ewma,0.0
2020-10-14,B1,ewma,0.0
2020-10-15,B1,ewma,0.0
2020-10-16,B1,ewma,0.0
2020-10-17,B1,ewma,0.0
2020-10-18,B1,ewma,0.0
2020-10-19,B1,ewma,0.0
2020-10-20,B1,ewma,0.0
2020-10-21,B1,ewma,0.0
2020-10-22,B1,ewma,0.0
2020-10-23,B1,ewma,0.0
2020-10-24,B1,ewma,0.0
2020-10-25,B1,ewma,0.0
2020-10-26,B1,ewma,0.0
2020-10-27,B1,ewma,0.0
2020-10-28,B1,ewma,0.0
2020-10-29,B1,ewma,0.0
2020-10-30,B1,ewma,0.0
2020-10-31,B1,ewma,0.0
2020-11-01,B1,ewma,0.0
2020-11-02,B1,ewma,0.0
2020-11-03,B1,ewma,0.0
2020-11-04,B1,ewma,0.0
2020-11-05,B1,ewma,0.0
2020-11-06,B1,ewma,0.0
2020-11-07,B1,ewma,0.0
2020-11-08,B1,ewma,0.0
2020-11-09,B1,ewma,0.0
2020-11-10,B1,ewma,0.0
2020-11-11,B1,ewma,0.0
2020-11-12,B1,ewma,0.0
2020-11-13,B1,ewma,0.0
2020-11-14,B1,ewma,0.0
2020-11-15,B1,ewma,0.0
2020-11-16,B1,ewma,0.0
2020-11-17,B1,ewma,0.0
2020-11-18,B1,ewma,0.0
2020-11-19,B1,ewma,0.0
2020-11-20,B1,ewma,0.0
2020-11-21,B1,ewma,0.0
2020-11-22,B1,ewma,0.0
2020-11-23,B1,ewma,0.0
2020-11-24,B1,ewma,0.0
2020-11-25,B1,ewma,0.0
2020-11-26,B1,ewma,0.0
2020-11-27,B1,ewma,0.0
2020-11-28,B1,ewma,0.0
2020-11-29,B1,ewma,0.0
2020-11-30,B1,ewma,0.0
2020-12-01,B1,ewma,0.0
2020-12-02,B1,ewma,0.0
2020-12-03,B1,ewma,0.0
2020-12-04,B1,ewma,0.0
2020-12-05,B1,ewma,0.0
2020-12-06,B1,ewma,0.0
2020-12-07,B1,ewma,0.0
2020-12-08,B1,ewma,0.0
2020-12-09,B1,ewma,0.0
2020-12-10,B1,ewma,0.0
2020-12-11,B1,ewma,0.0
2020-12-12,B1,ewma,0.0
2020-12-13,B1,ewma,0.0
2020-12-14,B1,ewma,0.0
2020-12-15,B1,ewma,0.0
2020-12-16,B1,ewma,0.0
2020-12-17,B1,ewma,0.0
2020-12-18,B1,ewma,0.0
2020-12-19,B1,ewma,0.0
2020-12-20,B1,ewma,0.0
2020-12-21,B1,ewma,0.0
2020-12-22,B1,ewma,0.0
2020-12-23,B1,ewma,0.0
2020-12-24,B1,ewma,0.0
2020-12-25,B1,ewma,0.0
2020-12-26,B1,ewma,0.0
2020-12-27,B1,ewma,0.0
2020-12-28,B1,ewma,0.0
2020-12-29,B1,ewma,0.0
2020-12-30,B1,ewma,0.0
2020-12-31,B1,ewma,0.0
2021-01-01,B1,ewma,0.0
2021-01-02,B1,ewma,0.0
2021-01-03,B1,ewma,0.0
2021-01-04,B1,ewma,0.0
2021-01-05,B1,ewma,0.0
2021-01-06,B1,ewma,0.0
2021-01-07,B1,ewma,0.0
2021-01-08,B1,ewma,0.0
2021-01-09,B1,ewma,0.0
2021-01-10,B1,ewma,0.0
2021-01-11,B1,ewma,0.0
2021-01-12,B1,ewma,0.0
2021-01-13,B1,ewma,0.0
2021-01-14,B1,ewma,0.0
2021-01-15,B1,ewma,0.0
2021-01-16,B1,ewma,0.0
2021-01-17,B1,ewma,0.0
2021-01-18,B1,ewma,0.0
2021-01-19,B1,ewma,0.0
2021-01-20,B1,ewma,0.0
2021-01-21,B1,ewma,0.0
2021-01-22,B1,ewma,0.0
2021-01-23,B1,ewma,0.0
2021-01-24,B1,ewma,0.0
2021-01-25,B1,ewma,0.0
2021-01-26,B1,ewma,0.0
2021-01-27,B1,ewma,0.0
2021-01-28,B1,ewma,0.0
2021-01-29,B1,ewma,0.0
2021-01-30,B1,ewma,0.0
2021-01-31,B1,ewma,0.0
2021-02-01,B1,ewma,0.0
2021-02-02,B1,ewma,0.0
2021-02-03,B1,ewma,0.0
2021-02-04,B1,ewma,0.0
2021-02-05,B1,ewma,0.0
2021-02-06,B1,ewma,0.0
2021-02-07,B1,ewma,0.0
2021-02-08,B1,ewma,0.0
2021-02-09,B1,ewma,0.0
2021-02-10,B1,ewma,0.0
2021-02-11,B1,ewma,0.0
2021-02-12,B1,ewma,0.0
2021-02-13,B1,ewma,0.0
2021-02-14,B1,ewma,0.0
2021-02-15,B1,ewma,0.0
2021-02-16,B1,ewma,0.0
2021-02-17,B1,ewma,0.0
2021-02-18,B1,ewma,0.0
2021-02-19,B1,ewma,0.0
2021-02-20,B1,ewma,0.0
2021-02-21,B1,ewma,0.0
2021-02-22,B1,ewma,0.0
2021-02-23,B1,ewma,0.0
2021-02-24,B1,ewma,0.0
2021-02-25,B1,ewma,0.0
2021-02-26,B1,ewma,0.0
2021-02-27,B1,ewma,0.0
2021-02-28,B1,ewma,0.0
2021-03-01,B1,ewma,0.0
2021-03-02,B1,ewma,0.0
2021-03-03,B1,ewma,0.0
2021-03-04,B1,ewma,0.0
2021-03-05,B1,ewma,0.0
2021-03-06,B1,ewma,0.0
2021-03-07,B1,ewma,0.0
2021-03-08,B1,ewma,0.0
2021-03-09,B1,ewma,0.0
2021-03-10,B1,ewma,0.0
2021-03-11,B1,ewma,0.0
2021-03-12,B1,ewma,0.0
2021-03-13,B1,ewma,0.0
2021-03-14,B1,ewma,0.0
2021-03-15,B1,ewma,0.0
2021-03-16,B1,ewma,0.0
2021-03-17,B1,ewma,0.0
2021-03-18,B1,ewma,0.0
2021-03-19,B1,ewma,0.0
2021-03-20,B1,ewma,0.0
2021-03-21,B1,ewma,0.0
2021-03-22,B1,ewma,0.0
2021-03-23,B1,ewma,0.0
2021-03-24,B1,ewma,0.0
2021-03-25,B1,ewma,0.0
2021-03-26,B1,ewma,0.0
2021-03-27,B1,ewma,0.0
2021-03-28,B1,ewma,0.0
2021-03-29,B1,ewma,0.0
2021-03-30,B1,ewma,0.0
2021-03-31,B1,ewma,0.0
2021-04-01,B1,ewma,0.0
2021-04-02,B1,ewma,0.0
2021-04-03,B1,ewma,0.0
2021-04-04,B1,ewma,0.0
2021-04-05,B1,ewma,0.0008792241830315461
2021-04-06,B1,ewma,0.010710160397686685
2021-04-07,B1,ewma,0.002467660964788454
2021-04-08,B1,ewma,-0.0007036334587918747
2021-04-09,B1,ewma,0.0
2021-04-10,B1,ewma,0.0
2021-04-11,B1,ewma,0.0
2021-04-12,B1,ewma,0.0
2021-04-13,B1,ewma,0.0
2021-04-14,B1,ewma,0.0
2021-04-15,B1,ewma,0.0
2021-04-16,B1,ewma,0.0
2021-04-17,B1,ewma,0.0137277140184624
2021-04-18,B1,ewma,-0.0012121816591136314
2021-04-19,B1,ewma,0.009440551919014606
2021-04-20,B1,ewma,-0.000652069138484479
2021-04-21,B1,ewma,0.0
2021-04-22,B1,ewma,0.0
2021-04-23,B1,ewma,0.0
2021-04-24,B1,ewma,0.0
2021-04-25,B1,ewma,0.0
2021-04-26,B1,ewma,0.0
2021-04-27,B1,ewma,0.0
2021-04-28,B1,ewma,0.0
2021-04-29,B1,ewma,0.0
2021-04-30,B1,ewma,0.0
2021-05-01,B1,ewma,0.0
2021-05-02,B1,ewma,0.0
2021-05-03,B1,ewma,0.0
2021-05-04,B1,ewma,0.0
2021-05-05,B1,ewma,0.0
2021-05-06,B1,ewma,0.0
2021-05-07,B1,ewma,0.0
2021-05-08,B1,ewma,0.0
2021-05-09,B1,ewma,0.0
2021-05-10,B1,ewma,0.0
2021-05-11,B1,ewma,0.0
2021-05-12,B1,ewma,0.0
2021-05-13,B1,ewma,0.0
2021-05-14,B1,ewma,0.0
2021-05-15,B1,ewma,0.0
2021-05-16,B1,ewma,0.0
2021-05-17,B1,ewma,0.0
2021-05-18,B1,ewma,0.0
2021-05-19,B1,ewma,0.0
2021-05-20,B1,ewma,0.0
2021-05-21,B1,ewma,0.0
2021-05-22,B1,ewma,0.0
2021-05-23,B1,ewma,0.0
2021-05-24,B1,ewma,0.0
2021-05-25,B1,ewma,0.0
2021-05-26,B1,ewma,0.0
2021-05-27,B1,ewma,0.0
2021-05-28,B1,ewma,0.0
2021-05-29,B1,ewma,0.0
2021-05-30,B1,ewma,0.0
2021-05-31,B1,ewma,0.0
2021-06-01,B1,ewma,0.0
2021-06-02,B1,ewma,0.0
2021-06-03,B1,ewma,0.0
2021-06-04,B1,ewma,0.0
2021-06-05,B1,ewma,0.0
2021-06-06,B1,ewma,0.0
2021-06-07,B1,ewma,0.0
2021-06-08,B1,ewma,0.0
2021-06-09,B1,ewma,0.0
2021-06-10,B1,ewma,0.0
2021-06-11,B1,ewma,0.0
2021-06-12,B1,ewma,0.0
2021-06-13,B1,ewma,0.0
2021-06-14,B1,ewma,0.0
2021-06-15,B1,ewma,0.0
2021-06-16,B1,ewma,0.0
2021-06-17,B1,ewma,0.0
2021-06-18,B1,ewma,0.0
2021-06-19,B1,ewma,0.0
2021-06-20,B1,ewma,0.0
2021-06-21,B1,ewma,0.0
2021-06-22,B1,ewma,0.0
2021-06-23,B1,ewma,0.0
2021-06-24,B1,ewma,0.0
2021-06-25,B1,ewma,0.0
2021-06-26,B1,ewma,0.0
2021-06-27,B1,ewma,0.0
2021-06-28,B1,ewma,0.0
2021-06-29,B1,ewma,0.0
2021-06-30,B1,ewma,0.0
2021-07-01,B1,ewma,0.0
2021-07-02,B1,ewma,0.0
2021-07-03,B1,ewma,0.0
2021-07-04,B1,ewma,0.0
2021-07-05,B1,ewma,0.0
2021-07-06,B1,ewma,0.0
2021-07-07,B1,ewma,0.0
2021-07-08,B1,ewma,0.0
2021-07-09,B1,ewma,0.0
2021-07-10,B1,ewma,0.0
2021-07-11,B1,ewma,0.0
2021-07-12,B1,ewma,0.0
2021-07-13,B1,ewma,0.0
2021-07-14,B1,ewma,0.0
2021-07-15,B1,ewma,0.0
2021-07-16,B1,ewma,0.0
2021-07-17,B1,ewma,0.0
2021-07-18,B1,ewma,0.0
2021-07-19,B1,ewma,0.0
2021-07-20,B1,ewma,0.0
2021-07-21,B1,ewma,0.0
2021-07-22,B1,ewma,0.0
2021-07-23,B1,ewma,0.0
2021-07-24,B1,ewma,0.0
2021-07-25,B1,ewma,0.0
2021-07-26,B1,ewma,0.0
2021-07-27,B1,ewma,0.0
2021-07-28,B1,ewma,0.0
2021-07-29,B1,ewma,0.0
2021-07-30,B1,ewma,0.0
2021-07-31,B1,ewma,0.0
2021-08-01,B1,ewma,0.0
2021-08-02,B1,ewma,0.0
2021-08-03,B1,ewma,0.0
2021-08-04,B1,ewma,0.0
2021-08-05,B1,ewma,0.0
2021-08-06,B1,ewma,0.0
2021-08-07,B1,ewma,0.0
2021-08-08,B1,ewma,0.0
2021-08-09,B1,ewma,0.0
2021-08-10,B1,ewma,0.0
2021-08-11,B1,ewma,0.0
2021-08-12,B1,ewma,0.0
2021-08-13,B1,ewma,0.0
2021-08-14,B1,ewma,0.0
2021-08-15,B1,ewma,0.0
2021-08-16,B1,ewma,0.0
2021-08-17,B1,ewma,0.0
2021-08-18,B1,ewma,0.0
2021-08-19,B1,ewma,0.0
2021-08-20,B1,ewma,0.0
2021-08-21,B1,ewma,0.0
2021-08-22,B1,ewma,0.0
2021-08-23,B1,ewma,0.0
2021-08-24,B1,ewma,0.0
2021-08-25,B1,ewma,0.0
2021-08-26,B1,ewma,0.0
2021-08-27,B1,ewma,0.0
2021-08-28,B1,ewma,0.0
2021-08-29,B1,ewma,0.0
2021-08-30,B1,ewma,0.0
2021-08-31,B1,ewma,0.0
2021-09-01,B1,ewma,0.0
2021-09-02,B1,ewma,0.0
2021-09-03,B1,ewma,0.0
2021-09-04,B1,ewma,0.0
2021-09-05,B1,ewma,0.0
2021-09-06,B1,ewma,0.0
2021-09-07,B1,ewma,0.0
2021-09-08,B1,ewma,0.0
2021-09-09,B1,ewma,0.0
2021-09-10,B1,ewma,0.0
2021-09-11,B1,ewma,0.0
2021-09-12,B1,ewma,0.0
2021-09-13,B1,ewma,0.0
2021-09-14,B1,ewma,0.0
2021-09-15,B1,ewma,0.0
2021-09-16,B1,ewma,0.0
2021-09-17,B1,ewma,0.0
2021-09-18,B1,ewma,0.0
2021-09-19,B1,ewma,0.0
2021-09-20,B1,ewma,0.0
2021-09-21,B1,ewma,0.0
2021-09-22,B1,ewma,0.0
2021-09-23,B1,ewma,0.0
2021-09-24,B1,ewma,0.0
2021-09-25,B1,ewma,0.0
2021-09-26,B1,ewma,0.0
2021-09-27,B1,ewma,0.0
2021-09-28,B1,ewma,0.0
2021-09-29,B1,ewma,0.0
2021-09-30,B1,ewma,0.0
2021-10-01,B1,ewma,0.0
2021-10-02,B1,ewma,0.0
2021-10-03,B1,ewma,0.0
2021-10-04,B1,ewma,0.0
2021-10-05,B1,ewma,0.0
2021-10-06,B1,ewma,0.0
2021-10-07,B1,ewma,0.0
2021-10-08,B1,ewma,0.0
2021-10-09,B1,ewma,0.0
2021-10-10,B1,ewma,0.0
2021-10-11,B1,ewma,0.0
2021-10-12,B1,ewma,0.0
2021-10-13,B1,ewma,0.0
2021-10-14,B1,ewma,0.0
2021-10-15,B1,ewma,0.0
2021-10-16,B1,ewma,0.0
2021-10-17,B1,ewma,0.0
2021-10-18,B1,ewma,0.0
2021-10-19,B1,ewma,0.0
2021-10-20,B1,ewma,0.0
2021-10-21,B1,ewma,0.0
2021-10-22,B1,ewma,0.0
2021-10-23,B1,ewma,0.0
2021-10-24,B1,ewma,0.0
2021-10-25,B1,ewma,0.0
2021-10-26,B1,ewma,0.0
2021-10-27,B1,ewma,0.0
2021-10-28,B1,ewma,0.0
2021-10-29,B1,ewma,0.0
2021-10-30,B1,ewma,0.0
2021-10-31,B1,ewma,0.0
2021-11-01,B1,ewma,0.0
2021-11-02,B1,ewma,0.0
2021-11-03,B1,ewma,0.0
2021-11-04,B1,ewma,0.0
2021-11-05,B1,ewma,0.0
2021-11-06,B1,ewma,0.0
2021-11-07,B1,ewma,0.0
2021-11-08,B1,ewma,0.0
2021-11-09,B1,ewma,0.0
2021-11-10,B1,ewma,0.0
2021-11-11,B1,ewma,0.0
2021-11-12,B1,ewma,0.0
2021-11-13,B1,ewma,0.0
2021-11-14,B1,ewma,0.0
2021-11-15,B1,ewma,0.0
2021-11-16,B1,ewma,0.0
2021-11-17,B1,ewma,0.0
2021-11-18,B1,ewma,0.0
2021-11-19,B1,ewma,0.0
2021-11-20,B1,ewma,0.0
2021-11-21,B1,ewma,0.0
2021-11-22,B1,ewma,0.0
2021-11-23,B1,ewma,0.0
2021-11-24,B1,ewma,0.0
2021-11-25,B1,ewma,0.0
2021-11-26,B1,ewma,0.0
2021-11-27,B1,ewma,0.0
2021-11-28,B1,ewma,0.0
2021-11-29,B1,ewma,0.0
2021-11-30,B1,ewma,0.0
2021-12-01,B1,ewma,0.0
2021-12-02,B1,ewma,0.0
2021-12-03,B1,ewma,0.0
2021-12-04,B1,ewma,0.0
2021-12-05,B1,ewma,0.0
2021-12-06,B1,ewma,0.0
2021-12-07,B1,ewma,0.0
2021-12-08,B1,ewma,0.0
2021-12-09,B1,ewma,0.0
2021-12-10,B1,ewma,0.0
2021-12-11,B1,ewma,0.0
2021-12-12,B1,ewma,0.0
2021-12-13,B1,ewma,0.0
2021-12-14,B1,ewma,0.0
2021-12-15,B1,ewma,0.0
2021-12-16,B1,ewma,0.0
2021-12-17,B1,ewma,0.0
2021-12-18,B1,ewma,0.0
2021-12-19,B1,ewma,0.0
2021-12-20,B1,ewma,0.0
2021-12-21,B1,ewma,0.0
2021-12-22,B1,ewma,0.0
2021-12-23,B1,ewma,0.0
2021-12-24,B1,ewma,0.0
2021-12-25,B1,ewma,0.0
2021-12-26,B1,ewma,0.0
2021-12-27,B1,ewma,0.0
2021-12-28,B1,ewma,0.0
2021-12-29,B1,ewma,0.0
2021-12-30,B1,ewma,0.0
2021-12-31,B1,ewma,0.0
2022-01-01,B1,ewma,0.0
2022-01-02,B1,ewma,0.0
2022-01-03,B1,ewma,0.0
2022-01-04,B1,ewma,0.0
2022-01-05,B1,ewma,0.0
2022-01-06,B1,ewma,0.0
2022-01-07,B1,ewma,0.0
2022-01-08,B1,ewma,0.0
2022-01-09,B1,ewma,0.0
2022-01-10,B1,ewma,0.0
2022-01-11,B1,ewma,0.0
2022-01-12,B1,ewma,0.0
2022-01-13,B1,ewma,0.0
2022-01-14,B1,ewma,0.0
2022-01-15,B1,ewma,0.0
2022-01-16,B1,ewma,0.0
2022-01-17,B1,ewma,0.0
2022-01-18,B1,ewma,0.0
2022-01-19,B1,ewma,0.0
2022-01-20,B1,ewma,0.0
2022-01-21,B1,ewma,0.0
2022-01-22,B1,ewma,0.0
2022-01-23,B1,ewma,0.0
2022-01-24,B1,ewma,0.0
2022-01-25,B1,ewma,0.0
2022-01-26,B1,ewma,0.0
2022-01-27,B1,ewma,0.0
2022-01-28,B1,ewma,0.0
2022-01-29,B1,ewma,0.0
2022-01-30,B1,ewma,0.0
2022-01-31,B1,ewma,0.0
2022-02-01,B1,ewma,0.0
2022-02-02,B1,ewma,0.0
2022-02-03,B1,ewma,0.0
2022-02-04,B1,ewma,0.0
2022-02-05,B1,ewma,0.0
2022-02-06,B1,ewma,0.0
2022-02-07,B1,ewma,0.0
2022-02-08,B1,ewma,0.0
2022-02-09,B1,ewma,0.0
2022-02-10,B1,ewma,0.0
2022-02-11,B1,ewma,0.0
2022-02-12,B1,ewma,0.0
2022-02-13,B1,ewma,0.0
2022-02-14,B1,ewma,0.0
2022-02-15,B1,ewma,0.0
2022-02-16,B1,ewma,0.0
2022-02-17,B1,ewma,0.0
2022-02-18,B1,ewma,0.0
2022-02-19,B1,ewma,0.0
2022-02-20,B1,ewma,0.0
2022-02-21,B1,ewma,0.0
2022-02-22,B1,ewma,0.0
2022-02-23,B1,ewma,0.0
2022-02-24,B1,ewma,0.0
2022-02-25,B1,ewma,0.0
2022-02-26,B1,ewma,0.0
2022-02-27,B1,ewma,0.0
2022-02-28,B1,ewma,0.0
2022-03-01,B1,ewma,0.0
2022-03-02,B1,ewma,0.0
2022-03-03,B1,ewma,0.0
2022-03-04,B1,ewma,0.0
2022-03-05,B1,ewma,0.0
2022-03-06,B1,ewma,0.0
2022-03-07,B1,ewma,0.0
2022-03-08,B1,ewma,0.0
2022-03-09,B1,ewma,0.0
2022-03-10,B1,ewma,0.0
2022-03-11,B1,ewma,0.0
2022-03-12,B1,ewma,0.0
2022-03-13,B1,ewma,0.0
2022-03-14,B1,ewma,0.0
2022-03-15,B1,ewma,0.0
2022-03-16,B1,ewma,0.0
2022-03-17,B1,ewma,0.0
2022-03-18,B1,ewma,0.0
2022-03-19,B1,ewma,0.0
2022-03-20,B1,ewma,0.0
2022-03-21,B1,ewma,0.0
2022-03-22,B1,ewma,0.0
2022-03-23,B1,ewma,0.0
2022-03-24,B1,ewma,0.0
2022-03-25,B1,ewma,0.0
2022-03-26,B1,ewma,0.0
2022-03-27,B1,ewma,0.0
2022-03-28,B1,ewma,0.0
2022-03-29,B1,ewma,0.0
2022-03-30,B1,ewma,0.0
2022-03-31,B1,ewma,0.0
2022-04-01,B1,ewma,0.0
2022-04-02,B1,ewma,0.0
2022-04-03,B1,ewma,0.0
2022-04-04,B1,ewma,0.0
2022-04-05,B1,ewma,0.0
2022-04-06,B1,ewma,0.0
2022-04-07,B1,ewma,0.0
2022-04-08,B1,ewma,0.0
2022-04-09,B1,ewma,0.0
2022-04-10,B1,ewma,0.0
2022-04-11,B1,ewma,0.0
2022-04-12,B1,ewma,0.0
2022-04-13,B1,ewma,0.0
2022-04-14,B1,ewma,0.0
2022-04-15,B1,ewma,0.0
2022-04-16,B1,ewma,0.0
2022-04-17,B1,ewma,0.0
2022-04-18,B1,ewma,0.0
2022-04-19,B1,ewma,0.0
2022-04-20,B1,ewma,0.0
2022-04-21,B1,ewma,0.0
2022-04-22,B1,ewma,0.0
2022-04-23,B1,ewma,0.0
2022-04-24,B1,ewma,0.0
2022-04-25,B1,ewma,0.0
2022-04-26,B1,ewma,0.0
2022-04-27,B1,ewma,0.0
2022-04-28,B1,ewma,0.0
2022-04-29,B1,ewma,0.0
2022-04-30,B1,ewma,0.0
2022-05-01,B1,ewma,0.0
2022-05-02,B1,ewma,0.0
2022-05-03,B1,ewma,0.0
2022-05-04,B1,ewma,0.0
2022-05-05,B1,ewma,0.0
2022-05-06,B1,ewma,0.0
2022-05-07,B1,ewma,0.0
2022-05-08,B1,ewma,0.0
2022-05-09,B1,ewma,0.0
2022-05-10,B1,ewma,0.0
2022-05-11,B1,ewma,0.0
2022-05-12,B1,ewma,-0.0021715189898254827
2022-05-13,B1,ewma,0.01779713588133136
2022-05-14,B1,ewma,0.008062120425056607
2022-05-15,B1,ewma,-0.000777815307525076
2022-05-16,B1,ewma,-0.0014823013966392962
2022-05-17,B1,ewma,0.00021432474173277427
2022-05-18,B1,ewma,-0.0012519280367013774
2022-05-19,B1,ewma,0.001274136898998357
2022-05-20,B1,ewma,-0.0004963426760248302
2022-05-21,B1,ewma,6.106827612861743e-05
2022-05-22,B1,ewma,-0.00023462870963775195
2022-05-23,B1,ewma,-0.00042656493592219125
2022-05-24,B1,ewma,-0.000201917515174177
2022-05-25,B1,ewma,0.00011375144596459386
2022-05-26,B1,ewma,-0.00019755230459927997
2022-05-27,B1,ewma,-0.0004283874376614927
2022-05-28,B1,ewma,0.0002716208207795834
2022-05-29,B1,ewma,-0.0008604525209694458
2022-05-30,B1,ewma,0.0005400004385864854
2022-05-31,B1,ewma,-0.0006138019462610389
2022-06-01,B1,ewma,-4.857296413640633e-05
2022-06-02,B1,ewma,0.0016106684092422885
2022-06-03,B1,ewma,-0.00242189048958652
2022-06-04,B1,ewma,0.00017765228961597046
2022-06-05,B1,ewma,-0.00046551999391730714
2022-06-06,B1,ewma,0.00045942890197392394
2022-06-07,B1,ewma,-0.0001790897127071922
2022-06-08,B1,ewma,-0.0006401197626908495
2022-06-09,B1,ewma,-0.0001392067982023404
2022-06-10,B1,ewma,-0.0002748649887243104
2022-06-11,B1,ewma,6.245800662463274e-05
2022-06-12,B1,ewma,0.0002443675687830993
2022-06-13,B1,ewma,0.001389748347860209
2022-06-14,B1,ewma,-0.0005168246887976569
2022-06-15,B1,ewma,0.0004009735850658558
2022-06-16,B1,ewma,-0.0003452607258822571
2022-06-17,B1,ewma,5.346227930558278e-05
2022-06-18,B1,ewma,-0.0003654479101886654
2022-06-19,B1,ewma,-2.0690128765821214e-07
2022-06-20,B1,ewma,0.0004922657373453987
2022-06-21,B1,ewma,1.2994060361926074e-05
2022-06-22,B1,ewma,-0.00030299391539767573
2022-06-23,B1,ewma,0.0003429596596882245
2022-06-24,B1,ewma,-0.000407428809392707
2022-06-25,B1,ewma,0.0010655822376148816
2022-06-26,B1,ewma,-0.0006088590314433651
2022-06-27,B1,ewma,0.0004524513996035928
2022-06-28,B1,ewma,-0.0004836288724249238
2022-06-29,B1,ewma,0.0003451295147871569
2022-06-30,B1,ewma,-0.00028184334837588754
2022-07-01,B1,ewma,-0.00023962093503915316
2022-07-02,B1,ewma,0.00013635074563644878
2022-07-03,B1,ewma,-2.1680829918047095e-05
2022-07-04,B1,ewma,0.0007041425421565606
2022-07-05,B1,ewma,-1.626646802099785e-05
2022-07-06,B1,ewma,0.00033222759513185096
2022-07-07,B1,ewma,0.000315146301604452
2022-07-08,B1,ewma,0.0004277902620815066
2022-07-09,B1,ewma,0.00013506691972575702
2022-07-10,B1,ewma,-0.0003331929869982986
2022-07-11,B1,ewma,8.965263145199742e-06
2022-07-12,B1,ewma,-9.452113858987587e-05
2022-07-13,B1,ewma,-9.997275061846e-05
2022-07-14,B1,ewma,0.0003142647627305539
2022-07-15,B1,ewma,5.9859413522378446e-05
2022-07-16,B1,ewma,0.00025934202800304007
2022-07-17,B1,ewma,0.00018238387135105505
2022-07-18,B1,ewma,0.0001987391059725674
2022-07-19,B1,ewma,1.4080856847620282e-05
2022-07-20,B1,ewma,-0.0005806848780066654
2022-07-21,B1,ewma,0.00017587158031551198
2022-07-22,B1,ewma,-0.000263670909116942
2022-07-23,B1,ewma,0.0005710827539784358
2022-07-24,B1,ewma,-0.00034149382751280655
2022-07-25,B1,ewma,-0.0003552211950593742
2022-07-26,B1,ewma,0.00042609151016348434
2022-07-27,B1,ewma,0.0004315450798031417
2022-07-28,B1,ewma,-0.00010421313249442399
2022-07-29,B1,ewma,0.0005536211788834677
2022-07-30,B1,ewma,0.0003580162622567329
2022-07-31,B1,ewma,0.0005770020600024406
2022-08-01,B1,ewma,-0.00035120839840119267
2022-08-02,B1,ewma,-0.00046516342243185793
2022-08-03,B1,ewma,1.8970294443532154e-05
2022-08-04,B1,ewma,0.00042947805761262003
2022-08-05,B1,ewma,0.0005973262535494683
2022-08-06,B1,ewma,-0.0007134510079767065
2022-08-07,B1,ewma,-0.00017243784615794677
2022-08-08,B1,ewma,-0.00044987450146860564
2022-08-09,B1,ewma,-0.0001197105718659941
2022-08-10,B1,ewma,0.0005274341317593745
2022-08-11,B1,ewma,-0.00023979561904607927
2022-08-12,B1,ewma,0.00023559642050496876
2022-08-13,B1,ewma,-0.0003056881529227562
2022-08-14,B1,ewma,5.961846621516109e-05
2022-08-15,B1,ewma,-0.0001346778052619957
2022-08-16,B1,ewma,-5.768656140381356e-05
2022-08-17,B1,ewma,-0.0008621332929276138
2022-08-18,B1,ewma,-0.0002776741219281398
2022-08-19,B1,ewma,-0.0003032106724316641
2022-08-20,B1,ewma,-0.0003054819322357849
2022-08-21,B1,ewma,0.00010374125885048713
2022-08-22,B1,ewma,-0.00010216679953278796
2022-08-23,B1,ewma,-0.00010566187336469302
2022-08-24,B1,ewma,0.0001646677714395306
2022-08-25,B1,ewma,-9.75006928962685e-05
2022-08-26,B1,ewma,-0.00042833061108460413
2022-08-27,B1,ewma,0.0003558617598882208
2022-08-28,B1,ewma,3.407796918342143e-05
2022-08-29,B1,ewma,0.0004677418920666643
2022-08-30,B1,ewma,-0.00025012900145604533
2022-08-31,B1,ewma,-0.00020481192458532416
2022-09-01,B1,ewma,5.562226174182783e-05
2022-09-02,B1,ewma,5.727503204155937e-06
2022-09-03,B1,ewma,0.00020291709987763085
2022-09-04,B1,ewma,0.00024551197248867673
2022-09-05,B1,ewma,3.852553127647873e-05
2022-09-06,B1,ewma,-0.00040029439497135666
2022-09-07,B1,ewma,0.00014514445776847573
2022-09-08,B1,ewma,-6.565478356435062e-05
2022-09-09,B1,ewma,-0.00023091916658635192
2022-09-10,B1,ewma,3.4446078228667076e-05
2022-09-11,B1,ewma,9.069159626617918e-06
2022-09-12,B1,ewma,-0.0002756910719374783
2022-09-13,B1,ewma,-2.8784040530860366e-05
2022-09-14,B1,ewma,-2.1375803150092132e-05
2022-09-15,B1,ewma,-6.399242250276771e-05
2022-09-16,B1,ewma,-0.0003208914677029773
2022-09-17,B1,ewma,-0.0004989280850665745
2022-09-18,B1,ewma,-0.0001739186693924255
2022-09-19,B1,ewma,-0.00010819351599244964
2022-09-20,B1,ewma,-0.0009235207715356797
2022-09-21,B1,ewma,0.0005268414287395995
2022-09-22,B1,ewma,-0.0008903267043128826
2022-09-23,B1,ewma,0.00013844106603433382
2022-09-24,B1,ewma,0.0002758520917931495
2022-09-25,B1,ewma,-0.00014000658793056342
2022-09-26,B1,ewma,0.0007791074543344045
2022-09-27,B1,ewma,0.00016996795039414536
2022-09-28,B1,ewma,0.0002458471253625749
2022-09-29,B1,ewma,-0.0006472802714337922
2022-09-30,B1,ewma,-6.481916182832226e-05
2022-10-01,B1,ewma,-0.0007765795727883162
2022-10-02,B1,ewma,1.6908799447712397e-05
2022-10-03,B1,ewma,0.00043027485783886377
2022-10-04,B1,ewma,-4.456185132473145e-05
2022-10-05,B1,ewma,-0.00012474545558704975
2022-10-06,B1,ewma,-0.00017889486997491044
2022-10-07,B1,ewma,-0.0003511502538222633
2022-10-08,B1,ewma,-0.0006066711456752527
2022-10-09,B1,ewma,-0.00023718489519120034
2022-10-10,B1,ewma,-0.00018036410972099848
2022-10-11,B1,ewma,0.0006558243628869143
2022-10-12,B1,ewma,-0.00023885782127497368
2022-10-13,B1,ewma,0.0003445112015569851
2022-10-14,B1,ewma,-0.00032563964470921913
2022-10-15,B1,ewma,0.0002643614313206921
2022-10-16,B1,ewma,-9.066996206930078e-05
2022-10-17,B1,ewma,6.637788910035525e-05
2022-10-18,B1,ewma,-7.640793945262736e-05
2022-10-19,B1,ewma,-0.00016406382273992381
2022-10-20,B1,ewma,5.234373042606322e-05
2022-10-21,B1,ewma,8.014835619207794e-05
2022-10-22,B1,ewma,-5.7491558615230254e-05
2022-10-23,B1,ewma,0.00012766816001463788
2022-10-24,B1,ewma,-0.00017186898619780955
2022-10-25,B1,ewma,0.00021724312897086762
2022-10-26,B1,ewma,-6.478545282906367e-06
2022-10-27,B1,ewma,0.00013672380275608909
2022-10-28,B1,ewma,8.875049618128905e-05
2022-10-29,B1,ewma,0.00028938101967002083
2022-10-30,B1,ewma,0.0002721372494858265
2022-10-31,B1,ewma,-4.666595280444774e-05
2022-11-01,B1,ewma,-0.0001238856078723538
2022-11-02,B1,ewma,-0.00024555674404669325
2022-11-03,B1,ewma,0.0004418492686764086
2022-11-04,B1,ewma,-5.7928040013699444e-06
2022-11-05,B1,ewma,0.0002851765262372741
2022-11-06,B1,ewma,-0.0002600834238326577
2022-11-07,B1,ewma,-8.586829785206529e-05
2022-11-08,B1,ewma,-0.00046654472506524325
2022-11-09,B1,ewma,0.00020812867539388158
2022-11-10,B1,ewma,-0.00041182317401800006
2022-11-11,B1,ewma,-0.0003377477861310485
2022-11-12,B1,ewma,1.9248090128431983e-05
2022-11-13,B1,ewma,0.0002801723922947197
2022-11-14,B1,ewma,-0.0004210106565197824
2022-11-15,B1,ewma,-8.041682638459946e-06
2022-11-16,B1,ewma,2.0886026175892525e-05
2022-11-17,B1,ewma,-0.0003103296660837973
2022-11-18,B1,ewma,0.00016456436061984547
2022-11-19,B1,ewma,3.9460156867177076e-05
2022-11-20,B1,ewma,-0.000223509042578951
2022-11-21,B1,ewma,0.000144001329731136
2022-11-22,B1,ewma,-0.00010760593408432051
2022-11-23,B1,ewma,0.00015137828232947292
2022-11-24,B1,ewma,-0.00020819326369747593
2022-11-25,B1,ewma,8.115893511062566e-05
2022-11-26,B1,ewma,0.00022795962123089986
2022-11-27,B1,ewma,-0.0002569954357009019
2022-11-28,B1,ewma,0.00014995772537651497
2022-11-29,B1,ewma,1.7621154233316005e-05
2022-11-30,B1,ewma,0.00016699868474545632
2022-12-01,B1,ewma,0.00020275873115838117
2022-12-02,B1,ewma,0.0002510266371202885
2022-12-03,B1,ewma,-7.748303053212169e-05
2022-12-04,B1,ewma,8.017120721959259e-05
2022-12-05,B1,ewma,0.0002688630606415554
2022-12-06,B1,ewma,4.787480909484998e-06
2022-12-07,B1,ewma,-0.0001894339503081266
2022-12-08,B1,ewma,8.58084615606991e-06
2022-12-09,B1,ewma,9.499643631749599e-05
2022-12-10,B1,ewma,7.765949999294364e-05
2022-12-11,B1,ewma,-0.00013254984543786819
2022-12-12,B1,ewma,-0.00014397540552313348
2022-12-13,B1,ewma,8.69610383142927e-05
2022-12-14,B1,ewma,-0.0001328432002153379
2022-12-15,B1,ewma,5.56730953893414e-06
2022-12-16,B1,ewma,0.0001390286183537981
2022-12-17,B1,ewma,-5.714703362502682e-05
2022-12-18,B1,ewma,-0.00016558894995855056
2022-12-19,B1,ewma,-4.1812985563827176e-05
2022-12-20,B1,ewma,3.7225092524018066e-05
2022-12-21,B1,ewma,1.6859943021474422e-05
2022-12-22,B1,ewma,3.944892939200528e-06
2022-12-23,B1,ewma,0.0001652119702733046
2022-12-24,B1,ewma,0.00013975530561771699
2022-12-25,B1,ewma,7.418794538249784e-05
2022-12-26,B1,ewma,-4.596824546077016e-05
2022-12-27,B1,ewma,2.8945067437335936e-05
2022-12-28,B1,ewma,0.00024364105347296494
2022-12-29,B1,ewma,-7.071016083204373e-05
2022-12-30,B1,ewma,4.192107864797734e-05
2022-12-31,B1,ewma,-8.721258225707906e-06
2023-01-01,B1,ewma,-3.111775469932798e-05
2023-01-02,B1,ewma,-7.062593639661774e-05
2023-01-03,B1,ewma,-8.67232089684089e-05
2023-01-04,B1,ewma,0.00013183534994443136
2023-01-05,B1,ewma,-3.4578769204429705e-05
2023-01-06,B1,ewma,-8.856898817610759e-05
2023-01-07,B1,ewma,0.00024424547536727736
2023-01-08,B1,ewma,0.0001588074011571461
2023-01-09,B1,ewma,3.588158163325694e-05
2023-01-10,B1,ewma,0.00011731654044933038
2023-01-11,B1,ewma,-0.00015713803220052114
2023-01-12,B1,ewma,0.0001988207141443432
2023-01-13,B1,ewma,0.000817680891859629
2023-01-14,B1,ewma,0.0007251693382606117
2023-01-15,B1,ewma,0.0009630558119348986
2023-01-16,B1,ewma,-0.00011730810931898095
2023-01-17,B1,ewma,0.00013417799110682083
2023-01-18,B1,ewma,-0.00017175461915086565
2023-01-19,B1,ewma,5.752990163587768e-05
2023-01-20,B1,ewma,0.0006533412244831283
2023-01-21,B1,ewma,-0.000416980975443515
2023-01-22,B1,ewma,0.00012079924767571804
2023-01-23,B1,ewma,-0.00013030025809568357
2023-01-24,B1,ewma,-0.000413818567720714
2023-01-25,B1,ewma,0.0002784410422298489
2023-01-26,B1,ewma,3.558652531543416e-06
2023-01-27,B1,ewma,0.00015855396888597717
2023-01-28,B1,ewma,0.00013460967756118158
2023-01-29,B1,ewma,0.0009938684162511535
2023-01-30,B1,ewma,-0.00046845622820068655
2023-01-31,B1,ewma,2.4033137547840866e-05
2023-02-01,B1,ewma,0.0004577479259118
2023-02-02,B1,ewma,-0.00038044235463763343
2023-02-03,B1,ewma,3.4591775705195005e-05
2023-02-04,B1,ewma,-0.0001798133850593464
2023-02-05,B1,ewma,-0.0003230339373111457
2023-02-06,B1,ewma,-0.00018830202029473941
2023-02-07,B1,ewma,0.0008964598870060403
2023-02-08,B1,ewma,-0.00036032032137200964
2023-02-09,B1,ewma,-0.000799658947959192
2023-02-10,B1,ewma,8.927686299498028e-05
2023-02-11,B1,ewma,0.0001713930961044774
2023-02-12,B1,ewma,5.387638144704887e-05
2023-02-13,B1,ewma,-0.00030226444898984184
2023-02-14,B1,ewma,0.0003632750535091933
2023-02-15,B1,ewma,0.0005011906699348145
2023-02-16,B1,ewma,-0.00016395125732637794
2023-02-17,B1,ewma,0.0012120216108968407
2023-02-18,B1,ewma,-0.0004083866879989184
2023-02-19,B1,ewma,0.0004417181027009942
2023-02-20,B1,ewma,-0.00020582201880858797
2023-02-21,B1,ewma,-0.0008136247665470053
2023-02-22,B1,ewma,8.543041647568472e-05
2023-02-23,B1,ewma,0.00011453578670961306
2023-02-24,B1,ewma,-0.00046109174533881525
2023-02-25,B1,ewma,-0.00020579638274831336
2023-02-26,B1,ewma,0.00013835906863612912
2023-02-27,B1,ewma,-0.000131558580831026
2023-02-28,B1,ewma,-0.000419651480855765
2023-03-01,B1,ewma,0.0005348552120452155
2023-03-02,B1,ewma,-0.0003505829785989123
2023-03-03,B1,ewma,-0.000456655614552548
2023-03-04,B1,ewma,-0.0001786912427078624
2023-03-05,B1,ewma,5.954607058278327e-05
2023-03-06,B1,ewma,0.00021211228107786972
2023-03-07,B1,ewma,-0.0001033140465211968
2023-03-08,B1,ewma,-0.0005399089040440952
2023-03-09,B1,ewma,-2.5428311913544555e-05
2023-03-10,B1,ewma,0.0001250652667059704
2023-03-11,B1,ewma,-0.0003637876696857001
2023-03-12,B1,ewma,0.0005162105364602265
2023-03-13,B1,ewma,0.00015452380541103317
2023-03-14,B1,ewma,-0.00011377581576299534
2023-03-15,B1,ewma,-0.00032830017422380564
2023-03-16,B1,ewma,6.458195737102379e-05
2023-03-17,B1,ewma,0.0007091276432835691
2023-03-18,B1,ewma,-0.00023145789765688374
2023-03-19,B1,ewma,-5.532085176251922e-05
2023-03-20,B1,ewma,-0.0004799888493484117
2023-03-21,B1,ewma,-0.0007675198675280992
2023-03-22,B1,ewma,0.00011350361350093152
2023-03-23,B1,ewma,0.00022641707856219107
2023-03-24,B1,ewma,-8.484251949691934e-05
2023-03-25,B1,ewma,-0.00033530072096210617
2023-03-26,B1,ewma,6.20334181808957e-05
2023-03-27,B1,ewma,-0.0005480199021137278
2023-03-28,B1,ewma,-0.0003848897363999404
2023-03-29,B1,ewma,2.0509816976765904e-05
2023-03-30,B1,ewma,-0.0007954986330385161
2023-03-31,B1,ewma,-0.000384104962346421
2023-04-01,B1,ewma,0.0005395787156061704
2023-04-02,B1,ewma,7.245604473782308e-05
2023-04-03,B1,ewma,-0.0002633000744356462
2023-04-04,B1,ewma,0.0001996904618679629
2023-04-05,B1,ewma,6.64906489615813e-05
2023-04-06,B1,ewma,-9.967989269432653e-05
2023-04-07,B1,ewma,0.00012389725270756102
2023-04-08,B1,ewma,5.103825708374643e-05
2023-04-09,B1,ewma,6.826932296388755e-05
2023-04-10,B1,ewma,0.00016318801353509826
2023-04-11,B1,ewma,0.0001653238270133972
2023-04-12,B1,ewma,0.0002511296110485617
2023-04-13,B1,ewma,-6.531992848846091e-05
2023-04-14,B1,ewma,6.375999546559541e-05
2023-04-15,B1,ewma,0.0004080263571304421
2023-04-16,B1,ewma,0.00013227919360003781
2023-04-17,B1,ewma,0.0009529093751330375
2023-04-18,B1,ewma,0.0003311713362166291
2023-04-19,B1,ewma,-0.00040090627426836445
2023-04-20,B1,ewma,-0.00024086003425560776
2023-04-21,B1,ewma,-0.0002788621071981856
2023-04-22,B1,ewma,-0.0001377417952423965
2023-04-23,B1,ewma,-0.0001708930718449242
2023-04-24,B1,ewma,3.1059218466911176e-05
2023-04-25,B1,ewma,3.722047066112566e-07
2023-04-26,B1,ewma,-0.00018440017093857008
2023-04-27,B1,ewma,0.00044535462717698593
2023-04-28,B1,ewma,0.0002080655281677668
2023-04-29,B1,ewma,0.00035139706142683913
2023-04-30,B1,ewma,-1.972931554439228e-05
2023-05-01,B1,ewma,-0.0005829451864666213
2023-05-02,B1,ewma,-8.265678132857168e-05
2023-05-03,B1,ewma,0.00028648787814122834
2023-05-04,B1,ewma,-0.00011337088033203102
2023-05-05,B1,ewma,-2.5922965258828867e-06
2023-05-06,B1,ewma,-0.0003242460299636152
2023-05-07,B1,ewma,-6.518161489921237e-05
2023-05-08,B1,ewma,-0.0002421016117883923
2023-05-09,B1,ewma,-5.4973005383152085e-05
2023-05-10,B1,ewma,0.00010053836483581158
2023-05-11,B1,ewma,-0.000555901811422399
2023-05-12,B1,ewma,0.00028739093599217114
2023-05-13,B1,ewma,-2.7240343140499945e-05
2023-05-14,B1,ewma,4.857612404629563e-05
2023-05-15,B1,ewma,0.0002321449580664492
2023-05-16,B1,ewma,0.00013059491078681873
2023-05-17,B1,ewma,0.0003044894826478295
2023-05-18,B1,ewma,-0.0001708854037764107
2023-05-19,B1,ewma,-0.0001188397655546014
2023-05-20,B1,ewma,-4.3760999965281044e-05
2023-05-21,B1,ewma,-0.00019142938727056968
2023-05-22,B1,ewma,3.071135733789809e-05
2023-05-23,B1,ewma,-5.967619413271841e-05
2023-05-24,B1,ewma,-0.00022312886688569122
2023-05-25,B1,ewma,2.7378946094946954e-05
2023-05-26,B1,ewma,-8.565910894997586e-05
2023-05-27,B1,ewma,0.00012229315861245205
2023-05-28,B1,ewma,0.00015871475181539196
2023-05-29,B1,ewma,-0.00028522129095975846
2023-05-30,B1,ewma,-0.00019452404187725314
2023-05-31,B1,ewma,-0.0004963289601671583
2023-06-01,B1,ewma,0.00023982105209130467
2023-06-02,B1,ewma,0.00013280536495785533
2023-06-03,B1,ewma,1.22658468757475e-05
2023-06-04,B1,ewma,0.00022936210970825321
2023-06-05,B1,ewma,-0.0004620736435985151
2023-06-06,B1,ewma,-8.653199747532536e-05
2023-06-07,B1,ewma,-0.0003459929654561211
2023-06-08,B1,ewma,-1.4658698318514851e-05
2023-06-09,B1,ewma,-0.0002266074818334518
2023-06-10,B1,ewma,-0.00033213059556536084
2023-06-11,B1,ewma,-0.00021802784295754662
2023-06-12,B1,ewma,0.00012796343404786192
2023-06-13,B1,ewma,0.00028318287832496125
2023-06-14,B1,ewma,0.00013252395341911694
2023-06-15,B1,ewma,0.0004845919123865894
2023-06-16,B1,ewma,-5.96234406126106e-05
2023-06-17,B1,ewma,-0.00022347049732074353
2023-06-18,B1,ewma,-5.090668064855475e-05
2023-06-19,B1,ewma,-3.665930976981535e-05
2023-06-20,B1,ewma,6.161635544454924e-06
2023-06-21,B1,ewma,-0.0002202781836007084
2023-06-22,B1,ewma,-9.138042408773916e-05
2023-06-23,B1,ewma,6.531407473886475e-05
2023-06-24,B1,ewma,-7.404553250744961e-05
2023-06-25,B1,ewma,-0.00014475970173466468
2023-06-26,B1,ewma,-0.00026283553809625104
2023-06-27,B1,ewma,-0.0009531198293222243
2023-06-28,B1,ewma,-0.00033375503214871927
2023-06-29,B1,ewma,-0.00015688763919696758
2023-06-30,B1,ewma,-0.0007403692359195801
2023-07-01,B1,ewma,0.000786607000807793
2023-07-02,B1,ewma,-0.00011127996911763915
2023-07-03,B1,ewma,0.00044915189880390116
2023-07-04,B1,ewma,5.467696243921516e-05
2023-07-05,B1,ewma,0.0001133852967911686
2023-07-06,B1,ewma,0.00022895243617959693
2023-07-07,B1,ewma,-1.753528736281318e-05
2023-07-08,B1,ewma,-0.0002612949680632637
2023-07-09,B1,ewma,-2.7779076586575968e-05
2023-07-10,B1,ewma,-1.9151181144150264e-05
2023-07-11,B1,ewma,0.0002517852490728778
2023-07-12,B1,ewma,0.0002941275655339304
2023-07-13,B1,ewma,-0.005924854130904045
2023-07-14,B1,ewma,0.0018837736469963229
2023-07-15,B1,ewma,0.0007869613820554733
2023-07-16,B1,ewma,-0.0006493741137966191
2023-07-17,B1,ewma,0.0004241963895261769
2023-07-18,B1,ewma,-0.0006362542322991827
2023-07-19,B1,ewma,-0.0026246743716558107
2023-07-20,B1,ewma,-0.0008466783438524361
2023-07-21,B1,ewma,0.0007342011527968761
2023-07-22,B1,ewma,0.00016712671293439563
2023-07-23,B1,ewma,0.00013605255233817282
2023-07-24,B1,ewma,0.0008030320515095557
2023-07-25,B1,ewma,6.684791005007185e-05
2023-07-26,B1,ewma,-0.0011187265596478424
2023-07-27,B1,ewma,-0.00027676046606761595
2023-07-28,B1,ewma,3.345025627687903e-05
2023-07-29,B1,ewma,0.00019285193392870603
2023-07-30,B1,ewma,0.0001296088457214406
2023-07-31,B1,ewma,0.0006014330948425073
2023-08-01,B1,ewma,-0.00027726337301114956
2023-08-02,B1,ewma,0.0008437959066751599
2023-08-03,B1,ewma,0.00040498034608904554
2023-08-04,B1,ewma,0.00026399392013765066
2023-08-05,B1,ewma,-0.0002599092937136671
2023-08-06,B1,ewma,0.00013183248169212902
2023-08-07,B1,ewma,-0.0005258785499829832
2023-08-08,B1,ewma,3.2854510924051894e-05
2023-08-09,B1,ewma,0.0001324254167014427
2023-08-10,B1,ewma,0.00023929792268484462
2023-08-11,B1,ewma,-4.304443196412322e-05
2023-08-12,B1,ewma,0.00021241807667826684
2023-08-13,B1,ewma,-6.277854890457402e-05
2023-08-14,B1,ewma,0.00022114238501491634
2023-08-15,B1,ewma,0.0002577787208883908
2023-08-16,B1,ewma,0.00013677740528517113
2023-08-17,B1,ewma,0.0009228594882451091
2023-08-18,B1,ewma,-0.00019521821455170674
2023-08-19,B1,ewma,-0.0007114307184477031
2023-08-20,B1,ewma,-0.0006738778762397368
2023-08-21,B1,ewma,0.0004126766792693637
2023-08-22,B1,ewma,0.00041933212070710546
2023-08-23,B1,ewma,-0.0005115215780896465
2023-08-24,B1,ewma,0.0003534485369169893
2023-08-25,B1,ewma,-9.6511068812144e-05
2023-08-26,B1,ewma,0.00029195754795607876
2023-08-27,B1,ewma,-2.7555905635301414e-05
2023-08-28,B1,ewma,0.00012325606061414085
2023-08-29,B1,ewma,-0.0002271501820848565
2023-08-30,B1,ewma,0.0002109396921292639
2023-08-31,B1,ewma,0.00036987985185765737
2023-09-01,B1,ewma,-4.125756410622294e-06
2023-09-02,B1,ewma,6.879616020616375e-05
2023-09-03,B1,ewma,-0.0006437047162366483
2023-09-04,B1,ewma,-0.0005795105473554996
2023-09-05,B1,ewma,0.0002586559759882867
2023-09-06,B1,ewma,-8.229149008476266e-05
2023-09-07,B1,ewma,-0.0001522297516648452
2023-09-08,B1,ewma,-0.0002670013979657604
2023-09-09,B1,ewma,-0.0005617464828483465
2023-09-10,B1,ewma,-0.000508724666174909
2023-09-11,B1,ewma,0.0003536124321683598
2023-09-12,B1,ewma,0.0007778145019909921
2023-09-13,B1,ewma,0.00015942182010109107
2023-09-14,B1,ewma,0.00013856261722255958
2023-09-15,B1,ewma,0.00011758646682213936
2023-09-16,B1,ewma,0.00016954122579870834
2023-09-17,B1,ewma,0.00017410867944933628
2023-09-18,B1,ewma,-0.00012498405263527967
2023-09-19,B1,ewma,5.194151056375773e-05
2023-09-20,B1,ewma,0.00014624825169207156
2023-09-21,B1,ewma,0.00020485820160165424
2023-09-22,B1,ewma,-4.2776968033564344e-05
2023-09-23,B1,ewma,6.203199580778751e-05
2023-09-24,B1,ewma,0.0001763471333742217
2023-09-25,B1,ewma,4.435049496098742e-05
2023-09-26,B1,ewma,6.961524451942758e-05
2023-09-27,B1,ewma,-0.0001279864259218222
2023-09-28,B1,ewma,3.384027232433695e-06
2023-09-29,B1,ewma,0.000368696699728277
2023-09-30,B1,ewma,1.415790700409758e-05
2023-10-01,B1,ewma,3.9915452342276225e-05
2023-10-02,B1,ewma,1.5771342789072662e-05
2023-10-03,B1,ewma,-0.00039640495106574303
2023-10-04,B1,ewma,0.00021541298658944719
2023-10-05,B1,ewma,5.987646219574039e-05
2023-10-06,B1,ewma,-3.6788271953525076e-05
2023-10-07,B1,ewma,7.22622277278262e-05
2023-10-08,B1,ewma,3.2830178996912096e-05
2023-10-09,B1,ewma,0.00022436395385438956
2023-10-10,B1,ewma,0.0002096416336261342
2023-10-11,B1,ewma,8.330477113194235e-05
2023-10-12,B1,ewma,9.568574773899385e-05
2023-10-13,B1,ewma,9.230368709012282e-05
2023-10-14,B1,ewma,-8.801715851558534e-05
2023-10-15,B1,ewma,-0.00016618917580435433
2023-10-16,B1,ewma,-0.00010819078994384057
2023-10-17,B1,ewma,0.0003514370091013408
2023-10-18,B1,ewma,-6.260971280847016e-05
2023-10-19,B1,ewma,-0.0005084729467462745
2023-10-20,B1,ewma,0.00016979323988652872
2023-10-21,B1,ewma,-0.00015018246343379005
2023-10-22,B1,ewma,6.653574090753622e-05
2023-10-23,B1,ewma,-0.00012164592928731732
2023-10-24,B1,ewma,0.00047647295363795195
2023-10-25,B1,ewma,-5.8931914649784645e-05
2023-10-26,B1,ewma,0.00016488330747344015
2023-10-27,B1,ewma,-2.4268432165408527e-05
2023-10-28,B1,ewma,7.335414520559524e-05
2023-10-29,B1,ewma,0.00035910809161143753
2023-10-30,B1,ewma,-0.00035756671510223104
2023-10-31,B1,ewma,-0.00047979150547527993
2023-11-01,B1,ewma,0.00012910168099700137
2023-11-02,B1,ewma,0.00046766518601737417
2023-11-03,B1,ewma,-0.00041287207003937176
2023-11-04,B1,ewma,1.1831710931220485e-05
2023-11-05,B1,ewma,-0.00024025478017386526
2023-11-06,B1,ewma,-0.0002192152724522778
2023-11-07,B1,ewma,0.00037775680163987246
2023-11-08,B1,ewma,3.73608678372328e-05
2023-11-09,B1,ewma,0.0002914198676846613
2023-11-10,B1,ewma,0.00032015668049800716
2023-11-11,B1,ewma,0.00028203522232739253
2023-11-12,B1,ewma,0.00024811373369115763
2023-11-13,B1,ewma,-0.00011477227642164856
2023-11-14,B1,ewma,7.716594815154743e-05
2023-11-15,B1,ewma,0.00026350113697648503
2023-11-16,B1,ewma,-0.00015743843740445573
2023-11-17,B1,ewma,-7.300011716782073e-05
2023-11-18,B1,ewma,-0.0002081940906185631
2023-11-19,B1,ewma,0.00018007060377267514
2023-11-20,B1,ewma,-1.2570618292406799e-05
2023-11-21,B1,ewma,-0.00011453215436829645
2023-11-22,B1,ewma,7.373808052646424e-05
2023-11-23,B1,ewma,0.0002606255138131175
2023-11-24,B1,ewma,-2.2798337158125292e-05
2023-11-25,B1,ewma,0.000240159581772037
2023-11-26,B1,ewma,-6.189140799306436e-05
2023-11-27,B1,ewma,0.00011863596824812639
2023-11-28,B1,ewma,-7.642836640298079e-05
2023-11-29,B1,ewma,-0.00011339005493060661
2023-11-30,B1,ewma,-1.196557523275299e-05
2023-12-01,B1,ewma,3.302199068855316e-05
2023-12-02,B1,ewma,9.857051172468267e-05
2023-12-03,B1,ewma,-0.00023445332742910718
2023-12-04,B1,ewma,0.00039672252777789296
2023-12-05,B1,ewma,0.00011969525884647503
2023-12-06,B1,ewma,-0.0005320953763279235
2023-12-07,B1,ewma,0.00037203698837395827
2023-12-08,B1,ewma,-0.0003808084031458048
2023-12-09,B1,ewma,0.00030494143363180015
2023-12-10,B1,ewma,4.485429168199495e-05
2023-12-11,B1,ewma,0.00042771367284388795
2023-12-12,B1,ewma,0.0003226097019224383
2023-12-13,B1,ewma,0.0005867391810041589
2023-12-14,B1,ewma,-0.00011623378508041071
2023-12-15,B1,ewma,0.0010516595856426836
2023-12-16,B1,ewma,0.0026708965309307775
2023-12-17,B1,ewma,0.0006674061483640248
2023-12-18,B1,ewma,-0.0007056736410447906
2023-12-19,B1,ewma,-0.0002786278055377789
2023-12-20,B1,ewma,-0.0004615565919897646
2023-12-21,B1,ewma,0.00019023914794336072
2023-12-22,B1,ewma,-2.5610221098593122e-05
2023-12-23,B1,ewma,2.2527277104389398e-05
2023-12-24,B1,ewma,0.0005620634985219475
2023-12-25,B1,ewma,-0.0005790504709699551
2023-12-26,B1,ewma,0.00025890456657284844
2023-12-27,B1,ewma,-0.0006081234256789525
2023-12-28,B1,ewma,0.00015435677628317102
2023-12-29,B1,ewma,-0.00021352911004313135
2023-12-30,B1,ewma,0.002505961796075873
2023-12-31,B1,ewma,0.0013923342219885892
2024-01-01,B1,ewma,-0.000500166911118427
2024-01-02,B1,ewma,0.0011483231571640662
2024-01-03,B1,ewma,0.0008127597836744549
2024-01-04,B1,ewma,-0.0005125865730103429
2024-01-05,B1,ewma,-0.00040551725300619346
2024-01-06,B1,ewma,-0.0013968971186604229
2024-01-07,B1,ewma,-0.00042674787917951207
2024-01-08,B1,ewma,0.002091771035094503
2024-01-09,B1,ewma,-0.0007570501229363646
2024-01-10,B1,ewma,0.0009438942649204751
2024-01-11,B1,ewma,-0.0009336279916851709
2024-01-12,B1,ewma,-0.0005163537886826441
2024-01-13,B1,ewma,0.0005810121643352595
2024-01-14,B1,ewma,-0.00026077376662991814
2024-01-15,B1,ewma,0.00031534163425273043
2024-01-16,B1,ewma,-0.00014436831410491457
2024-01-17,B1,ewma,-0.0005583439361181997
2024-01-18,B1,ewma,-0.00031413428966842183
2024-01-19,B1,ewma,2.53771768106148e-05
2024-01-20,B1,ewma,9.746853523528998e-05
2024-01-21,B1,ewma,-0.00034680973355916134
2024-01-22,B1,ewma,-0.0005466005000006602
2024-01-23,B1,ewma,-3.4362426525880174e-05
2024-01-24,B1,ewma,0.0010453384123461085
2024-01-25,B1,ewma,-0.0003331006831081007
2024-01-26,B1,ewma,0.0006591876248900341
2024-01-27,B1,ewma,0.0005357453020438108
2024-01-28,B1,ewma,-0.00018377630122135002
2024-01-29,B1,ewma,2.9012723812282815e-05
2024-01-30,B1,ewma,-0.0004863620334242258
2024-01-31,B1,ewma,-5.6872168413102386e-05
2024-02-01,B1,ewma,0.00023259669144048978
2024-02-02,B1,ewma,0.0009890928094054008
2024-02-03,B1,ewma,-5.567899155467515e-05
2024-02-04,B1,ewma,0.00010031309985825132
2024-02-05,B1,ewma,-0.0003351582942803244
2024-02-06,B1,ewma,-9.964101704651451e-05
2024-02-07,B1,ewma,0.0001927515624857712
2024-02-08,B1,ewma,-0.00015783167974425805
2024-02-09,B1,ewma,0.000529603193893502
2024-02-10,B1,ewma,0.0002760903444152252
2024-02-11,B1,ewma,-2.5056393036071434e-05
2024-02-12,B1,ewma,0.00019868123829414053
2024-02-13,B1,ewma,-0.0002491502436864357
2024-02-14,B1,ewma,0.0004171386897213747
2024-02-15,B1,ewma,-0.00017787126852908397
2024-02-16,B1,ewma,-0.0002778480861554966
2024-02-17,B1,ewma,0.00010261211575257612
2024-02-18,B1,ewma,0.000409457725724538
2024-02-19,B1,ewma,0.0007018442639246114
2024-02-20,B1,ewma,-0.0008466148026353704
2024-02-21,B1,ewma,-0.0003423820292387525
2024-02-22,B1,ewma,-0.000472730653782949
2024-02-23,B1,ewma,-0.00036004843873582715
2024-02-24,B1,ewma,0.00014266726584821754
2024-02-25,B1,ewma,7.696111351096491e-05
2024-02-26,B1,ewma,0.00048655131630015447
2024-02-27,B1,ewma,-0.000231349136269432
2024-02-28,B1,ewma,-0.00010133021022273869
2024-02-29,B1,ewma,0.0006498675914261565
2024-03-01,B1,ewma,-0.0001655290786881647
2024-03-02,B1,ewma,-0.0007921134387555151
2024-03-03,B1,ewma,-3.643886299820043e-05
2024-03-04,B1,ewma,-0.0008708801345449491
2024-03-05,B1,ewma,0.0016949278079734231
2024-03-06,B1,ewma,0.0009577846974146986
2024-03-07,B1,ewma,-0.00046565916646423844
2024-03-08,B1,ewma,-0.0001252334470117633
2024-03-09,B1,ewma,0.0004342586854482189
2024-03-10,B1,ewma,-0.00013601913723992887
2024-03-11,B1,ewma,-0.001050936873420949
2024-03-12,B1,ewma,0.0004662889664346359
2024-03-13,B1,ewma,-0.0004066799813234878
2024-03-14,B1,ewma,1.112259582258801e-05
2024-03-15,B1,ewma,-0.000670832615226602
2024-03-16,B1,ewma,-0.00031711583512950003
2024-03-17,B1,ewma,0.000205331225727301
2024-03-18,B1,ewma,-0.0008044324195518593
2024-03-19,B1,ewma,-0.00018863417483605538
2024-03-20,B1,ewma,0.000437918728110942
2024-03-21,B1,ewma,0.00047474208101538906
2024-03-22,B1,ewma,0.0010692860136558568
2024-03-23,B1,ewma,-0.000321205140021652
2024-03-24,B1,ewma,0.0015094600148899406
2024-03-25,B1,ewma,0.002330199877216499
2024-03-26,B1,ewma,0.0014140042810957265
2024-03-27,B1,ewma,-0.00037089243553267703
2024-03-28,B1,ewma,-0.0007779545907002916
2024-03-29,B1,ewma,-0.0012076703013520484
2024-03-30,B1,ewma,0.0008764050240377408
2024-03-31,B1,ewma,0.000697783303523769
2024-04-01,B1,ewma,-0.0004220069356445366
2024-04-02,B1,ewma,0.00020471515651565575
2024-04-03,B1,ewma,0.0001609280472543162
2024-04-04,B1,ewma,-0.0001858828213291419
2024-04-05,B1,ewma,-0.0007627674051926547
2024-04-06,B1,ewma,-3.1179769210187835e-05
2024-04-07,B1,ewma,0.00011545073994567723
2024-04-08,B1,ewma,0.00045187986230388333
2024-04-09,B1,ewma,-0.0016340080323241635
2024-04-10,B1,ewma,0.0001551201088227927
2024-04-11,B1,ewma,-0.0004967066495226158
2024-04-12,B1,ewma,-0.0006374495070373687
2024-04-13,B1,ewma,-0.0013183387026153293
2024-04-14,B1,ewma,0.0001484301556391454
2024-04-15,B1,ewma,-0.0003512273567275459
2024-04-16,B1,ewma,-0.00023038175058698318
2024-04-17,B1,ewma,-0.00021966085307800753
2024-04-18,B1,ewma,0.0006264645003875025
2024-04-19,B1,ewma,0.0010715477182574595
2024-04-20,B1,ewma,0.0012868678403261669
2024-04-21,B1,ewma,-0.0002459443323055144
2024-04-22,B1,ewma,-0.0003291954629132121
2024-04-23,B1,ewma,-0.0005374103759012705
2024-04-24,B1,ewma,-0.0005301912189003
2024-04-25,B1,ewma,0.00019249321268022257
2024-04-26,B1,ewma,-0.000874157162174316
2024-04-27,B1,ewma,0.00019574646225883896
2024-04-28,B1,ewma,0.0004187978368295209
2024-04-29,B1,ewma,-0.00015261381417441822
2024-04-30,B1,ewma,-0.00025203016159169866
2024-05-01,B1,ewma,2.1112456443317384e-05
2024-05-02,B1,ewma,0.00043294310982489037
2024-05-03,B1,ewma,0.00010579016435197097
2024-05-04,B1,ewma,-0.0003624590503480407
2024-05-05,B1,ewma,-0.000149236406841613
2024-05-06,B1,ewma,-0.00013374803363930265
2024-05-07,B1,ewma,-0.00025728284744475083
2024-05-08,B1,ewma,-0.0003191027695513826
2024-05-09,B1,ewma,9.420441796503809e-05
2024-05-10,B1,ewma,-0.0002660244201440065
2024-05-11,B1,ewma,6.553051445701286e-05
2024-05-12,B1,ewma,-6.861406353486643e-05
2024-05-13,B1,ewma,0.00012738082551844165
2024-05-14,B1,ewma,0.00022646062871722883
2024-05-15,B1,ewma,0.0003602461902170173
2024-05-16,B1,ewma,-0.00032210941665644643
2024-05-17,B1,ewma,0.0007257389945858339
2024-05-18,B1,ewma,0.00020464308106560303
2024-05-19,B1,ewma,-0.00045218614381570266
2024-05-20,B1,ewma,0.0005847116524417828
2024-05-21,B1,ewma,-0.0002499605249035586
2024-05-22,B1,ewma,-0.00034062944905233206
2024-05-23,B1,ewma,-0.0004462890625238636
2024-05-24,B1,ewma,4.52166394289133e-05
2024-05-25,B1,ewma,-5.427453092410328e-05
2024-05-26,B1,ewma,-0.00017545755816883446
2024-05-27,B1,ewma,0.0003076460244217927
2024-05-28,B1,ewma,-0.00011264219143525267
2024-05-29,B1,ewma,9.405474430068672e-05
2024-05-30,B1,ewma,-0.00017066618760575025
2024-05-31,B1,ewma,-7.292927945601324e-05
2024-06-01,B1,ewma,0.00025290116401355256
2024-06-02,B1,ewma,-0.00013560532630341182
2024-06-03,B1,ewma,0.00017469604762432311
2024-06-04,B1,ewma,0.00032641296620594673
2024-06-05,B1,ewma,1.5489851998173876e-05
2024-06-06,B1,ewma,-2.8265767778590245e-06
2024-06-07,B1,ewma,-0.00034341157075290507
2024-06-08,B1,ewma,-0.0005879237419126326
2024-06-09,B1,ewma,3.598829122264391e-05
2024-06-10,B1,ewma,-1.0627333656310078e-05
2024-06-11,B1,ewma,-0.0008034153941056665
2024-06-12,B1,ewma,0.00020759934411551662
2024-06-13,B1,ewma,-0.0005277433332514514
2024-06-14,B1,ewma,-0.0005093688409639752
2024-06-15,B1,ewma,-0.00033784064903774613
2024-06-16,B1,ewma,0.00038720207920417415
2024-06-17,B1,ewma,-0.0007782217539923364
2024-06-18,B1,ewma,-0.0003333928088339322
2024-06-19,B1,ewma,9.427267965245179e-05
2024-06-20,B1,ewma,-0.00017386013394959932
2024-06-21,B1,ewma,0.0003106209094758672
2024-06-22,B1,ewma,-5.930977647716773e-05
2024-06-23,B1,ewma,-0.0001959411716544457
2024-06-24,B1,ewma,0.0002306951000474733
2024-06-25,B1,ewma,1.621506771143366e-05
2024-06-26,B1,ewma,-7.104726525541949e-06
2024-06-27,B1,ewma,7.104581109751429e-05
2024-06-28,B1,ewma,-0.0003283872515748021
2024-06-29,B1,ewma,4.190136875492634e-05
2024-06-30,B1,ewma,0.000183082663921752
2024-07-01,B1,ewma,-0.00011268308223366663
2024-07-02,B1,ewma,-0.0004048097968819553
2024-07-03,B1,ewma,-0.00032895585511538705
2024-07-04,B1,ewma,-0.0005713407118957958
2024-07-05,B1,ewma,0.00032069130406986446
2024-07-06,B1,ewma,0.00036123220174966164
2024-07-07,B1,ewma,-4.628638180981248e-05
2024-07-08,B1,ewma,-0.0001889603697815545
2024-07-09,B1,ewma,0.00017879887880534184
2024-07-10,B1,ewma,4.40045551572954e-05
2024-07-11,B1,ewma,1.3127963162773426e-05
2024-07-12,B1,ewma,-0.00022161172863011114
2024-07-13,B1,ewma,-7.93949286522766e-05
2024-07-14,B1,ewma,-1.0481874878620623e-05
2024-07-15,B1,ewma,0.001212794305822662
2024-07-16,B1,ewma,-0.0003036989987086347
2024-07-17,B1,ewma,0.0002325527274757988
2024-07-18,B1,ewma,2.9727544159641184e-06
2024-07-19,B1,ewma,0.0003860524275141053
2024-07-20,B1,ewma,0.00016944010345931737
2024-07-21,B1,ewma,0.000444545385198003
2024-07-22,B1,ewma,-0.0005239416265490071
2024-07-23,B1,ewma,-0.0003373975273039953
2024-07-24,B1,ewma,-0.0003682838261119814
2024-07-25,B1,ewma,0.0004171884476449339
2024-07-26,B1,ewma,-0.00010988519862475954
2024-07-27,B1,ewma,0.00022819964329001685
2024-07-28,B1,ewma,-0.0002993112060352132
2024-07-29,B1,ewma,-0.0003156999544543515
2024-07-30,B1,ewma,-0.0005012848027851069
2024-07-31,B1,ewma,0.00016863310603509873
2024-08-01,B1,ewma,6.554252444312958e-05
2024-08-02,B1,ewma,-0.0003584468932930074
2024-08-03,B1,ewma,-0.0003480580076659079
2024-08-04,B1,ewma,6.122643367056924e-05
2024-08-05,B1,ewma,-0.00034602260967186993
2024-08-06,B1,ewma,0.00017331902652961695
2024-08-07,B1,ewma,-0.0017175698852587296
2024-08-08,B1,ewma,0.0006764842797946091
2024-08-09,B1,ewma,0.0001080039167091762
2024-08-10,B1,ewma,-0.0001850241418758225
2024-08-11,B1,ewma,-0.00029677587452914267
2024-08-12,B1,ewma,0.0004731930560735176
2024-08-13,B1,ewma,4.86741247494038e-05
2024-08-14,B1,ewma,-9.48204483652848e-06
2024-08-15,B1,ewma,-0.00010281862103966866
2024-08-16,B1,ewma,0.0001042386809921858
2024-08-17,B1,ewma,0.00018631665518609175
2024-08-18,B1,ewma,0.00010492197143330273
2024-08-19,B1,ewma,-0.00017386936905106065
2024-08-20,B1,ewma,-0.00014776015883244398
2024-08-21,B1,ewma,0.0004486650255839386
2024-08-22,B1,ewma,0.0003137490294504719
2024-08-23,B1,ewma,0.0004890545788669431
2024-08-24,B1,ewma,1.6342863734974955e-05
2024-08-25,B1,ewma,-8.33843974011872e-05
2024-08-26,B1,ewma,-0.00013442286765663614
2024-08-27,B1,ewma,-9.183743644791686e-05
2024-08-28,B1,ewma,0.0001099969310920379
2024-08-29,B1,ewma,-1.690277463539669e-05
2024-08-30,B1,ewma,-0.00017266466367438227
2024-08-31,B1,ewma,-6.748632676800703e-06
2024-09-01,B1,ewma,-0.00021365245485072126
2024-09-02,B1,ewma,0.00016014779935025203
2024-09-03,B1,ewma,-0.00034328929218374604
2024-09-04,B1,ewma,0.0004511335992634091
2024-09-05,B1,ewma,-0.0002215816711307328
2024-09-06,B1,ewma,-4.8460542173778265e-05
2024-09-07,B1,ewma,3.574848074028303e-05
2024-09-08,B1,ewma,0.0002239302467339499
2024-09-09,B1,ewma,8.508406173324268e-05
2024-09-10,B1,ewma,0.0010440626497330019
2024-09-11,B1,ewma,-0.0001469403108643741
2024-09-12,B1,ewma,-0.0003145023012276482
2024-09-13,B1,ewma,-3.205519051274752e-05
2024-09-14,B1,ewma,-0.00010987170514431543
2024-09-15,B1,ewma,-0.00012996510430596242
2024-09-16,B1,ewma,-0.00030891172817537615
2024-09-17,B1,ewma,4.106226308664418e-05
2024-09-18,B1,ewma,0.00016097868875930565
2024-09-19,B1,ewma,-2.73368843780597e-05
2024-09-20,B1,ewma,0.00039427056173613195
2024-09-21,B1,ewma,5.0979943868378896e-05
2024-09-22,B1,ewma,-0.00014182394253536845
2024-09-23,B1,ewma,0.00042020420408550585
2024-09-24,B1,ewma,0.0006800158696893543
2024-09-25,B1,ewma,-0.0002915309168278757
2024-09-26,B1,ewma,0.0003331200058185324
2024-09-27,B1,ewma,0.0003038760951508124
2024-09-28,B1,ewma,-0.00026071184255116453
2024-09-29,B1,ewma,-0.0004356899051800589
2024-09-30,B1,ewma,-0.0003591120466900355
2024-10-01,B1,ewma,-0.0003070289126615444
2024-10-02,B1,ewma,-2.1045656784290934e-05
2024-10-03,B1,ewma,9.462701321649725e-05
2024-10-04,B1,ewma,0.0003089902953719026
2024-10-05,B1,ewma,-0.00017212865355853424
2024-10-06,B1,ewma,0.0002530698423846012
2024-10-07,B1,ewma,-0.00033914245196609016
2024-10-08,B1,ewma,2.730079707391475e-05
2024-10-09,B1,ewma,-0.00020304684224392577
2024-10-10,B1,ewma,0.00018199958435327623
2024-10-11,B1,ewma,5.399936426986329e-05
2024-10-12,B1,ewma,-5.428024954956534e-05
2024-10-13,B1,ewma,1.5479965662645867e-06
2024-10-14,B1,ewma,0.00020377121427928024
2024-10-15,B1,ewma,-0.00021367573254815753
2024-10-16,B1,ewma,-0.0004806043991607556
2024-10-17,B1,ewma,-0.00029518472569078913
2024-10-18,B1,ewma,0.0005506160562245288
2024-10-19,B1,ewma,-0.00013816327936788664
2024-10-20,B1,ewma,0.00032043411948845524
2024-10-21,B1,ewma,-0.0002797312474056568
2024-10-22,B1,ewma,0.00012234887246131976
2024-10-23,B1,ewma,0.0001149927066403933
2024-10-24,B1,ewma,-0.00010812073429222746
2024-10-25,B1,ewma,-0.0004560355016580697
2024-10-26,B1,ewma,-2.4879302030766937e-05
2024-10-27,B1,ewma,9.786082356200154e-05
2024-10-28,B1,ewma,6.054239539032835e-05
2024-10-29,B1,ewma,0.00015012890788757005
2024-10-30,B1,ewma,0.00017372565513484872
2024-10-31,B1,ewma,-0.00016484865667543147
2024-11-01,B1,ewma,-0.00011245606314436163
2024-11-02,B1,ewma,-0.00027981098328511145
2024-11-03,B1,ewma,-0.00020989745604571564
2024-11-04,B1,ewma,-0.00026767999770160866
2024-11-05,B1,ewma,0.0001565171488402406
2024-11-06,B1,ewma,0.00033086567762041774
2024-11-07,B1,ewma,-0.0006175462722127767
2024-11-08,B1,ewma,0.000939518786707616
2024-11-09,B1,ewma,-2.9500720409303405e-05
2024-11-10,B1,ewma,-5.390697871920924e-05
2024-11-11,B1,ewma,-8.215955193247027e-05
2024-11-12,B1,ewma,-0.0029224339564228874
2024-11-13,B1,ewma,0.0006366863943314538
2024-11-14,B1,ewma,-0.0013407728081514803
2024-11-15,B1,ewma,-0.000847224944360403
2024-11-16,B1,ewma,-0.0068724469810022
2024-11-17,B1,ewma,0.0018844741795065456
2024-11-18,B1,ewma,0.000526376235567394
2024-11-19,B1,ewma,-0.00032003641738487243
2024-11-20,B1,ewma,-0.0004258986151548516
2024-11-21,B1,ewma,0.0005608534832552969
2024-11-22,B1,ewma,0.0023528227699700643
2024-11-23,B1,ewma,0.0007676385489183701
2024-11-24,B1,ewma,0.002051401720892354
2024-11-25,B1,ewma,-0.000996982375718214
2024-11-26,B1,ewma,-0.0007713947292379286
2024-11-27,B1,ewma,0.0007689379023971821
2024-11-28,B1,ewma,-2.3261985598987955e-05
2024-11-29,B1,ewma,0.0006843369591140736
2024-11-30,B1,ewma,0.000447119812815977
2024-12-01,B1,ewma,0.00034337714518462015
2024-12-02,B1,ewma,0.0011281179022915033
2024-12-03,B1,ewma,0.0011374716466021617
2024-12-04,B1,ewma,0.0007200149476842554
2024-12-05,B1,ewma,-0.0007468139043612654
2024-12-06,B1,ewma,0.0012527453463093696
2024-12-07,B1,ewma,-0.0007188941892957157
2024-12-08,B1,ewma,-0.00019574715917536345
2024-12-09,B1,ewma,-0.0037780371240703214
2024-12-10,B1,ewma,-0.0002896966277814439
2024-12-11,B1,ewma,0.0018848477666515429
2024-12-12,B1,ewma,0.00034235706601970506
2024-12-13,B1,ewma,-0.00015649018588759223
2024-12-14,B1,ewma,-0.0009106867807912034
2024-12-15,B1,ewma,0.0005084212605193095
2024-12-16,B1,ewma,-0.0007149273372121234
2024-12-17,B1,ewma,-0.0008815250842790778
2024-12-18,B1,ewma,-0.001424951597681967
2024-12-19,B1,ewma,-0.0012323905811061353
2024-12-20,B1,ewma,0.0005830724331379322
2024-12-21,B1,ewma,-0.0008122332033635438
2024-12-22,B1,ewma,-0.00010303490470053855
2024-12-23,B1,ewma,0.0010881795817938578
2024-12-24,B1,ewma,0.0008702018970554448
2024-12-25,B1,ewma,-0.00024095062809037504
2024-12-26,B1,ewma,-0.0012064457062264111
2024-12-27,B1,ewma,-5.5466981931595605e-05
2024-12-28,B1,ewma,0.0005369172452320825
2024-12-29,B1,ewma,-0.0006726905561453833
2024-12-30,B1,ewma,-0.0001577485940984502
2024-12-31,B1,ewma,-0.00026550067083541684
2025-01-01,B1,ewma,0.0008787451197358465
2025-01-02,B1,ewma,0.0002843983152056584
2025-01-03,B1,ewma,0.0020713406398824574
2025-01-04,B1,ewma,-0.0001088150598606008
2025-01-05,B1,ewma,-0.00020476605563224393
2025-01-06,B1,ewma,0.00031608580673081477
2025-01-07,B1,ewma,-0.001676503322138534
2025-01-08,B1,ewma,-0.0003795851669388117
2025-01-09,B1,ewma,-0.0006836674284366184
2025-01-10,B1,ewma,0.0003108013587327374
2025-01-11,B1,ewma,7.363819509653702e-05
2025-01-12,B1,ewma,-0.0003859733079010219
2025-01-13,B1,ewma,-0.00048314012317207666
2025-01-14,B1,ewma,0.0006380573915762966
2025-01-15,B1,ewma,0.0011007349427851754
2025-01-16,B1,ewma,-0.0003329370531761633
2025-01-17,B1,ewma,0.0009092601264879541
2025-01-18,B1,ewma,-0.0010759059553338002
2025-01-19,B1,ewma,-0.0012801237245239072
2025-01-20,B1,ewma,0.00010966764236353121
2025-01-21,B1,ewma,0.0001983874182496237
2025-01-22,B1,ewma,-0.0009196670132534113
2025-01-23,B1,ewma,0.00016198090168351165
2025-01-24,B1,ewma,-0.0002672426551296736
2025-01-25,B1,ewma,0.00018285615652624543
2025-01-26,B1,ewma,-0.0005285765853613178
2025-01-27,B1,ewma,-3.866223491022502e-06
2025-01-28,B1,ewma,-0.0006141136067240316
2025-01-29,B1,ewma,0.0001170891649791006
2025-01-30,B1,ewma,0.0007340818241194924
2025-01-31,B1,ewma,0.0001323715787491242
2025-02-01,B1,ewma,-0.001061903916852014
2025-02-02,B1,ewma,-0.0015187670268921316
2025-02-03,B1,ewma,0.00011718036586794156
2025-02-04,B1,ewma,-0.0007879557634683509
2025-02-05,B1,ewma,-6.984619957617344e-05
2025-02-06,B1,ewma,-0.0004340731932417352
2025-02-07,B1,ewma,0.00011388108908172434
2025-02-08,B1,ewma,0.0003173403687479759
2025-02-09,B1,ewma,-0.00011803651188235786
2025-02-10,B1,ewma,0.00017866398290711238
2025-02-11,B1,ewma,1.7398507807353525e-05
2025-02-12,B1,ewma,0.0004333913735339312
2025-02-13,B1,ewma,-0.0003529406450688555
2025-02-14,B1,ewma,0.0002040086437862243
2025-02-15,B1,ewma,-0.00023549842471082272
2025-02-16,B1,ewma,-0.00010134699754016374
2025-02-17,B1,ewma,5.706798397175916e-05
2025-02-18,B1,ewma,-0.00044011063881754797
2025-02-19,B1,ewma,0.00016474927327525535
2025-02-20,B1,ewma,0.0003549720772861864
2025-02-21,B1,ewma,-0.0003465092331446096
2025-02-22,B1,ewma,0.0003083428485737283
2025-02-23,B1,ewma,-0.00015453719944213962
2025-02-24,B1,ewma,-0.0009506095945522874
2025-02-25,B1,ewma,-2.6167021503487042e-05
2025-02-26,B1,ewma,4.391561976824221e-05
2025-02-27,B1,ewma,0.00035647724020271276
2025-02-28,B1,ewma,-0.00014022574119776365
2025-03-01,B1,ewma,4.860508642767769e-05
2025-03-02,B1,ewma,0.0008565509388800407
2025-03-03,B1,ewma,-0.0014525656635697715
2025-03-04,B1,ewma,-9.61896291666875e-05
2025-03-05,B1,ewma,0.0004648442461288038
2025-03-06,B1,ewma,-0.0002553018684341435
2025-03-07,B1,ewma,-6.909054487846955e-05
2025-03-08,B1,ewma,-0.00022235587007712887
2025-03-09,B1,ewma,-0.0006932499920199175
2025-03-10,B1,ewma,-0.00040190945504348097
2025-03-11,B1,ewma,0.0004263811184770372
2025-03-12,B1,ewma,0.0001641600359205686
2025-03-13,B1,ewma,-2.832887365578074e-05
2025-03-14,B1,ewma,0.00022329791770681062
2025-03-15,B1,ewma,0.0001939368858947521
2025-03-16,B1,ewma,-0.00044481147639607865
2025-03-17,B1,ewma,0.0005168311954577565
2025-03-18,B1,ewma,-0.00015661964869317924
2025-03-19,B1,ewma,0.00025237561621604954
2025-03-20,B1,ewma,-0.0003245408806860084
2025-03-21,B1,ewma,-0.000158024195283768
2025-03-22,B1,ewma,0.00010250590853977393
2025-03-23,B1,ewma,0.0001076016088661369
2025-03-24,B1,ewma,0.00033081453843086805
2025-03-25,B1,ewma,0.00019360176091098857
2025-03-26,B1,ewma,-0.0001333898076081308
2025-03-27,B1,ewma,3.19485598945235e-05
2025-03-28,B1,ewma,-0.0007222775202150311
2025-03-29,B1,ewma,-0.00035306255799749664
2025-03-30,B1,ewma,-5.8385584786768696e-05
2025-03-31,B1,ewma,1.9988965748618526e-05
2025-04-01,B1,ewma,0.00021222554710975672
2025-04-02,B1,ewma,-0.0005736087406945645
2025-04-03,B1,ewma,0.0001509538271198263
2025-04-04,B1,ewma,-6.063641912135154e-05
2025-04-05,B1,ewma,2.423192105349692e-05
2025-04-06,B1,ewma,-0.0007863912514618487
2025-04-07,B1,ewma,8.051045309365179e-05
2025-04-08,B1,ewma,-7.838021004524798e-05
2025-04-09,B1,ewma,0.0005579925973735467
2025-04-10,B1,ewma,-5.0810893954089664e-05
2025-04-11,B1,ewma,0.00031636405485357955
2025-04-12,B1,ewma,0.00034449861184437935
2025-04-13,B1,ewma,-0.00022661994611716807
2025-04-14,B1,ewma,-5.1277422037143694e-05
2025-04-15,B1,ewma,-0.0001898258113141038
2025-04-16,B1,ewma,-0.00012070258204188722
2025-04-17,B1,ewma,7.092099720162892e-05
2025-04-18,B1,ewma,9.459958357238563e-05
2025-04-19,B1,ewma,0.00024242727965151367
2025-04-20,B1,ewma,-5.042508759878217e-06
2025-04-21,B1,ewma,5.376058106354442e-05
2025-04-22,B1,ewma,0.0003975575184296254
2025-04-23,B1,ewma,0.00010643153636480385
2025-04-24,B1,ewma,0.00010013377129847179
2025-04-25,B1,ewma,0.00014652728269615167
2025-04-26,B1,ewma,-4.557256141701771e-05
2025-04-27,B1,ewma,-0.00039932254460228744
2025-04-28,B1,ewma,0.00017084424886837368
2025-04-29,B1,ewma,-0.0003040451283283785
2025-04-30,B1,ewma,8.874371319333996e-05
2025-05-01,B1,ewma,2.6082539644312064e-05
2025-05-02,B1,ewma,5.0471011433961266e-05
2025-05-03,B1,ewma,-0.00040094309006999396
2025-05-04,B1,ewma,-0.00020647976035803595
2025-05-05,B1,ewma,6.427003107822848e-05
2025-05-06,B1,ewma,-3.2442515430997076e-05
2025-05-07,B1,ewma,7.807568901818662e-05
2025-05-08,B1,ewma,0.0008495933166425829
2025-05-09,B1,ewma,0.0004243498895406539
2025-05-10,B1,ewma,0.0006822457209239019
2025-05-11,B1,ewma,-0.0002504589231536736
2025-05-12,B1,ewma,-1.1689879532261749e-05
2025-05-13,B1,ewma,0.00026704693892520837
2025-05-14,B1,ewma,-0.0004273643022691953
2025-05-15,B1,ewma,-0.0004110384925216648
2025-05-16,B1,ewma,-0.0001802296544608506
2025-05-17,B1,ewma,-0.0002041795685774339
2025-05-18,B1,ewma,0.00033591304517788245
2025-05-19,B1,ewma,-0.00027527479753808315
2025-05-20,B1,ewma,1.9743421449502918e-05
2025-05-21,B1,ewma,9.45788174191442e-05
2025-05-22,B1,ewma,0.0005071111198922118
2025-05-23,B1,ewma,-0.0007271495632051872
2025-05-24,B1,ewma,-4.778018642115356e-05
2025-05-25,B1,ewma,0.00010901220152770286
2025-05-26,B1,ewma,-0.00011046927954860841
2025-05-27,B1,ewma,0.0001608885818296102
2025-05-28,B1,ewma,5.286527729997381e-05
2025-05-29,B1,ewma,-0.004170063061117557
2025-05-30,B1,ewma,0.0028410458571979103
2025-05-31,B1,ewma,-0.0013301963080648571
2025-06-01,B1,ewma,-0.0006520969871355309
2025-06-02,B1,ewma,0.0002536178540162304
2025-06-03,B1,ewma,0.00018285974351672785
2025-06-04,B1,ewma,-0.00018147392359812997
2025-06-05,B1,ewma,-0.00048411559259231574
2025-06-06,B1,ewma,0.00018545477171216795
2025-06-07,B1,ewma,0.00036433493883358814
2025-06-08,B1,ewma,0.00029126421294001226
2025-06-09,B1,ewma,0.0006181572688817027
2025-06-10,B1,ewma,0.00021198009254441708
2025-06-11,B1,ewma,-0.00021043486950778068
2025-06-12,B1,ewma,-0.0003836730226280949
2025-06-13,B1,ewma,-0.00042482398446463954
2025-06-14,B1,ewma,3.900856476057868e-06
2025-06-15,B1,ewma,5.71343962141313e-07
2025-06-16,B1,ewma,-9.18810378650603e-05
2025-06-17,B1,ewma,-0.00034902826499483286
2025-06-18,B1,ewma,3.428323858578608e-06
2025-06-19,B1,ewma,-8.700021531926616e-05
2025-06-20,B1,ewma,-0.00018014812373712275
2025-06-21,B1,ewma,-0.00022149384289871232
2025-06-22,B1,ewma,-0.00024463168375554734
2025-06-23,B1,ewma,0.0006462935033224593
2025-06-24,B1,ewma,-2.3794031399182458e-05
2025-06-25,B1,ewma,-0.0001795122698335927
2025-06-26,B1,ewma,-0.00017815945227328545
2025-06-27,B1,ewma,4.575215938018573e-05
2025-06-28,B1,ewma,0.00012850113432860688
2025-06-29,B1,ewma,0.00029392671725947395
2025-06-30,B1,ewma,-0.00023505878431095972
2016-06-30,B2,baseline,0.0
2016-07-01,B2,baseline,0.0
2016-07-02,B2,baseline,0.0
2016-07-03,B2,baseline,0.0
2016-07-04,B2,baseline,0.0
2016-07-05,B2,baseline,0.0
2016-07-06,B2,baseline,0.0
2016-07-07,B2,baseline,0.0
2016-07-08,B2,baseline,0.0
2016-07-09,B2,baseline,0.0
2016-07-10,B2,baseline,0.0
2016-07-11,B2,baseline,0.0
2016-07-12,B2,baseline,0.0
2016-07-13,B2,baseline,0.0
2016-07-14,B2,baseline,0.0
2016-07-15,B2,baseline,0.0
2016-07-16,B2,baseline,0.0
2016-07-17,B2,baseline,0.0
2016-07-18,B2,baseline,0.0
2016-07-19,B2,baseline,0.0
2016-07-20,B2,baseline,0.0
2016-07-21,B2,baseline,0.0
2016-07-22,B2,baseline,0.0
2016-07-23,B2,baseline,0.0
2016-07-24,B2,baseline,0.0
2016-07-25,B2,baseline,0.0
2016-07-26,B2,baseline,0.0
2016-07-27,B2,baseline,0.0
2016-07-28,B2,baseline,0.0
2016-07-29,B2,baseline,0.0
2016-07-30,B2,baseline,0.0
2016-07-31,B2,baseline,0.0
2016-08-01,B2,baseline,0.0
2016-08-02,B2,baseline,0.0
2016-08-03,B2,baseline,0.0
2016-08-04,B2,baseline,0.0
2016-08-05,B2,baseline,0.0
2016-08-06,B2,baseline,0.0
2016-08-07,B2,baseline,0.0
2016-08-08,B2,baseline,0.0
2016-08-09,B2,baseline,0.0
2016-08-10,B2,baseline,0.0
2016-08-11,B2,baseline,0.0
2016-08-12,B2,baseline,0.0
2016-08-13,B2,baseline,0.0
2016-08-14,B2,baseline,0.0
2016-08-15,B2,baseline,0.0
2016-08-16,B2,baseline,0.0
2016-08-17,B2,baseline,0.0
2016-08-18,B2,baseline,0.0
2016-08-19,B2,baseline,0.0
2016-08-20,B2,baseline,0.0
2016-08-21,B2,baseline,0.0
2016-08-22,B2,baseline,0.0
2016-08-23,B2,baseline,0.0
2016-08-24,B2,baseline,0.0
2016-08-25,B2,baseline,0.0
2016-08-26,B2,baseline,0.0
2016-08-27,B2,baseline,0.0
2016-08-28,B2,baseline,0.0
2016-08-29,B2,baseline,0.0
2016-08-30,B2,baseline,0.0
2016-08-31,B2,baseline,0.0
2016-09-01,B2,baseline,0.0
2016-09-02,B2,baseline,0.0
2016-09-03,B2,baseline,0.0
2016-09-04,B2,baseline,0.0
2016-09-05,B2,baseline,0.0
2016-09-06,B2,baseline,0.0
2016-09-07,B2,baseline,0.0
2016-09-08,B2,baseline,0.0
2016-09-09,B2,baseline,0.0
2016-09-10,B2,baseline,0.0
2016-09-11,B2,baseline,0.0
2016-09-12,B2,baseline,0.0
2016-09-13,B2,baseline,0.0
2016-09-14,B2,baseline,0.0
2016-09-15,B2,baseline,0.0
2016-09-16,B2,baseline,0.0
2016-09-17,B2,baseline,0.0
2016-09-18,B2,baseline,0.0
2016-09-19,B2,baseline,0.0
2016-09-20,B2,baseline,0.0
2016-09-21,B2,baseline,0.0
2016-09-22,B2,baseline,0.0
2016-09-23,B2,baseline,0.0
2016-09-24,B2,baseline,0.0
2016-09-25,B2,baseline,0.0
2016-09-26,B2,baseline,0.0
2016-09-27,B2,baseline,0.0
2016-09-28,B2,baseline,0.0
2016-09-29,B2,baseline,0.0
2016-09-30,B2,baseline,0.0
2016-10-01,B2,baseline,0.0
2016-10-02,B2,baseline,0.0
2016-10-03,B2,baseline,0.0
2016-10-04,B2,baseline,0.0
2016-10-05,B2,baseline,0.0
2016-10-06,B2,baseline,0.0
2016-10-07,B2,baseline,0.0
2016-10-08,B2,baseline,0.0
2016-10-09,B2,baseline,0.0
2016-10-10,B2,baseline,0.0
2016-10-11,B2,baseline,0.0
2016-10-12,B2,baseline,0.0
2016-10-13,B2,baseline,0.0
2016-10-14,B2,baseline,0.0
2016-10-15,B2,baseline,0.0
2016-10-16,B2,baseline,0.0
2016-10-17,B2,baseline,0.0
2016-10-18,B2,baseline,0.0
2016-10-19,B2,baseline,0.0
2016-10-20,B2,baseline,0.0
2016-10-21,B2,baseline,0.0
2016-10-22,B2,baseline,0.0
2016-10-23,B2,baseline,0.0
2016-10-24,B2,baseline,0.0
2016-10-25,B2,baseline,0.0
2016-10-26,B2,baseline,0.0
2016-10-27,B2,baseline,0.0
2016-10-28,B2,baseline,0.0
2016-10-29,B2,baseline,0.0
2016-10-30,B2,baseline,0.0
2016-10-31,B2,baseline,0.0
2016-11-01,B2,baseline,0.0
2016-11-02,B2,baseline,0.0
2016-11-03,B2,baseline,0.0
2016-11-04,B2,baseline,0.0
2016-11-05,B2,baseline,0.0
2016-11-06,B2,baseline,0.0
2016-11-07,B2,baseline,0.0
2016-11-08,B2,baseline,0.0
2016-11-09,B2,baseline,0.0
2016-11-10,B2,baseline,0.0
2016-11-11,B2,baseline,0.0
2016-11-12,B2,baseline,0.0
2016-11-13,B2,baseline,0.0
2016-11-14,B2,baseline,0.0
2016-11-15,B2,baseline,0.0
2016-11-16,B2,baseline,0.0
2016-11-17,B2,baseline,0.0
2016-11-18,B2,baseline,0.0
2016-11-19,B2,baseline,0.0
2016-11-20,B2,baseline,0.0
2016-11-21,B2,baseline,0.0
2016-11-22,B2,baseline,0.0
2016-11-23,B2,baseline,0.0
2016-11-24,B2,baseline,0.0
2016-11-25,B2,baseline,0.0
2016-11-26,B2,baseline,0.0
2016-11-27,B2,baseline,0.0
2016-11-28,B2,baseline,0.0
2016-11-29,B2,baseline,0.0
2016-11-30,B2,baseline,0.0
2016-12-01,B2,baseline,0.0
2016-12-02,B2,baseline,0.0
2016-12-03,B2,baseline,0.0
2016-12-04,B2,baseline,0.0
2016-12-05,B2,baseline,0.0
2016-12-06,B2,baseline,0.0
2016-12-07,B2,baseline,0.0
2016-12-08,B2,baseline,0.0
2016-12-09,B2,baseline,0.0
2016-12-10,B2,baseline,0.0
2016-12-11,B2,baseline,0.0
2016-12-12,B2,baseline,0.0
2016-12-13,B2,baseline,0.0
2016-12-14,B2,baseline,0.0
2016-12-15,B2,baseline,0.0
2016-12-16,B2,baseline,0.0
2016-12-17,B2,baseline,0.0
2016-12-18,B2,baseline,0.0
2016-12-19,B2,baseline,0.0
2016-12-20,B2,baseline,0.0
2016-12-21,B2,baseline,0.0
2016-12-22,B2,baseline,0.0
2016-12-23,B2,baseline,0.0
2016-12-24,B2,baseline,0.0
2016-12-25,B2,baseline,0.0
2016-12-26,B2,baseline,0.0
2016-12-27,B2,baseline,0.0
2016-12-28,B2,baseline,0.0
2016-12-29,B2,baseline,0.0
2016-12-30,B2,baseline,0.0
2016-12-31,B2,baseline,0.0
2017-01-01,B2,baseline,0.0
2017-01-02,B2,baseline,0.0
2017-01-03,B2,baseline,0.0
2017-01-04,B2,baseline,0.0
2017-01-05,B2,baseline,0.0
2017-01-06,B2,baseline,0.0
2017-01-07,B2,baseline,0.0
2017-01-08,B2,baseline,0.0
2017-01-09,B2,baseline,0.0
2017-01-10,B2,baseline,0.0
2017-01-11,B2,baseline,0.0
2017-01-12,B2,baseline,0.0
2017-01-13,B2,baseline,0.0
2017-01-14,B2,baseline,0.0
2017-01-15,B2,baseline,0.0
2017-01-16,B2,baseline,0.0
2017-01-17,B2,baseline,0.0
2017-01-18,B2,baseline,0.0
2017-01-19,B2,baseline,0.0
2017-01-20,B2,baseline,0.0
2017-01-21,B2,baseline,0.0
2017-01-22,B2,baseline,0.0
2017-01-23,B2,baseline,0.0
2017-01-24,B2,baseline,0.0
2017-01-25,B2,baseline,0.0
2017-01-26,B2,baseline,0.0
2017-01-27,B2,baseline,0.0
2017-01-28,B2,baseline,0.0
2017-01-29,B2,baseline,0.0
2017-01-30,B2,baseline,0.0
2017-01-31,B2,baseline,0.0
2017-02-01,B2,baseline,0.0
2017-02-02,B2,baseline,0.0
2017-02-03,B2,baseline,0.0
2017-02-04,B2,baseline,0.0
2017-02-05,B2,baseline,0.0
2017-02-06,B2,baseline,0.0
2017-02-07,B2,baseline,0.0
2017-02-08,B2,baseline,0.0
2017-02-09,B2,baseline,0.0
2017-02-10,B2,baseline,0.0
2017-02-11,B2,baseline,0.0
2017-02-12,B2,baseline,0.0
2017-02-13,B2,baseline,0.0
2017-02-14,B2,baseline,0.0
2017-02-15,B2,baseline,0.0
2017-02-16,B2,baseline,0.0
2017-02-17,B2,baseline,0.0
2017-02-18,B2,baseline,0.0
2017-02-19,B2,baseline,0.0
2017-02-20,B2,baseline,0.0
2017-02-21,B2,baseline,0.0
2017-02-22,B2,baseline,0.0
2017-02-23,B2,baseline,0.0
2017-02-24,B2,baseline,0.0
2017-02-25,B2,baseline,0.0
2017-02-26,B2,baseline,0.0
2017-02-27,B2,baseline,0.0
2017-02-28,B2,baseline,0.0
2017-03-01,B2,baseline,0.0
2017-03-02,B2,baseline,0.0
2017-03-03,B2,baseline,0.0
2017-03-04,B2,baseline,0.0
2017-03-05,B2,baseline,0.0
2017-03-06,B2,baseline,0.0
2017-03-07,B2,baseline,0.0
2017-03-08,B2,baseline,0.0
2017-03-09,B2,baseline,0.0
2017-03-10,B2,baseline,0.0
2017-03-11,B2,baseline,0.0
2017-03-12,B2,baseline,0.0
2017-03-13,B2,baseline,0.0
2017-03-14,B2,baseline,0.0
2017-03-15,B2,baseline,0.0
2017-03-16,B2,baseline,0.0
2017-03-17,B2,baseline,0.0
2017-03-18,B2,baseline,0.0
2017-03-19,B2,baseline,0.0
2017-03-20,B2,baseline,0.0
2017-03-21,B2,baseline,0.0
2017-03-22,B2,baseline,0.0
2017-03-23,B2,baseline,0.0
2017-03-24,B2,baseline,0.0
2017-03-25,B2,baseline,0.0
2017-03-26,B2,baseline,0.0
2017-03-27,B2,baseline,0.0
2017-03-28,B2,baseline,0.0
2017-03-29,B2,baseline,0.0
2017-03-30,B2,baseline,0.0
2017-03-31,B2,baseline,0.0
2017-04-01,B2,baseline,0.0
2017-04-02,B2,baseline,0.0
2017-04-03,B2,baseline,0.0
2017-04-04,B2,baseline,0.0
2017-04-05,B2,baseline,0.0
2017-04-06,B2,baseline,0.0
2017-04-07,B2,baseline,0.0
2017-04-08,B2,baseline,-0.0008032158158568503
2017-04-09,B2,baseline,-0.005006880043974982
2017-04-10,B2,baseline,0.00031115809274351314
2017-04-11,B2,baseline,-0.0009041443052077991
2017-04-12,B2,baseline,-0.0003660630529033204
2017-04-13,B2,baseline,-8.33880668790199e-05
2017-04-14,B2,baseline,0.00047927464191799274
2017-04-15,B2,baseline,-0.0001699939458159605
2017-04-16,B2,baseline,-0.00032085450978192043
2017-04-17,B2,baseline,-0.013596987268399197
2017-04-18,B2,baseline,-0.004541314306320543
2017-04-19,B2,baseline,-0.032016500402458625
2017-04-20,B2,baseline,0.03023514997672705
2017-04-21,B2,baseline,-0.0074329896707074905
2017-04-22,B2,baseline,-0.017305881950480773
2017-04-23,B2,baseline,0.01838589652076328
2017-04-24,B2,baseline,0.0011665654532275749
2017-04-25,B2,baseline,0.0067047846536096856
2017-04-26,B2,baseline,-0.0010476574066438094
2017-04-27,B2,baseline,0.0014486382600806813
2017-04-28,B2,baseline,-0.006185814327657968
2017-04-29,B2,baseline,-0.02752896351643974
2017-04-30,B2,baseline,-0.03201757030290342
2017-05-01,B2,baseline,-0.004503837565199786
2017-05-02,B2,baseline,0.025407663070543984
2017-05-03,B2,baseline,-0.007233167319364631
2017-05-04,B2,baseline,0.017120578364888228
2017-05-05,B2,baseline,0.00471627158704524
2017-05-06,B2,baseline,-0.004606325762290697
2017-05-07,B2,baseline,-0.0949794679181023
2017-05-08,B2,baseline,0.07182915077170682
2017-05-09,B2,baseline,0.044805535775917615
2017-05-10,B2,baseline,-0.009863264110217873
2017-05-11,B2,baseline,-0.03457795892752202
2017-05-12,B2,baseline,-0.016853279338087557
2017-05-13,B2,baseline,0.050062053069886314
2017-05-14,B2,baseline,0.03535761177478247
2017-05-15,B2,baseline,-0.03709486513755722
2017-05-16,B2,baseline,-0.04233622828659511
2017-05-17,B2,baseline,-0.019436713612690837
2017-05-18,B2,baseline,0.0726683822615144
2017-05-19,B2,baseline,0.09850333101944031
2017-05-20,B2,baseline,-0.061933464024033325
2017-05-21,B2,baseline,-0.0864360901832355
2017-05-22,B2,baseline,0.013582370625427886
2017-05-23,B2,baseline,-0.011471155717109549
2017-05-24,B2,baseline,0.07158280060720168
2017-05-25,B2,baseline,0.020092910562800048
2017-05-26,B2,baseline,-0.02834387195145327
2017-05-27,B2,baseline,0.008849790428475446
2017-05-28,B2,baseline,0.0028150921516048033
2017-05-29,B2,baseline,0.017583667677552706
2017-05-30,B2,baseline,0.010821275979525646
2017-05-31,B2,baseline,0.01750729824275621
2017-06-01,B2,baseline,0.014966810195728542
2017-06-02,B2,baseline,0.031678494644452826
2017-06-03,B2,baseline,0.060547124203219393
2017-06-04,B2,baseline,0.00038869327814450294
2017-06-05,B2,baseline,-0.010603638585464203
2017-06-06,B2,baseline,-0.0029061460228967384
2017-06-07,B2,baseline,-0.010200819570914788
2017-06-08,B2,baseline,0.05072976174517918
2017-06-09,B2,baseline,0.15021361650607612
2017-06-10,B2,baseline,0.030373558487414076
2017-06-11,B2,baseline,0.04951106798886551
2017-06-12,B2,baseline,0.005499790708474173
2017-06-13,B2,baseline,2.9131231339629693e-05
2017-06-14,B2,baseline,-0.00996832933414138
2017-06-15,B2,baseline,0.001646183251038602
2017-06-16,B2,baseline,-0.009513296900993673
2017-06-17,B2,baseline,-0.0003766515622906086
2017-06-18,B2,baseline,-0.002294701430069823
2017-06-19,B2,baseline,0.004518940589572029
2017-06-20,B2,baseline,-0.00039245727035186473
2017-06-21,B2,baseline,-0.0035328504238764102
2017-06-22,B2,baseline,0.003932525969142953
2017-06-23,B2,baseline,0.009099758008049186
2017-06-24,B2,baseline,-0.0052716963216857815
2017-06-25,B2,baseline,-0.0010214829859943597
2017-06-26,B2,baseline,-0.0027942594856003033
2017-06-27,B2,baseline,-0.004946023573580649
2017-06-28,B2,baseline,0.00044888220058392214
2017-06-29,B2,baseline,-0.0005456927467974992
2017-06-30,B2,baseline,-0.0017012025444109735
2017-07-01,B2,baseline,-0.0025347228114881437
2017-07-02,B2,baseline,0.0008223611817785859
2017-07-03,B2,baseline,6.090714200746028e-05
2017-07-04,B2,baseline,-0.0010824209201403256
2017-07-05,B2,baseline,0.0013632673316139599
2017-07-06,B2,baseline,-0.0007445804993955196
2017-07-07,B2,baseline,-0.007299805067900733
2017-07-08,B2,baseline,1.656207284894684e-05
2017-07-09,B2,baseline,0.000665043438719426
2017-07-10,B2,baseline,-0.007023619880701326
2017-07-11,B2,baseline,-0.005695870664514047
2017-07-12,B2,baseline,0.0033693591065362405
2017-07-13,B2,baseline,-0.0014112635238031634
2017-07-14,B2,baseline,-0.0033178942873134387
2017-07-15,B2,baseline,-0.0027798569692228936
2017-07-16,B2,baseline,-0.0022618206484615877
2017-07-17,B2,baseline,0.0019518725641300971
2017-07-18,B2,baseline,0.0024074003617977624
2017-07-19,B2,baseline,0.0015170142084128813
2017-07-20,B2,baseline,0.0073166930371448835
2017-07-21,B2,baseline,0.0032659012561597756
2017-07-22,B2,baseline,0.005729333501655942
2017-07-23,B2,baseline,-0.009474763198258351
2017-07-24,B2,baseline,-0.0013265857930020442
2017-07-25,B2,baseline,-0.005710654584147878
2017-07-26,B2,baseline,-0.0008522861116798675
2017-07-27,B2,baseline,2.3885869303574836e-05
2017-07-28,B2,baseline,0.002335733958820585
2017-07-29,B2,baseline,-0.0030069089706969976
2017-07-30,B2,baseline,-0.003097089727972513
2017-07-31,B2,baseline,0.002227166970256489
2017-08-01,B2,baseline,0.0028819349858009158
2017-08-02,B2,baseline,0.006732113198535616
2017-08-03,B2,baseline,0.0006428459680507537
2017-08-04,B2,baseline,0.0042467170738316184
2017-08-05,B2,baseline,0.004408465530133077
2017-08-06,B2,baseline,0.00500680998462788
2017-08-07,B2,baseline,0.003765950646019256
2017-08-08,B2,baseline,-0.011420222691414184
2017-08-09,B2,baseline,-0.004142882280709692
2017-08-10,B2,baseline,0.00690544828870765
2017-08-11,B2,baseline,-0.0034612240536142647
2017-08-12,B2,baseline,0.032626326705369024
2017-08-13,B2,baseline,-0.01839397417420896
2017-08-14,B2,baseline,-0.0076397059199441175
2017-08-15,B2,baseline,0.05022880788704609
2017-08-16,B2,baseline,-0.004839151003778741
2017-08-17,B2,baseline,0.002071083972327248
2017-08-18,B2,baseline,-0.0051104859664569124
2017-08-19,B2,baseline,-0.008004967108111605
2017-08-20,B2,baseline,-0.004715859931938016
2017-08-21,B2,baseline,0.012635321709416614
2017-08-22,B2,baseline,-0.014046575932894267
2017-08-23,B2,baseline,0.020083317608503126
2017-08-24,B2,baseline,0.009232655283751834
2017-08-25,B2,baseline,-0.01101511576199743
2017-08-26,B2,baseline,-0.008566681903682039
2017-08-27,B2,baseline,0.037434598790478946
2017-08-28,B2,baseline,0.00012758714606486699
2017-08-29,B2,baseline,0.010622585719910704
2017-08-30,B2,baseline,0.019627299230182693
2017-08-31,B2,baseline,0.03326961067147649
2017-09-01,B2,baseline,-0.03252122943291791
2017-09-02,B2,baseline,0.0025387821020523837
2017-09-03,B2,baseline,0.0054944311781219835
2017-09-04,B2,baseline,0.009152518313866764
2017-09-05,B2,baseline,0.0031353382933843044
2017-09-06,B2,baseline,0.025589296021348407
2017-09-07,B2,baseline,-0.010801652710488163
2017-09-08,B2,baseline,-0.006132016335991475
2017-09-09,B2,baseline,0.006370358895581463
2017-09-10,B2,baseline,0.012894445593430559
2017-09-11,B2,baseline,-0.013209877036267637
2017-09-12,B2,baseline,0.011963010617673353
2017-09-13,B2,baseline,-0.001403323715846727
2017-09-14,B2,baseline,0.004856710003632525
2017-09-15,B2,baseline,0.00565530579188378
2017-09-16,B2,baseline,-0.015064512216443449
2017-09-17,B2,baseline,-0.003490306320422576
2017-09-18,B2,baseline,0.00048565984531556694
2017-09-19,B2,baseline,-0.008029486901476757
2017-09-20,B2,baseline,-0.0022174139470455545
2017-09-21,B2,baseline,0.021243506686748015
2017-09-22,B2,baseline,-0.013373890097135965
2017-09-23,B2,baseline,-0.018212909612910555
2017-09-24,B2,baseline,0.006550281705335781
2017-09-25,B2,baseline,-0.016967597711086135
2017-09-26,B2,baseline,-0.000912289459003901
2017-09-27,B2,baseline,-0.027929000731805376
2017-09-28,B2,baseline,-0.002680429279340424
2017-09-29,B2,baseline,0.0031106741056519116
2017-09-30,B2,baseline,-0.015639091207048317
2017-10-01,B2,baseline,0.0018772996604627945
2017-10-02,B2,baseline,-0.008926155624996102
2017-10-03,B2,baseline,0.006140281477323706
2017-10-04,B2,baseline,0.0117818579003095
2017-10-05,B2,baseline,0.003099248519828235
2017-10-06,B2,baseline,-0.0013320804121434993
2017-10-07,B2,baseline,-0.0019770680643801386
2017-10-08,B2,baseline,0.013744077376186992
2017-10-09,B2,baseline,-0.008758097652519226
2017-10-10,B2,baseline,0.007675209255556759
2017-10-11,B2,baseline,0.004619266647163833
2017-10-12,B2,baseline,0.01587373563567951
2017-10-13,B2,baseline,0.012899146209546464
2017-10-14,B2,baseline,-0.006635724816054012
2017-10-15,B2,baseline,0.0007678966848818636
2017-10-16,B2,baseline,0.01178372920873616
2017-10-17,B2,baseline,0.01590071590577713
2017-10-18,B2,baseline,-0.014099411847874443
2017-10-19,B2,baseline,0.015693646640601022
2017-10-20,B2,baseline,-0.010546175466340735
2017-10-21,B2,baseline,0.01029088942286771
2017-10-22,B2,baseline,-0.0018528269593564017
2017-10-23,B2,baseline,0.005124983923235904
2017-10-24,B2,baseline,0.009689322923024601
2017-10-25,B2,baseline,0.005019872542209036
2017-10-26,B2,baseline,-0.006689210476581109
2017-10-27,B2,baseline,0.00032671853021848385
2017-10-28,B2,baseline,-0.012493212712033297
2017-10-29,B2,baseline,0.0074168560947609485
2017-10-30,B2,baseline,-0.010146580468775368
2017-10-31,B2,baseline,-0.016513796607550923
2017-11-01,B2,baseline,-0.0007756943333311339
2017-11-02,B2,baseline,0.018123260029971222
2017-11-03,B2,baseline,0.004755968832283353
2017-11-04,B2,baseline,-0.0030493820011692208
2017-11-05,B2,baseline,-0.008004146380632182
2017-11-06,B2,baseline,0.0001395450300445411
2017-11-07,B2,baseline,0.0007023384215623096
2017-11-08,B2,baseline,0.010414210143195213
2017-11-09,B2,baseline,0.01134203031132075
2017-11-10,B2,baseline,-0.0011166367563053559
2017-11-11,B2,baseline,0.0008116250422540716
2017-11-12,B2,baseline,-0.0012025020192542035
2017-11-13,B2,baseline,0.002833746026679629
2017-11-14,B2,baseline,-0.011282281720088494
2017-11-15,B2,baseline,-0.0031644762299665175
2017-11-16,B2,baseline,-0.0029105968733117438
2017-11-17,B2,baseline,-0.0011878688245402502
2017-11-18,B2,baseline,-0.0024086060240789964
2017-11-19,B2,baseline,-0.0010587826468390071
2017-11-20,B2,baseline,-0.0031321097658051356
2017-11-21,B2,baseline,-0.0033863909025768635
2017-11-22,B2,baseline,0.003352593306907181
2017-11-23,B2,baseline,0.005518348824577135
2017-11-24,B2,baseline,-0.0006435000730231621
2017-11-25,B2,baseline,-0.009124784930358065
2017-11-26,B2,baseline,-0.0047035419314500615
2017-11-27,B2,baseline,-0.004751397054468698
2017-11-28,B2,baseline,-0.002472701662933674
2017-11-29,B2,baseline,0.016079986439671012
2017-11-30,B2,baseline,-0.005045147331479094
2017-12-01,B2,baseline,-0.015368421169045465
2017-12-02,B2,baseline,-0.0040096595595314755
2017-12-03,B2,baseline,-0.010791561655412396
2017-12-04,B2,baseline,-0.0024814433302507988
2017-12-05,B2,baseline,0.028360978703010797
2017-12-06,B2,baseline,0.0307748123333087
2017-12-07,B2,baseline,-0.01944414153464913
2017-12-08,B2,baseline,0.0022105247659987004
2017-12-09,B2,baseline,0.012369917323198587
2017-12-10,B2,baseline,0.013491056541440782
2017-12-11,B2,baseline,-0.005192314656947361
2017-12-12,B2,baseline,-0.01290353947010392
2017-12-13,B2,baseline,0.05610233894787853
2017-12-14,B2,baseline,0.004447651868073166
2017-12-15,B2,baseline,0.014731060497544135
2017-12-16,B2,baseline,0.06527257912605866
2017-12-17,B2,baseline,0.006924403244539468
2017-12-18,B2,baseline,-0.0023705237352694697
2017-12-19,B2,baseline,0.014800938950972009
2017-12-20,B2,baseline,0.035016255215516656
2017-12-21,B2,baseline,-0.04228011690630329
2017-12-22,B2,baseline,0.027140671715172315
2017-12-23,B2,baseline,0.04475407292889089
2017-12-24,B2,baseline,0.026707096119274576
2017-12-25,B2,baseline,-0.06404189350556477
2017-12-26,B2,baseline,0.02001066932975082
2017-12-27,B2,baseline,-0.029362652285516155
2017-12-28,B2,baseline,0.06505384490310018
2017-12-29,B2,baseline,-0.002922059459163129
2017-12-30,B2,baseline,-0.011558877376510956
2017-12-31,B2,baseline,0.03759004115210085
2018-01-01,B2,baseline,-0.03469563460567626
2018-01-02,B2,baseline,-0.044248109060560314
2018-01-03,B2,baseline,0.008344949214802888
2018-01-04,B2,baseline,0.01900608630661682
2018-01-05,B2,baseline,0.0654790343373095
2018-01-06,B2,baseline,-0.03323644906562795
2018-01-07,B2,baseline,0.019399813249255216
2018-01-08,B2,baseline,-0.004651890417539217
2018-01-09,B2,baseline,-0.00672848261401493
2018-01-10,B2,baseline,-0.044638771011351386
2018-01-11,B2,baseline,-0.030734589926161293
2018-01-12,B2,baseline,0.0411961003875283
2018-01-13,B2,baseline,-0.023479173415336452
2018-01-14,B2,baseline,-0.018765256316569112
2018-01-15,B2,baseline,0.005525281517362535
2018-01-16,B2,baseline,-0.02549027708146967
2018-01-17,B2,baseline,-0.008628900613880996
2018-01-18,B2,baseline,-0.003928083553327744
2018-01-19,B2,baseline,0.0030092230566032274
2018-01-20,B2,baseline,-0.0029806280456114997
2018-01-21,B2,baseline,-0.003543331703786734
2018-01-22,B2,baseline,0.0019776090944594316
2018-01-23,B2,baseline,-0.016409484563422838
2018-01-24,B2,baseline,0.0018612365098846784
2018-01-25,B2,baseline,-0.009184560769997963
2018-01-26,B2,baseline,-0.0022731733691008227
2018-01-27,B2,baseline,0.013541619413007355
2018-01-28,B2,baseline,0.0011201390565274139
2018-01-29,B2,baseline,-0.007813175829541774
2018-01-30,B2,baseline,-0.009857326839131209
2018-01-31,B2,baseline,0.0005835948553900572
2018-02-01,B2,baseline,-0.02037239154141879
2018-02-02,B2,baseline,-0.04838450445504716
2018-02-03,B2,baseline,0.01951940394316387
2018-02-04,B2,baseline,0.007495082827768007
2018-02-05,B2,baseline,0.023516677752958293
2018-02-06,B2,baseline,0.0030071761626622173
2018-02-07,B2,baseline,-0.014992953963141264
2018-02-08,B2,baseline,-0.002897094577981041
2018-02-09,B2,baseline,-0.006717102230397787
2018-02-10,B2,baseline,0.0028097915162303977
2018-02-11,B2,baseline,-0.008468646998043616
2018-02-12,B2,baseline,-0.004419312281484733
2018-02-13,B2,baseline,0.0026308460337460815
2018-02-14,B2,baseline,-0.003518597677209412
2018-02-15,B2,baseline,-0.02321038626873817
2018-02-16,B2,baseline,0.013062339988381133
2018-02-17,B2,baseline,-0.007951121731351374
2018-02-18,B2,baseline,-0.0032372990996193396
2018-02-19,B2,baseline,0.008659271219267017
2018-02-20,B2,baseline,-0.0009112197889423745
2018-02-21,B2,baseline,-0.0014599886514322646
2018-02-22,B2,baseline,1.976368680978169e-05
2018-02-23,B2,baseline,-0.045928003795154604
2018-02-24,B2,baseline,-0.009185408734580736
2018-02-25,B2,baseline,-0.0019491447226980263
2018-02-26,B2,baseline,-0.0015322722517961962
2018-02-27,B2,baseline,0.03788716781580037
2018-02-28,B2,baseline,0.007789220705520128
2018-03-01,B2,baseline,-0.005708740253938416
2018-03-02,B2,baseline,0.018994181575755942
2018-03-03,B2,baseline,0.017555346965149266
2018-03-04,B2,baseline,-0.0017070541228506597
2018-03-05,B2,baseline,0.0006139968927698636
2018-03-06,B2,baseline,0.020939119852264154
2018-03-07,B2,baseline,-0.008105449086187932
2018-03-08,B2,baseline,-0.0013194729089737178
2018-03-09,B2,baseline,0.0032935874760815498
2018-03-10,B2,baseline,0.00272864573952436
2018-03-11,B2,baseline,-0.007841102363752905
2018-03-12,B2,baseline,0.007503593014180243
2018-03-13,B2,baseline,-0.003839600029361123
2018-03-14,B2,baseline,0.004295614963556682
2018-03-15,B2,baseline,-0.0014991695155914808
2018-03-16,B2,baseline,0.001002565158762403
2018-03-17,B2,baseline,0.006570339790546109
2018-03-18,B2,baseline,-0.0022867969868346494
2018-03-19,B2,baseline,-0.010084203333224573
2018-03-20,B2,baseline,0.007923618543697719
2018-03-21,B2,baseline,-0.0105729755939169
2018-03-22,B2,baseline,-0.004430029737964469
2018-03-23,B2,baseline,-0.0008529792146597659
2018-03-24,B2,baseline,-0.009248381081353174
2018-03-25,B2,baseline,0.0037874926430883082
2018-03-26,B2,baseline,-0.026411841761591615
2018-03-27,B2,baseline,0.006753537326466219
2018-03-28,B2,baseline,0.017515655468768543
2018-03-29,B2,baseline,-0.007393060132949936
2018-03-30,B2,baseline,-0.0024549737833391427
2018-03-31,B2,baseline,-0.0049127542946012515
2018-04-01,B2,baseline,-0.008053979355736596
2018-04-02,B2,baseline,-0.005415394913383054
2018-04-03,B2,baseline,-0.037749509090396205
2018-04-04,B2,baseline,0.02344755695753853
2018-04-05,B2,baseline,0.009498331702215479
2018-04-06,B2,baseline,-0.007905807051503455
2018-04-07,B2,baseline,-0.004935590600180784
2018-04-08,B2,baseline,-0.004006555662408373
2018-04-09,B2,baseline,-0.010390783048241481
2018-04-10,B2,baseline,-0.0024877219310187604
2018-04-11,B2,baseline,0.0032072503516968887
2018-04-12,B2,baseline,-0.00044141013462239975
2018-04-13,B2,baseline,-0.00197388742489657
2018-04-14,B2,baseline,-0.0030017920167748624
2018-04-15,B2,baseline,0.0010497382423775292
2018-04-16,B2,baseline,-0.005658500837121827
2018-04-17,B2,baseline,0.008880362748745485
2018-04-18,B2,baseline,0.0074312941986147685
2018-04-19,B2,baseline,-0.012301471725634783
2018-04-20,B2,baseline,0.007871194895136213
2018-04-21,B2,baseline,-0.0019353467527144508
2018-04-22,B2,baseline,-0.005116899255845797
2018-04-23,B2,baseline,0.009874065161967538
2018-04-24,B2,baseline,0.01039026579491864
2018-04-25,B2,baseline,0.0053538105991011165
2018-04-26,B2,baseline,0.004210369599385144
2018-04-27,B2,baseline,0.012670922755348979
2018-04-28,B2,baseline,-0.011826326058239411
2018-04-29,B2,baseline,0.006684703140632076
2018-04-30,B2,baseline,-0.004887219863762393
2018-05-01,B2,baseline,-0.0001607800327768638
2018-05-02,B2,baseline,-0.008913887960412259
2018-05-03,B2,baseline,-0.030303709809396562
2018-05-04,B2,baseline,0.02394280332883758
2018-05-05,B2,baseline,0.013081800677647415
2018-05-06,B2,baseline,0.0036698408195645627
2018-05-07,B2,baseline,0.0026300890311763414
2018-05-08,B2,baseline,-0.097620719364922
2018-05-09,B2,baseline,-0.011466208404958156
2018-05-10,B2,baseline,0.006060421964975804
2018-05-11,B2,baseline,0.007065870397022778
2018-05-12,B2,baseline,0.0075618782682913555
2018-05-13,B2,baseline,-0.016839464175570806
2018-05-14,B2,baseline,-0.0002645683621058659
2018-05-15,B2,baseline,0.031390733466375
2018-05-16,B2,baseline,0.000347822353882421
2018-05-17,B2,baseline,0.0027999551084625374
2018-05-18,B2,baseline,-0.0013555446692038453
2018-05-19,B2,baseline,-0.005539138003651356
2018-05-20,B2,baseline,0.001840157316964408
2018-05-21,B2,baseline,-0.00802107544787145
2018-05-22,B2,baseline,0.016107823703401802
2018-05-23,B2,baseline,0.0027804105465587536
2018-05-24,B2,baseline,0.006456959966180786
2018-05-25,B2,baseline,-0.006850565527170338
2018-05-26,B2,baseline,0.002337509471151966
2018-05-27,B2,baseline,0.0008097252823646706
2018-05-28,B2,baseline,0.012029172768886376
2018-05-29,B2,baseline,-0.010283028750392331
2018-05-30,B2,baseline,0.0009340150206795794
2018-05-31,B2,baseline,0.010296761622699435
2018-06-01,B2,baseline,0.010877158303099321
2018-06-02,B2,baseline,0.0012877425908841555
2018-06-03,B2,baseline,-0.006183571595808068
2018-06-04,B2,baseline,0.013896773612091629
2018-06-05,B2,baseline,-0.0069647533531774775
2018-06-06,B2,baseline,0.013388572919042607
2018-06-07,B2,baseline,0.0012484304779936117
2018-06-08,B2,baseline,-0.004928828443286237
2018-06-09,B2,baseline,0.00591134500206425
2018-06-10,B2,baseline,0.010523418014101393
2018-06-11,B2,baseline,-0.0038610849891176358
2018-06-12,B2,baseline,0.004181969316227274
2018-06-13,B2,baseline,0.0018075920725852956
2018-06-14,B2,baseline,0.00603350638514466
2018-06-15,B2,baseline,0.005425149484927783
2018-06-16,B2,baseline,-0.0013771175630969967
2018-06-17,B2,baseline,-0.00126093371490954
2018-06-18,B2,baseline,0.00559803638682288
2018-06-19,B2,baseline,-0.0029470436487497587
2018-06-20,B2,baseline,0.002917457846622451
2018-06-21,B2,baseline,0.002422256327587302
2018-06-22,B2,baseline,0.0029847332760088996
2018-06-23,B2,baseline,-0.002132429854169726
2018-06-24,B2,baseline,-0.00045118551511869054
2018-06-25,B2,baseline,0.004580429547901943
2018-06-26,B2,baseline,0.0015390808006305878
2018-06-27,B2,baseline,0.004537634762199261
2018-06-28,B2,baseline,0.012503576228371838
2018-06-29,B2,baseline,-0.006686241590309061
2018-06-30,B2,baseline,-0.009128557764952694
2018-07-01,B2,baseline,0.005806666525835169
2018-07-02,B2,baseline,-0.0004326429808011456
2018-07-03,B2,baseline,0.015854645066636586
2018-07-04,B2,baseline,-0.010079866154394379
2018-07-05,B2,baseline,-0.004072631392433634
2018-07-06,B2,baseline,0.0018966297047713354
2018-07-07,B2,baseline,-0.005331048382139714
2018-07-08,B2,baseline,0.0024453754403286343
2018-07-09,B2,baseline,-0.002964686876181677
2018-07-10,B2,baseline,0.010087945391112463
2018-07-11,B2,baseline,0.004382272896990225
2018-07-12,B2,baseline,0.001580621754597944
2018-07-13,B2,baseline,0.010243539509571686
2018-07-14,B2,baseline,-0.003808732147736693
2018-07-15,B2,baseline,0.003223511921335742
2018-07-16,B2,baseline,0.005805068583415451
2018-07-17,B2,baseline,0.013717698024032776
2018-07-18,B2,baseline,-0.014253111382562023
2018-07-19,B2,baseline,0.010165489718342524
2018-07-20,B2,baseline,-0.0034762516318772585
2018-07-21,B2,baseline,-0.008137505692900393
2018-07-22,B2,baseline,0.01604665528854099
2018-07-23,B2,baseline,-0.0027298490211807858
2018-07-24,B2,baseline,-0.01580460445100207
2018-07-25,B2,baseline,-0.006125195143894646
2018-07-26,B2,baseline,0.00521258904529831
2018-07-27,B2,baseline,-0.008699188612062536
2018-07-28,B2,baseline,-0.004967654388833731
2018-07-29,B2,baseline,-0.0015368188110915781
2018-07-30,B2,baseline,0.0031439894654203826
2018-07-31,B2,baseline,-0.0076165726646432175
2018-08-01,B2,baseline,-0.00274635441113924
2018-08-02,B2,baseline,0.0011439913025657056
2018-08-03,B2,baseline,0.0022862573118243024
2018-08-04,B2,baseline,0.0050293058014159175
2018-08-05,B2,baseline,0.005442428048670012
2018-08-06,B2,baseline,-0.004344550428548644
2018-08-07,B2,baseline,0.0016908897898282316
2018-08-08,B2,baseline,-0.0012522179817886503
2018-08-09,B2,baseline,-0.0015195622772252726
2018-08-10,B2,baseline,-0.0013869359950013926
2018-08-11,B2,baseline,-0.01658223398095049
2018-08-12,B2,baseline,-0.0016209384485249556
2018-08-13,B2,baseline,-0.0018751014342384131
2018-08-14,B2,baseline,0.014770855366862401
2018-08-15,B2,baseline,0.004160114797894465
2018-08-16,B2,baseline,-0.0014150462202067171
2018-08-17,B2,baseline,0.0024500751297580337
2018-08-18,B2,baseline,-0.0038907483007043497
2018-08-19,B2,baseline,-0.004026432231563626
2018-08-20,B2,baseline,-0.0007154113322170863
2018-08-21,B2,baseline,-0.0016930339056342447
2018-08-22,B2,baseline,-0.004342339969015563
2018-08-23,B2,baseline,-0.006218882952207516
2018-08-24,B2,baseline,-0.007816650555312776
2018-08-25,B2,baseline,-0.003063465067032478
2018-08-26,B2,baseline,-0.005505877839155793
2018-08-27,B2,baseline,-0.010228359757633365
2018-08-28,B2,baseline,0.01070799560960567
2018-08-29,B2,baseline,0.006786221571704498
2018-08-30,B2,baseline,-0.009086826333970843
2018-08-31,B2,baseline,-0.029758091942958975
2018-09-01,B2,baseline,-0.02711810428181849
2018-09-02,B2,baseline,0.015825056262293025
2018-09-03,B2,baseline,-0.02983018155857564
2018-09-04,B2,baseline,-0.051297508571824135
2018-09-05,B2,baseline,0.038367042157762876
2018-09-06,B2,baseline,0.014904976091100641
2018-09-07,B2,baseline,-0.006533496839151498
2018-09-08,B2,baseline,-0.027113294806306754
2018-09-09,B2,baseline,0.00448916115849074
2018-09-10,B2,baseline,-0.030201234356255324
2018-09-11,B2,baseline,0.0007940805168866749
2018-09-12,B2,baseline,0.00774600418553173
2018-09-13,B2,baseline,-0.000551760222237796
2018-09-14,B2,baseline,-0.003813406952719034
2018-09-15,B2,baseline,0.01012530071931228
2018-09-16,B2,baseline,0.008704715206268254
2018-09-17,B2,baseline,-0.0016289493640365693
2018-09-18,B2,baseline,0.011856799919949035
2018-09-19,B2,baseline,0.028783975724494093
2018-09-20,B2,baseline,-0.009552921290247873
2018-09-21,B2,baseline,-0.004030432015295737
2018-09-22,B2,baseline,-0.023613179088861513
2018-09-23,B2,baseline,-0.0230457862835185
2018-09-24,B2,baseline,0.026891704103506164
2018-09-25,B2,baseline,-0.00955028873048458
2018-09-26,B2,baseline,-0.023874484890178294
2018-09-27,B2,baseline,-0.08001144854928832
2018-09-28,B2,baseline,0.046880251643272475
2018-09-29,B2,baseline,-0.0030574785657176973
2018-09-30,B2,baseline,-0.000542726051687703
2018-10-01,B2,baseline,0.00498363198326679
2018-10-02,B2,baseline,0.009539331082791591
2018-10-03,B2,baseline,-0.000852668269040957
2018-10-04,B2,baseline,-0.0018581016723135946
2018-10-05,B2,baseline,0.0017655289682900754
2018-10-06,B2,baseline,-0.0038120679463558016
2018-10-07,B2,baseline,-0.015402499472909503
2018-10-08,B2,baseline,0.002720021492378155
2018-10-09,B2,baseline,-0.015087362218366374
2018-10-10,B2,baseline,0.006203626902346215
2018-10-11,B2,baseline,0.03410853286963378
2018-10-12,B2,baseline,-0.004991511210512889
2018-10-13,B2,baseline,-0.004751043520014542
2018-10-14,B2,baseline,0.0012970453538450055
2018-10-15,B2,baseline,-0.002467810387831837
2018-10-16,B2,baseline,0.003062984787840506
2018-10-17,B2,baseline,0.011849341037131866
2018-10-18,B2,baseline,0.0015095082475724553
2018-10-19,B2,baseline,-0.004006039893501234
2018-10-20,B2,baseline,-0.02176927564503406
2018-10-21,B2,baseline,-0.001653681784176353
2018-10-22,B2,baseline,-0.012120126862011138
2018-10-23,B2,baseline,0.016703714462031893
2018-10-24,B2,baseline,-0.0033343397733180957
2018-10-25,B2,baseline,-0.01201378649556839
2018-10-26,B2,baseline,-0.010740750940230859
2018-10-27,B2,baseline,0.001930325471386718
2018-10-28,B2,baseline,-0.0011985883302544353
2018-10-29,B2,baseline,0.01580571474060566
2018-10-30,B2,baseline,-0.011339547488916746
2018-10-31,B2,baseline,0.012498813117690855
2018-11-01,B2,baseline,-0.0039181355058461875
2018-11-02,B2,baseline,0.000930449087068741
2018-11-03,B2,baseline,0.002606438524648036
2018-11-04,B2,baseline,0.007160717837621622
2018-11-05,B2,baseline,0.004765207705323071
2018-11-06,B2,baseline,0.003684957713575354
2018-11-07,B2,baseline,0.010044724175839237
2018-11-08,B2,baseline,0.010994146340424171
2018-11-09,B2,baseline,0.0034016106786836087
2018-11-10,B2,baseline,-0.0014955989262255276
2018-11-11,B2,baseline,0.004178919581739882
2018-11-12,B2,baseline,0.0045004003309467855
2018-11-13,B2,baseline,0.0031456417197892605
2018-11-14,B2,baseline,-0.002291540099950251
2018-11-15,B2,baseline,-0.001865266282587874
2018-11-16,B2,baseline,-0.00185434049949329
2018-11-17,B2,baseline,0.001188398067666574
2018-11-18,B2,baseline,-0.007860169930991368
2018-11-19,B2,baseline,0.00012927646052562913
2018-11-20,B2,baseline,-0.009002733732050294
2018-11-21,B2,baseline,0.004034795474900488
2018-11-22,B2,baseline,0.005041491115800767
2018-11-23,B2,baseline,-0.0050685362611330165
2018-11-24,B2,baseline,-0.007556785217132322
2018-11-25,B2,baseline,-0.009603997897402072
2018-11-26,B2,baseline,-0.00035581192609046575
2018-11-27,B2,baseline,0.00263274570165839
2018-11-28,B2,baseline,-0.0027206212133006336
2018-11-29,B2,baseline,0.0023924329421227686
2018-11-30,B2,baseline,-0.009140664448619495
2018-12-01,B2,baseline,0.0010614733154008515
2018-12-02,B2,baseline,-0.0006877460807775959
2018-12-03,B2,baseline,-0.005497113265838349
2018-12-04,B2,baseline,-0.01959235424778827
2018-12-05,B2,baseline,-0.003070381766482777
2018-12-06,B2,baseline,0.022468984357687516
2018-12-07,B2,baseline,0.0022390433661372278
2018-12-08,B2,baseline,-0.008050284483776093
2018-12-09,B2,baseline,0.0038282961897517787
2018-12-10,B2,baseline,0.0018223218349391335
2018-12-11,B2,baseline,-0.006018330130940219
2018-12-12,B2,baseline,0.006199310510287548
2018-12-13,B2,baseline,-0.004968829613524295
2018-12-14,B2,baseline,-0.007561148401025397
2018-12-15,B2,baseline,-0.01514918950918176
2018-12-16,B2,baseline,-0.0003466003450011135
2018-12-17,B2,baseline,0.004624247045396768
2018-12-18,B2,baseline,-0.01807152337102902
2018-12-19,B2,baseline,-0.0008773840912671416
2018-12-20,B2,baseline,-0.005413399507101513
2018-12-21,B2,baseline,0.011000660502160198
2018-12-22,B2,baseline,-0.009480121249190399
2018-12-23,B2,baseline,0.028721732814559253
2018-12-24,B2,baseline,-0.015554335364686533
2018-12-25,B2,baseline,0.0021220342662877645
2018-12-26,B2,baseline,-0.004226103338840326
2018-12-27,B2,baseline,-0.0038803975769329258
2018-12-28,B2,baseline,-0.012421024041139761
2018-12-29,B2,baseline,0.01181715411583606
2018-12-30,B2,baseline,0.00639630897979826
2018-12-31,B2,baseline,-0.009413611055606785
2019-01-01,B2,baseline,0.011918804388450388
2019-01-02,B2,baseline,0.012894842849749066
2019-01-03,B2,baseline,0.007745640257708075
2019-01-04,B2,baseline,0.010889121674797497
2019-01-05,B2,baseline,-0.005924131658565757
2019-01-06,B2,baseline,0.0164324978139454
2019-01-07,B2,baseline,-0.007867530200211137
2019-01-08,B2,baseline,0.0011927570222709516
2019-01-09,B2,baseline,0.002140715281939487
2019-01-10,B2,baseline,-0.0033797397010748575
2019-01-11,B2,baseline,0.005158405428984381
2019-01-12,B2,baseline,-0.008947381509339158
2019-01-13,B2,baseline,0.013532153665094748
2019-01-14,B2,baseline,0.009009935900558652
2019-01-15,B2,baseline,-0.0012476930686443621
2019-01-16,B2,baseline,0.006952982911885286
2019-01-17,B2,baseline,0.01384117711602073
2019-01-18,B2,baseline,0.003563558821579438
2019-01-19,B2,baseline,0.003717944546171248
2019-01-20,B2,baseline,-0.00414066406518232
2019-01-21,B2,baseline,0.009869506142682338
2019-01-22,B2,baseline,0.005330530917544207
2019-01-23,B2,baseline,-0.01529689740180673
2019-01-24,B2,baseline,0.009919481541460495
2019-01-25,B2,baseline,-0.00640161716848453
2019-01-26,B2,baseline,-0.0005313913918267854
2019-01-27,B2,baseline,-8.469517824238881e-05
2019-01-28,B2,baseline,-0.009058615859940722
2019-01-29,B2,baseline,0.010706573167079236
2019-01-30,B2,baseline,-0.007130871441343611
2019-01-31,B2,baseline,-0.0033850524510530278
2019-02-01,B2,baseline,-0.0005308848553450263
2019-02-02,B2,baseline,-0.0037925156239806412
2019-02-03,B2,baseline,0.0030523245739342286
2019-02-04,B2,baseline,-0.0011986991214206766
2019-02-05,B2,baseline,-0.010978652742540174
2019-02-06,B2,baseline,0.008798206281752652
2019-02-07,B2,baseline,-0.0061060683578376684
2019-02-08,B2,baseline,-0.002626439244009293
2019-02-09,B2,baseline,-0.008696492655620114
2019-02-10,B2,baseline,-0.015599163385686121
2019-02-11,B2,baseline,-0.0019044407464705593
2019-02-12,B2,baseline,-0.008412576121165194
2019-02-13,B2,baseline,-0.0018551905899172327
2019-02-14,B2,baseline,0.0008555085674555318
2019-02-15,B2,baseline,-0.002760672739785086
2019-02-16,B2,baseline,0.025650066552465267
2019-02-17,B2,baseline,-0.026595826027642322
2019-02-18,B2,baseline,0.0024249517763110795
2019-02-19,B2,baseline,0.00916626161579881
2019-02-20,B2,baseline,0.0007515717285466739
2019-02-21,B2,baseline,0.0034755131855930266
2019-02-22,B2,baseline,0.0037402991772292893
2019-02-23,B2,baseline,0.001985892922707011
2019-02-24,B2,baseline,-0.011059577245096541
2019-02-25,B2,baseline,-0.03169441604619028
2019-02-26,B2,baseline,-0.0042919046860842025
2019-02-27,B2,baseline,-0.0204245158841031
2019-02-28,B2,baseline,0.001288082505079391
2019-03-01,B2,baseline,0.002800313073883176
2019-03-02,B2,baseline,-0.0016279777481632562
2019-03-03,B2,baseline,0.005113642886394265
2019-03-04,B2,baseline,0.0013027018280156177
2019-03-05,B2,baseline,0.001339779183420431
2019-03-06,B2,baseline,0.006893730270264076
2019-03-07,B2,baseline,-0.0057790619057315196
2019-03-08,B2,baseline,-0.04880094939214685
2019-03-09,B2,baseline,-0.0017181290046419662
2019-03-10,B2,baseline,-0.010374814872123994
2019-03-11,B2,baseline,0.038627406657823826
2019-03-12,B2,baseline,0.0017160945428591479
2019-03-13,B2,baseline,0.008208103410261458
2019-03-14,B2,baseline,0.004311669917280492
2019-03-15,B2,baseline,-0.006843788544772966
2019-03-16,B2,baseline,0.008194854936855123
2019-03-17,B2,baseline,0.0053944023646539385
2019-03-18,B2,baseline,-0.016028543951591256
2019-03-19,B2,baseline,-0.00623159731602696
2019-03-20,B2,baseline,0.014221695285974834
2019-03-21,B2,baseline,-0.011705258480785186
2019-03-22,B2,baseline,-0.003549955452992637
2019-03-23,B2,baseline,-0.004072661879776396
2019-03-24,B2,baseline,-0.001050980022397896
2019-03-25,B2,baseline,-0.013515370293508688
2019-03-26,B2,baseline,-0.01195759766854354
2019-03-27,B2,baseline,0.01211747781773842
2019-03-28,B2,baseline,0.012646779360111715
2019-03-29,B2,baseline,-0.005374635794505256
2019-03-30,B2,baseline,0.01932057412706567
2019-03-31,B2,baseline,0.004886923931759268
2019-04-01,B2,baseline,-0.0039915817300190115
2019-04-02,B2,baseline,0.028576261580346873
2019-04-03,B2,baseline,0.02149075070734252
2019-04-04,B2,baseline,-0.01714201138478011
2019-04-05,B2,baseline,0.010471486558079057
2019-04-06,B2,baseline,0.009065501331014136
2019-04-07,B2,baseline,0.006757105647784867
2019-04-08,B2,baseline,0.0028436339274200417
2019-04-09,B2,baseline,-0.03958993399303978
2019-04-10,B2,baseline,0.012744061873867008
2019-04-11,B2,baseline,-0.022617946071776807
2019-04-12,B2,baseline,-0.0040487959086423775
2019-04-13,B2,baseline,0.02066786983342772
2019-04-14,B2,baseline,-0.0012715182231529676
2019-04-15,B2,baseline,0.00103952528525042
2019-04-16,B2,baseline,0.0003009017878530251
2019-04-17,B2,baseline,-0.010870556417840072
2019-04-18,B2,baseline,0.013243489454544344
2019-04-19,B2,baseline,-0.0005758777543120042
2019-04-20,B2,baseline,-0.021200369930728158
2019-04-21,B2,baseline,0.004660344185410503
2019-04-22,B2,baseline,0.0048821179860174535
2019-04-23,B2,baseline,0.0026541992649464774
2019-04-24,B2,baseline,-0.02319580806008592
2019-04-25,B2,baseline,-0.003882192648180016
2019-04-26,B2,baseline,-0.005952623241257227
2019-04-27,B2,baseline,-0.003675067880880567
2019-04-28,B2,baseline,-0.004019959033429221
2019-04-29,B2,baseline,-0.005554174453131555
2019-04-30,B2,baseline,0.006744346854647532
2019-05-01,B2,baseline,0.0011465882651133796
2019-05-02,B2,baseline,-0.005982609381149695
2019-05-03,B2,baseline,0.01530702752397528
2019-05-04,B2,baseline,-0.004291120214877098
2019-05-05,B2,baseline,-0.012616342853904006
2019-05-06,B2,baseline,0.00011144638509996696
2019-05-07,B2,baseline,-0.02214715427559799
2019-05-08,B2,baseline,-0.004148245311213938
2019-05-09,B2,baseline,-0.017912103694195047
2019-05-10,B2,baseline,-0.003822398635170199
2019-05-11,B2,baseline,0.024189410321012295
2019-05-12,B2,baseline,-0.012717280796653685
2019-05-13,B2,baseline,-0.012420803402504066
2019-05-14,B2,baseline,-0.0027097389522129367
2019-05-15,B2,baseline,0.019656335832894722
2019-05-16,B2,baseline,0.021000172741846068
2019-05-17,B2,baseline,-0.029097147523239886
2019-05-18,B2,baseline,0.022876614512715054
2019-05-19,B2,baseline,0.0185285509357902
2019-05-20,B2,baseline,-0.008609267470718551
2019-05-21,B2,baseline,-0.004256450864767336
2019-05-22,B2,baseline,0.004341703409267428
2019-05-23,B2,baseline,0.003913652597649975
2019-05-24,B2,baseline,0.0007071819688619918
2019-05-25,B2,baseline,-0.0027352339341154552
2019-05-26,B2,baseline,0.012892578343435712
2019-05-27,B2,baseline,-0.015462297938828695
2019-05-28,B2,baseline,-0.017122714541602302
2019-05-29,B2,baseline,0.01957670064516992
2019-05-30,B2,baseline,-0.014367670199595284
2019-05-31,B2,baseline,0.003234771956900806
2019-06-01,B2,baseline,-0.035107042204423844
2019-06-02,B2,baseline,0.02465418662857144
2019-06-03,B2,baseline,-0.0436438149340832
2019-06-04,B2,baseline,0.0017016998780712278
2019-06-05,B2,baseline,0.017298707928900203
2019-06-06,B2,baseline,-0.006357182881287615
2019-06-07,B2,baseline,0.02891155269470791
2019-06-08,B2,baseline,-0.0017376866515569356
2019-06-09,B2,baseline,-0.030699017798905492
2019-06-10,B2,baseline,0.018439900398114828
2019-06-11,B2,baseline,-0.008390770180556784
2019-06-12,B2,baseline,0.006196529102566739
2019-06-13,B2,baseline,-0.009641250993890793
2019-06-14,B2,baseline,0.007513352680638796
2019-06-15,B2,baseline,0.01732365197559016
2019-06-16,B2,baseline,-0.019922091930909214
2019-06-17,B2,baseline,-0.00525793383143236
2019-06-18,B2,baseline,-0.00044388600723654914
2019-06-19,B2,baseline,0.003099429883494542
2019-06-20,B2,baseline,-0.011076580067530095
2019-06-21,B2,baseline,0.002661364084104001
2019-06-22,B2,baseline,-0.03728651621972101
2019-06-23,B2,baseline,0.026563629879762907
2019-06-24,B2,baseline,-0.005624556220245713
2019-06-25,B2,baseline,-0.028470180325821604
2019-06-26,B2,baseline,0.0029432823785870976
2019-06-27,B2,baseline,-0.010547937216762282
2019-06-28,B2,baseline,-0.0031631727780305763
2019-06-29,B2,baseline,0.014398441958115793
2019-06-30,B2,baseline,-0.011567148162747176
2019-07-01,B2,baseline,-0.007297269819435459
2019-07-02,B2,baseline,-0.012435238578114682
2019-07-03,B2,baseline,0.02831957068802793
2019-07-04,B2,baseline,-0.016743691154850526
2019-07-05,B2,baseline,-0.01822984926728055
2019-07-06,B2,baseline,0.007279618424786749
2019-07-07,B2,baseline,0.021965821036919353
2019-07-08,B2,baseline,-0.005994006915563288
2019-07-09,B2,baseline,-0.0024596452013940784
2019-07-10,B2,baseline,-0.0017043628716874037
2019-07-11,B2,baseline,-0.029156293557066948
2019-07-12,B2,baseline,0.002646574668969004
2019-07-13,B2,baseline,-0.0114042957315581
2019-07-14,B2,baseline,-0.017531267524820038
2019-07-15,B2,baseline,0.01043680534783964
2019-07-16,B2,baseline,-0.030712497298343466
2019-07-17,B2,baseline,0.0249658799639616
2019-07-18,B2,baseline,0.009588087771036147
2019-07-19,B2,baseline,0.011376857251635508
2019-07-20,B2,baseline,0.005855984167421724
2019-07-21,B2,baseline,0.008901380423538718
2019-07-22,B2,baseline,-0.010172966313328535
2019-07-23,B2,baseline,-0.004369780926212097
2019-07-24,B2,baseline,0.005824548235963789
2019-07-25,B2,baseline,6.0033095315548124e-05
2019-07-26,B2,baseline,-0.01753745956498265
2019-07-27,B2,baseline,-0.005937142585981436
2019-07-28,B2,baseline,0.007368709274281571
2019-07-29,B2,baseline,-0.01921162013487343
2019-07-30,B2,baseline,0.0038661529319037324
2019-07-31,B2,baseline,0.016589853299757706
2019-08-01,B2,baseline,0.013185865687673548
2019-08-02,B2,baseline,-0.0015529249017477431
2019-08-03,B2,baseline,0.009762414432629818
2019-08-04,B2,baseline,-0.006573022489920088
2019-08-05,B2,baseline,0.0015497470330396723
2019-08-06,B2,baseline,-0.001307879227748332
2019-08-07,B2,baseline,0.01802937523315351
2019-08-08,B2,baseline,0.004290634537169602
2019-08-09,B2,baseline,-0.007377121303004053
2019-08-10,B2,baseline,-0.002343529544841738
2019-08-11,B2,baseline,0.011500428549169328
2019-08-12,B2,baseline,-0.002659079359980665
2019-08-13,B2,baseline,-0.005421687052662216
2019-08-14,B2,baseline,-0.022114084662657296
2019-08-15,B2,baseline,0.0016429971601661375
2019-08-16,B2,baseline,-0.0003559605205891714
2019-08-17,B2,baseline,0.0013424859813946366
2019-08-18,B2,baseline,-2.2011361900498017e-05
2019-08-19,B2,baseline,-0.013805524621651188
2019-08-20,B2,baseline,0.0048983096901487055
2019-08-21,B2,baseline,-0.009416891428036256
2019-08-22,B2,baseline,0.016558920110360198
2019-08-23,B2,baseline,-0.0031943614560433486
2019-08-24,B2,baseline,-0.03183961590417195
2019-08-25,B2,baseline,0.010480602055900068
2019-08-26,B2,baseline,0.028336428226417798
2019-08-27,B2,baseline,-0.003469123297340393
2019-08-28,B2,baseline,-0.0036056307238855334
2019-08-29,B2,baseline,0.008598956996773932
2019-08-30,B2,baseline,-0.00027363791437884366
2019-08-31,B2,baseline,0.01988609329750468
2019-09-01,B2,baseline,0.018887245036828038
2019-09-02,B2,baseline,0.0015948169738697615
2019-09-03,B2,baseline,0.00032906287020950664
2019-09-04,B2,baseline,-0.006833416490882094
2019-09-05,B2,baseline,-0.004439735513535825
2019-09-06,B2,baseline,0.005604334908782427
2019-09-07,B2,baseline,-0.0014199140218726924
2019-09-08,B2,baseline,-0.006203763407085394
2019-09-09,B2,baseline,0.01117086851163851
2019-09-10,B2,baseline,-0.004627954718736782
2019-09-11,B2,baseline,0.02482256016876505
2019-09-12,B2,baseline,-0.008257206678813911
2019-09-13,B2,baseline,-0.0029742368560556898
2019-09-14,B2,baseline,0.0020580083162500262
2019-09-15,B2,baseline,-0.009386210546944995
2019-09-16,B2,baseline,-0.0009898642337856645
2019-09-17,B2,baseline,0.003053529271560995
2019-09-18,B2,baseline,0.008519724436716336
2019-09-19,B2,baseline,0.006385770493017251
2019-09-20,B2,baseline,-0.0011710864013182443
2019-09-21,B2,baseline,-0.0029474053529879862
2019-09-22,B2,baseline,-0.002504508368784797
2019-09-23,B2,baseline,0.002864403410337113
2019-09-24,B2,baseline,-0.028568059191238504
2019-09-25,B2,baseline,-0.021880829942520164
2019-09-26,B2,baseline,0.004607832652434807
2019-09-27,B2,baseline,0.007302008134858262
2019-09-28,B2,baseline,-0.005625196632341289
2019-09-29,B2,baseline,-0.0012392037035373615
2019-09-30,B2,baseline,-0.0009437788576778239
2019-10-01,B2,baseline,-0.0014021056013512334
2019-10-02,B2,baseline,-0.006946510234326797
2019-10-03,B2,baseline,-0.0007964566895577452
2019-10-04,B2,baseline,0.0069738809092552145
2019-10-05,B2,baseline,0.0022547042754175184
2019-10-06,B2,baseline,-0.005093463575437718
2019-10-07,B2,baseline,-0.0007064580622669903
2019-10-08,B2,baseline,-0.0055178035596208375
2019-10-09,B2,baseline,0.0005375213133500534
2019-10-10,B2,baseline,-0.006353324071457833
2019-10-11,B2,baseline,0.00418471925957431
2019-10-12,B2,baseline,0.004123875627757956
2019-10-13,B2,baseline,-0.007151088208344092
2019-10-14,B2,baseline,0.0014959518149597617
2019-10-15,B2,baseline,-0.014893339403386108
2019-10-16,B2,baseline,-0.009627843357154497
2019-10-17,B2,baseline,0.01853328169444013
2019-10-18,B2,baseline,0.00041852107766926494
2019-10-19,B2,baseline,-0.002722314021591843
2019-10-20,B2,baseline,0.002762328350857768
2019-10-21,B2,baseline,-0.003153161511478486
2019-10-22,B2,baseline,-0.0032067366008650122
2019-10-23,B2,baseline,-0.0012360222537375343
2019-10-24,B2,baseline,-0.00018707486039293286
2019-10-25,B2,baseline,0.019444286776242103
2019-10-26,B2,baseline,0.021648572833722124
2019-10-27,B2,baseline,0.010400220039115782
2019-10-28,B2,baseline,-0.0059059062021759035
2019-10-29,B2,baseline,-0.005046714467489388
2019-10-30,B2,baseline,0.010804199527412184
2019-10-31,B2,baseline,0.0043221536254201
2019-11-01,B2,baseline,0.015644150081082886
2019-11-02,B2,baseline,-0.012656122167964745
2019-11-03,B2,baseline,-0.008662470593514437
2019-11-04,B2,baseline,-0.007777478636936008
2019-11-05,B2,baseline,-0.003761192613436548
2019-11-06,B2,baseline,0.0013553808251283161
2019-11-07,B2,baseline,-0.0014633163204573751
2019-11-08,B2,baseline,0.0008521999456732043
2019-11-09,B2,baseline,-0.005722113513284999
2019-11-10,B2,baseline,0.00869027922372223
2019-11-11,B2,baseline,-0.010861343135471269
2019-11-12,B2,baseline,-0.001981870515060491
2019-11-13,B2,baseline,0.05527361468474856
2019-11-14,B2,baseline,0.010798056877488138
2019-11-15,B2,baseline,-0.012543793076421395
2019-11-16,B2,baseline,0.002018563469997181
2019-11-17,B2,baseline,-0.004197863360773546
2019-11-18,B2,baseline,0.0053957378911639875
2019-11-19,B2,baseline,-0.0037467360458011134
2019-11-20,B2,baseline,0.0015462035612141545
2019-11-21,B2,baseline,-0.015897051329639367
2019-11-22,B2,baseline,-0.010953556115906649
2019-11-23,B2,baseline,-0.009708076072144078
2019-11-24,B2,baseline,0.012921533666210294
2019-11-25,B2,baseline,0.0018843627483209335
2019-11-26,B2,baseline,0.0015766563355230634
2019-11-27,B2,baseline,0.0022340206894408965
2019-11-28,B2,baseline,-0.008544723405150778
2019-11-29,B2,baseline,0.021341080865443285
2019-11-30,B2,baseline,-0.02008079535079088
2019-12-01,B2,baseline,-0.005776723939198591
2019-12-02,B2,baseline,0.00033065243530527866
2019-12-03,B2,baseline,-0.003750379142737237
2019-12-04,B2,baseline,-0.00853024275126446
2019-12-05,B2,baseline,0.006367930129733912
2019-12-06,B2,baseline,-0.0031515554129275536
2019-12-07,B2,baseline,-0.004301448521088935
2019-12-08,B2,baseline,0.010212272746420226
2019-12-09,B2,baseline,-0.00963360064097607
2019-12-10,B2,baseline,0.010170979455709661
2019-12-11,B2,baseline,-0.0041075932264083015
2019-12-12,B2,baseline,0.00467598229646482
2019-12-13,B2,baseline,0.010649024099333326
2019-12-14,B2,baseline,-0.007134456311530646
2019-12-15,B2,baseline,-0.004785886146348117
2019-12-16,B2,baseline,-0.008622544687187594
2019-12-17,B2,baseline,-0.01245977032737533
2019-12-18,B2,baseline,0.009717378139736388
2019-12-19,B2,baseline,-0.01046093464432818
2019-12-20,B2,baseline,0.0074515892618336466
2019-12-21,B2,baseline,-0.0026290705888519783
2019-12-22,B2,baseline,-0.00025094322073171416
2019-12-23,B2,baseline,-0.009645271529735266
2019-12-24,B2,baseline,0.01987486851349307
2019-12-25,B2,baseline,-0.007801921213178686
2019-12-26,B2,baseline,-0.01316626613675198
2019-12-27,B2,baseline,-0.006725856930020813
2019-12-28,B2,baseline,-0.007508282823828982
2019-12-29,B2,baseline,0.007073281366315909
2019-12-30,B2,baseline,-0.006419163977145481
2019-12-31,B2,baseline,-0.006730783185173395
2020-01-01,B2,baseline,0.0030644664803713972
2020-01-02,B2,baseline,-0.011095438634522892
2020-01-03,B2,baseline,0.01771149215515866
2020-01-04,B2,baseline,0.004633373650215544
2020-01-05,B2,baseline,-0.003695411146919292
2020-01-06,B2,baseline,0.001937463874397416
2020-01-07,B2,baseline,-0.0031355112180861955
2020-01-08,B2,baseline,-0.004294990887679262
2020-01-09,B2,baseline,0.0027485870445593807
2020-01-10,B2,baseline,-0.002960362251930304
2020-01-11,B2,baseline,-0.0015592230351039182
2020-01-12,B2,baseline,0.0003159447021827688
2020-01-13,B2,baseline,0.009007212817444543
2020-01-14,B2,baseline,-3.4564231906175635e-05
2020-01-15,B2,baseline,0.008505702013138272
2020-01-16,B2,baseline,-0.0028914673766855525
2020-01-17,B2,baseline,0.00225656930946716
2020-01-18,B2,baseline,0.0016392408103877987
2020-01-19,B2,baseline,0.001313405642938248
2020-01-20,B2,baseline,0.0029024928252388005
2020-01-21,B2,baseline,0.00891352227796971
2020-01-22,B2,baseline,-0.00795172190772575
2020-01-23,B2,baseline,-0.0069878480769268725
2020-01-24,B2,baseline,0.01947865946022742
2020-01-25,B2,baseline,-0.0034301209026642576
2020-01-26,B2,baseline,0.010490356528271017
2020-01-27,B2,baseline,-0.0009818283548675977
2020-01-28,B2,baseline,0.0037216403729336545
2020-01-29,B2,baseline,0.0020408129497926364
2020-01-30,B2,baseline,0.000846450260644005
2020-01-31,B2,baseline,-0.0008475376247959465
2020-02-01,B2,baseline,-0.019701220087680382
2020-02-02,B2,baseline,-0.004167195855302563
2020-02-03,B2,baseline,-0.0014700052589091683
2020-02-04,B2,baseline,-0.011879063480342622
2020-02-05,B2,baseline,0.014309064603355237
2020-02-06,B2,baseline,0.004999234014177123
2020-02-07,B2,baseline,0.00808938274826021
2020-02-08,B2,baseline,0.020169017448971926
2020-02-09,B2,baseline,-0.018927432207076378
2020-02-10,B2,baseline,0.0041316280024852325
2020-02-11,B2,baseline,-0.0045130906366754875
2020-02-12,B2,baseline,0.004624624821318868
2020-02-13,B2,baseline,-0.012670413164272643
2020-02-14,B2,baseline,0.01241822862425157
2020-02-15,B2,baseline,-0.012631565630859432
2020-02-16,B2,baseline,0.00785737964804567
2020-02-17,B2,baseline,0.004435275303756425
2020-02-18,B2,baseline,0.0001285641944792637
2020-02-19,B2,baseline,-0.01728257813824785
2020-02-20,B2,baseline,0.003754819981569568
2020-02-21,B2,baseline,0.004928988737622042
2020-02-22,B2,baseline,-0.006761843771746712
2020-02-23,B2,baseline,0.021551122517110555
2020-02-24,B2,baseline,-0.005369053728776496
2020-02-25,B2,baseline,-0.016163736923369032
2020-02-26,B2,baseline,-0.006825141803488144
2020-02-27,B2,baseline,0.006247340740975105
2020-02-28,B2,baseline,-0.006149950738304155
2020-02-29,B2,baseline,0.001495416361000812
2020-03-01,B2,baseline,0.005766305662322502
2020-03-02,B2,baseline,0.007970596161264831
2020-03-03,B2,baseline,-0.003963095930725302
2020-03-04,B2,baseline,-0.004744470243855048
2020-03-05,B2,baseline,-0.0042177702581007726
2020-03-06,B2,baseline,0.007893697086930329
2020-03-07,B2,baseline,0.0018101891687034577
2020-03-08,B2,baseline,-0.007450977268943282
2020-03-09,B2,baseline,-0.01031742780347078
2020-03-10,B2,baseline,0.0036580659215583733
2020-03-11,B2,baseline,-0.015457152947655373
2020-03-12,B2,baseline,-0.026299985543534077
2020-03-13,B2,baseline,-1.9528041837468813e-05
2020-03-14,B2,baseline,-0.0016053904953202691
2020-03-15,B2,baseline,-0.010538939879950915
2020-03-16,B2,baseline,0.0034947251307220206
2020-03-17,B2,baseline,-0.010722770306065943
2020-03-18,B2,baseline,-0.010271938053036833
2020-03-19,B2,baseline,-0.022030508044278863
2020-03-20,B2,baseline,0.028986779193801437
2020-03-21,B2,baseline,-0.003049257791787441
2020-03-22,B2,baseline,-0.0006377474562458962
2020-03-23,B2,baseline,0.0021415711655035086
2020-03-24,B2,baseline,-2.6100154511765616e-05
2020-03-25,B2,baseline,-0.013997977760088043
2020-03-26,B2,baseline,0.009525935604455693
2020-03-27,B2,baseline,-0.0017891763294191065
2020-03-28,B2,baseline,-0.00648669442395422
2020-03-29,B2,baseline,-0.009898845617211216
2020-03-30,B2,baseline,0.00218755350245603
2020-03-31,B2,baseline,-0.002241435853495677
2020-04-01,B2,baseline,0.004967812878961642
2020-04-02,B2,baseline,-0.002779464661669784
2020-04-03,B2,baseline,-0.0017573958554240043
2020-04-04,B2,baseline,-0.0039035423053097595
2020-04-05,B2,baseline,0.004595611689344414
2020-04-06,B2,baseline,0.010656277318739749
2020-04-07,B2,baseline,0.042615871347978285
2020-04-08,B2,baseline,-0.0500771279748039
2020-04-09,B2,baseline,0.02343005551101962
2020-04-10,B2,baseline,-0.013366766631031757
2020-04-11,B2,baseline,0.01591427682402813
2020-04-12,B2,baseline,0.0017394129387475754
2020-04-13,B2,baseline,0.15501383787538958
2020-04-14,B2,baseline,-0.0036059661499495688
2020-04-15,B2,baseline,-0.004400746533092859
2020-04-16,B2,baseline,0.014203322421540099
2020-04-17,B2,baseline,0.005132789214387534
2020-04-18,B2,baseline,-0.018011567492768
2020-04-19,B2,baseline,-0.001046747119014979
2020-04-20,B2,baseline,0.09628929789885254
2020-04-21,B2,baseline,0.08862905015694289
2020-04-22,B2,baseline,0.02606383881774521
2020-04-23,B2,baseline,-0.06384303266526381
2020-04-24,B2,baseline,0.337993929684574
2020-04-25,B2,baseline,-0.02180299477985892
2020-04-26,B2,baseline,0.013702685773699264
2020-04-27,B2,baseline,0.01438577929426721
2020-04-28,B2,baseline,0.012261597099383792
2020-04-29,B2,baseline,0.012406851697263965
2020-04-30,B2,baseline,0.009310468459824639
2020-05-01,B2,baseline,-0.009651813377400842
2020-05-02,B2,baseline,0.02077983703175268
2020-05-03,B2,baseline,0.013696346335294596
2020-05-04,B2,baseline,-0.011395542109283063
2020-05-05,B2,baseline,0.016727578405649535
2020-05-06,B2,baseline,0.022895119094976435
2020-05-07,B2,baseline,0.1185353600448864
2020-05-08,B2,baseline,-0.061639178360836655
2020-05-09,B2,baseline,0.00409201903189782
2020-05-10,B2,baseline,-0.026767262516227408
2020-05-11,B2,baseline,-0.011047048486437117
2020-05-12,B2,baseline,0.027246649447829396
2020-05-13,B2,baseline,0.012747079075207779
2020-05-14,B2,baseline,0.027152199046866166
2020-05-15,B2,baseline,-0.008029129010608371
2020-05-16,B2,baseline,-0.0019195961714035814
2020-05-17,B2,baseline,0.0029716358966682677
2020-05-18,B2,baseline,-0.011228654674370286
2020-05-19,B2,baseline,0.01943911187349312
2020-05-20,B2,baseline,-0.02189830307889995
2020-05-21,B2,baseline,0.0017805682230931374
2020-05-22,B2,baseline,0.009309651804858987
2020-05-23,B2,baseline,0.009956784477642033
2020-05-24,B2,baseline,0.004903213304013887
2020-05-25,B2,baseline,-0.017824474360844778
2020-05-26,B2,baseline,0.0037132567186872745
2020-05-27,B2,baseline,0.001622787622955757
2020-05-28,B2,baseline,0.008165916365627579
2020-05-29,B2,baseline,-0.004787635936661205
2020-05-30,B2,baseline,0.005800869601244818
2020-05-31,B2,baseline,-0.015500581637452937
2020-06-01,B2,baseline,-0.00562934491147371
2020-06-02,B2,baseline,-0.01495040122290825
2020-06-03,B2,baseline,-0.005686271572256429
2020-06-04,B2,baseline,-0.0033546924366514297
2020-06-05,B2,baseline,0.0006356821955164627
2020-06-06,B2,baseline,0.00018221087777492428
2020-06-07,B2,baseline,-0.017864994436302517
2020-06-08,B2,baseline,0.009563146915629428
2020-06-09,B2,baseline,-0.020876220075428775
2020-06-10,B2,baseline,-0.02027519938438027
2020-06-11,B2,baseline,0.033587187128557794
2020-06-12,B2,baseline,-0.01650481855654673
2020-06-13,B2,baseline,0.014641673866401472
2020-06-14,B2,baseline,0.0018153114816203963
2020-06-15,B2,baseline,0.010357106120616022
2020-06-16,B2,baseline,-0.004053489222393569
2020-06-17,B2,baseline,-0.011775943954179469
2020-06-18,B2,baseline,-0.013548667564420525
2020-06-19,B2,baseline,-0.0022720749950748687
2020-06-20,B2,baseline,-0.004202701485085947
2020-06-21,B2,baseline,-0.014325353211076308
2020-06-22,B2,baseline,0.009543527153513587
2020-06-23,B2,baseline,0.0042350386551246455
2020-06-24,B2,baseline,0.009393732134014066
2020-06-25,B2,baseline,-0.0053080130364225875
2020-06-26,B2,baseline,-0.02095537210297238
2020-06-27,B2,baseline,0.0073879804610239574
2020-06-28,B2,baseline,0.012300941260357412
2020-06-29,B2,baseline,-0.004504917863598745
2020-06-30,B2,baseline,-0.0035182887891410664
2020-07-01,B2,baseline,0.005660613924719948
2020-07-02,B2,baseline,-0.008442162208457948
2020-07-03,B2,baseline,-0.02751518878077852
2020-07-04,B2,baseline,-0.013527601599108707
2020-07-05,B2,baseline,-0.015267604822644332
2020-07-06,B2,baseline,-0.013443491724504542
2020-07-07,B2,baseline,-0.010863514402681185
2020-07-08,B2,baseline,-0.004817764304609229
2020-07-09,B2,baseline,-0.0002928596321696286
2020-07-10,B2,baseline,0.005067116191183274
2020-07-11,B2,baseline,-0.031039419549067526
2020-07-12,B2,baseline,0.013050668405347077
2020-07-13,B2,baseline,-0.07115321399947716
2020-07-14,B2,baseline,0.0020929291378191106
2020-07-15,B2,baseline,-0.00521344552310643
2020-07-16,B2,baseline,-0.01616810412748726
2020-07-17,B2,baseline,-0.029885652856705303
2020-07-18,B2,baseline,-0.001517174897137652
2020-07-19,B2,baseline,-0.00340383429574187
2020-07-20,B2,baseline,0.008942731809663096
2020-07-21,B2,baseline,0.008253117509321894
2020-07-22,B2,baseline,0.041040370701103335
2020-07-23,B2,baseline,0.015300011863718321
2020-07-24,B2,baseline,0.011972212567575635
2020-07-25,B2,baseline,0.01394945141418491
2020-07-26,B2,baseline,0.004817551189733926
2020-07-27,B2,baseline,0.0006611031716139415
2020-07-28,B2,baseline,-0.008989529761671
2020-07-29,B2,baseline,-0.0019404933221934817
2020-07-30,B2,baseline,0.013191174758029334
2020-07-31,B2,baseline,0.010867322001158586
2020-08-01,B2,baseline,0.011169594974991037
2020-08-02,B2,baseline,-0.014577341053295667
2020-08-03,B2,baseline,0.0031419366122007464
2020-08-04,B2,baseline,-0.001414164984499089
2020-08-05,B2,baseline,0.003867129672989744
2020-08-06,B2,baseline,0.0009833157603345022
2020-08-07,B2,baseline,0.00035406826443518113
2020-08-08,B2,baseline,0.016042721152886852
2020-08-09,B2,baseline,0.01467956187579511
2020-08-10,B2,baseline,0.016390141730012964
2020-08-11,B2,baseline,0.004039486923699931
2020-08-12,B2,baseline,0.0033489031123694613
2020-08-13,B2,baseline,0.024767970753696966
2020-08-14,B2,baseline,-0.015357392615061083
2020-08-15,B2,baseline,0.03380602972311286
2020-08-16,B2,baseline,-0.015276816058227616
2020-08-17,B2,baseline,0.0005451521806656423
2020-08-18,B2,baseline,0.0037515022084755323
2020-08-19,B2,baseline,0.008218571359819293
2020-08-20,B2,baseline,-0.07041527399877845
2020-08-21,B2,baseline,0.009576115185298217
2020-08-22,B2,baseline,-0.01669246356454035
2020-08-23,B2,baseline,0.0019523473296316762
2020-08-24,B2,baseline,0.026104168118623372
2020-08-25,B2,baseline,0.008470143193586521
2020-08-26,B2,baseline,0.010300100001709112
2020-08-27,B2,baseline,-0.0028320746363575955
2020-08-28,B2,baseline,-0.008547701840987854
2020-08-29,B2,baseline,6.305439678722102e-05
2020-08-30,B2,baseline,0.005548119367857707
2020-08-31,B2,baseline,0.021970091614721632
2020-09-01,B2,baseline,0.008831852035156018
2020-09-02,B2,baseline,-0.0007090368311346573
2020-09-03,B2,baseline,-0.015181234944589783
2020-09-04,B2,baseline,0.0017554508852402062
2020-09-05,B2,baseline,-0.01685203686944603
2020-09-06,B2,baseline,0.0075836290415263186
2020-09-07,B2,baseline,0.007655762646025632
2020-09-08,B2,baseline,-4.055274539149778e-05
2020-09-09,B2,baseline,0.0033240779668679554
2020-09-10,B2,baseline,0.014480159839814544
2020-09-11,B2,baseline,-0.007961295681216174
2020-09-12,B2,baseline,-0.01822402206031437
2020-09-13,B2,baseline,-0.017548703629204243
2020-09-14,B2,baseline,0.03744833571630646
2020-09-15,B2,baseline,0.005059691528958465
2020-09-16,B2,baseline,0.00016796053529932742
2020-09-17,B2,baseline,-0.0037336729934746016
2020-09-18,B2,baseline,-0.006867289731858017
2020-09-19,B2,baseline,0.00786460090798502
2020-09-20,B2,baseline,-0.009516363066649935
2020-09-21,B2,baseline,-0.0009324574145562758
2020-09-22,B2,baseline,-0.0013386024444550504
2020-09-23,B2,baseline,-0.0005902495409569886
2020-09-24,B2,baseline,0.01716187241699929
2020-09-25,B2,baseline,-0.0016744715511101127
2020-09-26,B2,baseline,-0.0049220279312993664
2020-09-27,B2,baseline,0.013747169113393243
2020-09-28,B2,baseline,0.009181933531486663
2020-09-29,B2,baseline,-0.012570506332393205
2020-09-30,B2,baseline,-0.010776432154824378
2020-10-01,B2,baseline,0.011117030064720756
2020-10-02,B2,baseline,0.0069328715087189074
2020-10-03,B2,baseline,0.003010469660202908
2020-10-04,B2,baseline,-0.003017451600181409
2020-10-05,B2,baseline,0.003461266169592525
2020-10-06,B2,baseline,-0.004203776235826906
2020-10-07,B2,baseline,-0.004060594624417435
2020-10-08,B2,baseline,-0.0026591888686934295
2020-10-09,B2,baseline,0.0017845277232240164
2020-10-10,B2,baseline,-0.0017247425580699804
2020-10-11,B2,baseline,0.008842005446319634
2020-10-12,B2,baseline,-0.006583979937217488
2020-10-13,B2,baseline,-0.007149532986711282
2020-10-14,B2,baseline,-0.013233192860348741
2020-10-15,B2,baseline,-0.009996075377741609
2020-10-16,B2,baseline,0.0014356791382861278
2020-10-17,B2,baseline,-0.0020344302488264354
2020-10-18,B2,baseline,-0.004325998249598562
2020-10-19,B2,baseline,-0.010665395087526841
2020-10-20,B2,baseline,-0.010683325936583166
2020-10-21,B2,baseline,0.007148373762914995
2020-10-22,B2,baseline,0.00179847437066738
2020-10-23,B2,baseline,-0.011679922062335035
2020-10-24,B2,baseline,-0.00041125520972917773
2020-10-25,B2,baseline,-0.0017734155598937429
2020-10-26,B2,baseline,-0.005672271842586563
2020-10-27,B2,baseline,0.010532038193849624
2020-10-28,B2,baseline,0.0005812697304048431
2020-10-29,B2,baseline,0.0008620420059082257
2020-10-30,B2,baseline,-0.013564192535007735
2020-10-31,B2,baseline,0.0035458496163593978
2020-11-01,B2,baseline,-0.03178032590814184
2020-11-02,B2,baseline,0.014422730989787746
2020-11-03,B2,baseline,-0.008358363925383694
2020-11-04,B2,baseline,0.012590768921447948
2020-11-05,B2,baseline,-0.008335510889536657
2020-11-06,B2,baseline,0.013994213756362006
2020-11-07,B2,baseline,0.007304714276355373
2020-11-08,B2,baseline,0.0014778389063627717
2020-11-09,B2,baseline,0.005686228712715957
2020-11-10,B2,baseline,-0.009782691028570545
2020-11-11,B2,baseline,-0.023553884053126306
2020-11-12,B2,baseline,-0.020400923033585316
2020-11-13,B2,baseline,0.0015100799797556075
2020-11-14,B2,baseline,-0.011630660398863069
2020-11-15,B2,baseline,-0.01180125931303444
2020-11-16,B2,baseline,0.0494109428131142
2020-11-17,B2,baseline,-0.0010439974991293122
2020-11-18,B2,baseline,-0.010725107839359205
2020-11-19,B2,baseline,0.02210237254009173
2020-11-20,B2,baseline,0.010812232928113286
2020-11-21,B2,baseline,0.0056662345694682426
2020-11-22,B2,baseline,-0.02272724705344653
2020-11-23,B2,baseline,0.004016884485406047
2020-11-24,B2,baseline,0.02508324786310312
2020-11-25,B2,baseline,-0.008495540413677616
2020-11-26,B2,baseline,-0.005666198620137175
2020-11-27,B2,baseline,-0.006054085053413094
2020-11-28,B2,baseline,-0.005702590196746682
2020-11-29,B2,baseline,-0.011202973792189264
2020-11-30,B2,baseline,0.008299360335219053
2020-12-01,B2,baseline,0.0023108929654711563
2020-12-02,B2,baseline,0.0009389734789848614
2020-12-03,B2,baseline,-0.020806353098140273
2020-12-04,B2,baseline,0.021448381874316524
2020-12-05,B2,baseline,-0.02071964751589661
2020-12-06,B2,baseline,0.01014192841709205
2020-12-07,B2,baseline,-0.0055997131134437605
2020-12-08,B2,baseline,-0.005452540761776592
2020-12-09,B2,baseline,-0.006482277653666824
2020-12-10,B2,baseline,0.0015895629068467532
2020-12-11,B2,baseline,-0.005475913902095231
2020-12-12,B2,baseline,0.0018104013437594269
2020-12-13,B2,baseline,-0.005840886080900609
2020-12-14,B2,baseline,0.0052267567173562846
2020-12-15,B2,baseline,-0.016481742439210967
2020-12-16,B2,baseline,0.013824608231521873
2020-12-17,B2,baseline,-0.0031905297466309213
2020-12-18,B2,baseline,-0.020262973085721336
2020-12-19,B2,baseline,-0.011680904957157345
2020-12-20,B2,baseline,0.034212607356880476
2020-12-21,B2,baseline,-0.024878148649731147
2020-12-22,B2,baseline,-0.0006503219773211777
2020-12-23,B2,baseline,-0.011618102976036382
2020-12-24,B2,baseline,0.019576633227009532
2020-12-25,B2,baseline,0.0031877505855906207
2020-12-26,B2,baseline,0.0031790073509232464
2020-12-27,B2,baseline,0.01241944433039266
2020-12-28,B2,baseline,-0.0023889361665521136
2020-12-29,B2,baseline,-0.008402618414409257
2020-12-30,B2,baseline,0.007322213662029897
2020-12-31,B2,baseline,-0.0027193013515073305
2021-01-01,B2,baseline,0.0019755648036954288
2021-01-02,B2,baseline,-0.02931856231570429
2021-01-03,B2,baseline,0.0030559701239500914
2021-01-04,B2,baseline,-0.020136427586376904
2021-01-05,B2,baseline,-0.021107957083540407
2021-01-06,B2,baseline,0.009452329492122935
2021-01-07,B2,baseline,-0.02515651294878607
2021-01-08,B2,baseline,0.006376977974281051
2021-01-09,B2,baseline,0.07871739458011273
2021-01-10,B2,baseline,0.012304767588609211
2021-01-11,B2,baseline,-0.03724172215194199
2021-01-12,B2,baseline,0.004180648488199212
2021-01-13,B2,baseline,0.053674358900125174
2021-01-14,B2,baseline,0.06405148816517792
2021-01-15,B2,baseline,0.06549509511974505
2021-01-16,B2,baseline,0.038868676624561393
2021-01-17,B2,baseline,-0.038428968003163866
2021-01-18,B2,baseline,-0.010146744318550116
2021-01-19,B2,baseline,0.014512320203710738
2021-01-20,B2,baseline,-0.020115036735784297
2021-01-21,B2,baseline,-0.032858134973432485
2021-01-22,B2,baseline,-0.005451321055951142
2021-01-23,B2,baseline,0.04376974970122438
2021-01-24,B2,baseline,0.007769453857074504
2021-01-25,B2,baseline,-0.02188135203123709
2021-01-26,B2,baseline,0.0363426059140628
2021-01-27,B2,baseline,-0.017285204484349226
2021-01-28,B2,baseline,-0.03332542367527924
2021-01-29,B2,baseline,0.006647487891162207
2021-01-30,B2,baseline,0.09489477192516538
2021-01-31,B2,baseline,-0.03506169278446991
2021-02-01,B2,baseline,0.0034605612380389505
2021-02-02,B2,baseline,0.057664938309570646
2021-02-03,B2,baseline,-0.019231247852659616
2021-02-04,B2,baseline,-0.05820184378780702
2021-02-05,B2,baseline,0.0791158896698867
2021-02-06,B2,baseline,-0.0493346355901636
2021-02-07,B2,baseline,-0.08756559697527633
2021-02-08,B2,baseline,0.09241938359593616
2021-02-09,B2,baseline,0.11985267664571886
2021-02-10,B2,baseline,-0.03193303750411247
2021-02-11,B2,baseline,0.09550397409068401
2021-02-12,B2,baseline,0.031707449831064105
2021-02-13,B2,baseline,0.029965758196186076
2021-02-14,B2,baseline,-0.028968679847710566
2021-02-15,B2,baseline,-0.019656455618419555
2021-02-16,B2,baseline,0.05337640649354647
2021-02-17,B2,baseline,0.026485612518939883
2021-02-18,B2,baseline,-0.0146057023724242
2021-02-19,B2,baseline,0.055175258154768425
2021-02-20,B2,baseline,0.06551790749983222
2021-02-21,B2,baseline,0.066807628324973
2021-02-22,B2,baseline,-0.024907565414043042
2021-02-23,B2,baseline,-0.017817803400270282
2021-02-24,B2,baseline,0.04542060595781838
2021-02-25,B2,baseline,-0.020809385556432858
2021-02-26,B2,baseline,-0.01648720392391334
2021-02-27,B2,baseline,-0.00624154120682896
2021-02-28,B2,baseline,-0.025277104606238332
2021-03-01,B2,baseline,0.05237207497198004
2021-03-02,B2,baseline,-0.020547760196378606
2021-03-03,B2,baseline,-0.01607520779349325
2021-03-04,B2,baseline,-0.03312980592546455
2021-03-05,B2,baseline,0.01683618503821438
2021-03-06,B2,baseline,-0.005589058014171422
2021-03-07,B2,baseline,-0.019567127339965573
2021-03-08,B2,baseline,-0.07528732350115319
2021-03-09,B2,baseline,0.0435049931987872
2021-03-10,B2,baseline,0.04131411953043673
2021-03-11,B2,baseline,-0.020277492410458953
2021-03-12,B2,baseline,-0.1771964818479499
2021-03-13,B2,baseline,0.08058871085843422
2021-03-14,B2,baseline,-0.014923020635721373
2021-03-15,B2,baseline,-0.056896183614375206
2021-03-16,B2,baseline,0.07714914162862585
2021-03-17,B2,baseline,0.041541791942514505
2021-03-18,B2,baseline,0.004322405004465901
2021-03-19,B2,baseline,0.08579783957568354
2021-03-20,B2,baseline,0.08114749259139886
2021-03-21,B2,baseline,0.15993295648307226
2021-03-22,B2,baseline,0.03469706851252763
2021-03-23,B2,baseline,0.15511245701196907
2021-03-24,B2,baseline,0.3411850649156525
2021-03-25,B2,baseline,0.024207722871203208
2021-03-26,B2,baseline,0.0202401254504887
2021-03-27,B2,baseline,-0.020652246408681907
2021-03-28,B2,baseline,-0.029439846500030287
2021-03-29,B2,baseline,0.04750711768972948
2021-03-30,B2,baseline,-0.0030663265609658374
2021-03-31,B2,baseline,0.0012815345395367217
2021-04-01,B2,baseline,0.002595596991049165
2021-04-02,B2,baseline,-0.015263335004261247
2021-04-03,B2,baseline,0.06783619337000002
2021-04-04,B2,baseline,-0.00035290762366713135
2021-04-05,B2,baseline,-0.01862812018390725
2021-04-06,B2,baseline,-0.004632417163010882
2021-04-07,B2,baseline,-0.01839347852904638
2021-04-08,B2,baseline,-0.0004249411760872679
2021-04-09,B2,baseline,-0.023559645069754498
2021-04-10,B2,baseline,-0.12170727485230037
2021-04-11,B2,baseline,-0.10771509352557107
2021-04-12,B2,baseline,-0.014528377766025113
2021-04-13,B2,baseline,0.015489043751828246
2021-04-14,B2,baseline,-0.05993359207369975
2021-04-15,B2,baseline,-0.10802526779242372
2021-04-16,B2,baseline,-0.13042277357423482
2021-04-17,B2,baseline,0.0461468370978686
2021-04-18,B2,baseline,-0.06876414050610191
2021-04-19,B2,baseline,-0.06107105645302979
2021-04-20,B2,baseline,0.037598829668618716
2021-04-21,B2,baseline,0.0019038260071853053
2021-04-22,B2,baseline,0.03541261077542046
2021-04-23,B2,baseline,-0.008172753959847068
2021-04-24,B2,baseline,0.002852194179462142
2021-04-25,B2,baseline,0.029009788600743436
2021-04-26,B2,baseline,0.04800788927764654
2021-04-27,B2,baseline,0.00544288605527643
2021-04-28,B2,baseline,-0.03566529153362019
2021-04-29,B2,baseline,0.005211347459373128
2021-04-30,B2,baseline,-0.02311223502745774
2021-05-01,B2,baseline,-0.05543958014242567
2021-05-02,B2,baseline,0.0065587442293040255
2021-05-03,B2,baseline,-0.048675057731051075
2021-05-04,B2,baseline,-0.1382501405078348
2021-05-05,B2,baseline,-0.08554199398730788
2021-05-06,B2,baseline,0.008152800051509645
2021-05-07,B2,baseline,-0.08919324569451481
2021-05-08,B2,baseline,0.00021274118713487944
2021-05-09,B2,baseline,-0.039862982309482486
2021-05-10,B2,baseline,-0.007128960840570908
2021-05-11,B2,baseline,0.02321855855158117
2021-05-12,B2,baseline,0.2360759873044933
2021-05-13,B2,baseline,-0.0508797250362627
2021-05-14,B2,baseline,-0.042027162769331716
2021-05-15,B2,baseline,0.053685399940421874
2021-05-16,B2,baseline,-0.03661411244739843
2021-05-17,B2,baseline,0.04296396235365263
2021-05-18,B2,baseline,0.039464875894180684
2021-05-19,B2,baseline,0.07719303786844822
2021-05-20,B2,baseline,-0.05916999640025822
2021-05-21,B2,baseline,0.02175997904069682
2021-05-22,B2,baseline,0.006647702962576885
2021-05-23,B2,baseline,0.10029519179047952
2021-05-24,B2,baseline,-0.08405715522737134
2021-05-25,B2,baseline,0.03720361636534841
2021-05-26,B2,baseline,-0.004660518123312585
2021-05-27,B2,baseline,0.004236337673585888
2021-05-28,B2,baseline,0.007705068186342201
2021-05-29,B2,baseline,0.0015304141012475458
2021-05-30,B2,baseline,-0.0104667474954937
2021-05-31,B2,baseline,0.002366579851276196
2021-06-01,B2,baseline,0.07264643432639306
2021-06-02,B2,baseline,-0.09510092848481766
2021-06-03,B2,baseline,-0.009122140294722358
2021-06-04,B2,baseline,0.020109656105028018
2021-06-05,B2,baseline,-0.0023211111971438436
2021-06-06,B2,baseline,0.027271092729799662
2021-06-07,B2,baseline,-0.0022978435082205984
2021-06-08,B2,baseline,-0.011243362855976047
2021-06-09,B2,baseline,-0.007485171717971029
2021-06-10,B2,baseline,-0.007317978397989422
2021-06-11,B2,baseline,-0.008573186967427149
2021-06-12,B2,baseline,-0.003466186754372269
2021-06-13,B2,baseline,0.031502284416889736
2021-06-14,B2,baseline,-0.0229991703933502
2021-06-15,B2,baseline,-0.014365529589130954
2021-06-16,B2,baseline,-0.007970638249727435
2021-06-17,B2,baseline,-0.00843977976979382
2021-06-18,B2,baseline,0.009581274401794682
2021-06-19,B2,baseline,0.02625787524267076
2021-06-20,B2,baseline,-0.006831376687831736
2021-06-21,B2,baseline,-0.01609427169705968
2021-06-22,B2,baseline,-0.005489254031416424
2021-06-23,B2,baseline,0.0048178555868871875
2021-06-24,B2,baseline,0.010040145040791426
2021-06-25,B2,baseline,0.0069535122506863
2021-06-26,B2,baseline,-0.010730548676724294
2021-06-27,B2,baseline,0.011940201185046018
2021-06-28,B2,baseline,0.045751607531820726
2021-06-29,B2,baseline,0.001132004959844446
2021-06-30,B2,baseline,-0.02875954909021894
2021-07-01,B2,baseline,0.02421884375037786
2021-07-02,B2,baseline,-0.017799863158034168
2021-07-03,B2,baseline,0.007659238537053081
2021-07-04,B2,baseline,-0.00017141176031365557
2021-07-05,B2,baseline,-0.006139957448364153
2021-07-06,B2,baseline,0.021144018423132627
2021-07-07,B2,baseline,-0.012543651076717954
2021-07-08,B2,baseline,0.00933825969485147
2021-07-09,B2,baseline,0.0038895925712774115
2021-07-10,B2,baseline,-0.007439816757900175
2021-07-11,B2,baseline,0.007519153601211359
2021-07-12,B2,baseline,0.005296698057432492
2021-07-13,B2,baseline,-0.004216167713299357
2021-07-14,B2,baseline,-0.01174473210853455
2021-07-15,B2,baseline,-0.006229919680382112
2021-07-16,B2,baseline,0.01528427877796279
2021-07-17,B2,baseline,-0.003866556211360228
2021-07-18,B2,baseline,-0.009915134097754241
2021-07-19,B2,baseline,0.00924834713922773
2021-07-20,B2,baseline,-0.016420069205075105
2021-07-21,B2,baseline,0.011357748967556258
2021-07-22,B2,baseline,-0.01521876796582522
2021-07-23,B2,baseline,-0.01144725339049002
2021-07-24,B2,baseline,-0.0020477707383812493
2021-07-25,B2,baseline,-0.002802870088112086
2021-07-26,B2,baseline,0.018697654331082614
2021-07-27,B2,baseline,0.011905089457334483
2021-07-28,B2,baseline,0.019717579052356937
2021-07-29,B2,baseline,0.0004645267997445135
2021-07-30,B2,baseline,0.018194683704218395
2021-07-31,B2,baseline,0.010143052828015975
2021-08-01,B2,baseline,0.006305184845549094
2021-08-02,B2,baseline,0.015389689668374285
2021-08-03,B2,baseline,0.01794163072605981
2021-08-04,B2,baseline,-0.003971501891481322
2021-08-05,B2,baseline,-0.005772856920801428
2021-08-06,B2,baseline,0.0067609851531955645
2021-08-07,B2,baseline,0.021208260926625977
2021-08-08,B2,baseline,-0.012740231638941002
2021-08-09,B2,baseline,-0.006279331579745695
2021-08-10,B2,baseline,0.017730830687054056
2021-08-11,B2,baseline,0.028927429347210598
2021-08-12,B2,baseline,0.010347593287409751
2021-08-13,B2,baseline,-0.017333531692858006
2021-08-14,B2,baseline,0.013509262478211381
2021-08-15,B2,baseline,0.004912984520599073
2021-08-16,B2,baseline,0.009239153925131527
2021-08-17,B2,baseline,0.007589946554328764
2021-08-18,B2,baseline,0.001827229023273258
2021-08-19,B2,baseline,-0.014843515549846198
2021-08-20,B2,baseline,-0.003011690581302906
2021-08-21,B2,baseline,0.0014562107602285046
2021-08-22,B2,baseline,-0.027265265635629587
2021-08-23,B2,baseline,-0.004913326835525367
2021-08-24,B2,baseline,-0.012575268598720268
2021-08-25,B2,baseline,-0.009429616357831239
2021-08-26,B2,baseline,-0.005936315421449678
2021-08-27,B2,baseline,0.016573829839169996
2021-08-28,B2,baseline,0.014645886263957797
2021-08-29,B2,baseline,-0.015602498335351545
2021-08-30,B2,baseline,0.004750153604406782
2021-08-31,B2,baseline,0.023711998671663403
2021-09-01,B2,baseline,-0.016665383955373203
2021-09-02,B2,baseline,-0.007941673550587502
2021-09-03,B2,baseline,-0.009073386172225195
2021-09-04,B2,baseline,0.03446687988994124
2021-09-05,B2,baseline,-0.038106509701766655
2021-09-06,B2,baseline,0.003583034842838062
2021-09-07,B2,baseline,-0.0054743455843854205
2021-09-08,B2,baseline,-0.03578460301622011
2021-09-09,B2,baseline,0.01087268560108634
2021-09-10,B2,baseline,0.010658966821754934
2021-09-11,B2,baseline,-0.01957914815209949
2021-09-12,B2,baseline,0.010900138506660717
2021-09-13,B2,baseline,0.007477146505207255
2021-09-14,B2,baseline,-0.0018265983945665587
2021-09-15,B2,baseline,-0.009438388707703194
2021-09-16,B2,baseline,0.015647328266697125
2021-09-17,B2,baseline,-0.0014542391772840446
2021-09-18,B2,baseline,0.012345804427565499
2021-09-19,B2,baseline,0.005596043680349716
2021-09-20,B2,baseline,-0.00491389997983438
2021-09-21,B2,baseline,0.005011936756565083
2021-09-22,B2,baseline,4.211987825497587e-05
2021-09-23,B2,baseline,0.002195773320836425
2021-09-24,B2,baseline,-0.020355211400542306
2021-09-25,B2,baseline,0.0069410337063853245
2021-09-26,B2,baseline,-0.015427268820725759
2021-09-27,B2,baseline,0.008273076619945918
2021-09-28,B2,baseline,0.0009378531613062346
2021-09-29,B2,baseline,0.009090258147554708
2021-09-30,B2,baseline,-0.0021425106734385135
2021-10-01,B2,baseline,0.00586158381193469
2021-10-02,B2,baseline,-0.02312726250438979
2021-10-03,B2,baseline,-0.0004936096409622337
2021-10-04,B2,baseline,-0.00747751392665863
2021-10-05,B2,baseline,-0.021582272629670163
2021-10-06,B2,baseline,0.0025157082128648423
2021-10-07,B2,baseline,0.009800222210100129
2021-10-08,B2,baseline,0.0031048182097139776
2021-10-09,B2,baseline,-0.014207679973366805
2021-10-10,B2,baseline,0.005923242788822725
2021-10-11,B2,baseline,-0.015444230002555681
2021-10-12,B2,baseline,0.02056183158893954
2021-10-13,B2,baseline,-0.013338936232549004
2021-10-14,B2,baseline,0.01682426213141297
2021-10-15,B2,baseline,0.004792786765549062
2021-10-16,B2,baseline,-0.03163144202538093
2021-10-17,B2,baseline,-0.01967833125436913
2021-10-18,B2,baseline,0.024256217818024117
2021-10-19,B2,baseline,0.018593932466328678
2021-10-20,B2,baseline,-0.012350110618338128
2021-10-21,B2,baseline,0.01126991710357439
2021-10-22,B2,baseline,0.02894258631474722
2021-10-23,B2,baseline,-0.02111856054627248
2021-10-24,B2,baseline,-0.0074405271708803955
2021-10-25,B2,baseline,-0.02670140984885372
2021-10-26,B2,baseline,0.024430472614455967
2021-10-27,B2,baseline,-0.005690004928931236
2021-10-28,B2,baseline,-0.01651558476436321
2021-10-29,B2,baseline,-0.014000379088614734
2021-10-30,B2,baseline,-0.1004415488953293
2021-10-31,B2,baseline,0.012391925879031485
2021-11-01,B2,baseline,-0.05228249612926783
2021-11-02,B2,baseline,-0.06673780004461516
2021-11-03,B2,baseline,0.06874667598310613
2021-11-04,B2,baseline,0.045668596312132825
2021-11-05,B2,baseline,-0.02151746522519682
2021-11-06,B2,baseline,-0.02836400429962782
2021-11-07,B2,baseline,-0.03810535606784349
2021-11-08,B2,baseline,-0.036579908431598196
2021-11-09,B2,baseline,0.006047857108072208
2021-11-10,B2,baseline,-0.02073846144822744
2021-11-11,B2,baseline,-0.0436348285424647
2021-11-12,B2,baseline,-0.03298166907725242
2021-11-13,B2,baseline,0.03530678203313942
2021-11-14,B2,baseline,-0.07654903432639215
2021-11-15,B2,baseline,0.00809825410099041
2021-11-16,B2,baseline,-0.00386695233055967
2021-11-17,B2,baseline,0.004483380864930275
2021-11-18,B2,baseline,-0.005388454511011664
2021-11-19,B2,baseline,-0.06104103735390898
2021-11-20,B2,baseline,0.026819808057486405
2021-11-21,B2,baseline,0.04139573190515722
2021-11-22,B2,baseline,-0.07173278380387194
2021-11-23,B2,baseline,-0.01579807249592524
2021-11-24,B2,baseline,-0.13372783410675926
2021-11-25,B2,baseline,0.09354561922639837
2021-11-26,B2,baseline,0.07770894970761555
2021-11-27,B2,baseline,0.0014774897251990105
2021-11-28,B2,baseline,-0.045382727101099585
2021-11-29,B2,baseline,0.014550309303575926
2021-11-30,B2,baseline,0.027859114070078794
2021-12-01,B2,baseline,0.03211657776289911
2021-12-02,B2,baseline,0.06110642911455044
2021-12-03,B2,baseline,0.04190359636380081
2021-12-04,B2,baseline,-0.0009225659104047379
2021-12-05,B2,baseline,0.06319273704601014
2021-12-06,B2,baseline,-0.02846584676294872
2021-12-07,B2,baseline,-0.0037549210450911197
2021-12-08,B2,baseline,-0.02546707425095318
2021-12-09,B2,baseline,0.045039349231621006
2021-12-10,B2,baseline,0.0929769852501281
2021-12-11,B2,baseline,-0.045248364427635024
2021-12-12,B2,baseline,0.03433836162685577
2021-12-13,B2,baseline,0.06946630875025228
2021-12-14,B2,baseline,-0.03145935440760694
2021-12-15,B2,baseline,-0.030593501694853864
2021-12-16,B2,baseline,0.052643667735752464
2021-12-17,B2,baseline,-0.03827339164400856
2021-12-18,B2,baseline,0.020450919638290932
2021-12-19,B2,baseline,-0.00533521647828239
2021-12-20,B2,baseline,0.036088688359845245
2021-12-21,B2,baseline,-0.02110256257890819
2021-12-22,B2,baseline,-0.004078264732715886
2021-12-23,B2,baseline,-0.04658696398966833
2021-12-24,B2,baseline,0.025423252179274325
2021-12-25,B2,baseline,-0.026470569512710762
2021-12-26,B2,baseline,-0.006988161594869591
2021-12-27,B2,baseline,-0.017740907727661792
2021-12-28,B2,baseline,0.0228036874016202
2021-12-29,B2,baseline,0.009068584203996144
2021-12-30,B2,baseline,-0.03766430407916821
2021-12-31,B2,baseline,0.0010092557208611908
2022-01-01,B2,baseline,-0.0006493788042446491
2022-01-02,B2,baseline,0.013585016543337103
2022-01-03,B2,baseline,-0.013804807250745399
2022-01-04,B2,baseline,-0.01224386517736642
2022-01-05,B2,baseline,0.007610667628988432
2022-01-06,B2,baseline,-0.010566579388725517
2022-01-07,B2,baseline,0.029427122461127997
2022-01-08,B2,baseline,0.007311065076533341
2022-01-09,B2,baseline,0.003686696541561618
2022-01-10,B2,baseline,0.010531637264034499
2022-01-11,B2,baseline,-0.014030681674633949
2022-01-12,B2,baseline,-0.014847596646764938
2022-01-13,B2,baseline,-0.01066251415759678
2022-01-14,B2,baseline,-0.007362421834053112
2022-01-15,B2,baseline,-0.0030136359518264655
2022-01-16,B2,baseline,-0.0046594599471774245
2022-01-17,B2,baseline,0.01115179734670102
2022-01-18,B2,baseline,-0.013803211855603292
2022-01-19,B2,baseline,0.01046122595615806
2022-01-20,B2,baseline,0.00792785219426051
2022-01-21,B2,baseline,0.003511636307407029
2022-01-22,B2,baseline,0.015117542771821313
2022-01-23,B2,baseline,-0.0054631051325396696
2022-01-24,B2,baseline,0.016190865780045582
2022-01-25,B2,baseline,-0.017413606133836357
2022-01-26,B2,baseline,-0.0017991705372722988
2022-01-27,B2,baseline,0.004966302468407013
2022-01-28,B2,baseline,0.006510067302666789
2022-01-29,B2,baseline,0.006701289143040912
2022-01-30,B2,baseline,-0.0013860056136234533
2022-01-31,B2,baseline,-0.0009567956492794183
2022-02-01,B2,baseline,0.0038989886757239134
2022-02-02,B2,baseline,0.0033448221840486347
2022-02-03,B2,baseline,0.0071207220387279335
2022-02-04,B2,baseline,-0.021351888844003852
2022-02-05,B2,baseline,-0.009902728039078879
2022-02-06,B2,baseline,0.006604263230424623
2022-02-07,B2,baseline,-0.013914211113201125
2022-02-08,B2,baseline,-0.003865822675631181
2022-02-09,B2,baseline,0.00397327598192887
2022-02-10,B2,baseline,0.016261102650592107
2022-02-11,B2,baseline,0.0067274114457551715
2022-02-12,B2,baseline,0.005256413567189311
2022-02-13,B2,baseline,-0.0007634897903275872
2022-02-14,B2,baseline,-0.0029660646465955454
2022-02-15,B2,baseline,-0.005298762797789736
2022-02-16,B2,baseline,-0.0020972266047820654
2022-02-17,B2,baseline,0.008273696723411161
2022-02-18,B2,baseline,0.011560400643333413
2022-02-19,B2,baseline,0.0025121511326371415
2022-02-20,B2,baseline,0.010668021362499003
2022-02-21,B2,baseline,0.009220329993809173
2022-02-22,B2,baseline,0.004138071529206755
2022-02-23,B2,baseline,0.008059362873777953
2022-02-24,B2,baseline,-0.00438232082585055
2022-02-25,B2,baseline,0.013610399224199154
2022-02-26,B2,baseline,0.014730563366354366
2022-02-27,B2,baseline,-0.002543434718359605
2022-02-28,B2,baseline,0.003876222732182022
2022-03-01,B2,baseline,-0.0056767234568277924
2022-03-02,B2,baseline,0.0069378007503506645
2022-03-03,B2,baseline,0.0020841789855698956
2022-03-04,B2,baseline,0.005787317315069096
2022-03-05,B2,baseline,-0.0068262245490946505
2022-03-06,B2,baseline,0.0063224214245163335
2022-03-07,B2,baseline,0.01786007486092389
2022-03-08,B2,baseline,-0.00791335688489414
2022-03-09,B2,baseline,0.011720027467154726
2022-03-10,B2,baseline,-0.002304534524758539
2022-03-11,B2,baseline,0.009801641150318785
2022-03-12,B2,baseline,0.0032324018526441733
2022-03-13,B2,baseline,0.0006798788003030687
2022-03-14,B2,baseline,0.016451649343272923
2022-03-15,B2,baseline,-0.016057902218346576
2022-03-16,B2,baseline,0.007296386640227359
2022-03-17,B2,baseline,0.0028701118915333
2022-03-18,B2,baseline,-0.009893107554283298
2022-03-19,B2,baseline,-0.002181582431755036
2022-03-20,B2,baseline,-0.0019929303256105424
2022-03-21,B2,baseline,0.03462215768264931
2022-03-22,B2,baseline,-0.0011456831202067974
2022-03-23,B2,baseline,0.01996340934677865
2022-03-24,B2,baseline,-0.012365113241488923
2022-03-25,B2,baseline,0.008540392642213845
2022-03-26,B2,baseline,-0.03244732949178708
2022-03-27,B2,baseline,0.005313809458070029
2022-03-28,B2,baseline,0.0373166355535306
2022-03-29,B2,baseline,-0.010565632370986622
2022-03-30,B2,baseline,-0.017244874425518364
2022-03-31,B2,baseline,-0.054057861662500484
2022-04-01,B2,baseline,0.025476233996014175
2022-04-02,B2,baseline,0.01527248330959674
2022-04-03,B2,baseline,-0.009400226103970843
2022-04-04,B2,baseline,0.003015473679380598
2022-04-05,B2,baseline,0.014092047224982363
2022-04-06,B2,baseline,-0.014379524078389272
2022-04-07,B2,baseline,0.015708299081541588
2022-04-08,B2,baseline,0.011991722390718218
2022-04-09,B2,baseline,-0.021118209214826322
2022-04-10,B2,baseline,0.007198235817736487
2022-04-11,B2,baseline,0.0009023716399820803
2022-04-12,B2,baseline,-0.0030218113829111326
2022-04-13,B2,baseline,-0.004332089104972958
2022-04-14,B2,baseline,-0.006300701023308042
2022-04-15,B2,baseline,0.0007027704567326154
2022-04-16,B2,baseline,-0.004490669149303406
2022-04-17,B2,baseline,0.010495110529177287
2022-04-18,B2,baseline,0.00046478701693430935
2022-04-19,B2,baseline,-0.0013061017675806141
2022-04-20,B2,baseline,-0.003926186629916617
2022-04-21,B2,baseline,0.024705589056839505
2022-04-22,B2,baseline,-0.0006107977527828323
2022-04-23,B2,baseline,-0.001279074777479905
2022-04-24,B2,baseline,0.0017381218241112606
2022-04-25,B2,baseline,0.004321581353283088
2022-04-26,B2,baseline,0.0021514488325822256
2022-04-27,B2,baseline,-0.01353339707640877
2022-04-28,B2,baseline,0.016297833872530365
2022-04-29,B2,baseline,0.007972678559500013
2022-04-30,B2,baseline,-0.0010827477439205868
2022-05-01,B2,baseline,0.00950153399929965
2022-05-02,B2,baseline,-0.002474279564860349
2022-05-03,B2,baseline,-0.003910530455796035
2022-05-04,B2,baseline,-0.000611791128673489
2022-05-05,B2,baseline,0.008065290499041478
2022-05-06,B2,baseline,-0.003652723006258185
2022-05-07,B2,baseline,0.0053478942250408945
2022-05-08,B2,baseline,-0.00019969094255500863
2022-05-09,B2,baseline,-0.0109617156707833
2022-05-10,B2,baseline,0.006295242910338672
2022-05-11,B2,baseline,0.012173429076778541
2022-05-12,B2,baseline,0.0031926217534268275
2022-05-13,B2,baseline,0.004331355570463158
2022-05-14,B2,baseline,0.009681270650762519
2022-05-15,B2,baseline,0.0023098671436883045
2022-05-16,B2,baseline,-0.001040919052827327
2022-05-17,B2,baseline,0.004039456581728995
2022-05-18,B2,baseline,6.599023967379658e-05
2022-05-19,B2,baseline,0.003572074797973057
2022-05-20,B2,baseline,0.0019491458896152558
2022-05-21,B2,baseline,-0.0036580481194807835
2022-05-22,B2,baseline,0.0062819620572038826
2022-05-23,B2,baseline,-0.0029863649634513934
2022-05-24,B2,baseline,-0.005766227961308323
2022-05-25,B2,baseline,0.0030287614165407373
2022-05-26,B2,baseline,-0.0028402998287785364
2022-05-27,B2,baseline,0.0023114862762636523
2022-05-28,B2,baseline,-0.004346196483536957
2022-05-29,B2,baseline,0.007597241638453545
2022-05-30,B2,baseline,-0.005206609337418788
2022-05-31,B2,baseline,0.0024410310543145908
2022-06-01,B2,baseline,0.0034083591170632754
2022-06-02,B2,baseline,0.001766469727276343
2022-06-03,B2,baseline,0.0018959369115083557
2022-06-04,B2,baseline,-0.005849482290822272
2022-06-05,B2,baseline,0.004678964840057809
2022-06-06,B2,baseline,-0.0032255288952477423
2022-06-07,B2,baseline,-0.005260818951677071
2022-06-08,B2,baseline,0.004513585710535839
2022-06-09,B2,baseline,-0.0027971598230810413
2022-06-10,B2,baseline,0.002387834053007687
2022-06-11,B2,baseline,0.0055824526129872876
2022-06-12,B2,baseline,-0.004740549885224099
2022-06-13,B2,baseline,-0.005398401298928435
2022-06-14,B2,baseline,-0.005658975389882914
2022-06-15,B2,baseline,-0.005710672172596354
2022-06-16,B2,baseline,0.0037765014915733808
2022-06-17,B2,baseline,-0.003823366999345046
2022-06-18,B2,baseline,-0.004166610553720584
2022-06-19,B2,baseline,-0.0017568582465907756
2022-06-20,B2,baseline,0.011813711745268796
2022-06-21,B2,baseline,-0.0018950615875427124
2022-06-22,B2,baseline,-0.002117838207883471
2022-06-23,B2,baseline,-0.0036609422622885246
2022-06-24,B2,baseline,0.00047141022208285754
2022-06-25,B2,baseline,-0.005244221615868239
2022-06-26,B2,baseline,0.004091533200231368
2022-06-27,B2,baseline,0.0012429829359354994
2022-06-28,B2,baseline,0.004411860743011475
2022-06-29,B2,baseline,-0.005750807732829433
2022-06-30,B2,baseline,0.0026729313174078673
2022-07-01,B2,baseline,-0.0037195795862946524
2022-07-02,B2,baseline,0.008012664299962058
2022-07-03,B2,baseline,-0.0016714083895225107
2022-07-04,B2,baseline,-0.008239783771451514
2022-07-05,B2,baseline,-0.00837063742081412
2022-07-06,B2,baseline,-0.0012700530483323869
2022-07-07,B2,baseline,0.0012769524063935833
2022-07-08,B2,baseline,0.00632134931733086
2022-07-09,B2,baseline,0.005893721919299821
2022-07-10,B2,baseline,0.004248905631660582
2022-07-11,B2,baseline,-0.0023885028283413545
2022-07-12,B2,baseline,0.006307328609794105
2022-07-13,B2,baseline,-0.0010106756394061556
2022-07-14,B2,baseline,0.001987228141938191
2022-07-15,B2,baseline,-0.004150581940853049
2022-07-16,B2,baseline,0.00026391455001117947
2022-07-17,B2,baseline,0.00700374656672742
2022-07-18,B2,baseline,-0.0070002926787890996
2022-07-19,B2,baseline,0.007089469611530896
2022-07-20,B2,baseline,-0.002821747574279998
2022-07-21,B2,baseline,-0.005444788861356464
2022-07-22,B2,baseline,0.004467514162698638
2022-07-23,B2,baseline,0.0029500547646212905
2022-07-24,B2,baseline,-0.003375864402761497
2022-07-25,B2,baseline,0.001301036717604287
2022-07-26,B2,baseline,-0.001673193158514108
2022-07-27,B2,baseline,-0.00453955958857466
2022-07-28,B2,baseline,0.00940880567136726
2022-07-29,B2,baseline,0.006491264010869635
2022-07-30,B2,baseline,0.009209398436834215
2022-07-31,B2,baseline,0.014931422301512676
2022-08-01,B2,baseline,-0.007961397027761441
2022-08-02,B2,baseline,0.009748494848841993
2022-08-03,B2,baseline,-0.01019148236410905
2022-08-04,B2,baseline,0.01015853130298039
2022-08-05,B2,baseline,0.0056814375613924994
2022-08-06,B2,baseline,0.0020446152609321366
2022-08-07,B2,baseline,0.01870420687285934
2022-08-08,B2,baseline,0.006481338551722615
2022-08-09,B2,baseline,-0.010399055314353589
2022-08-10,B2,baseline,0.002208114162491226
2022-08-11,B2,baseline,0.012356067584897712
2022-08-12,B2,baseline,0.0016634156565236147
2022-08-13,B2,baseline,-0.003840495726424753
2022-08-14,B2,baseline,-0.000401478585502657
2022-08-15,B2,baseline,0.002371534332719749
2022-08-16,B2,baseline,-0.0013348669581374484
2022-08-17,B2,baseline,0.0040264608479949615
2022-08-18,B2,baseline,0.003654986782472891
2022-08-19,B2,baseline,-0.004092619853446555
2022-08-20,B2,baseline,0.003888191994391166
2022-08-21,B2,baseline,0.001009026535768065
2022-08-22,B2,baseline,-0.002334288991426514
2022-08-23,B2,baseline,-0.00673585825247236
2022-08-24,B2,baseline,0.006697977929154941
2022-08-25,B2,baseline,-0.00792638903863685
2022-08-26,B2,baseline,-0.030287905060294995
2022-08-27,B2,baseline,0.0021591690139350916
2022-08-28,B2,baseline,0.023918418707835176
2022-08-29,B2,baseline,0.006933282959003861
2022-08-30,B2,baseline,-0.01441693529745558
2022-08-31,B2,baseline,-0.01946801357052519
2022-09-01,B2,baseline,-3.624967998905326e-05
2022-09-02,B2,baseline,9.190938748071531e-06
2022-09-03,B2,baseline,-0.00958689056276496
2022-09-04,B2,baseline,0.00031002402627255954
2022-09-05,B2,baseline,-0.040265577155485954
2022-09-06,B2,baseline,-0.015626402463780775
2022-09-07,B2,baseline,0.01020153562969739
2022-09-08,B2,baseline,-0.018699079523343043
2022-09-09,B2,baseline,0.013163451013894933
2022-09-10,B2,baseline,0.0007299146708155124
2022-09-11,B2,baseline,0.015190365247578663
2022-09-12,B2,baseline,0.00411376306736444
2022-09-13,B2,baseline,-0.009915932128076177
2022-09-14,B2,baseline,0.01861522908998392
2022-09-15,B2,baseline,0.011864301213984962
2022-09-16,B2,baseline,-0.0026800497572730952
2022-09-17,B2,baseline,0.0009404911427004503
2022-09-18,B2,baseline,0.004525819101288464
2022-09-19,B2,baseline,0.001115860895987586
2022-09-20,B2,baseline,-0.003136214567232898
2022-09-21,B2,baseline,0.004629913766002192
2022-09-22,B2,baseline,-0.0035077995894952085
2022-09-23,B2,baseline,0.00568417795069287
2022-09-24,B2,baseline,0.0018560594475731662
2022-09-25,B2,baseline,0.0032846114378402014
2022-09-26,B2,baseline,-0.003799885197367958
2022-09-27,B2,baseline,0.0008802017618578795
2022-09-28,B2,baseline,0.005542532011290069
2022-09-29,B2,baseline,-0.0017076112463834114
2022-09-30,B2,baseline,-0.0023455861009035184
2022-10-01,B2,baseline,-0.004832634827535265
2022-10-02,B2,baseline,0.0016654578941299736
2022-10-03,B2,baseline,-0.00384666780421683
2022-10-04,B2,baseline,0.01460999242462746
2022-10-05,B2,baseline,-0.003387400952071129
2022-10-06,B2,baseline,-0.0014698571104894143
2022-10-07,B2,baseline,-0.0023627440080544737
2022-10-08,B2,baseline,-0.004193153431897967
2022-10-09,B2,baseline,-0.0016430379490344205
2022-10-10,B2,baseline,-0.007970906892926344
2022-10-11,B2,baseline,0.00210990285829582
2022-10-12,B2,baseline,-0.004173033729844233
2022-10-13,B2,baseline,0.014002990819476535
2022-10-14,B2,baseline,0.0005069407527751313
2022-10-15,B2,baseline,0.006633899042213898
2022-10-16,B2,baseline,0.0005788471955401331
2022-10-17,B2,baseline,0.005422551453767577
2022-10-18,B2,baseline,-0.011350781814037258
2022-10-19,B2,baseline,-0.0028793722656351717
2022-10-20,B2,baseline,0.002161144176800578
2022-10-21,B2,baseline,-0.00414476047992185
2022-10-22,B2,baseline,3.354096503227488e-05
2022-10-23,B2,baseline,0.00358506831233818
2022-10-24,B2,baseline,-0.012556575969706052
2022-10-25,B2,baseline,-0.005052958031587673
2022-10-26,B2,baseline,-0.00209195124547934
2022-10-27,B2,baseline,-0.017509030309560747
2022-10-28,B2,baseline,-0.009505292485546102
2022-10-29,B2,baseline,-0.0057287561728571745
2022-10-30,B2,baseline,0.009338088369575948
2022-10-31,B2,baseline,0.0012065801816816268
2022-11-01,B2,baseline,-0.001755425282833789
2022-11-02,B2,baseline,0.001203517148742561
2022-11-03,B2,baseline,0.0027007074992422275
2022-11-04,B2,baseline,-0.003978726084056583
2022-11-05,B2,baseline,-0.00036535312950114474
2022-11-06,B2,baseline,0.010922500518011802
2022-11-07,B2,baseline,0.000473986074942756
2022-11-08,B2,baseline,0.03586934464667357
2022-11-09,B2,baseline,0.08680519279466203
2022-11-10,B2,baseline,-0.019535930655332656
2022-11-11,B2,baseline,-0.0010892723363942203
2022-11-12,B2,baseline,0.0065802861683681435
2022-11-13,B2,baseline,-0.005262813217108198
2022-11-14,B2,baseline,0.0016774718568586255
2022-11-15,B2,baseline,0.0019877445422453732
2022-11-16,B2,baseline,-0.001160213547518607
2022-11-17,B2,baseline,-0.004106187215851542
2022-11-18,B2,baseline,-0.008754080159278144
2022-11-19,B2,baseline,0.0083659084063743
2022-11-20,B2,baseline,0.01236054178713819
2022-11-21,B2,baseline,-0.009458276221556927
2022-11-22,B2,baseline,-0.001988810106923977
2022-11-23,B2,baseline,-0.005572421196552102
2022-11-24,B2,baseline,-0.01363963073544372
2022-11-25,B2,baseline,-0.004447262504212901
2022-11-26,B2,baseline,-0.0015001501969503783
2022-11-27,B2,baseline,0.004624746575173422
2022-11-28,B2,baseline,-0.002888245640941922
2022-11-29,B2,baseline,-0.022921689293486036
2022-11-30,B2,baseline,0.0020259207607236096
2022-12-01,B2,baseline,-0.0015732256968954417
2022-12-02,B2,baseline,0.013689636234199387
2022-12-03,B2,baseline,0.018040089742402454
2022-12-04,B2,baseline,0.01907113688398221
2022-12-05,B2,baseline,-0.049249459163656306
2022-12-06,B2,baseline,-0.001557133174202474
2022-12-07,B2,baseline,-0.04697652015835041
2022-12-08,B2,baseline,-0.01389413706875009
2022-12-09,B2,baseline,0.005306638901019234
2022-12-10,B2,baseline,0.008710897072674362
2022-12-11,B2,baseline,0.007241606861399852
2022-12-12,B2,baseline,0.014593789102083532
2022-12-13,B2,baseline,0.0030325697178317235
2022-12-14,B2,baseline,0.006012964236864926
2022-12-15,B2,baseline,-0.005414209990376007
2022-12-16,B2,baseline,0.02011621903838945
2022-12-17,B2,baseline,-0.005365434596525054
2022-12-18,B2,baseline,0.006497737879942678
2022-12-19,B2,baseline,0.019597029309883718
2022-12-20,B2,baseline,-0.012591157051438207
2022-12-21,B2,baseline,0.008750629785019282
2022-12-22,B2,baseline,-0.005181591317722778
2022-12-23,B2,baseline,-0.002147489639447997
2022-12-24,B2,baseline,-0.007589485365052773
2022-12-25,B2,baseline,0.00600684360597481
2022-12-26,B2,baseline,-0.005082188365467588
2022-12-27,B2,baseline,-0.00037988222174778485
2022-12-28,B2,baseline,0.007000776651848062
2022-12-29,B2,baseline,0.0113144569345347
2022-12-30,B2,baseline,0.006162420532619395
2022-12-31,B2,baseline,0.004055925275850303
2023-01-01,B2,baseline,-0.00012475324904570595
2023-01-02,B2,baseline,0.003701803526862335
2023-01-03,B2,baseline,0.0007311824176685633
2023-01-04,B2,baseline,-0.0014230507407214654
2023-01-05,B2,baseline,0.013669506040539181
2023-01-06,B2,baseline,-0.014011778830468002
2023-01-07,B2,baseline,-0.0006801457628319296
2023-01-08,B2,baseline,0.00989579403792229
2023-01-09,B2,baseline,0.0037524416683130113
2023-01-10,B2,baseline,-0.008591525014375767
2023-01-11,B2,baseline,-0.000956170181569016
2023-01-12,B2,baseline,-2.3026156526495534e-05
2023-01-13,B2,baseline,-0.011727415427491339
2023-01-14,B2,baseline,-0.007689245749336937
2023-01-15,B2,baseline,-0.010400473097724072
2023-01-16,B2,baseline,-0.013765161219808197
2023-01-17,B2,baseline,-0.00143830761448549
2023-01-18,B2,baseline,-0.0068339290878033365
2023-01-19,B2,baseline,0.011301983094130552
2023-01-20,B2,baseline,-0.015807616008546743
2023-01-21,B2,baseline,0.026919403316950863
2023-01-22,B2,baseline,-0.023488429392609422
2023-01-23,B2,baseline,-0.0006594413049506587
2023-01-24,B2,baseline,0.00881965822138131
2023-01-25,B2,baseline,-0.02642740353913975
2023-01-26,B2,baseline,0.023163082797806656
2023-01-27,B2,baseline,-0.014015707749958195
2023-01-28,B2,baseline,-0.02041516945963251
2023-01-29,B2,baseline,-0.001012619009294169
2023-01-30,B2,baseline,0.014124826260598633
2023-01-31,B2,baseline,0.016539287618900556
2023-02-01,B2,baseline,-0.0013775169704587364
2023-02-02,B2,baseline,-0.019400711600818243
2023-02-03,B2,baseline,-0.0012728808706568007
2023-02-04,B2,baseline,0.005235669904382512
2023-02-05,B2,baseline,0.01927824665575617
2023-02-06,B2,baseline,-0.0010187351313659665
2023-02-07,B2,baseline,0.014016044157427965
2023-02-08,B2,baseline,-0.001740634661526852
2023-02-09,B2,baseline,0.04198418399350734
2023-02-10,B2,baseline,0.027071370950308093
2023-02-11,B2,baseline,0.0030641168047480516
2023-02-12,B2,baseline,0.019846180412030012
2023-02-13,B2,baseline,0.014765612942880368
2023-02-14,B2,baseline,-0.011895640976896327
2023-02-15,B2,baseline,-0.0033537693962351067
2023-02-16,B2,baseline,0.012143301717415289
2023-02-17,B2,baseline,-0.0025915660262579854
2023-02-18,B2,baseline,-0.002201654713366419
2023-02-19,B2,baseline,-0.0013579923410546035
2023-02-20,B2,baseline,-0.0158272223704522
2023-02-21,B2,baseline,0.011876945952763895
2023-02-22,B2,baseline,-0.01548738473133926
2023-02-23,B2,baseline,0.004367337669876514
2023-02-24,B2,baseline,0.02412680019991731
2023-02-25,B2,baseline,-0.006871690850259848
2023-02-26,B2,baseline,-0.011186625447837328
2023-02-27,B2,baseline,-0.01354297947637162
2023-02-28,B2,baseline,0.0029398043460711065
2023-03-01,B2,baseline,-0.023169815222622403
2023-03-02,B2,baseline,0.024791286489310727
2023-03-03,B2,baseline,0.014915227543826237
2023-03-04,B2,baseline,0.003090744335495055
2023-03-05,B2,baseline,-0.007622610258389395
2023-03-06,B2,baseline,-0.0027658324898585107
2023-03-07,B2,baseline,0.012366619305391735
2023-03-08,B2,baseline,0.004501764375943296
2023-03-09,B2,baseline,0.030410084764882717
2023-03-10,B2,baseline,-0.01413399457255271
2023-03-11,B2,baseline,-0.011678727996221494
2023-03-12,B2,baseline,-0.01547023926907487
2023-03-13,B2,baseline,0.005037706368165251
2023-03-14,B2,baseline,-0.011122638091150217
2023-03-15,B2,baseline,-0.000961244650965476
2023-03-16,B2,baseline,-0.001622942227241797
2023-03-17,B2,baseline,-0.03347129463881415
2023-03-18,B2,baseline,0.008681277063489645
2023-03-19,B2,baseline,-0.004221808007272565
2023-03-20,B2,baseline,0.0006286794590035782
2023-03-21,B2,baseline,0.004793364603381756
2023-03-22,B2,baseline,0.008063378782779518
2023-03-23,B2,baseline,-0.009328351408869229
2023-03-24,B2,baseline,0.006227024026078443
2023-03-25,B2,baseline,0.023338689916679645
2023-03-26,B2,baseline,-0.012253454903096817
2023-03-27,B2,baseline,0.03134437194249373
2023-03-28,B2,baseline,-0.006155619778301147
2023-03-29,B2,baseline,0.00018353923467451239
2023-03-30,B2,baseline,0.006935774685485674
2023-03-31,B2,baseline,0.0007905474365257348
2023-04-01,B2,baseline,-0.0025386757570419194
2023-04-02,B2,baseline,0.010429145902554726
2023-04-03,B2,baseline,-0.0046545545079659245
2023-04-04,B2,baseline,-0.015518105957338935
2023-04-05,B2,baseline,0.010719132957343058
2023-04-06,B2,baseline,-0.0036075998581927005
2023-04-07,B2,baseline,0.010542985097490742
2023-04-08,B2,baseline,0.008718374730784406
2023-04-09,B2,baseline,-0.0023120998553165517
2023-04-10,B2,baseline,-0.009131013003889632
2023-04-11,B2,baseline,-0.00370489740522284
2023-04-12,B2,baseline,0.0015294015310929332
2023-04-13,B2,baseline,0.0035456927319406084
2023-04-14,B2,baseline,-0.0048408692922257135
2023-04-15,B2,baseline,0.0002770292799423313
2023-04-16,B2,baseline,0.0008664897848831288
2023-04-17,B2,baseline,0.0006447195074212875
2023-04-18,B2,baseline,-0.0005235387511314249
2023-04-19,B2,baseline,0.008174518332610514
2023-04-20,B2,baseline,0.002672323690882328
2023-04-21,B2,baseline,0.01401998270500071
2023-04-22,B2,baseline,-0.006654532346090369
2023-04-23,B2,baseline,0.007190171851846117
2023-04-24,B2,baseline,0.0005054335596619275
2023-04-25,B2,baseline,0.003760467272116319
2023-04-26,B2,baseline,-0.004074559269436673
2023-04-27,B2,baseline,-0.0007027493350458824
2023-04-28,B2,baseline,-0.0009140129427261945
2023-04-29,B2,baseline,-0.0025049284093241475
2023-04-30,B2,baseline,0.0010952308791547516
2023-05-01,B2,baseline,0.0045999860002148285
2023-05-02,B2,baseline,8.95358710348848e-05
2023-05-03,B2,baseline,-0.006963913768035512
2023-05-04,B2,baseline,-0.000543009057153987
2023-05-05,B2,baseline,-0.004659407102139412
2023-05-06,B2,baseline,0.00528608549788534
2023-05-07,B2,baseline,-0.0013082105263962918
2023-05-08,B2,baseline,0.005627382871005393
2023-05-09,B2,baseline,0.0011107294868275552
2023-05-10,B2,baseline,0.0004035019665207251
2023-05-11,B2,baseline,0.004651453997624566
2023-05-12,B2,baseline,-0.0037350039911786537
2023-05-13,B2,baseline,0.0017140886456730176
2023-05-14,B2,baseline,-0.0031037952029907556
2023-05-15,B2,baseline,-9.006988052040477e-05
2023-05-16,B2,baseline,0.004920830460790393
2023-05-17,B2,baseline,0.001929280215134943
2023-05-18,B2,baseline,-0.002081341197800901
2023-05-19,B2,baseline,-0.0028204282887002163
2023-05-20,B2,baseline,0.002578824357952536
2023-05-21,B2,baseline,0.003031202679839806
2023-05-22,B2,baseline,-0.005168263515795357
2023-05-23,B2,baseline,-0.002671498471635614
2023-05-24,B2,baseline,0.001682321070665127
2023-05-25,B2,baseline,0.0021278712605217187
2023-05-26,B2,baseline,-0.001995941635326459
2023-05-27,B2,baseline,-0.00774336674768572
2023-05-28,B2,baseline,-0.0022006381510091266
2023-05-29,B2,baseline,-0.0014589230540433817
2023-05-30,B2,baseline,0.003937852579980028
2023-05-31,B2,baseline,-0.0013265843497393126
2023-06-01,B2,baseline,0.015503506360458719
2023-06-02,B2,baseline,0.007930575987022959
2023-06-03,B2,baseline,-0.012111955917137762
2023-06-04,B2,baseline,-0.005905528724652664
2023-06-05,B2,baseline,0.01868026163752612
2023-06-06,B2,baseline,-0.003733699262495782
2023-06-07,B2,baseline,-0.0007822789012063014
2023-06-08,B2,baseline,-0.004339065789209173
2023-06-09,B2,baseline,0.008432425322554726
2023-06-10,B2,baseline,0.0021725871404352226
2023-06-11,B2,baseline,0.00424198381591645
2023-06-12,B2,baseline,0.0006413888785512523
2023-06-13,B2,baseline,0.0011507301560813588
2023-06-14,B2,baseline,0.009564019811088675
2023-06-15,B2,baseline,-0.00354856901683831
2023-06-16,B2,baseline,-0.0004799247456696021
2023-06-17,B2,baseline,-0.0023514311817006694
2023-06-18,B2,baseline,-0.0034228597322963905
2023-06-19,B2,baseline,-0.008331563522030017
2023-06-20,B2,baseline,-0.0025693871933067935
2023-06-21,B2,baseline,-0.008600878516397126
2023-06-22,B2,baseline,0.0020710409997606316
2023-06-23,B2,baseline,0.007284579411205527
2023-06-24,B2,baseline,-0.004601084181160564
2023-06-25,B2,baseline,-0.006880025325637362
2023-06-26,B2,baseline,0.009919846736250904
2023-06-27,B2,baseline,-0.005841593646581322
2023-06-28,B2,baseline,0.004674038828006433
2023-06-29,B2,baseline,-0.012677255509524366
2023-06-30,B2,baseline,-0.009188005726508797
2023-07-01,B2,baseline,0.0005666091738512069
2023-07-02,B2,baseline,-0.006935241069646159
2023-07-03,B2,baseline,-0.006623529513379411
2023-07-04,B2,baseline,-0.004850146797514832
2023-07-05,B2,baseline,0.010149132581424691
2023-07-06,B2,baseline,0.003770701013413147
2023-07-07,B2,baseline,-0.005580807562722279
2023-07-08,B2,baseline,0.0025039214985840275
2023-07-09,B2,baseline,-0.0008052964797202744
2023-07-10,B2,baseline,-0.003530002987419123
2023-07-11,B2,baseline,-0.0042118502482818565
2023-07-12,B2,baseline,-0.0011081993348364128
2023-07-13,B2,baseline,-0.0014279925822685557
2023-07-14,B2,baseline,0.0046281948841460085
2023-07-15,B2,baseline,0.0009470780150748759
2023-07-16,B2,baseline,0.0034355956821150446
2023-07-17,B2,baseline,-0.0010736229833969713
2023-07-18,B2,baseline,-0.0007186491497306324
2023-07-19,B2,baseline,-0.008441978390124727
2023-07-20,B2,baseline,-0.00899835806571192
2023-07-21,B2,baseline,-0.004369047309088492
2023-07-22,B2,baseline,-0.04925678014353707
2023-07-23,B2,baseline,0.01442110033814048
2023-07-24,B2,baseline,-0.007310734418775833
2023-07-25,B2,baseline,0.005435480437195661
2023-07-26,B2,baseline,-0.021373350772163402
2023-07-27,B2,baseline,-0.014664362140071163
2023-07-28,B2,baseline,0.0042920943269815215
2023-07-29,B2,baseline,0.0035584991855024395
2023-07-30,B2,baseline,0.0013870049386139893
2023-07-31,B2,baseline,-0.0006987255464880882
2023-08-01,B2,baseline,-0.012201418407383091
2023-08-02,B2,baseline,-0.03285083060233984
2023-08-03,B2,baseline,-0.029028705317719616
2023-08-04,B2,baseline,0.04999847593337958
2023-08-05,B2,baseline,0.02038479441255392
2023-08-06,B2,baseline,-0.034911600179430735
2023-08-07,B2,baseline,0.03039069858778798
2023-08-08,B2,baseline,-0.004496878451628383
2023-08-09,B2,baseline,0.005124493928630569
2023-08-10,B2,baseline,-0.00859059272970042
2023-08-11,B2,baseline,0.006697146873700044
2023-08-12,B2,baseline,0.0008982216260557951
2023-08-13,B2,baseline,0.003712805554411558
2023-08-14,B2,baseline,0.005880468243888881
2023-08-15,B2,baseline,-0.0027090661752519063
2023-08-16,B2,baseline,0.015752126937238264
2023-08-17,B2,baseline,0.00827219000543078
2023-08-18,B2,baseline,-0.01493101884936221
2023-08-19,B2,baseline,-0.00034440883986308624
2023-08-20,B2,baseline,-0.006461020612066437
2023-08-21,B2,baseline,0.009887123324977765
2023-08-22,B2,baseline,-0.0013586131281527747
2023-08-23,B2,baseline,0.001628564562970558
2023-08-24,B2,baseline,0.0016630756941387048
2023-08-25,B2,baseline,0.0010181241657361007
2023-08-26,B2,baseline,0.008438016623304456
2023-08-27,B2,baseline,0.0056874714489583145
2023-08-28,B2,baseline,-0.00973544644922364
2023-08-29,B2,baseline,-0.011995971635658687
2023-08-30,B2,baseline,0.011553229963154221
2023-08-31,B2,baseline,0.006806612851770089
2023-09-01,B2,baseline,-0.0024544875302384694
2023-09-02,B2,baseline,-0.013431586949423258
2023-09-03,B2,baseline,-0.00533005482934934
2023-09-04,B2,baseline,0.005106256876133308
2023-09-05,B2,baseline,0.012050529629842543
2023-09-06,B2,baseline,-0.0073535639385527984
2023-09-07,B2,baseline,9.475050541807306e-05
2023-09-08,B2,baseline,-0.001715419957119435
2023-09-09,B2,baseline,0.0040110273042228695
2023-09-10,B2,baseline,0.001634936434827372
2023-09-11,B2,baseline,-1.826028111295841e-05
2023-09-12,B2,baseline,0.004453472928598545
2023-09-13,B2,baseline,-0.010753621444341555
2023-09-14,B2,baseline,0.014332939095207164
2023-09-15,B2,baseline,-0.009729392811016258
2023-09-16,B2,baseline,0.006756578174283101
2023-09-17,B2,baseline,-0.006067421425257624
2023-09-18,B2,baseline,-0.002140592563034338
2023-09-19,B2,baseline,-0.008303161664302783
2023-09-20,B2,baseline,-0.011255819356373986
2023-09-21,B2,baseline,0.008340849881619095
2023-09-22,B2,baseline,-0.018729166087385396
2023-09-23,B2,baseline,-5.282109412518832e-05
2023-09-24,B2,baseline,0.0020304952720677782
2023-09-25,B2,baseline,-0.000634694210393083
2023-09-26,B2,baseline,0.0010182718621600806
2023-09-27,B2,baseline,-0.0032468163468194478
2023-09-28,B2,baseline,-0.003370271053852014
2023-09-29,B2,baseline,-0.0004730291530670172
2023-09-30,B2,baseline,0.0003730235069172583
2023-10-01,B2,baseline,-0.002036273298938518
2023-10-02,B2,baseline,0.008068236328611311
2023-10-03,B2,baseline,0.005690022605876477
2023-10-04,B2,baseline,-0.00044274272673139325
2023-10-05,B2,baseline,-0.012786355094530744
2023-10-06,B2,baseline,-0.0053399244652120315
2023-10-07,B2,baseline,0.00615450351875646
2023-10-08,B2,baseline,0.007160166042275096
2023-10-09,B2,baseline,0.006371395033817784
2023-10-10,B2,baseline,0.006366676759228973
2023-10-11,B2,baseline,-0.0006252367976383733
2023-10-12,B2,baseline,0.0006814697698771521
2023-10-13,B2,baseline,-0.014604859034737405
2023-10-14,B2,baseline,-0.00467916485436537
2023-10-15,B2,baseline,0.006409272388933296
2023-10-16,B2,baseline,-0.011818288210736161
2023-10-17,B2,baseline,0.004848127127469848
2023-10-18,B2,baseline,0.0033929092089031165
2023-10-19,B2,baseline,0.0051107285102611755
2023-10-20,B2,baseline,-0.02292851734170087
2023-10-21,B2,baseline,-0.002626327213717805
2023-10-22,B2,baseline,0.015299056159505886
2023-10-23,B2,baseline,-0.01370537019074225
2023-10-24,B2,baseline,0.005119790378486755
2023-10-25,B2,baseline,-0.0071314225581942114
2023-10-26,B2,baseline,0.01177863405219659
2023-10-27,B2,baseline,-0.000995625233984332
2023-10-28,B2,baseline,0.013932753391533437
2023-10-29,B2,baseline,-0.004860645612430048
2023-10-30,B2,baseline,0.006057004152282275
2023-10-31,B2,baseline,0.08620297918546971
2023-11-01,B2,baseline,-0.003097728048558901
2023-11-02,B2,baseline,0.004873355064020313
2023-11-03,B2,baseline,-0.0034306862383034487
2023-11-04,B2,baseline,-0.007039417907580114
2023-11-05,B2,baseline,0.015485117593184716
2023-11-06,B2,baseline,-0.013399156258801836
2023-11-07,B2,baseline,0.0805357946942713
2023-11-08,B2,baseline,0.006535020807943104
2023-11-09,B2,baseline,0.012796121866760934
2023-11-10,B2,baseline,-0.006867331338074156
2023-11-11,B2,baseline,-0.05350497081356054
2023-11-12,B2,baseline,0.05436023973644977
2023-11-13,B2,baseline,-0.003379711963311105
2023-11-14,B2,baseline,-0.020778424932085593
2023-11-15,B2,baseline,0.028460362453991417
2023-11-16,B2,baseline,-0.024445017930916912
2023-11-17,B2,baseline,0.011582086194265928
2023-11-18,B2,baseline,-0.01770901486977372
2023-11-19,B2,baseline,0.07013739847159339
2023-11-20,B2,baseline,-0.03523866182412494
2023-11-21,B2,baseline,-0.04623593401836801
2023-11-22,B2,baseline,-0.004309008662439329
2023-11-23,B2,baseline,0.02782105985800265
2023-11-24,B2,baseline,-0.03284256744454506
2023-11-25,B2,baseline,0.012077539548059901
2023-11-26,B2,baseline,-0.0018138868947163989
2023-11-27,B2,baseline,0.0003852949474427714
2023-11-28,B2,baseline,-0.006838932431995737
2023-11-29,B2,baseline,0.029269843346057423
2023-11-30,B2,baseline,-0.006635434077151725
2023-12-01,B2,baseline,-0.03142673041108668
2023-12-02,B2,baseline,0.006115431367945012
2023-12-03,B2,baseline,-0.02238941143780926
2023-12-04,B2,baseline,0.012847656007356267
2023-12-05,B2,baseline,-0.00544772418174766
2023-12-06,B2,baseline,-0.02026049801042662
2023-12-07,B2,baseline,0.016034090738048512
2023-12-08,B2,baseline,-0.023104272887716437
2023-12-09,B2,baseline,0.03179396823137104
2023-12-10,B2,baseline,0.13015849952867042
2023-12-11,B2,baseline,0.2341210144054564
2023-12-12,B2,baseline,-0.13657429521021225
2023-12-13,B2,baseline,0.1963932106839814
2023-12-14,B2,baseline,-0.19601047227951163
2023-12-15,B2,baseline,-0.016787316740682567
2023-12-16,B2,baseline,0.11629158672278139
2023-12-17,B2,baseline,0.0460798891379437
2023-12-18,B2,baseline,-0.16267606132043455
2023-12-19,B2,baseline,0.01863035700811988
2023-12-20,B2,baseline,-0.004075974836032059
2023-12-21,B2,baseline,-0.005000588138225681
2023-12-22,B2,baseline,0.004411740177455714
2023-12-23,B2,baseline,-0.007866511427158884
2023-12-24,B2,baseline,-0.011081601072054026
2023-12-25,B2,baseline,0.00287738601079246
2023-12-26,B2,baseline,0.0022138820896033806
2023-12-27,B2,baseline,0.014587535982819588
2023-12-28,B2,baseline,0.015809626579627922
2023-12-29,B2,baseline,-0.00520830786818316
2023-12-30,B2,baseline,0.019737432581951042
2023-12-31,B2,baseline,-0.00011667317966845836
2024-01-01,B2,baseline,-0.0325445356629257
2024-01-02,B2,baseline,0.03375032870149153
2024-01-03,B2,baseline,0.01965402869770072
2024-01-04,B2,baseline,-0.00516483716954097
2024-01-05,B2,baseline,0.010239136908483104
2024-01-06,B2,baseline,0.01768500671754647
2024-01-07,B2,baseline,-0.020236558711453023
2024-01-08,B2,baseline,-0.007357404090539754
2024-01-09,B2,baseline,0.005217386455342199
2024-01-10,B2,baseline,-0.0078014891554925025
2024-01-11,B2,baseline,0.002410365842872908
2024-01-12,B2,baseline,0.02304742205024435
2024-01-13,B2,baseline,-0.00387507902440154
2024-01-14,B2,baseline,-0.002155928029243581
2024-01-15,B2,baseline,-0.012034605704022705
2024-01-16,B2,baseline,0.04025271770697847
2024-01-17,B2,baseline,0.004980239795303598
2024-01-18,B2,baseline,-0.03615820413604243
2024-01-19,B2,baseline,0.03614857128460902
2024-01-20,B2,baseline,-0.027413950551984367
2024-01-21,B2,baseline,-0.0026705460724746333
2024-01-22,B2,baseline,0.007332572514596514
2024-01-23,B2,baseline,0.001012276550960367
2024-01-24,B2,baseline,0.0011081701751016748
2024-01-25,B2,baseline,-0.00522032298172681
2024-01-26,B2,baseline,-0.015015106815751689
2024-01-27,B2,baseline,0.0020823421155995447
2024-01-28,B2,baseline,0.007118857238068932
2024-01-29,B2,baseline,0.0033281686474080363
2024-01-30,B2,baseline,0.0019223143327231629
2024-01-31,B2,baseline,0.025148420876030197
2024-02-01,B2,baseline,-0.01886943464967894
2024-02-02,B2,baseline,0.008553043692201445
2024-02-03,B2,baseline,-0.007385072746938004
2024-02-04,B2,baseline,0.018412262963677373
2024-02-05,B2,baseline,-0.005298185273996614
2024-02-06,B2,baseline,-0.0057092762336866665
2024-02-07,B2,baseline,-0.0008845045678524954
2024-02-08,B2,baseline,-0.0010410826073374846
2024-02-09,B2,baseline,0.0020130542029281884
2024-02-10,B2,baseline,0.0361910805026604
2024-02-11,B2,baseline,-0.011860781664352893
2024-02-12,B2,baseline,0.004210418206347821
2024-02-13,B2,baseline,0.01669763926031087
2024-02-14,B2,baseline,-0.020276583990346375
2024-02-15,B2,baseline,0.012814347548556482
2024-02-16,B2,baseline,0.005421794779949973
2024-02-17,B2,baseline,0.0008075658466191182
2024-02-18,B2,baseline,-0.0007498025466639024
2024-02-19,B2,baseline,-0.015192843715040372
2024-02-20,B2,baseline,-0.023258819452824375
2024-02-21,B2,baseline,-0.010756226451519413
2024-02-22,B2,baseline,0.03652043573900876
2024-02-23,B2,baseline,0.005821301417484381
2024-02-24,B2,baseline,-0.025708987323057042
2024-02-25,B2,baseline,-0.011158437837898827
2024-02-26,B2,baseline,-0.00907035268609424
2024-02-27,B2,baseline,0.014000240903098815
2024-02-28,B2,baseline,-0.022066691194379207
2024-02-29,B2,baseline,-0.01817924855734321
2024-03-01,B2,baseline,-0.010926781287893594
2024-03-02,B2,baseline,-0.022411107808117836
2024-03-03,B2,baseline,0.019093970958988793
2024-03-04,B2,baseline,-0.028062669593357903
2024-03-05,B2,baseline,0.05118771448428583
2024-03-06,B2,baseline,-0.05582657168090854
2024-03-07,B2,baseline,-0.015037033077121231
2024-03-08,B2,baseline,0.004600447144796682
2024-03-09,B2,baseline,0.04766765286720176
2024-03-10,B2,baseline,0.024922604326559572
2024-03-11,B2,baseline,-0.04472964148719327
2024-03-12,B2,baseline,-0.024433818448036382
2024-03-13,B2,baseline,0.005392717034320871
2024-03-14,B2,baseline,0.048721272278612116
2024-03-15,B2,baseline,0.006925108333919461
2024-03-16,B2,baseline,0.10369517560253683
2024-03-17,B2,baseline,-0.048034053577581615
2024-03-18,B2,baseline,0.01594170412329854
2024-03-19,B2,baseline,-0.02254501568470646
2024-03-20,B2,baseline,0.03274579748138495
2024-03-21,B2,baseline,0.03990072804119116
2024-03-22,B2,baseline,0.0024701368036175175
2024-03-23,B2,baseline,-0.010690812818484385
2024-03-24,B2,baseline,-0.004349096924422646
2024-03-25,B2,baseline,-0.007250843734674217
2024-03-26,B2,baseline,-0.00032605697102294773
2024-03-27,B2,baseline,-0.01716634436070963
2024-03-28,B2,baseline,-0.01675888098128897
2024-03-29,B2,baseline,-0.006551096832575376
2024-03-30,B2,baseline,0.0029007130723008867
2024-03-31,B2,baseline,-0.04542372043315801
2024-04-01,B2,baseline,-0.0722532048015273
2024-04-02,B2,baseline,0.00558874641845275
2024-04-03,B2,baseline,0.02464659522896029
2024-04-04,B2,baseline,0.04027659711431619
2024-04-05,B2,baseline,-0.008465989548262276
2024-04-06,B2,baseline,-0.02114868824588234
2024-04-07,B2,baseline,0.00819804066642682
2024-04-08,B2,baseline,-0.023909593679905417
2024-04-09,B2,baseline,0.014262624904294308
2024-04-10,B2,baseline,-0.00021190685990124525
2024-04-11,B2,baseline,-0.018380498217440144
2024-04-12,B2,baseline,0.053321474795185564
2024-04-13,B2,baseline,0.045785434242882506
2024-04-14,B2,baseline,-0.0262737245085376
2024-04-15,B2,baseline,-0.04626608865032533
2024-04-16,B2,baseline,0.018765985603777846
2024-04-17,B2,baseline,0.02598325271323243
2024-04-18,B2,baseline,9.333063688155008e-05
2024-04-19,B2,baseline,-0.01967121609268041
2024-04-20,B2,baseline,0.0031186709178108174
2024-04-21,B2,baseline,0.005237607598597149
2024-04-22,B2,baseline,-0.029352255361686397
2024-04-23,B2,baseline,0.008441788905617198
2024-04-24,B2,baseline,0.01390024781766619
2024-04-25,B2,baseline,-0.022210710156508773
2024-04-26,B2,baseline,0.016104104765499727
2024-04-27,B2,baseline,0.03267964523419331
2024-04-28,B2,baseline,0.022969069162936062
2024-04-29,B2,baseline,0.002188799858357404
2024-04-30,B2,baseline,-0.039516340408682904
2024-05-01,B2,baseline,0.010658904496217758
2024-05-02,B2,baseline,0.0007058749861486024
2024-05-03,B2,baseline,0.00541268978743914
2024-05-04,B2,baseline,0.0007000462081523384
2024-05-05,B2,baseline,0.010420622019419845
2024-05-06,B2,baseline,0.009941523531175722
2024-05-07,B2,baseline,0.015141441664130673
2024-05-08,B2,baseline,-0.004376615478259183
2024-05-09,B2,baseline,0.0006838420395596234
2024-05-10,B2,baseline,-0.0025324185341180083
2024-05-11,B2,baseline,-0.0006724638288212459
2024-05-12,B2,baseline,-0.021758253886449697
2024-05-13,B2,baseline,0.009950023813299902
2024-05-14,B2,baseline,-0.0014453779679518552
2024-05-15,B2,baseline,0.010381558768711496
2024-05-16,B2,baseline,-0.021366856849495686
2024-05-17,B2,baseline,0.0267013782325336
2024-05-18,B2,baseline,-0.008743841175143374
2024-05-19,B2,baseline,0.03753982767708486
2024-05-20,B2,baseline,-0.02182550077199541
2024-05-21,B2,baseline,0.016520869875949362
2024-05-22,B2,baseline,-0.007626406064565661
2024-05-23,B2,baseline,0.03700639564913999
2024-05-24,B2,baseline,0.014009906744925305
2024-05-25,B2,baseline,-0.010702900111232094
2024-05-26,B2,baseline,0.006531733855331012
2024-05-27,B2,baseline,-0.00812377196903924
2024-05-28,B2,baseline,0.004571671621446116
2024-05-29,B2,baseline,-0.0005906726102287152
2024-05-30,B2,baseline,-0.0004409360738283352
2024-05-31,B2,baseline,-0.002669934581481903
2024-06-01,B2,baseline,-0.0066628056640596345
2024-06-02,B2,baseline,0.005696525205604708
2024-06-03,B2,baseline,-0.004878946938227102
2024-06-04,B2,baseline,-0.004330771325572025
2024-06-05,B2,baseline,0.004761826911173328
2024-06-06,B2,baseline,0.00014562758282288257
2024-06-07,B2,baseline,-0.0049007570567352055
2024-06-08,B2,baseline,0.012085640591081415
2024-06-09,B2,baseline,-0.009039101921334614
2024-06-10,B2,baseline,0.0007738992364574315
2024-06-11,B2,baseline,7.343185314256928e-06
2024-06-12,B2,baseline,-0.010112948609905303
2024-06-13,B2,baseline,0.008783660570962581
2024-06-14,B2,baseline,-0.0013004847731750147
2024-06-15,B2,baseline,0.005695909010939415
2024-06-16,B2,baseline,0.009805635306361804
2024-06-17,B2,baseline,0.0044545102444033535
2024-06-18,B2,baseline,0.003444811248729751
2024-06-19,B2,baseline,0.0023326205168838765
2024-06-20,B2,baseline,0.0004833758007947164
2024-06-21,B2,baseline,-0.00607780759504406
2024-06-22,B2,baseline,0.009920018600843017
2024-06-23,B2,baseline,-0.004216456745739339
2024-06-24,B2,baseline,0.0019267502861053387
2024-06-25,B2,baseline,-0.0002493778504382149
2024-06-26,B2,baseline,-0.00018676576065335126
2024-06-27,B2,baseline,0.0031896452128725716
2024-06-28,B2,baseline,-0.007087246932600433
2024-06-29,B2,baseline,0.005069951285477492
2024-06-30,B2,baseline,-0.003414806741629972
2024-07-01,B2,baseline,-0.00580632626268518
2024-07-02,B2,baseline,0.0013713635714023287
2024-07-03,B2,baseline,-0.0022952058759752036
2024-07-04,B2,baseline,0.002736785738436387
2024-07-05,B2,baseline,-0.015037722343201443
2024-07-06,B2,baseline,0.004822917796589055
2024-07-07,B2,baseline,0.004339532819932712
2024-07-08,B2,baseline,-0.007992371926829112
2024-07-09,B2,baseline,0.004680965021274464
2024-07-10,B2,baseline,0.007609791243454511
2024-07-11,B2,baseline,-0.0020728260960097833
2024-07-12,B2,baseline,0.0011664227036538577
2024-07-13,B2,baseline,-0.005628224889020261
2024-07-14,B2,baseline,0.004466102283886553
2024-07-15,B2,baseline,0.006250528629726082
2024-07-16,B2,baseline,-0.0012525811084038718
2024-07-17,B2,baseline,0.0007272066900683161
2024-07-18,B2,baseline,-0.004218191904486579
2024-07-19,B2,baseline,-0.00047908763781845387
2024-07-20,B2,baseline,0.006021755266413686
2024-07-21,B2,baseline,-0.002178108112641075
2024-07-22,B2,baseline,-0.0073538749426148575
2024-07-23,B2,baseline,0.008536594251513652
2024-07-24,B2,baseline,-0.004802683696196963
2024-07-25,B2,baseline,-0.004714763599210747
2024-07-26,B2,baseline,-0.003589087725811013
2024-07-27,B2,baseline,-0.0032587482939164802
2024-07-28,B2,baseline,-0.005951535567238819
2024-07-29,B2,baseline,-0.001754002520275355
2024-07-30,B2,baseline,-0.0020812001190162466
2024-07-31,B2,baseline,0.0030391933691011896
2024-08-01,B2,baseline,-0.005819078251121712
2024-08-02,B2,baseline,0.001846984132786833
2024-08-03,B2,baseline,-0.003669621127318279
2024-08-04,B2,baseline,-0.0030278162249928187
2024-08-05,B2,baseline,-0.028201575967979453
2024-08-06,B2,baseline,0.01033460602331826
2024-08-07,B2,baseline,-0.008332120547615673
2024-08-08,B2,baseline,0.012937418121829802
2024-08-09,B2,baseline,-0.0016177515375010998
2024-08-10,B2,baseline,0.004937872307857694
2024-08-11,B2,baseline,-0.007283850348302812
2024-08-12,B2,baseline,0.008482447122002634
2024-08-13,B2,baseline,0.0023048090702950663
2024-08-14,B2,baseline,-0.0030148431580240276
2024-08-15,B2,baseline,0.0001329600317305779
2024-08-16,B2,baseline,-0.000616938067776851
2024-08-17,B2,baseline,-0.005070175225979856
2024-08-18,B2,baseline,0.0018559844763437194
2024-08-19,B2,baseline,-0.0022857854906895847
2024-08-20,B2,baseline,0.0015149346673803965
2024-08-21,B2,baseline,-0.00042976536865180215
2024-08-22,B2,baseline,0.004202293580908512
2024-08-23,B2,baseline,0.009324955222096643
2024-08-24,B2,baseline,0.00410032861452847
2024-08-25,B2,baseline,0.0009045829499190194
2024-08-26,B2,baseline,0.0034668335783161197
2024-08-27,B2,baseline,-0.010521050374665997
2024-08-28,B2,baseline,-0.001322786830572631
2024-08-29,B2,baseline,-0.002072097850401855
2024-08-30,B2,baseline,0.006420727877365362
2024-08-31,B2,baseline,-0.006093616974911287
2024-09-01,B2,baseline,-0.001907554549624435
2024-09-02,B2,baseline,0.007677489355188527
2024-09-03,B2,baseline,-0.007100593906374297
2024-09-04,B2,baseline,0.003488733639751773
2024-09-05,B2,baseline,-0.00023667271064220508
2024-09-06,B2,baseline,1.789836739418682e-05
2024-09-07,B2,baseline,0.004450392805234404
2024-09-08,B2,baseline,0.0012064464140431053
2024-09-09,B2,baseline,-1.6009754125856368e-05
2024-09-10,B2,baseline,0.006269936525529207
2024-09-11,B2,baseline,0.008421736926225387
2024-09-12,B2,baseline,-0.005189238862803092
2024-09-13,B2,baseline,0.009277577805944848
2024-09-14,B2,baseline,0.001003848739984159
2024-09-15,B2,baseline,-0.0018218917005841107
2024-09-16,B2,baseline,0.0014255070732311914
2024-09-17,B2,baseline,0.004396633855898946
2024-09-18,B2,baseline,0.004878973229097694
2024-09-19,B2,baseline,0.00035072125254864694
2024-09-20,B2,baseline,0.009274798464451228
2024-09-21,B2,baseline,-0.0068221675197222
2024-09-22,B2,baseline,0.008689420745588317
2024-09-23,B2,baseline,0.009929001360918566
2024-09-24,B2,baseline,0.0027987647887446343
2024-09-25,B2,baseline,-0.012158507192855939
2024-09-26,B2,baseline,-0.0028765313844942852
2024-09-27,B2,baseline,0.009501137077561506
2024-09-28,B2,baseline,-0.006348457689410947
2024-09-29,B2,baseline,0.010869057317802078
2024-09-30,B2,baseline,-0.008657742132939572
2024-10-01,B2,baseline,-0.008885982502548129
2024-10-02,B2,baseline,-0.008367511366636715
2024-10-03,B2,baseline,0.0038037624378941537
2024-10-04,B2,baseline,0.003902389145405749
2024-10-05,B2,baseline,-0.0024824403692045305
2024-10-06,B2,baseline,-0.003356091824732399
2024-10-07,B2,baseline,-0.004227210039795426
2024-10-08,B2,baseline,0.0013924512898106922
2024-10-09,B2,baseline,-0.008125733807882285
2024-10-10,B2,baseline,0.0005562349793517551
2024-10-11,B2,baseline,0.007256833286147568
2024-10-12,B2,baseline,-0.0006772362109821461
2024-10-13,B2,baseline,0.001250573251534437
2024-10-14,B2,baseline,0.0002932504199821828
2024-10-15,B2,baseline,-0.010614937397092739
2024-10-16,B2,baseline,0.011711836008877485
2024-10-17,B2,baseline,-0.005424172335310784
2024-10-18,B2,baseline,0.0034488848682785456
2024-10-19,B2,baseline,0.007163743881488882
2024-10-20,B2,baseline,-0.008709206633473965
2024-10-21,B2,baseline,-0.005393517381872992
2024-10-22,B2,baseline,0.001921622370226972
2024-10-23,B2,baseline,-0.0016301537969197755
2024-10-24,B2,baseline,0.00793730735178233
2024-10-25,B2,baseline,-0.0024253104587542706
2024-10-26,B2,baseline,-0.0011790938744256074
2024-10-27,B2,baseline,-0.0021643768194253843
2024-10-28,B2,baseline,-0.0018502971082472452
2024-10-29,B2,baseline,0.0093546536305813
2024-10-30,B2,baseline,-0.002142796959726856
2024-10-31,B2,baseline,-0.004341727871845835
2024-11-01,B2,baseline,-0.004980230231672045
2024-11-02,B2,baseline,-0.011437900723974659
2024-11-03,B2,baseline,0.002364706873973388
2024-11-04,B2,baseline,0.0006196533013431704
2024-11-05,B2,baseline,0.012631082264553894
2024-11-06,B2,baseline,0.0018300411383040949
2024-11-07,B2,baseline,0.001958527817562894
2024-11-08,B2,baseline,0.007668434621378228
2024-11-09,B2,baseline,0.0038800586208984633
2024-11-10,B2,baseline,0.0035831688469263323
2024-11-11,B2,baseline,-0.0003409498532520594
2024-11-12,B2,baseline,-0.007668935213774208
2024-11-13,B2,baseline,-0.00711182688913059
2024-11-14,B2,baseline,-0.006992183547031572
2024-11-15,B2,baseline,-0.013299722041838713
2024-11-16,B2,baseline,0.00025626838008507846
2024-11-17,B2,baseline,0.029594181800999486
2024-11-18,B2,baseline,0.0010284650016381125
2024-11-19,B2,baseline,-0.007847373477986697
2024-11-20,B2,baseline,-0.014996952508551376
2024-11-21,B2,baseline,0.015602764155713489
2024-11-22,B2,baseline,-0.01122949481052582
2024-11-23,B2,baseline,-0.0027453029032844523
2024-11-24,B2,baseline,0.030937392742963477
2024-11-25,B2,baseline,-0.011936388922146324
2024-11-26,B2,baseline,-0.004244217304822051
2024-11-27,B2,baseline,0.01006676278585461
2024-11-28,B2,baseline,-0.00552127782293621
2024-11-29,B2,baseline,-0.01298696095832863
2024-11-30,B2,baseline,0.013757248586053539
2024-12-01,B2,baseline,-0.02560619345206816
2024-12-02,B2,baseline,0.009846704810211326
2024-12-03,B2,baseline,0.015286477944582932
2024-12-04,B2,baseline,0.00216629812698077
2024-12-05,B2,baseline,0.016761603207716247
2024-12-06,B2,baseline,0.001237340182704827
2024-12-07,B2,baseline,-0.007355452825422715
2024-12-08,B2,baseline,-0.004996160548461415
2024-12-09,B2,baseline,-0.015240791019565658
2024-12-10,B2,baseline,-0.0023372573664867113
2024-12-11,B2,baseline,0.026593433436435054
2024-12-12,B2,baseline,-0.00027047693082749014
2024-12-13,B2,baseline,-0.005957792312761057
2024-12-14,B2,baseline,0.0022468263362942498
2024-12-15,B2,baseline,-0.005834173082699845
2024-12-16,B2,baseline,0.002124788882160056
2024-12-17,B2,baseline,-0.015181110615973714
2024-12-18,B2,baseline,0.02507723740735046
2024-12-19,B2,baseline,0.01897182067165626
2024-12-20,B2,baseline,-0.008486156005151013
2024-12-21,B2,baseline,-0.006647366944318334
2024-12-22,B2,baseline,0.0007857164927520532
2024-12-23,B2,baseline,0.013018348563226256
2024-12-24,B2,baseline,-0.025028046680372285
2024-12-25,B2,baseline,0.009485879140356035
2024-12-26,B2,baseline,0.020608625563766525
2024-12-27,B2,baseline,-0.011351537970202608
2024-12-28,B2,baseline,-0.0009841401831564012
2024-12-29,B2,baseline,-0.013238582580557434
2024-12-30,B2,baseline,-0.007715302875221375
2024-12-31,B2,baseline,0.016165626949128376
2025-01-01,B2,baseline,0.0014937397516618933
2025-01-02,B2,baseline,-0.023924004275057587
2025-01-03,B2,baseline,0.008153924140904545
2025-01-04,B2,baseline,0.02956065567121935
2025-01-05,B2,baseline,-0.010916384309405669
2025-01-06,B2,baseline,-0.017255210503793084
2025-01-07,B2,baseline,0.00864305150124034
2025-01-08,B2,baseline,-0.002236709889405164
2025-01-09,B2,baseline,-0.0009831924493827193
2025-01-10,B2,baseline,0.00043156626631413175
2025-01-11,B2,baseline,-0.0087023118940589
2025-01-12,B2,baseline,0.0017074373073351357
2025-01-13,B2,baseline,-0.0015869694379126997
2025-01-14,B2,baseline,0.007728271266632003
2025-01-15,B2,baseline,-0.02079441452689257
2025-01-16,B2,baseline,-0.0010335291309553352
2025-01-17,B2,baseline,-0.010591862480356484
2025-01-18,B2,baseline,-0.002763588762671465
2025-01-19,B2,baseline,0.013081467964566773
2025-01-20,B2,baseline,0.00607283412166626
2025-01-21,B2,baseline,-0.01332846399065446
2025-01-22,B2,baseline,-0.002110376742236464
2025-01-23,B2,baseline,-0.017935683155527293
2025-01-24,B2,baseline,0.005395880044093415
2025-01-25,B2,baseline,-0.010547819347755616
2025-01-26,B2,baseline,-0.004739908762156686
2025-01-27,B2,baseline,0.019435307841187965
2025-01-28,B2,baseline,0.00878662129809249
2025-01-29,B2,baseline,-0.018855385713681616
2025-01-30,B2,baseline,-0.011109065648266525
2025-01-31,B2,baseline,0.008894181397818057
2025-02-01,B2,baseline,0.001322070654372176
2025-02-02,B2,baseline,0.004831659048210701
2025-02-03,B2,baseline,-0.011913079676859395
2025-02-04,B2,baseline,0.0025618054060709827
2025-02-05,B2,baseline,0.002835274379099806
2025-02-06,B2,baseline,0.0075414546937579985
2025-02-07,B2,baseline,-0.008490792466714026
2025-02-08,B2,baseline,-0.0002392172809023707
2025-02-09,B2,baseline,-0.004096932965573896
2025-02-10,B2,baseline,0.005074597001828884
2025-02-11,B2,baseline,0.006698815730006746
2025-02-12,B2,baseline,-0.013368677707859322
2025-02-13,B2,baseline,0.010188281509204922
2025-02-14,B2,baseline,-0.009775842633525711
2025-02-15,B2,baseline,-0.0072798898083106245
2025-02-16,B2,baseline,0.002602086760570943
2025-02-17,B2,baseline,0.009425495094014691
2025-02-18,B2,baseline,0.00025582316732197796
2025-02-19,B2,baseline,-0.011755350565163525
2025-02-20,B2,baseline,-0.011511026498514987
2025-02-21,B2,baseline,0.002659397508708583
2025-02-22,B2,baseline,-0.0031505416865900138
2025-02-23,B2,baseline,-0.002874547846687503
2025-02-24,B2,baseline,0.010799293746998728
2025-02-25,B2,baseline,-0.01731355313014671
2025-02-26,B2,baseline,-0.008154350203203653
2025-02-27,B2,baseline,0.0034746010684585382
2025-02-28,B2,baseline,0.002517303605101384
2025-03-01,B2,baseline,0.008746123240959136
2025-03-02,B2,baseline,0.01764390852833575
2025-03-03,B2,baseline,0.010028319900009297
2025-03-04,B2,baseline,0.003017349211410947
2025-03-05,B2,baseline,0.0018017057380168566
2025-03-06,B2,baseline,0.005070672173254742
2025-03-07,B2,baseline,-0.0026585210734062503
2025-03-08,B2,baseline,-0.0026640667638941906
2025-03-09,B2,baseline,0.002390436333275847
2025-03-10,B2,baseline,0.0006718921918809073
2025-03-11,B2,baseline,-0.00741384801170708
2025-03-12,B2,baseline,0.0010041718275060063
2025-03-13,B2,baseline,0.006965446638666162
2025-03-14,B2,baseline,0.001081721298301641
2025-03-15,B2,baseline,-0.0027261935464560905
2025-03-16,B2,baseline,-0.008935975452275313
2025-03-17,B2,baseline,-0.019457442070501152
2025-03-18,B2,baseline,0.009084600350085958
2025-03-19,B2,baseline,0.0006501784009069755
2025-03-20,B2,baseline,0.0003464055325990145
2025-03-21,B2,baseline,-0.001758423096003603
2025-03-22,B2,baseline,-0.004550461562103036
2025-03-23,B2,baseline,-0.002008262830522467
2025-03-24,B2,baseline,-0.005693242796394382
2025-03-25,B2,baseline,0.0011862888920617376
2025-03-26,B2,baseline,0.0029654005650994186
2025-03-27,B2,baseline,-0.008223989524981379
2025-03-28,B2,baseline,0.012027241805829592
2025-03-29,B2,baseline,0.0039583015540225475
2025-03-30,B2,baseline,0.0038930029936876664
2025-03-31,B2,baseline,-0.0037988185695281285
2025-04-01,B2,baseline,0.0005176849183017307
2025-04-02,B2,baseline,0.004411498840519279
2025-04-03,B2,baseline,-0.0016008870241907003
2025-04-04,B2,baseline,-2.4397210796278657e-05
2025-04-05,B2,baseline,-0.0028061124686327155
2025-04-06,B2,baseline,0.010464918096845688
2025-04-07,B2,baseline,-0.005504605523673156
2025-04-08,B2,baseline,-0.004316116628717115
2025-04-09,B2,baseline,-0.01679238539156258
2025-04-10,B2,baseline,-0.011331777060605841
2025-04-11,B2,baseline,-0.020079329063240503
2025-04-12,B2,baseline,-0.00836904451460374
2025-04-13,B2,baseline,0.004429412664022525
2025-04-14,B2,baseline,0.001554270798238333
2025-04-15,B2,baseline,0.009311296708717887
2025-04-16,B2,baseline,-0.0014266030829626075
2025-04-17,B2,baseline,-0.001802519283145454
2025-04-18,B2,baseline,-0.0015381912326779545
2025-04-19,B2,baseline,-0.003300667102600241
2025-04-20,B2,baseline,0.006965274055858117
2025-04-21,B2,baseline,-0.006445380089961206
2025-04-22,B2,baseline,-0.01086748007964633
2025-04-23,B2,baseline,-0.00478087078909506
2025-04-24,B2,baseline,-0.001978131894903923
2025-04-25,B2,baseline,-0.006074850754238192
2025-04-26,B2,baseline,0.0027807934107104693
2025-04-27,B2,baseline,0.005416706839020513
2025-04-28,B2,baseline,-0.0029915184990049193
2025-04-29,B2,baseline,0.0009834707681908306
2025-04-30,B2,baseline,-0.00026328581340517854
2025-05-01,B2,baseline,3.454157391979962e-05
2025-05-02,B2,baseline,-0.005846920957148005
2025-05-03,B2,baseline,0.008519152074610403
2025-05-04,B2,baseline,0.0036939656765739848
2025-05-05,B2,baseline,-0.0009020758207102242
2025-05-06,B2,baseline,-0.0020342694302348807
2025-05-07,B2,baseline,0.001566760229759101
2025-05-08,B2,baseline,-0.019100821669872814
2025-05-09,B2,baseline,-0.00546965792875187
2025-05-10,B2,baseline,-0.01012072008901821
2025-05-11,B2,baseline,0.01169386956331997
2025-05-12,B2,baseline,-0.004872442713406588
2025-05-13,B2,baseline,-0.012686197968714952
2025-05-14,B2,baseline,0.004741452029290993
2025-05-15,B2,baseline,0.00428249142065229
2025-05-16,B2,baseline,0.007000570996150479
2025-05-17,B2,baseline,-0.0010243544734905852
2025-05-18,B2,baseline,-0.011248549675860753
2025-05-19,B2,baseline,0.004838258451069111
2025-05-20,B2,baseline,0.007810452238559362
2025-05-21,B2,baseline,-0.002143438619112481
2025-05-22,B2,baseline,-0.01479207072332478
2025-05-23,B2,baseline,0.020505627879345845
2025-05-24,B2,baseline,0.04432319018709596
2025-05-25,B2,baseline,-0.02333623276143848
2025-05-26,B2,baseline,-0.01931658231678257
2025-05-27,B2,baseline,-0.00331127410820109
2025-05-28,B2,baseline,-0.013002914266594168
2025-05-29,B2,baseline,0.009080588635832498
2025-05-30,B2,baseline,0.019147781056744195
2025-05-31,B2,baseline,-5.668335089004106e-05
2025-06-01,B2,baseline,-0.004480626758172734
2025-06-02,B2,baseline,0.00276266477889453
2025-06-03,B2,baseline,-0.012863678827232383
2025-06-04,B2,baseline,0.010883403680991055
2025-06-05,B2,baseline,0.01486848593377732
2025-06-06,B2,baseline,0.004074982406585326
2025-06-07,B2,baseline,-0.006560848195038882
2025-06-08,B2,baseline,0.0029601518193165255
2025-06-09,B2,baseline,-0.012618242706204152
2025-06-10,B2,baseline,-0.0020556643351258286
2025-06-11,B2,baseline,0.011011181478536303
2025-06-12,B2,baseline,0.0061496067445578895
2025-06-13,B2,baseline,0.012229184056582243
2025-06-14,B2,baseline,0.0016054116774573135
2025-06-15,B2,baseline,-0.0017015137595809415
2025-06-16,B2,baseline,-0.02291241914015285
2025-06-17,B2,baseline,0.01894529746236162
2025-06-18,B2,baseline,0.005628068490202809
2025-06-19,B2,baseline,0.005508068348490047
2025-06-20,B2,baseline,-0.0010096915192204792
2025-06-21,B2,baseline,0.004751110451181928
2025-06-22,B2,baseline,0.002726821159330317
2025-06-23,B2,baseline,-0.01152752880726815
2025-06-24,B2,baseline,-0.0064372256356513
2025-06-25,B2,baseline,0.009862736477157075
2025-06-26,B2,baseline,0.0016689627593751144
2025-06-27,B2,baseline,0.0042350640746873225
2025-06-28,B2,baseline,-0.005955504602001338
2025-06-29,B2,baseline,-0.002884873089830653
2025-06-30,B2,baseline,0.00034669447660040653
2016-06-30,B2,ewma,0.0
2016-07-01,B2,ewma,0.0
2016-07-02,B2,ewma,0.0
2016-07-03,B2,ewma,0.0
2016-07-04,B2,ewma,0.0
2016-07-05,B2,ewma,0.0
2016-07-06,B2,ewma,0.0
2016-07-07,B2,ewma,0.0
2016-07-08,B2,ewma,0.0
2016-07-09,B2,ewma,0.0
2016-07-10,B2,ewma,0.0
2016-07-11,B2,ewma,0.0
2016-07-12,B2,ewma,0.0
2016-07-13,B2,ewma,0.0
2016-07-14,B2,ewma,0.0
2016-07-15,B2,ewma,0.0
2016-07-16,B2,ewma,0.0
2016-07-17,B2,ewma,0.0
2016-07-18,B2,ewma,0.0
2016-07-19,B2,ewma,0.0
2016-07-20,B2,ewma,0.0
2016-07-21,B2,ewma,0.0
2016-07-22,B2,ewma,0.0
2016-07-23,B2,ewma,0.0
2016-07-24,B2,ewma,0.0
2016-07-25,B2,ewma,0.0
2016-07-26,B2,ewma,0.0
2016-07-27,B2,ewma,0.0
2016-07-28,B2,ewma,0.0
2016-07-29,B2,ewma,0.0
2016-07-30,B2,ewma,0.0
2016-07-31,B2,ewma,0.0
2016-08-01,B2,ewma,0.0
2016-08-02,B2,ewma,0.0
2016-08-03,B2,ewma,0.0
2016-08-04,B2,ewma,0.0
2016-08-05,B2,ewma,0.0
2016-08-06,B2,ewma,0.0
2016-08-07,B2,ewma,0.0
2016-08-08,B2,ewma,0.0
2016-08-09,B2,ewma,0.0
2016-08-10,B2,ewma,0.0
2016-08-11,B2,ewma,0.0
2016-08-12,B2,ewma,0.0
2016-08-13,B2,ewma,0.0
2016-08-14,B2,ewma,0.0
2016-08-15,B2,ewma,0.0
2016-08-16,B2,ewma,0.0
2016-08-17,B2,ewma,0.0
2016-08-18,B2,ewma,0.0
2016-08-19,B2,ewma,0.0
2016-08-20,B2,ewma,0.0
2016-08-21,B2,ewma,0.0
2016-08-22,B2,ewma,0.0
2016-08-23,B2,ewma,0.0
2016-08-24,B2,ewma,0.0
2016-08-25,B2,ewma,0.0
2016-08-26,B2,ewma,0.0
2016-08-27,B2,ewma,0.0
2016-08-28,B2,ewma,0.0
2016-08-29,B2,ewma,0.0
2016-08-30,B2,ewma,0.0
2016-08-31,B2,ewma,0.0
2016-09-01,B2,ewma,0.0
2016-09-02,B2,ewma,0.0
2016-09-03,B2,ewma,0.0
2016-09-04,B2,ewma,0.0
2016-09-05,B2,ewma,0.0
2016-09-06,B2,ewma,0.0
2016-09-07,B2,ewma,0.0
2016-09-08,B2,ewma,0.0
2016-09-09,B2,ewma,0.0
2016-09-10,B2,ewma,0.0
2016-09-11,B2,ewma,0.0
2016-09-12,B2,ewma,0.0
2016-09-13,B2,ewma,0.0
2016-09-14,B2,ewma,0.0
2016-09-15,B2,ewma,0.0
2016-09-16,B2,ewma,0.0
2016-09-17,B2,ewma,0.0
2016-09-18,B2,ewma,0.0
2016-09-19,B2,ewma,0.0
2016-09-20,B2,ewma,0.0
2016-09-21,B2,ewma,0.0
2016-09-22,B2,ewma,0.0
2016-09-23,B2,ewma,0.0
2016-09-24,B2,ewma,0.0
2016-09-25,B2,ewma,0.0
2016-09-26,B2,ewma,0.0
2016-09-27,B2,ewma,0.0
2016-09-28,B2,ewma,0.0
2016-09-29,B2,ewma,0.0
2016-09-30,B2,ewma,0.0
2016-10-01,B2,ewma,0.0
2016-10-02,B2,ewma,0.0
2016-10-03,B2,ewma,0.0
2016-10-04,B2,ewma,0.0
2016-10-05,B2,ewma,0.0
2016-10-06,B2,ewma,0.0
2016-10-07,B2,ewma,0.0
2016-10-08,B2,ewma,0.0
2016-10-09,B2,ewma,0.0
2016-10-10,B2,ewma,0.0
2016-10-11,B2,ewma,0.0
2016-10-12,B2,ewma,0.0
2016-10-13,B2,ewma,0.0
2016-10-14,B2,ewma,0.0
2016-10-15,B2,ewma,0.0
2016-10-16,B2,ewma,0.0
2016-10-17,B2,ewma,0.0
2016-10-18,B2,ewma,0.0
2016-10-19,B2,ewma,0.0
2016-10-20,B2,ewma,0.0
2016-10-21,B2,ewma,0.0
2016-10-22,B2,ewma,0.0
2016-10-23,B2,ewma,0.0
2016-10-24,B2,ewma,0.0
2016-10-25,B2,ewma,0.0
2016-10-26,B2,ewma,0.0
2016-10-27,B2,ewma,0.0
2016-10-28,B2,ewma,0.0
2016-10-29,B2,ewma,0.0
2016-10-30,B2,ewma,0.0
2016-10-31,B2,ewma,0.0
2016-11-01,B2,ewma,0.0
2016-11-02,B2,ewma,0.0
2016-11-03,B2,ewma,0.0
2016-11-04,B2,ewma,0.0
2016-11-05,B2,ewma,0.0
2016-11-06,B2,ewma,0.0
2016-11-07,B2,ewma,0.0
2016-11-08,B2,ewma,0.0
2016-11-09,B2,ewma,0.0
2016-11-10,B2,ewma,0.0
2016-11-11,B2,ewma,0.0
2016-11-12,B2,ewma,0.0
2016-11-13,B2,ewma,0.0
2016-11-14,B2,ewma,0.0
2016-11-15,B2,ewma,0.0
2016-11-16,B2,ewma,0.0
2016-11-17,B2,ewma,0.0
2016-11-18,B2,ewma,0.0
2016-11-19,B2,ewma,0.0
2016-11-20,B2,ewma,0.0
2016-11-21,B2,ewma,0.0
2016-11-22,B2,ewma,0.0
2016-11-23,B2,ewma,0.0
2016-11-24,B2,ewma,0.0
2016-11-25,B2,ewma,0.0
2016-11-26,B2,ewma,0.0
2016-11-27,B2,ewma,0.0
2016-11-28,B2,ewma,0.0
2016-11-29,B2,ewma,0.0
2016-11-30,B2,ewma,0.0
2016-12-01,B2,ewma,0.0
2016-12-02,B2,ewma,0.0
2016-12-03,B2,ewma,0.0
2016-12-04,B2,ewma,0.0
2016-12-05,B2,ewma,0.0
2016-12-06,B2,ewma,0.0
2016-12-07,B2,ewma,0.0
2016-12-08,B2,ewma,0.0
2016-12-09,B2,ewma,0.0
2016-12-10,B2,ewma,0.0
2016-12-11,B2,ewma,0.0
2016-12-12,B2,ewma,0.0
2016-12-13,B2,ewma,0.0
2016-12-14,B2,ewma,0.0
2016-12-15,B2,ewma,0.0
2016-12-16,B2,ewma,0.0
2016-12-17,B2,ewma,0.0
2016-12-18,B2,ewma,0.0
2016-12-19,B2,ewma,0.0
2016-12-20,B2,ewma,0.0
2016-12-21,B2,ewma,0.0
2016-12-22,B2,ewma,0.0
2016-12-23,B2,ewma,0.0
2016-12-24,B2,ewma,0.0
2016-12-25,B2,ewma,0.0
2016-12-26,B2,ewma,0.0
2016-12-27,B2,ewma,0.0
2016-12-28,B2,ewma,0.0
2016-12-29,B2,ewma,0.0
2016-12-30,B2,ewma,0.0
2016-12-31,B2,ewma,0.0
2017-01-01,B2,ewma,0.0
2017-01-02,B2,ewma,0.0
2017-01-03,B2,ewma,0.0
2017-01-04,B2,ewma,0.0
2017-01-05,B2,ewma,0.0
2017-01-06,B2,ewma,0.0
2017-01-07,B2,ewma,0.0
2017-01-08,B2,ewma,0.0
2017-01-09,B2,ewma,0.0
2017-01-10,B2,ewma,0.0
2017-01-11,B2,ewma,0.0
2017-01-12,B2,ewma,0.0
2017-01-13,B2,ewma,0.0
2017-01-14,B2,ewma,0.0
2017-01-15,B2,ewma,0.0
2017-01-16,B2,ewma,0.0
2017-01-17,B2,ewma,0.0
2017-01-18,B2,ewma,0.0
2017-01-19,B2,ewma,0.0
2017-01-20,B2,ewma,0.0
2017-01-21,B2,ewma,0.0
2017-01-22,B2,ewma,0.0
2017-01-23,B2,ewma,0.0
2017-01-24,B2,ewma,0.0
2017-01-25,B2,ewma,0.0
2017-01-26,B2,ewma,0.0
2017-01-27,B2,ewma,0.0
2017-01-28,B2,ewma,0.0
2017-01-29,B2,ewma,0.0
2017-01-30,B2,ewma,0.0
2017-01-31,B2,ewma,0.0
2017-02-01,B2,ewma,0.0
2017-02-02,B2,ewma,0.0
2017-02-03,B2,ewma,0.0
2017-02-04,B2,ewma,0.0
2017-02-05,B2,ewma,0.0
2017-02-06,B2,ewma,0.0
2017-02-07,B2,ewma,0.0
2017-02-08,B2,ewma,0.0
2017-02-09,B2,ewma,0.0
2017-02-10,B2,ewma,0.0
2017-02-11,B2,ewma,0.0
2017-02-12,B2,ewma,0.0
2017-02-13,B2,ewma,0.0
2017-02-14,B2,ewma,0.0
2017-02-15,B2,ewma,0.0
2017-02-16,B2,ewma,0.0
2017-02-17,B2,ewma,0.0
2017-02-18,B2,ewma,0.0
2017-02-19,B2,ewma,0.0
2017-02-20,B2,ewma,0.0
2017-02-21,B2,ewma,0.0
2017-02-22,B2,ewma,0.0
2017-02-23,B2,ewma,0.0
2017-02-24,B2,ewma,0.0
2017-02-25,B2,ewma,0.0
2017-02-26,B2,ewma,0.0
2017-02-27,B2,ewma,0.0
2017-02-28,B2,ewma,0.0
2017-03-01,B2,ewma,0.0
2017-03-02,B2,ewma,0.0
2017-03-03,B2,ewma,0.0
2017-03-04,B2,ewma,0.0
2017-03-05,B2,ewma,0.0
2017-03-06,B2,ewma,0.0
2017-03-07,B2,ewma,0.0
2017-03-08,B2,ewma,0.0
2017-03-09,B2,ewma,0.0
2017-03-10,B2,ewma,0.0
2017-03-11,B2,ewma,0.0
2017-03-12,B2,ewma,0.0
2017-03-13,B2,ewma,0.0
2017-03-14,B2,ewma,0.0
2017-03-15,B2,ewma,0.0
2017-03-16,B2,ewma,0.0
2017-03-17,B2,ewma,0.0
2017-03-18,B2,ewma,0.0
2017-03-19,B2,ewma,0.0
2017-03-20,B2,ewma,0.0
2017-03-21,B2,ewma,0.0
2017-03-22,B2,ewma,0.0
2017-03-23,B2,ewma,0.0
2017-03-24,B2,ewma,0.0
2017-03-25,B2,ewma,0.0
2017-03-26,B2,ewma,0.0
2017-03-27,B2,ewma,0.0
2017-03-28,B2,ewma,0.0
2017-03-29,B2,ewma,0.0
2017-03-30,B2,ewma,0.0
2017-03-31,B2,ewma,0.0
2017-04-01,B2,ewma,0.0
2017-04-02,B2,ewma,0.0
2017-04-03,B2,ewma,0.0
2017-04-04,B2,ewma,0.0
2017-04-05,B2,ewma,0.0
2017-04-06,B2,ewma,0.0
2017-04-07,B2,ewma,0.0
2017-04-08,B2,ewma,0.0
2017-04-09,B2,ewma,0.0
2017-04-10,B2,ewma,0.0
2017-04-11,B2,ewma,0.0
2017-04-12,B2,ewma,0.0
2017-04-13,B2,ewma,0.0
2017-04-14,B2,ewma,0.0
2017-04-15,B2,ewma,0.0
2017-04-16,B2,ewma,0.0
2017-04-17,B2,ewma,0.0
2017-04-18,B2,ewma,0.0
2017-04-19,B2,ewma,0.0
2017-04-20,B2,ewma,0.0
2017-04-21,B2,ewma,0.0
2017-04-22,B2,ewma,0.0
2017-04-23,B2,ewma,0.0
2017-04-24,B2,ewma,0.0
2017-04-25,B2,ewma,0.0
2017-04-26,B2,ewma,0.0
2017-04-27,B2,ewma,0.0
2017-04-28,B2,ewma,0.0
2017-04-29,B2,ewma,0.0
2017-04-30,B2,ewma,0.0
2017-05-01,B2,ewma,0.0
2017-05-02,B2,ewma,0.0
2017-05-03,B2,ewma,0.0
2017-05-04,B2,ewma,0.0
2017-05-05,B2,ewma,0.0
2017-05-06,B2,ewma,0.0
2017-05-07,B2,ewma,0.0
2017-05-08,B2,ewma,-0.01279150042583721
2017-05-09,B2,ewma,0.025884296718247324
2017-05-10,B2,ewma,-0.003371095938882185
2017-05-11,B2,ewma,-0.0007473947190356212
2017-05-12,B2,ewma,0.0
2017-05-13,B2,ewma,0.0
2017-05-14,B2,ewma,-0.015066330344860601
2017-05-15,B2,ewma,0.014430103924760962
2017-05-16,B2,ewma,-0.009790654508501695
2017-05-17,B2,ewma,0.014197139210047949
2017-05-18,B2,ewma,0.009157147264518661
2017-05-19,B2,ewma,0.002441761890891847
2017-05-20,B2,ewma,-0.03163169444554059
2017-05-21,B2,ewma,-0.0026019009816863337
2017-05-22,B2,ewma,0.016352424996096904
2017-05-23,B2,ewma,0.0023701018377293437
2017-05-24,B2,ewma,0.00632217926865164
2017-05-25,B2,ewma,-0.007644430829532478
2017-05-26,B2,ewma,0.0029206395508145633
2017-05-27,B2,ewma,0.0020599475622034014
2017-05-28,B2,ewma,-0.003177366476180832
2017-05-29,B2,ewma,-0.0020266174747639587
2017-05-30,B2,ewma,-0.002456567884474792
2017-05-31,B2,ewma,-0.0010187103314230894
2017-06-01,B2,ewma,-0.0007919220791398063
2017-06-02,B2,ewma,-0.007488573245389207
2017-06-03,B2,ewma,-0.017152181070682837
2017-06-04,B2,ewma,-0.00648778663477434
2017-06-05,B2,ewma,0.004014990477728686
2017-06-06,B2,ewma,0.001781055639988871
2017-06-07,B2,ewma,0.0015799167002727987
2017-06-08,B2,ewma,0.00581673844114694
2017-06-09,B2,ewma,0.0055877827663572965
2017-06-10,B2,ewma,0.0004394432870484799
2017-06-11,B2,ewma,-0.00032028189854271805
2017-06-12,B2,ewma,0.001228363723772663
2017-06-13,B2,ewma,-0.0007999803389384663
2017-06-14,B2,ewma,0.0016393640113490093
2017-06-15,B2,ewma,0.00033598693105219013
2017-06-16,B2,ewma,-0.0004861869998075141
2017-06-17,B2,ewma,0.0001385240635802809
2017-06-18,B2,ewma,-6.703140986352718e-05
2017-06-19,B2,ewma,-0.0009225561513550584
2017-06-20,B2,ewma,0.00023173924384600753
2017-06-21,B2,ewma,-0.0006240193155651053
2017-06-22,B2,ewma,-0.0006650922891966449
2017-06-23,B2,ewma,-0.0007815077572836948
2017-06-24,B2,ewma,0.0011179214313421504
2017-06-25,B2,ewma,0.00026215403155638306
2017-06-26,B2,ewma,0.001250590360651005
2017-06-27,B2,ewma,-0.0004424285084473345
2017-06-28,B2,ewma,-0.0003335342432823074
2017-06-29,B2,ewma,0.00013936357593835602
2017-06-30,B2,ewma,0.0007433695344287727
2017-07-01,B2,ewma,0.001261698228478103
2017-07-02,B2,ewma,-5.8678231375397516e-05
2017-07-03,B2,ewma,-0.0006349484621045454
2017-07-04,B2,ewma,0.00010892225192349336
2017-07-05,B2,ewma,0.00023299874241522467
2017-07-06,B2,ewma,0.00029997771329437484
2017-07-07,B2,ewma,0.001591970327473824
2017-07-08,B2,ewma,-0.0003416673381387847
2017-07-09,B2,ewma,0.0004489813519608088
2017-07-10,B2,ewma,0.0012962088970269736
2017-07-11,B2,ewma,0.00034254977269676523
2017-07-12,B2,ewma,-0.0005479867427636842
2017-07-13,B2,ewma,0.00034277049593112174
2017-07-14,B2,ewma,0.0005923698930072607
2017-07-15,B2,ewma,0.0004441113738873348
2017-07-16,B2,ewma,0.00027018844340909176
2017-07-17,B2,ewma,-0.0011268291321231416
2017-07-18,B2,ewma,-0.0002915290858273023
2017-07-19,B2,ewma,0.00033962350882044134
2017-07-20,B2,ewma,-0.000874877665596796
2017-07-21,B2,ewma,-3.118402420165811e-05
2017-07-22,B2,ewma,-0.001345993527590128
2017-07-23,B2,ewma,6.379372165876696e-05
2017-07-24,B2,ewma,0.0003355913918339226
2017-07-25,B2,ewma,0.0010283000000621545
2017-07-26,B2,ewma,-0.00014628976208030942
2017-07-27,B2,ewma,-0.00019147040886235978
2017-07-28,B2,ewma,0.0004157961367419194
2017-07-29,B2,ewma,-0.00035618629652711675
2017-07-30,B2,ewma,-0.0007417558176068262
2017-07-31,B2,ewma,0.0008829824927281127
2017-08-01,B2,ewma,-0.00026318702767036406
2017-08-02,B2,ewma,-0.00019403718979926765
2017-08-03,B2,ewma,-0.0017247249204217496
2017-08-04,B2,ewma,0.0011447562249902177
2017-08-05,B2,ewma,-0.0004252385297789374
2017-08-06,B2,ewma,-0.00017402427030643874
2017-08-07,B2,ewma,-0.0011204194157123926
2017-08-08,B2,ewma,0.0001635467701632809
2017-08-09,B2,ewma,-0.0004454510404265921
2017-08-10,B2,ewma,0.00227135989248084
2017-08-11,B2,ewma,-0.0003853440122828511
2017-08-12,B2,ewma,0.0003225601706351444
2017-08-13,B2,ewma,0.00043433556295569
2017-08-14,B2,ewma,0.0006894943597739456
2017-08-15,B2,ewma,-0.000647906833113554
2017-08-16,B2,ewma,0.0001420178602073996
2017-08-17,B2,ewma,0.00040229996651275357
2017-08-18,B2,ewma,0.00035925898149868907
2017-08-19,B2,ewma,0.00010115179931413643
2017-08-20,B2,ewma,-0.0012923411594093492
2017-08-21,B2,ewma,0.0007910011730123401
2017-08-22,B2,ewma,-0.00037437856927746704
2017-08-23,B2,ewma,-0.0005463222931981759
2017-08-24,B2,ewma,5.324716982046951e-05
2017-08-25,B2,ewma,0.00011254054948706127
2017-08-26,B2,ewma,3.489295952152638e-05
2017-08-27,B2,ewma,-6.283733275014303e-05
2017-08-28,B2,ewma,4.261005171990462e-05
2017-08-29,B2,ewma,0.00013378314726897322
2017-08-30,B2,ewma,0.00018117962795738407
2017-08-31,B2,ewma,-0.00019744734477178394
2017-09-01,B2,ewma,-0.00036855945573166515
2017-09-02,B2,ewma,0.000688832853726673
2017-09-03,B2,ewma,-1.5848880085767014e-05
2017-09-04,B2,ewma,0.0008556384961615482
2017-09-05,B2,ewma,-0.0005363016829841305
2017-09-06,B2,ewma,-0.00016622985961300962
2017-09-07,B2,ewma,2.0575830974589593e-06
2017-09-08,B2,ewma,0.000171771932149678
2017-09-09,B2,ewma,0.00011130410332027552
2017-09-10,B2,ewma,0.0003064595466668596
2017-09-11,B2,ewma,5.504327650074359e-05
2017-09-12,B2,ewma,6.858843650658919e-05
2017-09-13,B2,ewma,0.0004788871890195612
2017-09-14,B2,ewma,0.0008554059868726149
2017-09-15,B2,ewma,-0.0003663455467834975
2017-09-16,B2,ewma,-0.0004016752308260152
2017-09-17,B2,ewma,6.860230648841892e-05
2017-09-18,B2,ewma,-0.0005065665464645264
2017-09-19,B2,ewma,2.975627632584299e-05
2017-09-20,B2,ewma,0.002487823877056927
2017-09-21,B2,ewma,0.005734806851656948
2017-09-22,B2,ewma,-0.011560320515308753
2017-09-23,B2,ewma,-0.001122046775250185
2017-09-24,B2,ewma,0.0003176823138297813
2017-09-25,B2,ewma,-0.0010147046686731498
2017-09-26,B2,ewma,-0.0007842592314757368
2017-09-27,B2,ewma,-0.0002180521671905078
2017-09-28,B2,ewma,0.00021359266582021696
2017-09-29,B2,ewma,8.55808618007714e-05
2017-09-30,B2,ewma,-3.024083811131728e-05
2017-10-01,B2,ewma,-0.0001797251528824484
2017-10-02,B2,ewma,-3.7286273924741486e-05
2017-10-03,B2,ewma,-0.0002785564745296787
2017-10-04,B2,ewma,8.973623936725517e-05
2017-10-05,B2,ewma,0.00043758170441776656
2017-10-06,B2,ewma,-0.0001946624758243365
2017-10-07,B2,ewma,0.00040885784702071604
2017-10-08,B2,ewma,0.0008663152824748277
2017-10-09,B2,ewma,5.714639380460795e-05
2017-10-10,B2,ewma,-0.00019286572881194175
2017-10-11,B2,ewma,-4.5370029393088096e-05
2017-10-12,B2,ewma,0.00013549581709404457
2017-10-13,B2,ewma,0.00022998075570002108
2017-10-14,B2,ewma,0.00032688424448479303
2017-10-15,B2,ewma,-0.0007442510385988754
2017-10-16,B2,ewma,9.774804771467416e-05
2017-10-17,B2,ewma,4.242212078575669e-05
2017-10-18,B2,ewma,0.0002433824688741204
2017-10-19,B2,ewma,-3.0114328678054747e-05
2017-10-20,B2,ewma,-0.0002463649838591042
2017-10-21,B2,ewma,1.1873900298553508e-05
2017-10-22,B2,ewma,-0.00026149634196648286
2017-10-23,B2,ewma,-0.00026955961559282926
2017-10-24,B2,ewma,-0.00014939150453718852
2017-10-25,B2,ewma,9.036642133075645e-05
2017-10-26,B2,ewma,0.0002196872532918004
2017-10-27,B2,ewma,0.00029455571353076415
2017-10-28,B2,ewma,0.00012358304332349412
2017-10-29,B2,ewma,-7.976373828522121e-05
2017-10-30,B2,ewma,-2.4359539601004343e-06
2017-10-31,B2,ewma,0.0002735447921062839
2017-11-01,B2,ewma,0.0046714674698400405
2017-11-02,B2,ewma,0.004837991083352033
2017-11-03,B2,ewma,0.0018478138265789479
2017-11-04,B2,ewma,-0.0006408451873991527
2017-11-05,B2,ewma,-9.0263980936367e-05
2017-11-06,B2,ewma,1.7521918139751236e-05
2017-11-07,B2,ewma,0.002776327988599503
2017-11-08,B2,ewma,0.012407766539464182
2017-11-09,B2,ewma,-0.00649785884839893
2017-11-10,B2,ewma,0.0070302010070006915
2017-11-11,B2,ewma,-0.007730633937035436
2017-11-12,B2,ewma,0.009201010430211598
2017-11-13,B2,ewma,0.0017822648753331727
2017-11-14,B2,ewma,-0.001341465372769357
2017-11-15,B2,ewma,0.00034695901156345244
2017-11-16,B2,ewma,0.0014636418077622615
2017-11-17,B2,ewma,0.000699923362773136
2017-11-18,B2,ewma,-0.00026113286161055793
2017-11-19,B2,ewma,-0.0015851870203068552
2017-11-20,B2,ewma,-6.549071781880578e-06
2017-11-21,B2,ewma,-0.0006678233217739526
2017-11-22,B2,ewma,-0.002757424566871669
2017-11-23,B2,ewma,-4.57151361454855e-06
2017-11-24,B2,ewma,0.0008764335860822481
2017-11-25,B2,ewma,-0.001073762923488153
2017-11-26,B2,ewma,-0.004546331507287005
2017-11-27,B2,ewma,-0.0008113994165750427
2017-11-28,B2,ewma,-0.0007118341971649178
2017-11-29,B2,ewma,0.0029213767896503207
2017-11-30,B2,ewma,-0.0023583571045536766
2017-12-01,B2,ewma,-0.00010017329740519276
2017-12-02,B2,ewma,0.0004999241310594815
2017-12-03,B2,ewma,-0.0005258646131306444
2017-12-04,B2,ewma,-0.0007527621775597071
2017-12-05,B2,ewma,-0.000803851776582043
2017-12-06,B2,ewma,0.0020336702685590513
2017-12-07,B2,ewma,0.0019672588317090067
2017-12-08,B2,ewma,-0.0005441512452393216
2017-12-09,B2,ewma,-0.0018689355994886414
2017-12-10,B2,ewma,0.0019596804967885184
2017-12-11,B2,ewma,-0.0024166244459213893
2017-12-12,B2,ewma,-0.0019389184284583916
2017-12-13,B2,ewma,0.003845820631523056
2017-12-14,B2,ewma,0.0008271681917322304
2017-12-15,B2,ewma,0.0004869170565631187
2017-12-16,B2,ewma,-0.0004478162499513827
2017-12-17,B2,ewma,-0.004516976426038766
2017-12-18,B2,ewma,-0.003570112731551389
2017-12-19,B2,ewma,0.00010354629761621936
2017-12-20,B2,ewma,-0.0004065715587328045
2017-12-21,B2,ewma,-0.0022031315301821452
2017-12-22,B2,ewma,0.0023466925534982863
2017-12-23,B2,ewma,-0.0005447338490576215
2017-12-24,B2,ewma,-0.0003026913367911721
2017-12-25,B2,ewma,-0.0021657213708248246
2017-12-26,B2,ewma,0.0009287401356554703
2017-12-27,B2,ewma,-5.329810947773961e-05
2017-12-28,B2,ewma,0.0005706527073277012
2017-12-29,B2,ewma,-0.001027470216483195
2017-12-30,B2,ewma,0.0011379354326246371
2017-12-31,B2,ewma,-0.00020730723483275426
2018-01-01,B2,ewma,4.4617710813321665e-05
2018-01-02,B2,ewma,-0.0015821463044919382
2018-01-03,B2,ewma,0.0007397296382720686
2018-01-04,B2,ewma,-0.00016391457515152474
2018-01-05,B2,ewma,-3.209741632692609e-05
2018-01-06,B2,ewma,-0.0008886392242472008
2018-01-07,B2,ewma,-0.00015836837391469683
2018-01-08,B2,ewma,-0.0005713087967949004
2018-01-09,B2,ewma,-0.0028842575066790888
2018-01-10,B2,ewma,0.0008976648439367185
2018-01-11,B2,ewma,0.0011271518412616643
2018-01-12,B2,ewma,-0.0011230953677218158
2018-01-13,B2,ewma,-0.0014138485218614383
2018-01-14,B2,ewma,0.001315266977328866
2018-01-15,B2,ewma,0.00010092260912686335
2018-01-16,B2,ewma,0.004233739511192214
2018-01-17,B2,ewma,-0.00024432911325400486
2018-01-18,B2,ewma,-4.946411457329436e-05
2018-01-19,B2,ewma,-0.00022968237315701412
2018-01-20,B2,ewma,-0.0005297013483581692
2018-01-21,B2,ewma,0.0017829528550066254
2018-01-22,B2,ewma,0.0009325397968265037
2018-01-23,B2,ewma,-0.00016527668730836886
2018-01-24,B2,ewma,-0.0001533841758789567
2018-01-25,B2,ewma,-0.001427170758919294
2018-01-26,B2,ewma,0.0002982962179758353
2018-01-27,B2,ewma,0.0002700923951266532
2018-01-28,B2,ewma,-6.110080334320589e-05
2018-01-29,B2,ewma,0.0007521790503317582
2018-01-30,B2,ewma,0.00153434999709412
2018-01-31,B2,ewma,-5.900953044224444e-05
2018-02-01,B2,ewma,0.0010345757111376308
2018-02-02,B2,ewma,-0.00015443526883751613
2018-02-03,B2,ewma,-0.00038661043799137484
2018-02-04,B2,ewma,0.0012647419908220492
2018-02-05,B2,ewma,0.0010123615835804234
2018-02-06,B2,ewma,-0.0005069409419392601
2018-02-07,B2,ewma,0.0002623870641136339
2018-02-08,B2,ewma,-0.0004015928478979802
2018-02-09,B2,ewma,-0.0003314890356191924
2018-02-10,B2,ewma,0.00011995962657551651
2018-02-11,B2,ewma,0.0003784323713325044
2018-02-12,B2,ewma,-0.000456355829743349
2018-02-13,B2,ewma,0.0002759333731485736
2018-02-14,B2,ewma,-0.0003928728043830487
2018-02-15,B2,ewma,-0.00011398872828105588
2018-02-16,B2,ewma,-0.00024197334023179362
2018-02-17,B2,ewma,-0.0007226386773715454
2018-02-18,B2,ewma,0.0002539784271740064
2018-02-19,B2,ewma,-0.0006525050095821383
2018-02-20,B2,ewma,0.0005923172058213133
2018-02-21,B2,ewma,0.000624736585154384
2018-02-22,B2,ewma,0.0002210492929903829
2018-02-23,B2,ewma,-0.0002885818605451451
2018-02-24,B2,ewma,0.0006316167994304678
2018-02-25,B2,ewma,0.0006207863058493857
2018-02-26,B2,ewma,-0.0003379228927183897
2018-02-27,B2,ewma,3.2655073067822116e-05
2018-02-28,B2,ewma,-0.0007170567737562195
2018-03-01,B2,ewma,6.948792470873322e-05
2018-03-02,B2,ewma,0.0003584473210447303
2018-03-03,B2,ewma,0.00013353754881206825
2018-03-04,B2,ewma,6.474839335468552e-05
2018-03-05,B2,ewma,-0.00021967051072002697
2018-03-06,B2,ewma,0.0002883266991475786
2018-03-07,B2,ewma,0.0004040465659125303
2018-03-08,B2,ewma,0.00037399595113907225
2018-03-09,B2,ewma,0.0002637539924432719
2018-03-10,B2,ewma,0.00025229564062034804
2018-03-11,B2,ewma,-8.989508366719079e-05
2018-03-12,B2,ewma,0.00012706039591803275
2018-03-13,B2,ewma,0.00016798705801823743
2018-03-14,B2,ewma,0.0004461324248987708
2018-03-15,B2,ewma,0.00012658950974198113
2018-03-16,B2,ewma,2.2570712323810582e-05
2018-03-17,B2,ewma,0.00015395387461270005
2018-03-18,B2,ewma,5.191046201913352e-05
2018-03-19,B2,ewma,-0.00046238792255881567
2018-03-20,B2,ewma,0.0001753062036979891
2018-03-21,B2,ewma,-0.00038634939021375825
2018-03-22,B2,ewma,3.76033434323908e-06
2018-03-23,B2,ewma,0.0003130127684443096
2018-03-24,B2,ewma,0.0001132195882997955
2018-03-25,B2,ewma,-6.688384186681606e-05
2018-03-26,B2,ewma,0.00020819714809894307
2018-03-27,B2,ewma,8.990377964779306e-05
2018-03-28,B2,ewma,-7.06413572725273e-05
2018-03-29,B2,ewma,0.0003761121942740253
2018-03-30,B2,ewma,0.00011473298725905856
2018-03-31,B2,ewma,-0.00010205206469737771
2018-04-01,B2,ewma,1.6521138906488986e-05
2018-04-02,B2,ewma,-8.710707890324798e-06
2018-04-03,B2,ewma,-0.00016930408913473638
2018-04-04,B2,ewma,0.00020164014213097659
2018-04-05,B2,ewma,6.202707254931994e-06
2018-04-06,B2,ewma,8.665564284360272e-05
2018-04-07,B2,ewma,-0.0001100431974684346
2018-04-08,B2,ewma,-8.945045824992892e-05
2018-04-09,B2,ewma,1.3272301015998522e-06
2018-04-10,B2,ewma,-0.00015513544355827413
2018-04-11,B2,ewma,-0.0001205562901838153
2018-04-12,B2,ewma,-0.0002846395159161741
2018-04-13,B2,ewma,-0.00023529560816581974
2018-04-14,B2,ewma,-1.8571075428464034e-05
2018-04-15,B2,ewma,-0.00018141285600803414
2018-04-16,B2,ewma,-0.0002523960177950313
2018-04-17,B2,ewma,-1.3908192667555497e-06
2018-04-18,B2,ewma,-0.000172750193168425
2018-04-19,B2,ewma,-0.00011767522918582074
2018-04-20,B2,ewma,-9.508968285043551e-05
2018-04-21,B2,ewma,-0.0015557213696819616
2018-04-22,B2,ewma,0.00015141934824236536
2018-04-23,B2,ewma,0.0012953824255410584
2018-04-24,B2,ewma,-0.0010524437291622446
2018-04-25,B2,ewma,0.0007466177094672677
2018-04-26,B2,ewma,-0.0004897223368403036
2018-04-27,B2,ewma,0.0002857558805549054
2018-04-28,B2,ewma,-0.00012323663967439558
2018-04-29,B2,ewma,-0.00011409118142668984
2018-04-30,B2,ewma,-3.095700913191557e-05
2018-05-01,B2,ewma,8.499507092563086e-05
2018-05-02,B2,ewma,-2.3537120005023837e-05
2018-05-03,B2,ewma,-0.00015693170062658357
2018-05-04,B2,ewma,0.00018387037975409193
2018-05-05,B2,ewma,5.9467567940174604e-05
2018-05-06,B2,ewma,0.005580362201547562
2018-05-07,B2,ewma,0.0015143041681584535
2018-05-08,B2,ewma,-0.004215906349962384
2018-05-09,B2,ewma,-0.0006062745287715998
2018-05-10,B2,ewma,0.0002373553973789022
2018-05-11,B2,ewma,0.0002540305983069757
2018-05-12,B2,ewma,9.932565113168756e-05
2018-05-13,B2,ewma,-8.145971705941779e-05
2018-05-14,B2,ewma,-0.0001194000060267264
2018-05-15,B2,ewma,0.00021393392162716296
2018-05-16,B2,ewma,4.6913804164550044e-05
2018-05-17,B2,ewma,0.0001382182670903731
2018-05-18,B2,ewma,-0.00013310019559242825
2018-05-19,B2,ewma,0.0002526570982896992
2018-05-20,B2,ewma,-0.00010731500766714142
2018-05-21,B2,ewma,4.8002872306440736e-05
2018-05-22,B2,ewma,0.00023562376484953518
2018-05-23,B2,ewma,0.00020381610061925848
2018-05-24,B2,ewma,5.131875293762356e-05
2018-05-25,B2,ewma,-0.00011510756250432408
2018-05-26,B2,ewma,0.00013572312795639974
2018-05-27,B2,ewma,7.713588615398947e-05
2018-05-28,B2,ewma,8.997729605986216e-05
2018-05-29,B2,ewma,-9.254784070877875e-05
2018-05-30,B2,ewma,1.1204010939236397e-05
2018-05-31,B2,ewma,-2.5036363883179646e-06
2018-06-01,B2,ewma,1.4150674975788036e-05
2018-06-02,B2,ewma,-0.00015488161610510698
2018-06-03,B2,ewma,6.55483192013584e-06
2018-06-04,B2,ewma,0.0001953745095002457
2018-06-05,B2,ewma,-0.0006494840769390997
2018-06-06,B2,ewma,0.00029351913646613603
2018-06-07,B2,ewma,0.00018200478316421353
2018-06-08,B2,ewma,1.772012054801486e-05
2018-06-09,B2,ewma,-0.0002385793269756853
2018-06-10,B2,ewma,0.00025547650697155255
2018-06-11,B2,ewma,-0.000314266112792394
2018-06-12,B2,ewma,0.00011570190253751278
2018-06-13,B2,ewma,0.0003852150673839816
2018-06-14,B2,ewma,-0.00015614181703593744
2018-06-15,B2,ewma,0.00017734904807187313
2018-06-16,B2,ewma,7.138704217735103e-05
2018-06-17,B2,ewma,0.00014388797535325182
2018-06-18,B2,ewma,-5.151056977614754e-05
2018-06-19,B2,ewma,2.515178641604443e-05
2018-06-20,B2,ewma,3.1090748353612696e-05
2018-06-21,B2,ewma,7.222207714541184e-05
2018-06-22,B2,ewma,0.00023638537624659506
2018-06-23,B2,ewma,5.633274704353042e-05
2018-06-24,B2,ewma,0.00016837626472687717
2018-06-25,B2,ewma,-2.590999180651643e-05
2018-06-26,B2,ewma,7.628461521824725e-05
2018-06-27,B2,ewma,4.281564404307048e-05
2018-06-28,B2,ewma,-0.0002862032594206365
2018-06-29,B2,ewma,-0.015531152368045475
2018-06-30,B2,ewma,-0.00690516518786477
2018-07-01,B2,ewma,-0.005611102438038418
2018-07-02,B2,ewma,0.00099475585914921
2018-07-03,B2,ewma,0.0005701536128273066
2018-07-04,B2,ewma,0.0005363137789415884
2018-07-05,B2,ewma,0.0003749376640755919
2018-07-06,B2,ewma,0.0012396762064292854
2018-07-07,B2,ewma,-0.0005979550911461295
2018-07-08,B2,ewma,0.0009395963236433769
2018-07-09,B2,ewma,0.0009513207461897544
2018-07-10,B2,ewma,0.002575884519483207
2018-07-11,B2,ewma,1.3737165470040225e-05
2018-07-12,B2,ewma,0.00048397581631509645
2018-07-13,B2,ewma,-0.0025117439460570212
2018-07-14,B2,ewma,-0.0006752289851404969
2018-07-15,B2,ewma,-0.0001770245441592433
2018-07-16,B2,ewma,-0.007363434930542034
2018-07-17,B2,ewma,-0.0010055609814230149
2018-07-18,B2,ewma,0.00015554015635488305
2018-07-19,B2,ewma,0.0007586680487530195
2018-07-20,B2,ewma,0.0010953220431320077
2018-07-21,B2,ewma,-0.0007823660921837394
2018-07-22,B2,ewma,0.0006149151858205748
2018-07-23,B2,ewma,0.000708966975349945
2018-07-24,B2,ewma,-3.135360283779143e-05
2018-07-25,B2,ewma,4.1748558687437765e-05
2018-07-26,B2,ewma,0.0007685614428525334
2018-07-27,B2,ewma,-4.1910184544580176e-05
2018-07-28,B2,ewma,0.0002442004107605644
2018-07-29,B2,ewma,-0.000478345580661399
2018-07-30,B2,ewma,0.0008208437123953249
2018-07-31,B2,ewma,0.0010920402289829045
2018-08-01,B2,ewma,-0.000976285683980449
2018-08-02,B2,ewma,0.0007502549915232581
2018-08-03,B2,ewma,0.0005475356216966265
2018-08-04,B2,ewma,0.00019461257921227215
2018-08-05,B2,ewma,-0.00017513377621947157
2018-08-06,B2,ewma,0.00021346620803641692
2018-08-07,B2,ewma,0.00017609479617419765
2018-08-08,B2,ewma,4.591989160318555e-05
2018-08-09,B2,ewma,-4.5114517116862096e-05
2018-08-10,B2,ewma,0.0006147651384751374
2018-08-11,B2,ewma,-0.00010320980948896885
2018-08-12,B2,ewma,0.000379823676465163
2018-08-13,B2,ewma,0.0005902028060873477
2018-08-14,B2,ewma,0.0008308650713342303
2018-08-15,B2,ewma,-0.0003984586921096378
2018-08-16,B2,ewma,-0.0016636341300835245
2018-08-17,B2,ewma,-0.0019979492019056577
2018-08-18,B2,ewma,0.00020897021930621484
2018-08-19,B2,ewma,0.0001265250871456125
2018-08-20,B2,ewma,0.0012412427385584124
2018-08-21,B2,ewma,-0.0007345537429572779
2018-08-22,B2,ewma,0.0006330364917193076
2018-08-23,B2,ewma,-0.00044777781443627873
2018-08-24,B2,ewma,0.0001816076408238665
2018-08-25,B2,ewma,0.0002678100507351733
2018-08-26,B2,ewma,0.00018496709859250338
2018-08-27,B2,ewma,-0.000472449924465157
2018-08-28,B2,ewma,-2.215169566199826e-05
2018-08-29,B2,ewma,0.00042726009436533374
2018-08-30,B2,ewma,0.000410793358918804
2018-08-31,B2,ewma,1.1670832166466028e-05
2018-09-01,B2,ewma,-0.00020531491666808677
2018-09-02,B2,ewma,0.00014976509685427075
2018-09-03,B2,ewma,1.673994339124185e-05
2018-09-04,B2,ewma,-0.00040492464210184487
2018-09-05,B2,ewma,0.0009222326108839773
2018-09-06,B2,ewma,5.8978666588993534e-05
2018-09-07,B2,ewma,-0.00014791710542294556
2018-09-08,B2,ewma,0.0007179784637796338
2018-09-09,B2,ewma,0.005008012944109463
2018-09-10,B2,ewma,-0.000294800906297743
2018-09-11,B2,ewma,-0.009600998125768423
2018-09-12,B2,ewma,-0.0005406084211539985
2018-09-13,B2,ewma,-0.0003737405606422106
2018-09-14,B2,ewma,0.00031644534101293864
2018-09-15,B2,ewma,-0.0004537830467373771
2018-09-16,B2,ewma,1.6674447473663534e-05
2018-09-17,B2,ewma,0.0006325301849401388
2018-09-18,B2,ewma,-5.4262071656374644e-05
2018-09-19,B2,ewma,0.0002115814998338017
2018-09-20,B2,ewma,-0.00014085944819330898
2018-09-21,B2,ewma,-0.00013194671855598639
2018-09-22,B2,ewma,0.00014954453298643422
2018-09-23,B2,ewma,-0.00017659543773063113
2018-09-24,B2,ewma,0.009850583689849257
2018-09-25,B2,ewma,-0.002841966373727689
2018-09-26,B2,ewma,-0.01784229721346353
2018-09-27,B2,ewma,-0.004262984503244693
2018-09-28,B2,ewma,0.002397354682569741
2018-09-29,B2,ewma,-0.0008746618056244548
2018-09-30,B2,ewma,0.00037656884090209175
2018-10-01,B2,ewma,0.00020630541661592616
2018-10-02,B2,ewma,-3.524674565058561e-05
2018-10-03,B2,ewma,7.235700244057064e-05
2018-10-04,B2,ewma,-0.00019915959929561744
2018-10-05,B2,ewma,-0.00047735650086677683
2018-10-06,B2,ewma,0.00010371883783788505
2018-10-07,B2,ewma,-0.001212145219412597
2018-10-08,B2,ewma,-0.00024083556184995025
2018-10-09,B2,ewma,-0.0007418939569810989
2018-10-10,B2,ewma,1.5825728322926835e-05
2018-10-11,B2,ewma,0.002063910911674016
2018-10-12,B2,ewma,-0.00021536010398048866
2018-10-13,B2,ewma,-6.563959341954195e-05
2018-10-14,B2,ewma,-9.739110648310234e-05
2018-10-15,B2,ewma,-0.0005056934344556119
2018-10-16,B2,ewma,0.00020699519794908916
2018-10-17,B2,ewma,0.0010238612786952483
2018-10-18,B2,ewma,0.000145624105980513
2018-10-19,B2,ewma,-0.0002442459453605439
2018-10-20,B2,ewma,-0.00019219839890172175
2018-10-21,B2,ewma,0.00026786924186250616
2018-10-22,B2,ewma,0.0001606068253354742
2018-10-23,B2,ewma,0.0009035321783603667
2018-10-24,B2,ewma,-0.0002069402495221695
2018-10-25,B2,ewma,0.0009148804605634275
2018-10-26,B2,ewma,-0.0011671209096024704
2018-10-27,B2,ewma,-0.00018966918449081493
2018-10-28,B2,ewma,-0.0005335672356669985
2018-10-29,B2,ewma,0.00024501175357038996
2018-10-30,B2,ewma,-0.0003293272237628875
2018-10-31,B2,ewma,-0.00013111542856503178
2018-11-01,B2,ewma,-0.0002433672132282627
2018-11-02,B2,ewma,-0.00016039112157517632
2018-11-03,B2,ewma,0.000326032744207172
2018-11-04,B2,ewma,0.0004729777710372751
2018-11-05,B2,ewma,-0.0001969411147554334
2018-11-06,B2,ewma,0.0002333818135176191
2018-11-07,B2,ewma,3.710574672788347e-05
2018-11-08,B2,ewma,0.0005750325800017997
2018-11-09,B2,ewma,0.0006918752836582165
2018-11-10,B2,ewma,-0.00043973615960501977
2018-11-11,B2,ewma,0.0002450095364938676
2018-11-12,B2,ewma,7.809954726134549e-05
2018-11-13,B2,ewma,0.0003185528494773493
2018-11-14,B2,ewma,0.0009831650209970455
2018-11-15,B2,ewma,2.9713410144793784e-05
2018-11-16,B2,ewma,-0.0003677090672329353
2018-11-17,B2,ewma,-0.0006244452468584516
2018-11-18,B2,ewma,-0.003434780349658939
2018-11-19,B2,ewma,0.0038952083743488686
2018-11-20,B2,ewma,-0.0003294955839185931
2018-11-21,B2,ewma,0.005674395991479342
2018-11-22,B2,ewma,-0.00581259763655817
2018-11-23,B2,ewma,0.0017319946075204928
2018-11-24,B2,ewma,-0.01708065815680959
2018-11-25,B2,ewma,0.002484575610301576
2018-11-26,B2,ewma,-0.004502715354507192
2018-11-27,B2,ewma,0.010334085643157964
2018-11-28,B2,ewma,0.0012415608751839002
2018-11-29,B2,ewma,-0.009590817730857015
2018-11-30,B2,ewma,-0.010232710802588585
2018-12-01,B2,ewma,-0.004106826371933492
2018-12-02,B2,ewma,0.00048318445490069806
2018-12-03,B2,ewma,-0.0021814130947870325
2018-12-04,B2,ewma,-0.010724799970261656
2018-12-05,B2,ewma,-0.004127326786909413
2018-12-06,B2,ewma,0.009113111147635244
2018-12-07,B2,ewma,0.007787932782078677
2018-12-08,B2,ewma,-0.004881525780325524
2018-12-09,B2,ewma,-0.001360129774401031
2018-12-10,B2,ewma,-0.0008080765792990441
2018-12-11,B2,ewma,0.002979682851573573
2018-12-12,B2,ewma,0.006513297515784666
2018-12-13,B2,ewma,-0.003231124636761451
2018-12-14,B2,ewma,-0.009344885435116024
2018-12-15,B2,ewma,0.002714046080676491
2018-12-16,B2,ewma,-0.006145609202696134
2018-12-17,B2,ewma,0.0015561545530793364
2018-12-18,B2,ewma,-0.008920708220442997
2018-12-19,B2,ewma,-0.003105581072072594
2018-12-20,B2,ewma,-0.002311836743861706
2018-12-21,B2,ewma,0.001969762581348844
2018-12-22,B2,ewma,-0.003117549149726395
2018-12-23,B2,ewma,-0.0013614853656755965
2018-12-24,B2,ewma,-0.004572008945977202
2018-12-25,B2,ewma,0.00403857809385344
2018-12-26,B2,ewma,0.0007570368291311969
2018-12-27,B2,ewma,0.00244685019833657
2018-12-28,B2,ewma,0.0013785058376496462
2018-12-29,B2,ewma,-0.0019273135309073597
2018-12-30,B2,ewma,0.0013672275995924021
2018-12-31,B2,ewma,0.002545845377932565
2019-01-01,B2,ewma,-0.0017176342329884298
2019-01-02,B2,ewma,0.0028446280758118725
2019-01-03,B2,ewma,0.011866076512463186
2019-01-04,B2,ewma,-0.011064424822526564
2019-01-05,B2,ewma,-0.00432348589352427
2019-01-06,B2,ewma,0.004008098338019517
2019-01-07,B2,ewma,-0.0030118312537510405
2019-01-08,B2,ewma,-0.00270329558734006
2019-01-09,B2,ewma,-0.0009904127729872814
2019-01-10,B2,ewma,0.005630526730431518
2019-01-11,B2,ewma,-0.002725100694760396
2019-01-12,B2,ewma,-0.00966254479265316
2019-01-13,B2,ewma,-0.00027418958422542605
2019-01-14,B2,ewma,-0.000756164791249736
2019-01-15,B2,ewma,0.0005716720843782497
2019-01-16,B2,ewma,0.00024008689959620355
2019-01-17,B2,ewma,0.0023092836409019935
2019-01-18,B2,ewma,0.00022487212247468413
2019-01-19,B2,ewma,-0.0034210397918289503
2019-01-20,B2,ewma,0.00016317061873238892
2019-01-21,B2,ewma,0.0017414833906590488
2019-01-22,B2,ewma,0.001045012679061097
2019-01-23,B2,ewma,-0.0003301340939375619
2019-01-24,B2,ewma,0.0012594108302323992
2019-01-25,B2,ewma,-0.0017388424344508824
2019-01-26,B2,ewma,-8.022846966748709e-05
2019-01-27,B2,ewma,0.00214120130529194
2019-01-28,B2,ewma,-0.002199987848756968
2019-01-29,B2,ewma,-0.0007925965048940498
2019-01-30,B2,ewma,0.0011957686210799512
2019-01-31,B2,ewma,0.002967936278898131
2019-02-01,B2,ewma,-0.000584003038474612
2019-02-02,B2,ewma,8.339147167202299e-05
2019-02-03,B2,ewma,-0.0007756756957564281
2019-02-04,B2,ewma,-0.000689739462431116
2019-02-05,B2,ewma,-0.0012454898581134577
2019-02-06,B2,ewma,0.004740593759069878
2019-02-07,B2,ewma,-0.002266920810780837
2019-02-08,B2,ewma,4.931679612485418e-05
2019-02-09,B2,ewma,-0.004848534012042105
2019-02-10,B2,ewma,-0.0014917131355932645
2019-02-11,B2,ewma,0.00023986519710095244
2019-02-12,B2,ewma,0.001494386111111412
2019-02-13,B2,ewma,-0.005234033776446156
2019-02-14,B2,ewma,-5.394661087532171e-05
2019-02-15,B2,ewma,-0.004690771415486017
2019-02-16,B2,ewma,-0.0024970841580927994
2019-02-17,B2,ewma,0.002414078922700069
2019-02-18,B2,ewma,0.006440466592792182
2019-02-19,B2,ewma,-0.0060139823744809195
2019-02-20,B2,ewma,-0.007450331091311768
2019-02-21,B2,ewma,-0.0007658696245043117
2019-02-22,B2,ewma,-0.0005105091640739134
2019-02-23,B2,ewma,-0.0023819010651662254
2019-02-24,B2,ewma,0.007555524960353832
2019-02-25,B2,ewma,-0.006539712076788606
2019-02-26,B2,ewma,-0.002136644051733194
2019-02-27,B2,ewma,-0.0028676207312665625
2019-02-28,B2,ewma,0.0025818675564166504
2019-03-01,B2,ewma,-0.0014758979797555583
2019-03-02,B2,ewma,-0.002632655194541922
2019-03-03,B2,ewma,-0.0010864157707507482
2019-03-04,B2,ewma,-0.00027871269601198456
2019-03-05,B2,ewma,-0.002408268820992543
2019-03-06,B2,ewma,0.0037725162094623954
2019-03-07,B2,ewma,-0.016052244797476023
2019-03-08,B2,ewma,-0.011313919544101547
2019-03-09,B2,ewma,-0.004748273469236897
2019-03-10,B2,ewma,0.006343169671233939
2019-03-11,B2,ewma,0.017783792827631872
2019-03-12,B2,ewma,-0.015600143609886707
2019-03-13,B2,ewma,0.004242956256682362
2019-03-14,B2,ewma,0.0006584115985044381
2019-03-15,B2,ewma,-0.0031866232357206092
2019-03-16,B2,ewma,0.001865251178501559
2019-03-17,B2,ewma,0.0029098243776475297
2019-03-18,B2,ewma,-0.00483106745321471
2019-03-19,B2,ewma,-0.0046289888428795445
2019-03-20,B2,ewma,0.0032423323511094893
2019-03-21,B2,ewma,-0.004430060926529089
2019-03-22,B2,ewma,0.002520838763111488
2019-03-23,B2,ewma,0.00032974736008561933
2019-03-24,B2,ewma,-0.0029448088803899486
2019-03-25,B2,ewma,-0.0020910587687482662
2019-03-26,B2,ewma,0.002861455083781772
2019-03-27,B2,ewma,-0.002726216490263056
2019-03-28,B2,ewma,-0.0005233415227953175
2019-03-29,B2,ewma,0.0007521654229105668
2019-03-30,B2,ewma,0.0005771666449922996
2019-03-31,B2,ewma,-0.000765077646365353
2019-04-01,B2,ewma,-0.0006420713021647595
2019-04-02,B2,ewma,-0.0016449739874946356
2019-04-03,B2,ewma,0.004256966358995751
2019-04-04,B2,ewma,-0.00045896970382552915
2019-04-05,B2,ewma,-0.006295914193652052
2019-04-06,B2,ewma,0.00781609625277313
2019-04-07,B2,ewma,-9.038303303843254e-05
2019-04-08,B2,ewma,0.003912001357051498
2019-04-09,B2,ewma,0.0007129071579072832
2019-04-10,B2,ewma,0.010764296822787678
2019-04-11,B2,ewma,0.007764050490264074
2019-04-12,B2,ewma,0.0027734778231223167
2019-04-13,B2,ewma,-0.004099794782918331
2019-04-14,B2,ewma,-0.0030329452224782116
2019-04-15,B2,ewma,0.006194350952594796
2019-04-16,B2,ewma,-0.00427014333045872
2019-04-17,B2,ewma,-0.003938027748918271
2019-04-18,B2,ewma,0.00022328604740495805
2019-04-19,B2,ewma,-0.0031605813159717444
2019-04-20,B2,ewma,-0.003234760967862127
2019-04-21,B2,ewma,0.005647997813914563
2019-04-22,B2,ewma,-0.00013432580458760945
2019-04-23,B2,ewma,-0.0016743442711208978
2019-04-24,B2,ewma,0.01083547254971795
2019-04-25,B2,ewma,0.008036136646396796
2019-04-26,B2,ewma,-0.0004497582810869538
2019-04-27,B2,ewma,-0.0002008071731485206
2019-04-28,B2,ewma,0.0013073035893484963
2019-04-29,B2,ewma,0.00365456922687013
2019-04-30,B2,ewma,-0.0074047579913461
2019-05-01,B2,ewma,-0.002639936927261055
2019-05-02,B2,ewma,-0.004873595142508735
2019-05-03,B2,ewma,-0.0012105816234454503
2019-05-04,B2,ewma,0.0030458959606929348
2019-05-05,B2,ewma,-0.005659908111976253
2019-05-06,B2,ewma,0.0022304279757845435
2019-05-07,B2,ewma,0.0018026240064328292
2019-05-08,B2,ewma,0.001161270177436835
2019-05-09,B2,ewma,0.008064895999051025
2019-05-10,B2,ewma,0.02223133646975639
2019-05-11,B2,ewma,0.0006009880482382712
2019-05-12,B2,ewma,-0.012685195120722303
2019-05-13,B2,ewma,-0.0030321314491719153
2019-05-14,B2,ewma,-0.013130212103745431
2019-05-15,B2,ewma,-0.00420132937201112
2019-05-16,B2,ewma,0.015112593223473691
2019-05-17,B2,ewma,-0.0076088134847701605
2019-05-18,B2,ewma,-0.007121436986532226
2019-05-19,B2,ewma,-0.003989949781147417
2019-05-20,B2,ewma,0.007831159524612996
2019-05-21,B2,ewma,-0.013987755817669867
2019-05-22,B2,ewma,0.004109526068770686
2019-05-23,B2,ewma,-0.010432466845668342
2019-05-24,B2,ewma,0.001519529830215749
2019-05-25,B2,ewma,-0.003979027590294226
2019-05-26,B2,ewma,-0.0013858855871289322
2019-05-27,B2,ewma,-0.008311591777057203
2019-05-28,B2,ewma,0.0010701528804677451
2019-05-29,B2,ewma,-0.0023316629505112374
2019-05-30,B2,ewma,0.014770248924451002
2019-05-31,B2,ewma,-0.010389190925494507
2019-06-01,B2,ewma,-0.005015268031870135
2019-06-02,B2,ewma,-0.012177785069705904
2019-06-03,B2,ewma,0.013296873174072799
2019-06-04,B2,ewma,0.0033609874220810187
2019-06-05,B2,ewma,-0.005179991382618598
2019-06-06,B2,ewma,-0.003859703189206143
2019-06-07,B2,ewma,-0.004554652939188331
2019-06-08,B2,ewma,0.00016103585565430123
2019-06-09,B2,ewma,0.003194496487792131
2019-06-10,B2,ewma,-0.003684333271737894
2019-06-11,B2,ewma,-0.006548406316715383
2019-06-12,B2,ewma,0.0013599737504306209
2019-06-13,B2,ewma,0.001427248948560722
2019-06-14,B2,ewma,0.001146487246592942
2019-06-15,B2,ewma,-0.018117303047846423
2019-06-16,B2,ewma,0.0038081702590804234
2019-06-17,B2,ewma,0.0014312790715749202
2019-06-18,B2,ewma,0.005489835465223303
2019-06-19,B2,ewma,-0.005710600497728757
2019-06-20,B2,ewma,0.0010501798927542438
2019-06-21,B2,ewma,-2.2959900824348622e-05
2019-06-22,B2,ewma,-0.005928501512842632
2019-06-23,B2,ewma,0.001997817653880851
2019-06-24,B2,ewma,-0.002285556208524109
2019-06-25,B2,ewma,-0.0001464330218428067
2019-06-26,B2,ewma,0.001927580808836593
2019-06-27,B2,ewma,0.02829238051248062
2019-06-28,B2,ewma,-0.009197300650413909
2019-06-29,B2,ewma,0.00860884825656294
2019-06-30,B2,ewma,0.0017357678356528794
2019-07-01,B2,ewma,-0.0011866240730753486
2019-07-02,B2,ewma,0.003393165527308506
2019-07-03,B2,ewma,0.0017698983866594187
2019-07-04,B2,ewma,-0.002832485001529772
2019-07-05,B2,ewma,-0.010129098284497262
2019-07-06,B2,ewma,0.0032468597228090257
2019-07-07,B2,ewma,-0.004718360169303271
2019-07-08,B2,ewma,0.003219993129456311
2019-07-09,B2,ewma,0.0008464853211447299
2019-07-10,B2,ewma,0.00952849485445717
2019-07-11,B2,ewma,0.012159629681009143
2019-07-12,B2,ewma,-0.004946053351675084
2019-07-13,B2,ewma,0.006189545521034123
2019-07-14,B2,ewma,0.018840698475942608
2019-07-15,B2,ewma,-0.0006793050561298974
2019-07-16,B2,ewma,0.01629093736190068
2019-07-17,B2,ewma,-0.003888580269408193
2019-07-18,B2,ewma,-0.005043018006730238
2019-07-19,B2,ewma,0.00273928529399714
2019-07-20,B2,ewma,-0.010431069552243155
2019-07-21,B2,ewma,0.0013331940446654755
2019-07-22,B2,ewma,0.0001755750063754391
2019-07-23,B2,ewma,0.004539260912225451
2019-07-24,B2,ewma,0.001939046730778049
2019-07-25,B2,ewma,-0.011269673677428815
2019-07-26,B2,ewma,-0.0033721048170183288
2019-07-27,B2,ewma,0.005742608947642447
2019-07-28,B2,ewma,-0.0015235503992977462
2019-07-29,B2,ewma,-0.0037531933482654045
2019-07-30,B2,ewma,-0.0008358276362749884
2019-07-31,B2,ewma,0.0004912482106300686
2019-08-01,B2,ewma,0.0022559433470030754
2019-08-02,B2,ewma,-0.0036128169710901714
2019-08-03,B2,ewma,0.00045250744461244885
2019-08-04,B2,ewma,-0.003930155063726071
2019-08-05,B2,ewma,-0.00014151652017091454
2019-08-06,B2,ewma,0.005530245073750661
2019-08-07,B2,ewma,0.0028633236096977654
2019-08-08,B2,ewma,0.027338175838932166
2019-08-09,B2,ewma,-0.003966841427112566
2019-08-10,B2,ewma,0.011501017233012556
2019-08-11,B2,ewma,-0.002147755084445424
2019-08-12,B2,ewma,0.0008856192995474466
2019-08-13,B2,ewma,0.0054072650121370636
2019-08-14,B2,ewma,-0.0013654482183959038
2019-08-15,B2,ewma,0.0010285770954450157
2019-08-16,B2,ewma,0.004658813206020129
2019-08-17,B2,ewma,-0.0021269175908795734
2019-08-18,B2,ewma,-0.0010153082064998653
2019-08-19,B2,ewma,-0.005150587669322748
2019-08-20,B2,ewma,0.003640084913550057
2019-08-21,B2,ewma,0.002808387038068627
2019-08-22,B2,ewma,-0.0029828307936304865
2019-08-23,B2,ewma,-0.004222306145095223
2019-08-24,B2,ewma,-0.0012868631805129649
2019-08-25,B2,ewma,0.004029766265526424
2019-08-26,B2,ewma,0.000810712050000717
2019-08-27,B2,ewma,0.006805695721862293
2019-08-28,B2,ewma,0.015225847359829903
2019-08-29,B2,ewma,0.01066558041054555
2019-08-30,B2,ewma,-0.015454067789099524
2019-08-31,B2,ewma,0.010382201540697356
2019-09-01,B2,ewma,-0.008810874729455409
2019-09-02,B2,ewma,0.0002384365270939881
2019-09-03,B2,ewma,0.0005156468876597042
2019-09-04,B2,ewma,0.00018058334084236627
2019-09-05,B2,ewma,-4.960461499559088e-05
2019-09-06,B2,ewma,0.00329091510899171
2019-09-07,B2,ewma,-0.0025856513322283226
2019-09-08,B2,ewma,-0.0020063031068243697
2019-09-09,B2,ewma,0.0012992036358807635
2019-09-10,B2,ewma,0.0033028876922078787
2019-09-11,B2,ewma,0.0035684360957299877
2019-09-12,B2,ewma,-0.003919719194042992
2019-09-13,B2,ewma,0.0016982611725941954
2019-09-14,B2,ewma,-0.0031938455015300127
2019-09-15,B2,ewma,4.5908856444398793e-05
2019-09-16,B2,ewma,-0.001881788431332021
2019-09-17,B2,ewma,-0.0042868006739281705
2019-09-18,B2,ewma,-0.0001912920220618064
2019-09-19,B2,ewma,-0.002253284717548598
2019-09-20,B2,ewma,-0.0010373908544123456
2019-09-21,B2,ewma,0.0020456070713696928
2019-09-22,B2,ewma,0.002753766086872167
2019-09-23,B2,ewma,0.006918798060304265
2019-09-24,B2,ewma,0.015898814771398984
2019-09-25,B2,ewma,-0.0032728558655308326
2019-09-26,B2,ewma,0.0023347975336924787
2019-09-27,B2,ewma,-0.003931327181816546
2019-09-28,B2,ewma,0.0005317175706431865
2019-09-29,B2,ewma,0.0018232361726056023
2019-09-30,B2,ewma,0.005281758521234359
2019-10-01,B2,ewma,-0.008443898286198959
2019-10-02,B2,ewma,-0.01338992212695389
2019-10-03,B2,ewma,0.002498298773089047
2019-10-04,B2,ewma,-0.002302321012466857
2019-10-05,B2,ewma,0.0033577527100052684
2019-10-06,B2,ewma,0.0034830583260747616
2019-10-07,B2,ewma,-0.0056795491399300735
2019-10-08,B2,ewma,-0.0025411947696971637
2019-10-09,B2,ewma,-0.0030938317239624924
2019-10-10,B2,ewma,0.005151979232952852
2019-10-11,B2,ewma,0.008308157506146996
2019-10-12,B2,ewma,0.00020054495313037712
2019-10-13,B2,ewma,-0.006661986259029584
2019-10-14,B2,ewma,0.0008835895875241029
2019-10-15,B2,ewma,0.00023761295640478686
2019-10-16,B2,ewma,0.00010776272773593831
2019-10-17,B2,ewma,-0.0022681214854586296
2019-10-18,B2,ewma,0.0007955067851510567
2019-10-19,B2,ewma,0.0008168826568570875
2019-10-20,B2,ewma,0.00015215184689787442
2019-10-21,B2,ewma,0.0022892865580514954
2019-10-22,B2,ewma,-0.0024763518030831433
2019-10-23,B2,ewma,-0.0016466243632053956
2019-10-24,B2,ewma,-0.0011160945066586159
2019-10-25,B2,ewma,-0.004219924247620077
2019-10-26,B2,ewma,-0.004802839128587255
2019-10-27,B2,ewma,-0.0052346339159097255
2019-10-28,B2,ewma,0.008921348036996068
2019-10-29,B2,ewma,-0.00752398243404151
2019-10-30,B2,ewma,-1.2214884179129193e-05
2019-10-31,B2,ewma,0.0007268826529911454
2019-11-01,B2,ewma,-0.0032298777542814072
2019-11-02,B2,ewma,-0.007750162039127706
2019-11-03,B2,ewma,0.0050060507347238214
2019-11-04,B2,ewma,-0.0009520251731685025
2019-11-05,B2,ewma,0.002163058661882822
2019-11-06,B2,ewma,-0.002708234722295977
2019-11-07,B2,ewma,-0.0004152328481620282
2019-11-08,B2,ewma,-0.000900928636527909
2019-11-09,B2,ewma,-0.0034229812254723546
2019-11-10,B2,ewma,0.003078855724149454
2019-11-11,B2,ewma,-0.0015976062387910162
2019-11-12,B2,ewma,-0.00560046150296889
2019-11-13,B2,ewma,-0.0019743002853397362
2019-11-14,B2,ewma,0.0009358381875554933
2019-11-15,B2,ewma,-0.0013650041198876028
2019-11-16,B2,ewma,0.005225777301584245
2019-11-17,B2,ewma,0.005276042878282539
2019-11-18,B2,ewma,-0.0007839899020579688
2019-11-19,B2,ewma,-0.0015889091794384358
2019-11-20,B2,ewma,-0.0011913966651970753
2019-11-21,B2,ewma,-0.0064204231398130585
2019-11-22,B2,ewma,-0.0014803460475772967
2019-11-23,B2,ewma,0.00122280597571911
2019-11-24,B2,ewma,-0.0018474212175001448
2019-11-25,B2,ewma,0.002060997379324192
2019-11-26,B2,ewma,0.001643108303753138
2019-11-27,B2,ewma,0.004310954987266191
2019-11-28,B2,ewma,0.006856884682473252
2019-11-29,B2,ewma,-0.0023213247675993864
2019-11-30,B2,ewma,-0.004953926929310293
2019-12-01,B2,ewma,0.0022882192373032684
2019-12-02,B2,ewma,-0.0010505395370363768
2019-12-03,B2,ewma,-0.0003272491965120583
2019-12-04,B2,ewma,0.001071371797083831
2019-12-05,B2,ewma,0.009130537560038343
2019-12-06,B2,ewma,0.00048388212226879723
2019-12-07,B2,ewma,-0.00031513546869244013
2019-12-08,B2,ewma,0.00036483307535251086
2019-12-09,B2,ewma,0.0022641403506780122
2019-12-10,B2,ewma,0.0018948103916898162
2019-12-11,B2,ewma,-0.002199062349641512
2019-12-12,B2,ewma,0.0018159790238807538
2019-12-13,B2,ewma,-0.0033744763078202844
2019-12-14,B2,ewma,0.0006156980091485131
2019-12-15,B2,ewma,-0.0007298609298210801
2019-12-16,B2,ewma,-0.0010280330625361822
2019-12-17,B2,ewma,3.156047384500482e-05
2019-12-18,B2,ewma,0.007428060263327874
2019-12-19,B2,ewma,0.0047681659907057306
2019-12-20,B2,ewma,-0.0012951671754549698
2019-12-21,B2,ewma,-0.00808465436214012
2019-12-22,B2,ewma,-0.012114837757961072
2019-12-23,B2,ewma,-0.0014135926541899435
2019-12-24,B2,ewma,0.00021646072275816053
2019-12-25,B2,ewma,-0.0032518810728571212
2019-12-26,B2,ewma,-0.0012332960220975409
2019-12-27,B2,ewma,-0.005622125813721457
2019-12-28,B2,ewma,-0.00395379262999529
2019-12-29,B2,ewma,0.0004829051213492974
2019-12-30,B2,ewma,-7.06071549316789e-05
2019-12-31,B2,ewma,0.001900640349308036
2020-01-01,B2,ewma,-0.0014531003339594006
2020-01-02,B2,ewma,0.00033793861818298687
2020-01-03,B2,ewma,0.0010402899853132475
2020-01-04,B2,ewma,-0.0002266061924487417
2020-01-05,B2,ewma,-0.001940118301413385
2020-01-06,B2,ewma,-0.0025703400858274605
2020-01-07,B2,ewma,0.00480745695520346
2020-01-08,B2,ewma,0.001078563216156736
2020-01-09,B2,ewma,-0.00025563256907890075
2020-01-10,B2,ewma,0.0025430125472329923
2020-01-11,B2,ewma,0.0010579102993046874
2020-01-12,B2,ewma,-0.0005580932777650149
2020-01-13,B2,ewma,0.0014276601902458719
2020-01-14,B2,ewma,0.0036061112516987404
2020-01-15,B2,ewma,-0.0006614988283198953
2020-01-16,B2,ewma,-0.001365966446062794
2020-01-17,B2,ewma,0.003839915610839517
2020-01-18,B2,ewma,0.00431507396000419
2020-01-19,B2,ewma,-0.0007276046067795638
2020-01-20,B2,ewma,-0.002478498271021423
2020-01-21,B2,ewma,0.0039917480446349796
2020-01-22,B2,ewma,0.011383989745813228
2020-01-23,B2,ewma,-0.00548950126273462
2020-01-24,B2,ewma,0.003344973866629797
2020-01-25,B2,ewma,-0.002521284121648204
2020-01-26,B2,ewma,-0.0013292171075064418
2020-01-27,B2,ewma,0.0019266063757565899
2020-01-28,B2,ewma,0.0006710355691628145
2020-01-29,B2,ewma,-0.007008636946505442
2020-01-30,B2,ewma,-0.01098893009450308
2020-01-31,B2,ewma,-0.006585488355393743
2020-02-01,B2,ewma,0.005692392462592677
2020-02-02,B2,ewma,-0.009302515204914541
2020-02-03,B2,ewma,-0.0020763396241760823
2020-02-04,B2,ewma,-0.005017776262299156
2020-02-05,B2,ewma,-0.0009451824002280063
2020-02-06,B2,ewma,0.00014669354711771554
2020-02-07,B2,ewma,-0.0004205989918371067
2020-02-08,B2,ewma,-0.003222660308409231
2020-02-09,B2,ewma,-0.002145433449919576
2020-02-10,B2,ewma,0.005786955362970803
2020-02-11,B2,ewma,-0.007898903684784186
2020-02-12,B2,ewma,0.0031165210106505192
2020-02-13,B2,ewma,0.003949835186099815
2020-02-14,B2,ewma,-0.004602127532690514
2020-02-15,B2,ewma,-0.010320687530278483
2020-02-16,B2,ewma,0.003990996355474952
2020-02-17,B2,ewma,0.006554346375371223
2020-02-18,B2,ewma,-0.008489287394167988
2020-02-19,B2,ewma,0.006001935692591109
2020-02-20,B2,ewma,0.004922669121389056
2020-02-21,B2,ewma,-0.0023390434571751717
2020-02-22,B2,ewma,0.0026585926749709277
2020-02-23,B2,ewma,0.00023337828173786157
2020-02-24,B2,ewma,0.0027301660928207294
2020-02-25,B2,ewma,-0.0012830938261977343
2020-02-26,B2,ewma,0.0033832991254236777
2020-02-27,B2,ewma,0.002234727963541072
2020-02-28,B2,ewma,-0.0005849650712451693
2020-02-29,B2,ewma,0.0002191376358606778
2020-03-01,B2,ewma,-0.0038865710740393355
2020-03-02,B2,ewma,0.0004711884041972425
2020-03-03,B2,ewma,0.0001696961184245449
2020-03-04,B2,ewma,-0.0017312588319884359
2020-03-05,B2,ewma,-0.0033510501103354295
2020-03-06,B2,ewma,-0.002605896645895167
2020-03-07,B2,ewma,0.003312334478958956
2020-03-08,B2,ewma,0.004393520045233856
2020-03-09,B2,ewma,0.0021558247722370805
2020-03-10,B2,ewma,-0.0050349799550893914
2020-03-11,B2,ewma,-0.0007328317113906024
2020-03-12,B2,ewma,0.011666266539497538
2020-03-13,B2,ewma,-0.0006748873065326455
2020-03-14,B2,ewma,0.00029852529341800604
2020-03-15,B2,ewma,-0.0017920917590023011
2020-03-16,B2,ewma,0.002912895652453562
2020-03-17,B2,ewma,-0.006115426719276118
2020-03-18,B2,ewma,0.016305068407711287
2020-03-19,B2,ewma,0.012715033062109526
2020-03-20,B2,ewma,5.732746311948311e-05
2020-03-21,B2,ewma,0.002008075571466428
2020-03-22,B2,ewma,0.00015707726743463546
2020-03-23,B2,ewma,2.4648973261598428e-05
2020-03-24,B2,ewma,0.0020880178307314257
2020-03-25,B2,ewma,0.0012719973430836973
2020-03-26,B2,ewma,0.0015180346114724852
2020-03-27,B2,ewma,-0.0009754089341632577
2020-03-28,B2,ewma,0.00199219167594733
2020-03-29,B2,ewma,0.00046718594013395176
2020-03-30,B2,ewma,-0.000899227657958912
2020-03-31,B2,ewma,-0.0014376173143269
2020-04-01,B2,ewma,0.0011732332105136578
2020-04-02,B2,ewma,0.0007426617695587279
2020-04-03,B2,ewma,-0.0017727667554079396
2020-04-04,B2,ewma,-0.0017144634898872413
2020-04-05,B2,ewma,0.0007023742755456475
2020-04-06,B2,ewma,-0.0020241127895124222
2020-04-07,B2,ewma,-0.0012619637108604032
2020-04-08,B2,ewma,0.0007517577931721586
2020-04-09,B2,ewma,-0.0002252270938227774
2020-04-10,B2,ewma,0.0009081743467664882
2020-04-11,B2,ewma,-0.001173131875394584
2020-04-12,B2,ewma,0.0006734688517442411
2020-04-13,B2,ewma,0.0017605739650266017
2020-04-14,B2,ewma,0.001507588535015758
2020-04-15,B2,ewma,0.0010957428234321664
2020-04-16,B2,ewma,-0.006567494992689382
2020-04-17,B2,ewma,0.00310750315102859
2020-04-18,B2,ewma,-0.001929878768652804
2020-04-19,B2,ewma,-0.0006195326048701322
2020-04-20,B2,ewma,0.002700067173583731
2020-04-21,B2,ewma,-0.0003182305857016843
2020-04-22,B2,ewma,-0.0005128621929927357
2020-04-23,B2,ewma,-0.0008230807665604578
2020-04-24,B2,ewma,-0.0021794330526885286
2020-04-25,B2,ewma,0.00024846263183730954
2020-04-26,B2,ewma,-0.0059675102689622506
2020-04-27,B2,ewma,-0.0011154039473907362
2020-04-28,B2,ewma,-0.0005976288325090229
2020-04-29,B2,ewma,0.0029538553022612213
2020-04-30,B2,ewma,-0.00046882928428892967
2020-05-01,B2,ewma,0.0009789050370474506
2020-05-02,B2,ewma,-0.001540605823775909
2020-05-03,B2,ewma,0.0019724986049909354
2020-05-04,B2,ewma,0.006051265719141163
2020-05-05,B2,ewma,0.006358901096688907
2020-05-06,B2,ewma,0.0010689648262065532
2020-05-07,B2,ewma,0.003782709137053253
2020-05-08,B2,ewma,-0.003600768083923067
2020-05-09,B2,ewma,0.0006519002019911291
2020-05-10,B2,ewma,0.0024391173888340667
2020-05-11,B2,ewma,0.008098537433824493
2020-05-12,B2,ewma,-0.004762439170711508
2020-05-13,B2,ewma,-0.003635830912061988
2020-05-14,B2,ewma,-0.00023883012415493177
2020-05-15,B2,ewma,0.006334658226378798
2020-05-16,B2,ewma,-0.00563614864942652
2020-05-17,B2,ewma,0.0014617129981764343
2020-05-18,B2,ewma,-0.00020864336151393825
2020-05-19,B2,ewma,0.00022748756637769318
2020-05-20,B2,ewma,-0.0005489844395071275
2020-05-21,B2,ewma,-0.0008569070594023342
2020-05-22,B2,ewma,-0.0031687041470672694
2020-05-23,B2,ewma,0.003852696661995836
2020-05-24,B2,ewma,0.008201214166257964
2020-05-25,B2,ewma,0.0039088480527329494
2020-05-26,B2,ewma,-0.00046117092802810955
2020-05-27,B2,ewma,0.00964918579301699
2020-05-28,B2,ewma,0.008150158997054957
2020-05-29,B2,ewma,-0.0028052995164826733
2020-05-30,B2,ewma,-0.0005014454263710943
2020-05-31,B2,ewma,0.0025436307637378697
2020-06-01,B2,ewma,0.0015165191209618456
2020-06-02,B2,ewma,0.002763050939139644
2020-06-03,B2,ewma,-0.0008005526375747252
2020-06-04,B2,ewma,-0.012428208697310206
2020-06-05,B2,ewma,-0.0028232852613691017
2020-06-06,B2,ewma,0.0014332952395093024
2020-06-07,B2,ewma,0.0027202195833362364
2020-06-08,B2,ewma,-0.0020722936087517185
2020-06-09,B2,ewma,-0.0038747960375612456
2020-06-10,B2,ewma,-0.004789980494899648
2020-06-11,B2,ewma,0.0018361868059142417
2020-06-12,B2,ewma,0.0006326996319283573
2020-06-13,B2,ewma,-0.001113779981182783
2020-06-14,B2,ewma,0.002752994616134874
2020-06-15,B2,ewma,-0.0011753100529529048
2020-06-16,B2,ewma,-0.005066096033742529
2020-06-17,B2,ewma,-0.0006074533947628691
2020-06-18,B2,ewma,-0.0008020398185200062
2020-06-19,B2,ewma,0.005644923468686169
2020-06-20,B2,ewma,-0.004438870001759909
2020-06-21,B2,ewma,-0.002028868208872603
2020-06-22,B2,ewma,-0.0012074317945994784
2020-06-23,B2,ewma,0.0005468231466152496
2020-06-24,B2,ewma,0.0029144718010265525
2020-06-25,B2,ewma,-0.0015821913240638974
2020-06-26,B2,ewma,0.0003964929973259146
2020-06-27,B2,ewma,0.002735085272883353
2020-06-28,B2,ewma,-0.005300241158580077
2020-06-29,B2,ewma,-0.004174790019650487
2020-06-30,B2,ewma,-0.0005769415514825793
2020-07-01,B2,ewma,-0.008070100847076156
2020-07-02,B2,ewma,-0.001652163306622323
2020-07-03,B2,ewma,0.00040515514183292467
2020-07-04,B2,ewma,0.0027731681875193814
2020-07-05,B2,ewma,-0.009737457950028783
2020-07-06,B2,ewma,-0.0014147251809697448
2020-07-07,B2,ewma,-0.00010024355688464937
2020-07-08,B2,ewma,-0.0002967841950208827
2020-07-09,B2,ewma,-0.00791263732581915
2020-07-10,B2,ewma,0.0009058522504288291
2020-07-11,B2,ewma,-7.83453644987997e-05
2020-07-12,B2,ewma,-0.00016735747138263424
2020-07-13,B2,ewma,-0.00129180178185051
2020-07-14,B2,ewma,-0.001434215520697002
2020-07-15,B2,ewma,0.00016136520015175293
2020-07-16,B2,ewma,0.0014975395133480784
2020-07-17,B2,ewma,-0.0046012782207163205
2020-07-18,B2,ewma,-0.0014322752156999963
2020-07-19,B2,ewma,-0.001310781337144462
2020-07-20,B2,ewma,-0.001021404393777403
2020-07-21,B2,ewma,-0.0021881305710488297
2020-07-22,B2,ewma,0.0018194380955198763
2020-07-23,B2,ewma,0.0029336037594820397
2020-07-24,B2,ewma,0.0016447059139688136
2020-07-25,B2,ewma,0.0016019832423117553
2020-07-26,B2,ewma,0.00024937153393889133
2020-07-27,B2,ewma,0.0006939247172996765
2020-07-28,B2,ewma,-0.00281683685675449
2020-07-29,B2,ewma,-0.002425694886210472
2020-07-30,B2,ewma,0.005529558842337634
2020-07-31,B2,ewma,-0.001706284983778561
2020-08-01,B2,ewma,-0.0017690099194699327
2020-08-02,B2,ewma,0.0018513386153378164
2020-08-03,B2,ewma,0.0025565003933192276
2020-08-04,B2,ewma,-0.003535630747839247
2020-08-05,B2,ewma,-0.002579546085113238
2020-08-06,B2,ewma,-0.00012899101186492068
2020-08-07,B2,ewma,-0.004541599530509477
2020-08-08,B2,ewma,-0.018868271929158298
2020-08-09,B2,ewma,0.0036804205874376716
2020-08-10,B2,ewma,-0.002347880440507377
2020-08-11,B2,ewma,0.003602110927024338
2020-08-12,B2,ewma,-0.0008599447485159173
2020-08-13,B2,ewma,-0.011650961621984757
2020-08-14,B2,ewma,-0.0034415786979690166
2020-08-15,B2,ewma,-0.0034275924523251566
2020-08-16,B2,ewma,0.0009993744350120792
2020-08-17,B2,ewma,0.003934379607283933
2020-08-18,B2,ewma,-0.003825166306705041
2020-08-19,B2,ewma,-0.0022786476102705233
2020-08-20,B2,ewma,-0.005891790542534636
2020-08-21,B2,ewma,-0.004031060960020372
2020-08-22,B2,ewma,-0.005301859416191879
2020-08-23,B2,ewma,-0.0009610083192331809
2020-08-24,B2,ewma,0.008524231091129542
2020-08-25,B2,ewma,0.007048057986496659
2020-08-26,B2,ewma,0.0008806047421274776
2020-08-27,B2,ewma,0.003097515940080564
2020-08-28,B2,ewma,-0.005454607265243716
2020-08-29,B2,ewma,0.0024625999405329946
2020-08-30,B2,ewma,-0.00552870470991873
2020-08-31,B2,ewma,-0.006746325400021513
2020-09-01,B2,ewma,-0.009609079382584484
2020-09-02,B2,ewma,0.00870041554383083
2020-09-03,B2,ewma,0.04997587568186379
2020-09-04,B2,ewma,-0.009830263476537926
2020-09-05,B2,ewma,-0.0011062882540672225
2020-09-06,B2,ewma,0.004291293039706767
2020-09-07,B2,ewma,-0.00710852319723132
2020-09-08,B2,ewma,0.0010391062717300947
2020-09-09,B2,ewma,-0.0013404613891059292
2020-09-10,B2,ewma,-0.004642820731637687
2020-09-11,B2,ewma,-0.001950359018701442
2020-09-12,B2,ewma,-0.0017685441859374151
2020-09-13,B2,ewma,0.0021371444346847124
2020-09-14,B2,ewma,-0.003280127746757233
2020-09-15,B2,ewma,0.000770163583617478
2020-09-16,B2,ewma,-0.0004860995586125627
2020-09-17,B2,ewma,-0.008899711613949757
2020-09-18,B2,ewma,-0.016577254865050794
2020-09-19,B2,ewma,-0.0021253342168232603
2020-09-20,B2,ewma,0.004669159391570421
2020-09-21,B2,ewma,0.002943308169865766
2020-09-22,B2,ewma,-0.007649473342442481
2020-09-23,B2,ewma,0.004353403697920477
2020-09-24,B2,ewma,-0.00426255077257387
2020-09-25,B2,ewma,-0.0006152882579674168
2020-09-26,B2,ewma,0.0033832899017467444
2020-09-27,B2,ewma,0.0039146305058550546
2020-09-28,B2,ewma,0.0023787624552105147
2020-09-29,B2,ewma,0.0012486593348672859
2020-09-30,B2,ewma,-0.0008241685652258246
2020-10-01,B2,ewma,0.0006431480118773703
2020-10-02,B2,ewma,-0.0012594298141099802
2020-10-03,B2,ewma,0.004343447299315573
2020-10-04,B2,ewma,-0.001910462615648978
2020-10-05,B2,ewma,0.0009346671094685455
2020-10-06,B2,ewma,0.0020398562490451244
2020-10-07,B2,ewma,-0.0004951450306425187
2020-10-08,B2,ewma,-0.00022380283631073805
2020-10-09,B2,ewma,-0.004392845190486883
2020-10-10,B2,ewma,-0.00237450115695903
2020-10-11,B2,ewma,-0.004686760865548312
2020-10-12,B2,ewma,0.0024836773306295967
2020-10-13,B2,ewma,-0.0005386142690851914
2020-10-14,B2,ewma,0.00021342292761206139
2020-10-15,B2,ewma,-0.002154930645599573
2020-10-16,B2,ewma,0.0018534855920520066
2020-10-17,B2,ewma,-0.005232724482377216
2020-10-18,B2,ewma,0.00499264894225826
2020-10-19,B2,ewma,0.003996840097901799
2020-10-20,B2,ewma,-0.001711253198383389
2020-10-21,B2,ewma,0.0015881456204605016
2020-10-22,B2,ewma,-5.978907541503986e-06
2020-10-23,B2,ewma,0.0013380280159680513
2020-10-24,B2,ewma,-0.004204912584190201
2020-10-25,B2,ewma,-0.0003312967908135622
2020-10-26,B2,ewma,0.002358655371836438
2020-10-27,B2,ewma,0.0002620935506019162
2020-10-28,B2,ewma,0.0046203915274969365
2020-10-29,B2,ewma,0.0003869553062878506
2020-10-30,B2,ewma,-0.00024333233496576234
2020-10-31,B2,ewma,0.006041461453755392
2020-11-01,B2,ewma,-0.002287304425154346
2020-11-02,B2,ewma,-0.0011860508367732558
2020-11-03,B2,ewma,-0.0024400491468570262
2020-11-04,B2,ewma,-0.0006716342689158106
2020-11-05,B2,ewma,-0.007968057745919133
2020-11-06,B2,ewma,-0.007158404114795958
2020-11-07,B2,ewma,0.006116553446769757
2020-11-08,B2,ewma,-0.00568819376715668
2020-11-09,B2,ewma,-0.012525656793059725
2020-11-10,B2,ewma,0.019748209760897195
2020-11-11,B2,ewma,0.002285474066543669
2020-11-12,B2,ewma,-0.00027125681149520187
2020-11-13,B2,ewma,-0.00029145965991694833
2020-11-14,B2,ewma,-0.0011366974756357173
2020-11-15,B2,ewma,0.00045326618217567116
2020-11-16,B2,ewma,0.0017301873122366196
2020-11-17,B2,ewma,-0.002299908746489665
2020-11-18,B2,ewma,0.002957468064400004
2020-11-19,B2,ewma,-0.0021376273386272127
2020-11-20,B2,ewma,0.00044352974811245893
2020-11-21,B2,ewma,-0.04132913855410836
2020-11-22,B2,ewma,0.030647811015222404
2020-11-23,B2,ewma,-0.011845628944140763
2020-11-24,B2,ewma,0.031592265637395256
2020-11-25,B2,ewma,-0.00013140117591592393
2020-11-26,B2,ewma,0.020272379826140163
2020-11-27,B2,ewma,-0.004520693501829043
2020-11-28,B2,ewma,-0.014079755723802267
2020-11-29,B2,ewma,0.0004219963677263294
2020-11-30,B2,ewma,0.0009774684944969803
2020-12-01,B2,ewma,-0.006843948387948995
2020-12-02,B2,ewma,0.02031319871045345
2020-12-03,B2,ewma,0.0021273906679033505
2020-12-04,B2,ewma,0.012690233111550375
2020-12-05,B2,ewma,-0.004828040763309782
2020-12-06,B2,ewma,-0.00013991868976470645
2020-12-07,B2,ewma,-0.0012112098476151356
2020-12-08,B2,ewma,0.002405926709962314
2020-12-09,B2,ewma,0.00170850757557095
2020-12-10,B2,ewma,0.0025982651504081744
2020-12-11,B2,ewma,0.003203315759194636
2020-12-12,B2,ewma,-0.0012870915939175998
2020-12-13,B2,ewma,-0.005121159819115095
2020-12-14,B2,ewma,0.0031080307702366916
2020-12-15,B2,ewma,-0.0020771725286999887
2020-12-16,B2,ewma,-0.00356733128817166
2020-12-17,B2,ewma,0.004517268355653359
2020-12-18,B2,ewma,-0.013811184702967716
2020-12-19,B2,ewma,0.00434899088925178
2020-12-20,B2,ewma,0.008335140489141857
2020-12-21,B2,ewma,0.0010913804804415506
2020-12-22,B2,ewma,-0.0016858691862263742
2020-12-23,B2,ewma,-0.018053337351876086
2020-12-24,B2,ewma,0.019092268860756212
2020-12-25,B2,ewma,-0.008727709206697187
2020-12-26,B2,ewma,-0.035144410785476254
2020-12-27,B2,ewma,0.005856967114016065
2020-12-28,B2,ewma,-0.002557580098085488
2020-12-29,B2,ewma,-0.0040010288506105995
2020-12-30,B2,ewma,-0.005140346265489759
2020-12-31,B2,ewma,-0.004951546833561027
2021-01-01,B2,ewma,-0.000423653734952012
2021-01-02,B2,ewma,0.01109648859985679
2021-01-03,B2,ewma,-0.003101070406535955
2021-01-04,B2,ewma,0.0028091617986136797
2021-01-05,B2,ewma,-0.0018543629727607591
2021-01-06,B2,ewma,0.0012819479915719967
2021-01-07,B2,ewma,-0.006326840250885479
2021-01-08,B2,ewma,0.008933471089650036
2021-01-09,B2,ewma,-0.006886538373793494
2021-01-10,B2,ewma,-0.0052295055195560325
2021-01-11,B2,ewma,-0.011584230170682441
2021-01-12,B2,ewma,-0.0034380403480048782
2021-01-13,B2,ewma,0.0005690933659081576
2021-01-14,B2,ewma,0.010211167651603015
2021-01-15,B2,ewma,0.009147371872402665
2021-01-16,B2,ewma,-0.0015773924631573566
2021-01-17,B2,ewma,-0.004990771469237765
2021-01-18,B2,ewma,-9.289481931795684e-05
2021-01-19,B2,ewma,0.0011489657627508088
2021-01-20,B2,ewma,0.0014782623254681049
2021-01-21,B2,ewma,-0.00600790653285177
2021-01-22,B2,ewma,0.005312855481280021
2021-01-23,B2,ewma,-0.007978793515012184
2021-01-24,B2,ewma,-0.016052157133173095
2021-01-25,B2,ewma,0.007657042561609373
2021-01-26,B2,ewma,-0.0009298672824272769
2021-01-27,B2,ewma,-0.004100558480471306
2021-01-28,B2,ewma,0.0029028433128448494
2021-01-29,B2,ewma,-0.016666805980554478
2021-01-30,B2,ewma,0.04099061797309189
2021-01-31,B2,ewma,-0.018739343306326983
2021-02-01,B2,ewma,-0.01869260223691349
2021-02-02,B2,ewma,0.022614948655904632
2021-02-03,B2,ewma,0.00020573147804481273
2021-02-04,B2,ewma,-0.011297396956507
2021-02-05,B2,ewma,-0.013208138783693424
2021-02-06,B2,ewma,0.007066230865263812
2021-02-07,B2,ewma,-0.006407813750451186
2021-02-08,B2,ewma,0.008874428106757648
2021-02-09,B2,ewma,-0.00016153809212771097
2021-02-10,B2,ewma,0.014855468685713413
2021-02-11,B2,ewma,0.013581487883896903
2021-02-12,B2,ewma,0.010817615789673551
2021-02-13,B2,ewma,-0.0003715237335347732
2021-02-14,B2,ewma,0.016697928629643588
2021-02-15,B2,ewma,-0.009086391006045913
2021-02-16,B2,ewma,-0.0025768289606024064
2021-02-17,B2,ewma,-0.001231397048423677
2021-02-18,B2,ewma,0.01579744111021597
2021-02-19,B2,ewma,0.006914335774472979
2021-02-20,B2,ewma,0.005341249404404502
2021-02-21,B2,ewma,0.01769802573407575
2021-02-22,B2,ewma,0.0026461091419203164
2021-02-23,B2,ewma,0.004207849392810159
2021-02-24,B2,ewma,-0.0015405717124176155
2021-02-25,B2,ewma,-0.0013739287127620958
2021-02-26,B2,ewma,-0.001711622176987171
2021-02-27,B2,ewma,-0.004397070491616084
2021-02-28,B2,ewma,-0.0014296602504672018
2021-03-01,B2,ewma,-0.007759482375794824
2021-03-02,B2,ewma,0.0016027550732473639
2021-03-03,B2,ewma,-0.003052924135400592
2021-03-04,B2,ewma,-0.0011815949089333255
2021-03-05,B2,ewma,-0.0012480743138849615
2021-03-06,B2,ewma,0.005475091703328383
2021-03-07,B2,ewma,-0.0009332458894680817
2021-03-08,B2,ewma,3.117584362244408e-05
2021-03-09,B2,ewma,-0.00354211812815719
2021-03-10,B2,ewma,0.002282901329893283
2021-03-11,B2,ewma,0.0009309618440922485
2021-03-12,B2,ewma,-0.0034729109076312437
2021-03-13,B2,ewma,-0.004135152754315974
2021-03-14,B2,ewma,0.0053429171651406815
2021-03-15,B2,ewma,0.007369725723681109
2021-03-16,B2,ewma,0.012423568121931794
2021-03-17,B2,ewma,-0.003762064975820989
2021-03-18,B2,ewma,-0.007460479171600531
2021-03-19,B2,ewma,-0.007862460059434695
2021-03-20,B2,ewma,-0.006817335332513386
2021-03-21,B2,ewma,0.0027354322208736903
2021-03-22,B2,ewma,0.006218859166478685
2021-03-23,B2,ewma,-0.0021961345069304583
2021-03-24,B2,ewma,-0.0013879769701066191
2021-03-25,B2,ewma,0.0020789526813727033
2021-03-26,B2,ewma,-0.009633798325691112
2021-03-27,B2,ewma,-0.0051981740887910854
2021-03-28,B2,ewma,0.004280199087016934
2021-03-29,B2,ewma,0.0015061659490487322
2021-03-30,B2,ewma,0.0202389640140912
2021-03-31,B2,ewma,-0.014305400111324973
2021-04-01,B2,ewma,0.005547786385996734
2021-04-02,B2,ewma,0.0011269647717104814
2021-04-03,B2,ewma,0.0017084463717387255
2021-04-04,B2,ewma,0.012694780167815
2021-04-05,B2,ewma,-0.0013455775167590112
2021-04-06,B2,ewma,-0.0076243034635191664
2021-04-07,B2,ewma,0.0064868781789861885
2021-04-08,B2,ewma,-0.008359259798362384
2021-04-09,B2,ewma,0.017086823482493463
2021-04-10,B2,ewma,-0.0038750803660736466
2021-04-11,B2,ewma,0.003529012933799036
2021-04-12,B2,ewma,-0.0004425462243403677
2021-04-13,B2,ewma,-0.010850221651157455
2021-04-14,B2,ewma,0.0028397506742474654
2021-04-15,B2,ewma,-0.00478710877203925
2021-04-16,B2,ewma,-0.022216144970357732
2021-04-17,B2,ewma,-0.0009337087804555111
2021-04-18,B2,ewma,0.0043579601544705415
2021-04-19,B2,ewma,0.01799269401814718
2021-04-20,B2,ewma,0.0024156045312511143
2021-04-21,B2,ewma,0.005707320892853085
2021-04-22,B2,ewma,0.0036565601809455117
2021-04-23,B2,ewma,-0.0039551637440196075
2021-04-24,B2,ewma,0.0037218513590118185
2021-04-25,B2,ewma,0.0018106445129171256
2021-04-26,B2,ewma,-0.008287392686496586
2021-04-27,B2,ewma,-0.0018310738512774538
2021-04-28,B2,ewma,0.0020184116719841327
2021-04-29,B2,ewma,-0.0028564510307463875
2021-04-30,B2,ewma,-0.005528997132750457
2021-05-01,B2,ewma,0.002644978812864851
2021-05-02,B2,ewma,-0.0007072565186292401
2021-05-03,B2,ewma,-0.005339696386085557
2021-05-04,B2,ewma,-0.0060443238716296754
2021-05-05,B2,ewma,-0.013305020929612943
2021-05-06,B2,ewma,-0.022500223877882086
2021-05-07,B2,ewma,0.0008594451275769632
2021-05-08,B2,ewma,0.00016535185335597724
2021-05-09,B2,ewma,0.0018410724432817993
2021-05-10,B2,ewma,0.0074660573125089336
2021-05-11,B2,ewma,-0.000656575951002103
2021-05-12,B2,ewma,0.014843189994314665
2021-05-13,B2,ewma,0.002721705932141605
2021-05-14,B2,ewma,-0.004706463346595191
2021-05-15,B2,ewma,-0.0026527067934623005
2021-05-16,B2,ewma,0.0007210557077057533
2021-05-17,B2,ewma,0.005335423370675718
2021-05-18,B2,ewma,-0.007255893557531201
2021-05-19,B2,ewma,0.0150304068420537
2021-05-20,B2,ewma,-0.007836280929559458
2021-05-21,B2,ewma,0.00829910962769298
2021-05-22,B2,ewma,-0.0012256950269154965
2021-05-23,B2,ewma,0.008442784583246432
2021-05-24,B2,ewma,-0.003757690436226091
2021-05-25,B2,ewma,0.013453337641200935
2021-05-26,B2,ewma,0.012139369977603343
2021-05-27,B2,ewma,-0.0035591491434547873
2021-05-28,B2,ewma,-0.0018991549563656118
2021-05-29,B2,ewma,0.005002236190390752
2021-05-30,B2,ewma,-0.007249893496306892
2021-05-31,B2,ewma,-0.00398119605721492
2021-06-01,B2,ewma,0.003030463658532101
2021-06-02,B2,ewma,-0.0023787416878896517
2021-06-03,B2,ewma,-0.00822875288065894
2021-06-04,B2,ewma,0.012196085521531952
2021-06-05,B2,ewma,0.0036222624373085655
2021-06-06,B2,ewma,-0.008927066021133023
2021-06-07,B2,ewma,0.009003073594908262
2021-06-08,B2,ewma,0.0007865025524973479
2021-06-09,B2,ewma,-0.012084333730713603
2021-06-10,B2,ewma,0.008694376402291093
2021-06-11,B2,ewma,-0.001013357875759291
2021-06-12,B2,ewma,0.0068754094400578225
2021-06-13,B2,ewma,-0.006312821407636227
2021-06-14,B2,ewma,-0.001530360416970189
2021-06-15,B2,ewma,-0.007923702342703787
2021-06-16,B2,ewma,0.008156713839273078
2021-06-17,B2,ewma,0.0012892218201066008
2021-06-18,B2,ewma,0.0033265097856529646
2021-06-19,B2,ewma,0.0014981217295877425
2021-06-20,B2,ewma,0.00011095082175294202
2021-06-21,B2,ewma,0.015700071461245857
2021-06-22,B2,ewma,0.004663433268115469
2021-06-23,B2,ewma,-0.005972517984040415
2021-06-24,B2,ewma,-0.007980931620866993
2021-06-25,B2,ewma,-0.0007874036662758321
2021-06-26,B2,ewma,-0.00436264825334165
2021-06-27,B2,ewma,-0.002851982802982156
2021-06-28,B2,ewma,-0.006278326295318881
2021-06-29,B2,ewma,-0.005616548980728053
2021-06-30,B2,ewma,-0.002009602947049549
2021-07-01,B2,ewma,0.0068635447980194275
2021-07-02,B2,ewma,-0.004679836927846237
2021-07-03,B2,ewma,-0.003007868486577636
2021-07-04,B2,ewma,-0.0023133897456358854
2021-07-05,B2,ewma,0.0020921947149119546
2021-07-06,B2,ewma,-0.002372566409803878
2021-07-07,B2,ewma,0.009828889538714858
2021-07-08,B2,ewma,0.0026641806290859105
2021-07-09,B2,ewma,-0.0031270685776935148
2021-07-10,B2,ewma,-0.002165294865065004
2021-07-11,B2,ewma,-0.00038661569799625095
2021-07-12,B2,ewma,-0.00026978328190152556
2021-07-13,B2,ewma,-0.0011869004134655858
2021-07-14,B2,ewma,-6.332214431314931e-05
2021-07-15,B2,ewma,0.003840499750001891
2021-07-16,B2,ewma,0.006435822353857423
2021-07-17,B2,ewma,-0.0011512820349429687
2021-07-18,B2,ewma,0.00023985003748538958
2021-07-19,B2,ewma,0.0027846123455794736
2021-07-20,B2,ewma,-0.004739118091832917
2021-07-21,B2,ewma,-0.006601380166007753
2021-07-22,B2,ewma,-0.0004933019700775754
2021-07-23,B2,ewma,-0.008892483546933616
2021-07-24,B2,ewma,-0.005336319666277234
2021-07-25,B2,ewma,-0.006334931680012534
2021-07-26,B2,ewma,0.006180480450050929
2021-07-27,B2,ewma,0.00012673201805357692
2021-07-28,B2,ewma,-0.0014981732970197337
2021-07-29,B2,ewma,0.005369933368776669
2021-07-30,B2,ewma,-0.002551862520433157
2021-07-31,B2,ewma,-0.005731428917154946
2021-08-01,B2,ewma,0.027929688762288407
2021-08-02,B2,ewma,-0.023460817661199784
2021-08-03,B2,ewma,0.007621806633447914
2021-08-04,B2,ewma,-0.013581007520007016
2021-08-05,B2,ewma,-0.005354301714375231
2021-08-06,B2,ewma,-0.005633582808423854
2021-08-07,B2,ewma,-0.008381443800273058
2021-08-08,B2,ewma,0.0026191294945832055
2021-08-09,B2,ewma,0.0029628891717379258
2021-08-10,B2,ewma,0.00256142227993017
2021-08-11,B2,ewma,0.0009132680562491391
2021-08-12,B2,ewma,0.008484135307556429
2021-08-13,B2,ewma,-0.015578180118985707
2021-08-14,B2,ewma,0.00916798747581793
2021-08-15,B2,ewma,-0.0019278604038913683
2021-08-16,B2,ewma,0.006623769214496811
2021-08-17,B2,ewma,0.009487131478128186
2021-08-18,B2,ewma,0.00024239805855974517
2021-08-19,B2,ewma,-0.0038375700011228364
2021-08-20,B2,ewma,0.0003835188396377198
2021-08-21,B2,ewma,0.00018895957224440707
2021-08-22,B2,ewma,-0.0031731786075590573
2021-08-23,B2,ewma,-0.010497390683688379
2021-08-24,B2,ewma,0.0007306890721021642
2021-08-25,B2,ewma,-0.013536311160453285
2021-08-26,B2,ewma,0.0060494493240521585
2021-08-27,B2,ewma,0.0028423784949578312
2021-08-28,B2,ewma,-0.00523190737025403
2021-08-29,B2,ewma,0.010621914650024378
2021-08-30,B2,ewma,0.01889252965532351
2021-08-31,B2,ewma,-0.0052746519820728865
2021-09-01,B2,ewma,0.004404575229809415
2021-09-02,B2,ewma,0.004855843447351793
2021-09-03,B2,ewma,0.009195636089099013
2021-09-04,B2,ewma,0.03174999254045563
2021-09-05,B2,ewma,-0.017553544627964657
2021-09-06,B2,ewma,-0.0005177336433830337
2021-09-07,B2,ewma,0.04954146762621359
2021-09-08,B2,ewma,-0.009942583095092994
2021-09-09,B2,ewma,-0.014006203448678312
2021-09-10,B2,ewma,0.009536555943829628
2021-09-11,B2,ewma,-0.0011873496844141407
2021-09-12,B2,ewma,-0.008510208691679289
2021-09-13,B2,ewma,0.007424582511722733
2021-09-14,B2,ewma,-0.0076085469129661965
2021-09-15,B2,ewma,-0.00420704197718802
2021-09-16,B2,ewma,0.004839985159944327
2021-09-17,B2,ewma,0.004819056472171734
2021-09-18,B2,ewma,-0.004630147426903264
2021-09-19,B2,ewma,0.006328593709361341
2021-09-20,B2,ewma,0.020356503958764538
2021-09-21,B2,ewma,0.01320657998369934
2021-09-22,B2,ewma,-0.02152900229706134
2021-09-23,B2,ewma,-0.011775824512222033
2021-09-24,B2,ewma,0.01959114341241186
2021-09-25,B2,ewma,0.005440069507980816
2021-09-26,B2,ewma,-0.0032535937804737403
2021-09-27,B2,ewma,0.007271337662560606
2021-09-28,B2,ewma,0.005744856256838737
2021-09-29,B2,ewma,-0.0025553820878868594
2021-09-30,B2,ewma,-0.010470606372814273
2021-10-01,B2,ewma,-0.0037938614899918344
2021-10-02,B2,ewma,-0.022007979828792656
2021-10-03,B2,ewma,0.003001653058964715
2021-10-04,B2,ewma,0.0038195258808049193
2021-10-05,B2,ewma,-0.00968929134654406
2021-10-06,B2,ewma,0.005391468190582449
2021-10-07,B2,ewma,-0.008019588286965806
2021-10-08,B2,ewma,-0.012419120571987685
2021-10-09,B2,ewma,0.0017347656381943022
2021-10-10,B2,ewma,0.002683598939595022
2021-10-11,B2,ewma,-0.007402331872049195
2021-10-12,B2,ewma,0.011976322785193672
2021-10-13,B2,ewma,-0.013383929559489305
2021-10-14,B2,ewma,0.011677465689987176
2021-10-15,B2,ewma,0.0074765925194768545
2021-10-16,B2,ewma,-0.018743299558843574
2021-10-17,B2,ewma,0.0021780122982073546
2021-10-18,B2,ewma,-0.0015309437458010944
2021-10-19,B2,ewma,-0.0047773651200406775
2021-10-20,B2,ewma,-0.007861541751541856
2021-10-21,B2,ewma,0.004024306823548818
2021-10-22,B2,ewma,-0.0038618998140635963
2021-10-23,B2,ewma,-0.00448159108547741
2021-10-24,B2,ewma,-0.00041858336285571784
2021-10-25,B2,ewma,-0.00466208330407325
2021-10-26,B2,ewma,0.00041832541789799116
2021-10-27,B2,ewma,0.011372916548713308
2021-10-28,B2,ewma,-0.012415122342515406
2021-10-29,B2,ewma,-0.008821406825187506
2021-10-30,B2,ewma,-0.020578875441106703
2021-10-31,B2,ewma,0.005809997792076693
2021-11-01,B2,ewma,-0.030934461336303842
2021-11-02,B2,ewma,-0.04128466957150079
2021-11-03,B2,ewma,0.02408404844024692
2021-11-04,B2,ewma,0.004375942014594791
2021-11-05,B2,ewma,-5.727957924916982e-05
2021-11-06,B2,ewma,-0.008703326718018212
2021-11-07,B2,ewma,0.0064508414844619555
2021-11-08,B2,ewma,-0.014361774603317667
2021-11-09,B2,ewma,-0.018055974471316016
2021-11-10,B2,ewma,-0.017255334047963422
2021-11-11,B2,ewma,-0.0032795227532408378
2021-11-12,B2,ewma,0.006121688378061041
2021-11-13,B2,ewma,-0.0027072700339714206
2021-11-14,B2,ewma,-0.011972704032932824
2021-11-15,B2,ewma,0.004360715670359783
2021-11-16,B2,ewma,0.014526790365170017
2021-11-17,B2,ewma,-0.006391410382979301
2021-11-18,B2,ewma,0.017067903600940015
2021-11-19,B2,ewma,-0.01770197628509962
2021-11-20,B2,ewma,0.0002481958057820588
2021-11-21,B2,ewma,0.0012057190027634501
2021-11-22,B2,ewma,0.012722715516234162
2021-11-23,B2,ewma,-0.0037228634514523407
2021-11-24,B2,ewma,-0.023607502291979277
2021-11-25,B2,ewma,0.01568831281454286
2021-11-26,B2,ewma,0.028970939058304168
2021-11-27,B2,ewma,-0.007591550661375068
2021-11-28,B2,ewma,-0.0017517534372631927
2021-11-29,B2,ewma,-0.0012553131521644278
2021-11-30,B2,ewma,0.0005980213273883983
2021-12-01,B2,ewma,-0.001285964056866984
2021-12-02,B2,ewma,0.0075962204604616
2021-12-03,B2,ewma,0.014796308886257048
2021-12-04,B2,ewma,0.026283993335534106
2021-12-05,B2,ewma,0.011454521696292685
2021-12-06,B2,ewma,-0.007297578659409165
2021-12-07,B2,ewma,-0.0003194594962014907
2021-12-08,B2,ewma,-0.00771417198464841
2021-12-09,B2,ewma,0.016030061470469148
2021-12-10,B2,ewma,0.007278962181453741
2021-12-11,B2,ewma,-0.007099337882732648
2021-12-12,B2,ewma,-0.0005982426225724646
2021-12-13,B2,ewma,0.018722330896845607
2021-12-14,B2,ewma,-0.0020748411703704894
2021-12-15,B2,ewma,-0.006499802998062965
2021-12-16,B2,ewma,0.0039874650470133055
2021-12-17,B2,ewma,0.004482601356539995
2021-12-18,B2,ewma,-0.0030667870705486378
2021-12-19,B2,ewma,0.003087080636053008
2021-12-20,B2,ewma,0.004582208450429892
2021-12-21,B2,ewma,-0.0058018747922079505
2021-12-22,B2,ewma,-0.005185114536380597
2021-12-23,B2,ewma,-0.012576870520424777
2021-12-24,B2,ewma,0.0025535505134799408
2021-12-25,B2,ewma,-0.0053595907432487655
2021-12-26,B2,ewma,-0.0012808328880816733
2021-12-27,B2,ewma,-0.00014693872604532032
2021-12-28,B2,ewma,0.017508053634045506
2021-12-29,B2,ewma,0.004046546033313447
2021-12-30,B2,ewma,-0.0008465964414794414
2021-12-31,B2,ewma,0.003397281766792215
2022-01-01,B2,ewma,-0.003224864361672908
2022-01-02,B2,ewma,-0.0032338132254080554
2022-01-03,B2,ewma,0.004697186496863015
2022-01-04,B2,ewma,0.002060790585896699
2022-01-05,B2,ewma,0.008574844190248232
2022-01-06,B2,ewma,-0.0008594623147958336
2022-01-07,B2,ewma,0.006573679758068662
2022-01-08,B2,ewma,0.0026854471024793103
2022-01-09,B2,ewma,-0.0027702591212627192
2022-01-10,B2,ewma,0.006131076707807326
2022-01-11,B2,ewma,-0.0029910524010751116
2022-01-12,B2,ewma,-0.0071438312711561425
2022-01-13,B2,ewma,0.004712972415451988
2022-01-14,B2,ewma,-0.0020365787856448936
2022-01-15,B2,ewma,-0.003947499562426571
2022-01-16,B2,ewma,0.000390867965045949
2022-01-17,B2,ewma,0.0048349830290126405
2022-01-18,B2,ewma,0.00041689886706652857
2022-01-19,B2,ewma,0.0061329597184394125
2022-01-20,B2,ewma,0.005976836030024746
2022-01-21,B2,ewma,0.015027019628662153
2022-01-22,B2,ewma,0.009713682486278241
2022-01-23,B2,ewma,-0.0027806719269044544
2022-01-24,B2,ewma,0.00304497894422906
2022-01-25,B2,ewma,0.0006755257328259212
2022-01-26,B2,ewma,-0.002386501272019448
2022-01-27,B2,ewma,0.003335097414187249
2022-01-28,B2,ewma,-0.0033174078204757373
2022-01-29,B2,ewma,-0.001399934095936195
2022-01-30,B2,ewma,-0.0012387292208284606
2022-01-31,B2,ewma,-0.0012113616082953804
2022-02-01,B2,ewma,0.000734685581861072
2022-02-02,B2,ewma,0.0019426943327405244
2022-02-03,B2,ewma,-0.003297778380871197
2022-02-04,B2,ewma,-0.006914242021602179
2022-02-05,B2,ewma,-0.0025871716291556712
2022-02-06,B2,ewma,-0.003704840204787785
2022-02-07,B2,ewma,-0.0037823258778825197
2022-02-08,B2,ewma,-0.0003894247300788578
2022-02-09,B2,ewma,-0.0018869248745392309
2022-02-10,B2,ewma,0.007420711668581159
2022-02-11,B2,ewma,0.007070036681776415
2022-02-12,B2,ewma,0.0015070397175294126
2022-02-13,B2,ewma,0.0014870370391657506
2022-02-14,B2,ewma,0.003467347472355442
2022-02-15,B2,ewma,-0.0047698982767954146
2022-02-16,B2,ewma,-0.0017921050227097668
2022-02-17,B2,ewma,0.00858631540525856
2022-02-18,B2,ewma,0.00017274670238665024
2022-02-19,B2,ewma,0.0011599738665077908
2022-02-20,B2,ewma,0.006073314632647042
2022-02-21,B2,ewma,0.008174390100213147
2022-02-22,B2,ewma,-0.004101947125295546
2022-02-23,B2,ewma,0.002282794421166523
2022-02-24,B2,ewma,-0.000439321640973267
2022-02-25,B2,ewma,-0.005136523242656343
2022-02-26,B2,ewma,0.0006136513922252451
2022-02-27,B2,ewma,0.003839872269326028
2022-02-28,B2,ewma,-0.008319953152683857
2022-03-01,B2,ewma,-0.015383435556951985
2022-03-02,B2,ewma,0.0037853996395045275
2022-03-03,B2,ewma,-0.006769641140727978
2022-03-04,B2,ewma,0.003568149449642677
2022-03-05,B2,ewma,-0.00029379215059899266
2022-03-06,B2,ewma,0.00309566688663776
2022-03-07,B2,ewma,-0.0009708443469550465
2022-03-08,B2,ewma,-0.0023629161837402934
2022-03-09,B2,ewma,-0.005116378836498181
2022-03-10,B2,ewma,-0.005165851624594375
2022-03-11,B2,ewma,0.00980356835012075
2022-03-12,B2,ewma,-0.0003079964930847723
2022-03-13,B2,ewma,-0.0005357616137292576
2022-03-14,B2,ewma,-0.004045343079960517
2022-03-15,B2,ewma,0.00026361120181039865
2022-03-16,B2,ewma,-0.0022677153250363347
2022-03-17,B2,ewma,0.001793176225793669
2022-03-18,B2,ewma,-0.0043929189720429695
2022-03-19,B2,ewma,-0.006628315694181208
2022-03-20,B2,ewma,-0.00012991368652204294
2022-03-21,B2,ewma,-0.0037517936798732165
2022-03-22,B2,ewma,-0.006353113709517411
2022-03-23,B2,ewma,-0.0028362742337511015
2022-03-24,B2,ewma,-0.0031310246253404284
2022-03-25,B2,ewma,0.00321423608324678
2022-03-26,B2,ewma,-0.005696782071889062
2022-03-27,B2,ewma,-0.012620423074918397
2022-03-28,B2,ewma,0.0016908116664793305
2022-03-29,B2,ewma,-0.015983394679062846
2022-03-30,B2,ewma,-0.008239619923863684
2022-03-31,B2,ewma,-0.0013648020825050011
2022-04-01,B2,ewma,-0.014833364120438897
2022-04-02,B2,ewma,0.00376351509297157
2022-04-03,B2,ewma,0.0014455539176774224
2022-04-04,B2,ewma,0.00986000929855435
2022-04-05,B2,ewma,0.010419601631493691
2022-04-06,B2,ewma,0.021386303449431265
2022-04-07,B2,ewma,-0.0037291450861199893
2022-04-08,B2,ewma,0.004850624771164824
2022-04-09,B2,ewma,-0.0074391890827957274
2022-04-10,B2,ewma,0.0060643538018692045
2022-04-11,B2,ewma,0.02051718129005886
2022-04-12,B2,ewma,-0.007034088850162656
2022-04-13,B2,ewma,-0.008007290525003041
2022-04-14,B2,ewma,0.0021143796198239695
2022-04-15,B2,ewma,-0.001462299720401239
2022-04-16,B2,ewma,0.0007883729410891327
2022-04-17,B2,ewma,0.005480868277124573
2022-04-18,B2,ewma,-0.0025604333293473003
2022-04-19,B2,ewma,-0.007091200078792048
2022-04-20,B2,ewma,-0.00339341938856641
2022-04-21,B2,ewma,0.0063840815534301765
2022-04-22,B2,ewma,0.0021242293018384206
2022-04-23,B2,ewma,0.00011061151609981223
2022-04-24,B2,ewma,2.3396365743666436e-05
2022-04-25,B2,ewma,0.00472507068780037
2022-04-26,B2,ewma,0.016449071885543898
2022-04-27,B2,ewma,-0.004456877497128864
2022-04-28,B2,ewma,-0.0002602315208136696
2022-04-29,B2,ewma,0.009524145594732802
2022-04-30,B2,ewma,0.01309877116358349
2022-05-01,B2,ewma,-0.003488948110876855
2022-05-02,B2,ewma,0.0009737293799430002
2022-05-03,B2,ewma,0.0027057082563628487
2022-05-04,B2,ewma,-0.01451896056334967
2022-05-05,B2,ewma,0.013955602565127734
2022-05-06,B2,ewma,0.0018570888551474596
2022-05-07,B2,ewma,0.005189736668303135
2022-05-08,B2,ewma,0.00488005183331075
2022-05-09,B2,ewma,0.017205906223461742
2022-05-10,B2,ewma,-0.0012244543545413267
2022-05-11,B2,ewma,0.021844679118928623
2022-05-12,B2,ewma,-0.002973146069588428
2022-05-13,B2,ewma,0.004791163179912017
2022-05-14,B2,ewma,0.0027674282975558295
2022-05-15,B2,ewma,-0.0040128879995783295
2022-05-16,B2,ewma,0.005731483228183398
2022-05-17,B2,ewma,-0.007581662301960446
2022-05-18,B2,ewma,-0.005338021736137066
2022-05-19,B2,ewma,0.00205840959865089
2022-05-20,B2,ewma,0.006662382863451999
2022-05-21,B2,ewma,0.0027179007376327835
2022-05-22,B2,ewma,-0.0015596482052123717
2022-05-23,B2,ewma,-0.003754885962040988
2022-05-24,B2,ewma,0.0021071648687058797
2022-05-25,B2,ewma,0.0007502103619616562
2022-05-26,B2,ewma,0.010964889649710985
2022-05-27,B2,ewma,0.0016365833585758605
2022-05-28,B2,ewma,0.0025314047666964434
2022-05-29,B2,ewma,-0.004011031531980125
2022-05-30,B2,ewma,-0.006599754273297065
2022-05-31,B2,ewma,0.0016301206866475848
2022-06-01,B2,ewma,0.004718636887836469
2022-06-02,B2,ewma,-0.0038661507298974884
2022-06-03,B2,ewma,0.004659474639461703
2022-06-04,B2,ewma,0.0009377226595406185
2022-06-05,B2,ewma,-0.002634963224661613
2022-06-06,B2,ewma,0.00020544564037305868
2022-06-07,B2,ewma,0.0006753542364739129
2022-06-08,B2,ewma,0.0030520048984044035
2022-06-09,B2,ewma,0.002592247690356153
2022-06-10,B2,ewma,0.0031369309042037496
2022-06-11,B2,ewma,0.0008436557313447057
2022-06-12,B2,ewma,0.003506998977613085
2022-06-13,B2,ewma,0.011125421486611442
2022-06-14,B2,ewma,0.00019439481968763772
2022-06-15,B2,ewma,-0.002272227484013123
2022-06-16,B2,ewma,0.0021049388305820482
2022-06-17,B2,ewma,-0.008000325587623758
2022-06-18,B2,ewma,0.004050472185053611
2022-06-19,B2,ewma,-0.005581813514169531
2022-06-20,B2,ewma,-0.005255868904840311
2022-06-21,B2,ewma,-0.004540334190538453
2022-06-22,B2,ewma,0.0030133696826459833
2022-06-23,B2,ewma,-0.010212988945496715
2022-06-24,B2,ewma,-0.0012366224872313314
2022-06-25,B2,ewma,-0.001018069640895014
2022-06-26,B2,ewma,0.002229981737715603
2022-06-27,B2,ewma,0.0034525755626606536
2022-06-28,B2,ewma,0.0013006837482336664
2022-06-29,B2,ewma,0.0033096553274596374
2022-06-30,B2,ewma,0.01363791195820152
2022-07-01,B2,ewma,0.009815837325652055
2022-07-02,B2,ewma,0.0005329148601005418
2022-07-03,B2,ewma,8.967976043905423e-05
2022-07-04,B2,ewma,-0.0039044029462621532
2022-07-05,B2,ewma,0.0006066401818058953
2022-07-06,B2,ewma,-0.0036663976162867318
2022-07-07,B2,ewma,-0.001949066812861333
2022-07-08,B2,ewma,0.004122458207195923
2022-07-09,B2,ewma,-0.003761985110849131
2022-07-10,B2,ewma,0.004153746590440877
2022-07-11,B2,ewma,0.0031575839919377735
2022-07-12,B2,ewma,0.004501348190721011
2022-07-13,B2,ewma,-0.0008423625779737653
2022-07-14,B2,ewma,-0.005825404044616622
2022-07-15,B2,ewma,-0.0030586411172398575
2022-07-16,B2,ewma,-0.001163046842683757
2022-07-17,B2,ewma,0.003218948106419317
2022-07-18,B2,ewma,-0.011062062143293638
2022-07-19,B2,ewma,-0.0006265355876421408
2022-07-20,B2,ewma,0.0034618079419572734
2022-07-21,B2,ewma,-0.0016768694693808373
2022-07-22,B2,ewma,0.0003788456353028824
2022-07-23,B2,ewma,-0.002599866729636524
2022-07-24,B2,ewma,0.004053594131003813
2022-07-25,B2,ewma,0.0051687443975187986
2022-07-26,B2,ewma,-0.003001857039622413
2022-07-27,B2,ewma,-0.007743537034571202
2022-07-28,B2,ewma,-0.003144203914835275
2022-07-29,B2,ewma,-0.005054841528709386
2022-07-30,B2,ewma,0.0027273243954704096
2022-07-31,B2,ewma,0.005092227176999975
2022-08-01,B2,ewma,-0.0020279246742026524
2022-08-02,B2,ewma,0.0021857183228324306
2022-08-03,B2,ewma,-9.578276948141173e-06
2022-08-04,B2,ewma,0.004630235280541184
2022-08-05,B2,ewma,-0.01320293293587016
2022-08-06,B2,ewma,0.008980897814701239
2022-08-07,B2,ewma,-0.004112352431835609
2022-08-08,B2,ewma,-0.000445450631028077
2022-08-09,B2,ewma,0.0015967181765177418
2022-08-10,B2,ewma,-0.006076840225656244
2022-08-11,B2,ewma,-0.0011635974513639624
2022-08-12,B2,ewma,0.00048315260237496993
2022-08-13,B2,ewma,0.0007742982900948991
2022-08-14,B2,ewma,0.001341992316440388
2022-08-15,B2,ewma,-0.0064889103554340855
2022-08-16,B2,ewma,0.0004850104807145872
2022-08-17,B2,ewma,0.004138146714985691
2022-08-18,B2,ewma,0.001915524842340588
2022-08-19,B2,ewma,0.011856204127780545
2022-08-20,B2,ewma,-0.001581187770534287
2022-08-21,B2,ewma,-0.003984622175136399
2022-08-22,B2,ewma,0.0010362194555411097
2022-08-23,B2,ewma,-0.0017100616948341196
2022-08-24,B2,ewma,-0.0003528235973828675
2022-08-25,B2,ewma,-0.0011000789386970133
2022-08-26,B2,ewma,0.010767527028758161
2022-08-27,B2,ewma,0.0009151586794551303
2022-08-28,B2,ewma,0.0024920374151775615
2022-08-29,B2,ewma,-0.005051675327211624
2022-08-30,B2,ewma,0.0008467071174027563
2022-08-31,B2,ewma,0.0017678948507424685
2022-09-01,B2,ewma,-0.00023726317326555613
2022-09-02,B2,ewma,-0.0008000419935311198
2022-09-03,B2,ewma,-0.0005368687238916925
2022-09-04,B2,ewma,-0.005618169528955108
2022-09-05,B2,ewma,-0.004533509472967379
2022-09-06,B2,ewma,0.002479863180335773
2022-09-07,B2,ewma,0.004669525808175479
2022-09-08,B2,ewma,-0.008103474812298672
2022-09-09,B2,ewma,-0.01220499784622664
2022-09-10,B2,ewma,0.0033240414128923312
2022-09-11,B2,ewma,0.0016050759762002986
2022-09-12,B2,ewma,0.002472718333158541
2022-09-13,B2,ewma,0.0025094222508117436
2022-09-14,B2,ewma,-0.004489106763300721
2022-09-15,B2,ewma,0.004687446177142229
2022-09-16,B2,ewma,0.0006167001644052927
2022-09-17,B2,ewma,-0.00112065434395614
2022-09-18,B2,ewma,0.003280982543922173
2022-09-19,B2,ewma,-0.0014534156318443125
2022-09-20,B2,ewma,0.000706806726165965
2022-09-21,B2,ewma,-0.0023664033411211483
2022-09-22,B2,ewma,-0.005267729284932354
2022-09-23,B2,ewma,-0.0057051372790443144
2022-09-24,B2,ewma,0.00020434304991390206
2022-09-25,B2,ewma,0.002456335935529186
2022-09-26,B2,ewma,-0.008480083388556103
2022-09-27,B2,ewma,0.0021533840472305332
2022-09-28,B2,ewma,0.004530557436055904
2022-09-29,B2,ewma,-0.002765498525432286
2022-09-30,B2,ewma,-0.0005200457280869486
2022-10-01,B2,ewma,-0.0005940231626579973
2022-10-02,B2,ewma,0.0009990931549566096
2022-10-03,B2,ewma,-0.0006838543288973931
2022-10-04,B2,ewma,-0.0012228597283673315
2022-10-05,B2,ewma,0.0012251325796179824
2022-10-06,B2,ewma,-0.00039265062080273694
2022-10-07,B2,ewma,-0.001204871264296803
2022-10-08,B2,ewma,-0.0005299847975189786
2022-10-09,B2,ewma,-0.001501871850626335
2022-10-10,B2,ewma,0.0014671224559363871
2022-10-11,B2,ewma,0.0004938361637625288
2022-10-12,B2,ewma,0.00139454126653904
2022-10-13,B2,ewma,0.00040941809030359266
2022-10-14,B2,ewma,-0.0008448558148085317
2022-10-15,B2,ewma,-0.0018820392998315505
2022-10-16,B2,ewma,-0.0006629794453359983
2022-10-17,B2,ewma,-0.0022425209091165854
2022-10-18,B2,ewma,-0.0010162292488875568
2022-10-19,B2,ewma,0.0017663116066564122
2022-10-20,B2,ewma,0.00022733965020349522
2022-10-21,B2,ewma,-0.0007473647262158378
2022-10-22,B2,ewma,0.00020663244731555785
2022-10-23,B2,ewma,-0.0002849653534235941
2022-10-24,B2,ewma,0.003876940488574343
2022-10-25,B2,ewma,-0.005126194075236845
2022-10-26,B2,ewma,-0.000695846165571834
2022-10-27,B2,ewma,-0.00048827957365904506
2022-10-28,B2,ewma,-0.00028382308725571903
2022-10-29,B2,ewma,-0.004946528080446155
2022-10-30,B2,ewma,-0.002846848909372035
2022-10-31,B2,ewma,-0.003317202387596585
2022-11-01,B2,ewma,-0.004773133406925201
2022-11-02,B2,ewma,-0.0031388671115718525
2022-11-03,B2,ewma,-0.009636156536573792
2022-11-04,B2,ewma,-0.004088387737737786
2022-11-05,B2,ewma,-0.00012577180502360008
2022-11-06,B2,ewma,0.007152539011079595
2022-11-07,B2,ewma,0.0016151821800542976
2022-11-08,B2,ewma,0.014114390324357684
2022-11-09,B2,ewma,0.009650104288334127
2022-11-10,B2,ewma,-0.010287557148878967
2022-11-11,B2,ewma,0.0017026254643837113
2022-11-12,B2,ewma,0.007062301792131631
2022-11-13,B2,ewma,-0.0022893354333496374
2022-11-14,B2,ewma,0.009229125720993103
2022-11-15,B2,ewma,0.024593107661766256
2022-11-16,B2,ewma,0.004730543163408818
2022-11-17,B2,ewma,-0.004332205566194958
2022-11-18,B2,ewma,-0.005609782017916287
2022-11-19,B2,ewma,-0.0069379077531560585
2022-11-20,B2,ewma,0.0028032382527456434
2022-11-21,B2,ewma,0.00023548522299865482
2022-11-22,B2,ewma,-0.0012650239250747708
2022-11-23,B2,ewma,-0.0028203493119904888
2022-11-24,B2,ewma,0.0008097846386192487
2022-11-25,B2,ewma,0.0018619936230310774
2022-11-26,B2,ewma,-0.0010720296541621988
2022-11-27,B2,ewma,-0.0003870465091556641
2022-11-28,B2,ewma,-0.00026473582148744956
2022-11-29,B2,ewma,2.4592277736212864e-05
2022-11-30,B2,ewma,-0.0005919906804220387
2022-12-01,B2,ewma,-0.0022194369952566184
2022-12-02,B2,ewma,-0.00409008256025567
2022-12-03,B2,ewma,0.0023992607218550344
2022-12-04,B2,ewma,-0.002818508847162282
2022-12-05,B2,ewma,-0.0015422699528029327
2022-12-06,B2,ewma,0.002066435347947815
2022-12-07,B2,ewma,0.0024499842255294446
2022-12-08,B2,ewma,-0.0033398560150400547
2022-12-09,B2,ewma,-0.00185616173023595
2022-12-10,B2,ewma,0.0017360115919262675
2022-12-11,B2,ewma,-0.0007737645802537996
2022-12-12,B2,ewma,0.0011656544282625525
2022-12-13,B2,ewma,-0.005368929211772122
2022-12-14,B2,ewma,0.0011336147725371504
2022-12-15,B2,ewma,-0.0008652843014508305
2022-12-16,B2,ewma,0.004272426338931545
2022-12-17,B2,ewma,-0.0002467343715755188
2022-12-18,B2,ewma,-0.0013222119350221329
2022-12-19,B2,ewma,0.003265387666669506
2022-12-20,B2,ewma,-0.003704716171967104
2022-12-21,B2,ewma,0.0017773774377995988
2022-12-22,B2,ewma,0.0009258523629498416
2022-12-23,B2,ewma,-4.42468658572448e-05
2022-12-24,B2,ewma,0.0004401056285143756
2022-12-25,B2,ewma,-0.0013946288562378673
2022-12-26,B2,ewma,0.0005693643059216935
2022-12-27,B2,ewma,-0.0003039310927490657
2022-12-28,B2,ewma,0.0007162054756595371
2022-12-29,B2,ewma,-0.003246735430280756
2022-12-30,B2,ewma,-0.002608182923058755
2022-12-31,B2,ewma,0.0010563069432545369
2023-01-01,B2,ewma,-0.0023001221725809096
2023-01-02,B2,ewma,-0.006679100887985179
2023-01-03,B2,ewma,0.0027023831442600788
2023-01-04,B2,ewma,-0.0007748531948369441
2023-01-05,B2,ewma,-0.0009118850969361825
2023-01-06,B2,ewma,-0.0028899546317943114
2023-01-07,B2,ewma,-0.0018324196490181466
2023-01-08,B2,ewma,-0.0013557808524138348
2023-01-09,B2,ewma,-8.67917705775767e-05
2023-01-10,B2,ewma,-0.0016501314299531833
2023-01-11,B2,ewma,0.0009052503494180186
2023-01-12,B2,ewma,-0.0034273149095372935
2023-01-13,B2,ewma,-0.004162194232950833
2023-01-14,B2,ewma,-0.004666218698498259
2023-01-15,B2,ewma,-0.0009815672590703928
2023-01-16,B2,ewma,-0.00135144836580392
2023-01-17,B2,ewma,0.002175058761435089
2023-01-18,B2,ewma,0.006232118860104219
2023-01-19,B2,ewma,0.008580625175981238
2023-01-20,B2,ewma,-0.007239649791502267
2023-01-21,B2,ewma,0.029671023530205565
2023-01-22,B2,ewma,-0.023404247682386914
2023-01-23,B2,ewma,-0.004528188379170794
2023-01-24,B2,ewma,0.02090918741633674
2023-01-25,B2,ewma,-0.01471347870837958
2023-01-26,B2,ewma,0.01532007444444572
2023-01-27,B2,ewma,-0.007887009049531435
2023-01-28,B2,ewma,-0.0019483472665277057
2023-01-29,B2,ewma,-0.0058698242433663506
2023-01-30,B2,ewma,0.014040689237579285
2023-01-31,B2,ewma,0.00029462989844786236
2023-02-01,B2,ewma,-0.005378769486942048
2023-02-02,B2,ewma,0.0017592790210605447
2023-02-03,B2,ewma,-0.00289013422372264
2023-02-04,B2,ewma,-0.0014211962901956587
2023-02-05,B2,ewma,0.00226808608852469
2023-02-06,B2,ewma,0.004879809643687505
2023-02-07,B2,ewma,-0.01550634816868468
2023-02-08,B2,ewma,0.011986530372504633
2023-02-09,B2,ewma,0.0160502997073817
2023-02-10,B2,ewma,-0.00037976674235173924
2023-02-11,B2,ewma,0.00029870929936692825
2023-02-12,B2,ewma,0.002770896705054149
2023-02-13,B2,ewma,0.003552364342324754
2023-02-14,B2,ewma,-0.006094057673893594
2023-02-15,B2,ewma,-0.0005188346522717602
2023-02-16,B2,ewma,0.0015970809414411757
2023-02-17,B2,ewma,-0.010258009946509827
2023-02-18,B2,ewma,0.0016100933791143301
2023-02-19,B2,ewma,0.008210185504005763
2023-02-20,B2,ewma,-0.015949106910900457
2023-02-21,B2,ewma,0.0034625761858579907
2023-02-22,B2,ewma,0.0014141056530849738
2023-02-23,B2,ewma,0.002985284846508174
2023-02-24,B2,ewma,-0.0002888845528347117
2023-02-25,B2,ewma,0.0020858047762741805
2023-02-26,B2,ewma,-0.0015783792790660112
2023-02-27,B2,ewma,-0.004320486710034377
2023-02-28,B2,ewma,0.00209694155326301
2023-03-01,B2,ewma,-0.005323292917869926
2023-03-02,B2,ewma,0.0016884885567649555
2023-03-03,B2,ewma,0.0037223905966063953
2023-03-04,B2,ewma,-0.0031152383615618007
2023-03-05,B2,ewma,0.001398135924146171
2023-03-06,B2,ewma,0.0011554453162723188
2023-03-07,B2,ewma,0.0031408037493605434
2023-03-08,B2,ewma,0.004552340039158276
2023-03-09,B2,ewma,0.0012401916639408483
2023-03-10,B2,ewma,-0.0028713284038577314
2023-03-11,B2,ewma,0.00028505491277064365
2023-03-12,B2,ewma,-0.005233596930038109
2023-03-13,B2,ewma,0.0021531795825602273
2023-03-14,B2,ewma,-0.00064451777643737
2023-03-15,B2,ewma,0.0023035175373051775
2023-03-16,B2,ewma,0.00016945345790131405
2023-03-17,B2,ewma,0.002013892651796745
2023-03-18,B2,ewma,0.003503282221138271
2023-03-19,B2,ewma,-0.006735385021255147
2023-03-20,B2,ewma,0.004806715970529618
2023-03-21,B2,ewma,0.00047168171822886684
2023-03-22,B2,ewma,0.0043079481532022346
2023-03-23,B2,ewma,0.0018449038338808066
2023-03-24,B2,ewma,-0.0031854207759811626
2023-03-25,B2,ewma,0.007318493947005678
2023-03-26,B2,ewma,-0.002079116252660107
2023-03-27,B2,ewma,0.00491516695566574
2023-03-28,B2,ewma,-0.0038080084662430735
2023-03-29,B2,ewma,0.0020674428821751967
2023-03-30,B2,ewma,0.003712628177352073
2023-03-31,B2,ewma,0.0015408722037091316
2023-04-01,B2,ewma,-0.0006284373118871089
2023-04-02,B2,ewma,0.0013532212865541293
2023-04-03,B2,ewma,0.0030298741326810763
2023-04-04,B2,ewma,-0.004306254584132474
2023-04-05,B2,ewma,0.00015891032084214274
2023-04-06,B2,ewma,0.0021373774081545616
2023-04-07,B2,ewma,-0.006535050218373084
2023-04-08,B2,ewma,0.0016045630191172666
2023-04-09,B2,ewma,-0.0013085512411041833
2023-04-10,B2,ewma,-0.0010748900870796163
2023-04-11,B2,ewma,-0.0009429465127498426
2023-04-12,B2,ewma,0.002219522737286539
2023-04-13,B2,ewma,0.006260368064478605
2023-04-14,B2,ewma,-0.0035143992407201674
2023-04-15,B2,ewma,0.0001575729627507627
2023-04-16,B2,ewma,0.0029177408982492548
2023-04-17,B2,ewma,-0.0018379933431130757
2023-04-18,B2,ewma,-0.0020897169140356997
2023-04-19,B2,ewma,0.006615265665346204
2023-04-20,B2,ewma,0.002623193514321498
2023-04-21,B2,ewma,0.0028268637839972133
2023-04-22,B2,ewma,4.6705139073122126e-05
2023-04-23,B2,ewma,0.00033485366570906727
2023-04-24,B2,ewma,-0.0007354237136059094
2023-04-25,B2,ewma,-0.0010245853134422944
2023-04-26,B2,ewma,0.004529874744924722
2023-04-27,B2,ewma,0.0007878613455245542
2023-04-28,B2,ewma,0.0009327075866114587
2023-04-29,B2,ewma,-0.0015573158191225511
2023-04-30,B2,ewma,0.0005024214405504601
2023-05-01,B2,ewma,0.0016131570471717982
2023-05-02,B2,ewma,-0.0008939540688278624
2023-05-03,B2,ewma,-0.0008973415346512637
2023-05-04,B2,ewma,0.0009902327384014864
2023-05-05,B2,ewma,0.000806124566225197
2023-05-06,B2,ewma,0.001620701371987332
2023-05-07,B2,ewma,0.0013703647276206432
2023-05-08,B2,ewma,0.0008861664718122775
2023-05-09,B2,ewma,0.0013069589808929472
2023-05-10,B2,ewma,-0.0011756035568828427
2023-05-11,B2,ewma,0.0015637672590935736
2023-05-12,B2,ewma,-0.0016357212044495473
2023-05-13,B2,ewma,0.0007762976987100156
2023-05-14,B2,ewma,-0.0012514048271587974
2023-05-15,B2,ewma,0.0014115784039561152
2023-05-16,B2,ewma,0.0001735723541842482
2023-05-17,B2,ewma,-0.0017942130301257242
2023-05-18,B2,ewma,0.00152067209730955
2023-05-19,B2,ewma,-0.0026887638145378645
2023-05-20,B2,ewma,0.0010482404126672673
2023-05-21,B2,ewma,0.0010086435346003952
2023-05-22,B2,ewma,0.0006840648490031853
2023-05-23,B2,ewma,-0.002371741815040407
2023-05-24,B2,ewma,0.0010862495484800228
2023-05-25,B2,ewma,-0.0007862569541082776
2023-05-26,B2,ewma,-0.0006734471798546249
2023-05-27,B2,ewma,-0.0012503852766947432
2023-05-28,B2,ewma,-0.0011292544789169856
2023-05-29,B2,ewma,0.000764705199110205
2023-05-30,B2,ewma,-0.00029317156700592317
2023-05-31,B2,ewma,0.002799786148633965
2023-06-01,B2,ewma,0.007217955571705792
2023-06-02,B2,ewma,0.004838418903621022
2023-06-03,B2,ewma,0.0007037857845828555
2023-06-04,B2,ewma,-0.0012059030625446443
2023-06-05,B2,ewma,0.0035575096165829656
2023-06-06,B2,ewma,0.0017372270640048093
2023-06-07,B2,ewma,-0.0026024516298894795
2023-06-08,B2,ewma,0.0018774880457319565
2023-06-09,B2,ewma,-0.004050641408837596
2023-06-10,B2,ewma,-0.004707610152848263
2023-06-11,B2,ewma,-0.0005953953719988192
2023-06-12,B2,ewma,0.00012466720147430443
2023-06-13,B2,ewma,0.0020457922226750913
2023-06-14,B2,ewma,0.005024081651955781
2023-06-15,B2,ewma,0.003337371220437424
2023-06-16,B2,ewma,0.007634347881155579
2023-06-17,B2,ewma,0.0004774345892477605
2023-06-18,B2,ewma,-0.0012631821579665026
2023-06-19,B2,ewma,-0.000395113803045799
2023-06-20,B2,ewma,0.0022997637959627504
2023-06-21,B2,ewma,0.0004716529853401319
2023-06-22,B2,ewma,0.0006761721142896082
2023-06-23,B2,ewma,0.007685290833378433
2023-06-24,B2,ewma,-0.008766795230425006
2023-06-25,B2,ewma,0.002750002813580732
2023-06-26,B2,ewma,-0.013339143414014765
2023-06-27,B2,ewma,-0.003080135433580322
2023-06-28,B2,ewma,-0.005041388078892206
2023-06-29,B2,ewma,-0.00521037499252841
2023-06-30,B2,ewma,-0.004816398024326429
2023-07-01,B2,ewma,0.0030928655758231116
2023-07-02,B2,ewma,-0.005373830540164937
2023-07-03,B2,ewma,-0.0013061952516176811
2023-07-04,B2,ewma,-0.0030773654333806633
2023-07-05,B2,ewma,0.004350626043490902
2023-07-06,B2,ewma,-0.0028802492279557113
2023-07-07,B2,ewma,0.0015422227690995438
2023-07-08,B2,ewma,-0.000986512298991049
2023-07-09,B2,ewma,-0.0023312277327671715
2023-07-10,B2,ewma,0.002139044994471373
2023-07-11,B2,ewma,-0.0008357523156062863
2023-07-12,B2,ewma,0.0015578611329716274
2023-07-13,B2,ewma,0.008177757655722928
2023-07-14,B2,ewma,-0.00394874733663686
2023-07-15,B2,ewma,0.0013870530115691615
2023-07-16,B2,ewma,-0.0006904291298975851
2023-07-17,B2,ewma,0.00012801094555170422
2023-07-18,B2,ewma,-0.00256385111128854
2023-07-19,B2,ewma,7.267013797518374e-05
2023-07-20,B2,ewma,-0.0015535843160520146
2023-07-21,B2,ewma,-0.003282686894534481
2023-07-22,B2,ewma,-0.028428635857073448
2023-07-23,B2,ewma,0.011445965141269054
2023-07-24,B2,ewma,0.000593119223479599
2023-07-25,B2,ewma,-0.0025904571315312763
2023-07-26,B2,ewma,-0.006597883511854863
2023-07-27,B2,ewma,-1.2268164608197907e-05
2023-07-28,B2,ewma,-0.001280380098859668
2023-07-29,B2,ewma,0.001995513781823721
2023-07-30,B2,ewma,-0.004183788142686495
2023-07-31,B2,ewma,-0.002753929169801661
2023-08-01,B2,ewma,0.00250442887752933
2023-08-02,B2,ewma,-0.0006808256713510819
2023-08-03,B2,ewma,0.0005605598213942464
2023-08-04,B2,ewma,0.0019027190865552601
2023-08-05,B2,ewma,-0.0005595323135840768
2023-08-06,B2,ewma,0.00041409208301312894
2023-08-07,B2,ewma,0.000604085045332825
2023-08-08,B2,ewma,-0.0014863035857733964
2023-08-09,B2,ewma,0.0006776681151989816
2023-08-10,B2,ewma,-0.0013186935341649164
2023-08-11,B2,ewma,0.0006979804333704376
2023-08-12,B2,ewma,0.0016336748097158793
2023-08-13,B2,ewma,-0.001239471273582371
2023-08-14,B2,ewma,-0.0002162446559231812
2023-08-15,B2,ewma,-0.0016286956986929502
2023-08-16,B2,ewma,-0.001957033952459275
2023-08-17,B2,ewma,-0.00560195070408076
2023-08-18,B2,ewma,0.00044503593991018775
2023-08-19,B2,ewma,0.0011087484491321131
2023-08-20,B2,ewma,-0.0009758998345956726
2023-08-21,B2,ewma,0.00012912917767549104
2023-08-22,B2,ewma,-0.0016869091108724366
2023-08-23,B2,ewma,-0.0011323255057394954
2023-08-24,B2,ewma,-0.0010187865638514593
2023-08-25,B2,ewma,0.0003118420748504658
2023-08-26,B2,ewma,0.0003853092262069424
2023-08-27,B2,ewma,0.002649971791904182
2023-08-28,B2,ewma,-0.0010443382215783448
2023-08-29,B2,ewma,0.0006484162399871263
2023-08-30,B2,ewma,0.0002105000719003769
2023-08-31,B2,ewma,-0.0020022052354512487
2023-09-01,B2,ewma,-0.001991635978802586
2023-09-02,B2,ewma,5.021554165818287e-05
2023-09-03,B2,ewma,-0.0006542512447298421
2023-09-04,B2,ewma,0.00045082451028055637
2023-09-05,B2,ewma,0.0018249144427378017
2023-09-06,B2,ewma,0.0005924401735293294
2023-09-07,B2,ewma,-0.001010465405077099
2023-09-08,B2,ewma,0.001617382397529843
2023-09-09,B2,ewma,-0.0007335059502615593
2023-09-10,B2,ewma,-0.001740641907421847
2023-09-11,B2,ewma,-0.00011985530448899162
2023-09-12,B2,ewma,-0.00018285402125162165
2023-09-13,B2,ewma,-0.0003072794204940221
2023-09-14,B2,ewma,-0.006164750288769616
2023-09-15,B2,ewma,-0.0029142954046318392
2023-09-16,B2,ewma,0.005110097819961856
2023-09-17,B2,ewma,-0.0012824296268066915
2023-09-18,B2,ewma,-0.0005706874386383065
2023-09-19,B2,ewma,-0.0015501717184769337
2023-09-20,B2,ewma,0.00035673754702458815
2023-09-21,B2,ewma,0.0023674241291378184
2023-09-22,B2,ewma,0.005316266697809713
2023-09-23,B2,ewma,0.00398845072544507
2023-09-24,B2,ewma,-0.001883323802205461
2023-09-25,B2,ewma,0.0011605120721014384
2023-09-26,B2,ewma,-0.002231539947701977
2023-09-27,B2,ewma,-0.0021257648956666264
2023-09-28,B2,ewma,-0.0006776794734035807
2023-09-29,B2,ewma,0.0028593391530105094
2023-09-30,B2,ewma,-0.0007861272902066618
2023-10-01,B2,ewma,-0.004137725577137874
2023-10-02,B2,ewma,0.007486804297295091
2023-10-03,B2,ewma,-0.002236354660505535
2023-10-04,B2,ewma,0.0025121620490022867
2023-10-05,B2,ewma,0.002173283563899675
2023-10-06,B2,ewma,-0.0024779686537577117
2023-10-07,B2,ewma,0.0002540171878464559
2023-10-08,B2,ewma,0.0018174492905089767
2023-10-09,B2,ewma,-0.0020830460514681404
2023-10-10,B2,ewma,-0.002048073848915033
2023-10-11,B2,ewma,0.002139643805372682
2023-10-12,B2,ewma,0.002984339293366167
2023-10-13,B2,ewma,-0.002487431591399858
2023-10-14,B2,ewma,0.0026336178638235452
2023-10-15,B2,ewma,2.3632794672989732e-05
2023-10-16,B2,ewma,0.0006072192232831064
2023-10-17,B2,ewma,0.0007427055274058514
2023-10-18,B2,ewma,0.0015737002112499177
2023-10-19,B2,ewma,-0.008235240395715326
2023-10-20,B2,ewma,-0.025372631293277825
2023-10-21,B2,ewma,-0.04103369588315098
2023-10-22,B2,ewma,-0.025761298388421672
2023-10-23,B2,ewma,-0.0046562739387785435
2023-10-24,B2,ewma,0.01297041317349712
2023-10-25,B2,ewma,-0.03262566942183853
2023-10-26,B2,ewma,0.0173376194376178
2023-10-27,B2,ewma,0.04824098448631009
2023-10-28,B2,ewma,0.007363013717675004
2023-10-29,B2,ewma,-2.529387454719423e-05
2023-10-30,B2,ewma,-0.020000700566935925
2023-10-31,B2,ewma,0.0021933272045882024
2023-11-01,B2,ewma,-0.006271930023512451
2023-11-02,B2,ewma,0.014585081785084109
2023-11-03,B2,ewma,0.01451275388522788
2023-11-04,B2,ewma,-0.007648371526429498
2023-11-05,B2,ewma,0.014022283192763885
2023-11-06,B2,ewma,0.02491533949757674
2023-11-07,B2,ewma,-0.004282157831441924
2023-11-08,B2,ewma,-0.003659198317532031
2023-11-09,B2,ewma,-0.01967381252991751
2023-11-10,B2,ewma,0.005570041094496547
2023-11-11,B2,ewma,0.0201628881999949
2023-11-12,B2,ewma,0.011367026879427033
2023-11-13,B2,ewma,-0.0042323839000067975
2023-11-14,B2,ewma,-0.011904343849298726
2023-11-15,B2,ewma,0.005759371510537958
2023-11-16,B2,ewma,0.00626430102375064
2023-11-17,B2,ewma,-0.0033552808430130643
2023-11-18,B2,ewma,0.0025891444285142118
2023-11-19,B2,ewma,0.009531090339497394
2023-11-20,B2,ewma,0.0004410879374385779
2023-11-21,B2,ewma,-0.00471042836186264
2023-11-22,B2,ewma,0.002185370949816967
2023-11-23,B2,ewma,-0.0005545932459740666
2023-11-24,B2,ewma,-0.003079118506810641
2023-11-25,B2,ewma,-0.003425278559059164
2023-11-26,B2,ewma,0.0016369398415700953
2023-11-27,B2,ewma,-0.0003825721588301967
2023-11-28,B2,ewma,-0.017621206250177157
2023-11-29,B2,ewma,0.006933662821345221
2023-11-30,B2,ewma,-0.0047308121236288025
2023-12-01,B2,ewma,-0.006558628418794621
2023-12-02,B2,ewma,0.002247596438399002
2023-12-03,B2,ewma,0.0007722279611894756
2023-12-04,B2,ewma,0.004031912055217912
2023-12-05,B2,ewma,0.0002300448112364517
2023-12-06,B2,ewma,0.007412386567810847
2023-12-07,B2,ewma,0.006667586894046895
2023-12-08,B2,ewma,-0.0029470489758182117
2023-12-09,B2,ewma,0.0066445817139269
2023-12-10,B2,ewma,-0.015400854676267728
2023-12-11,B2,ewma,0.014096623744782377
2023-12-12,B2,ewma,-0.011759492695739948
2023-12-13,B2,ewma,-0.05499743595497397
2023-12-14,B2,ewma,0.032230052578386736
2023-12-15,B2,ewma,-0.013981424979914725
2023-12-16,B2,ewma,0.03232202989548494
2023-12-17,B2,ewma,-0.05180552203183031
2023-12-18,B2,ewma,-0.00810412252677939
2023-12-19,B2,ewma,0.0006814637899303921
2023-12-20,B2,ewma,0.00951373365092012
2023-12-21,B2,ewma,0.0015528963174282762
2023-12-22,B2,ewma,0.004318776179201178
2023-12-23,B2,ewma,-2.6171127746943412e-05
2023-12-24,B2,ewma,-0.002909352788319386
2023-12-25,B2,ewma,0.006938203265935083
2023-12-26,B2,ewma,-0.008431629554484066
2023-12-27,B2,ewma,0.01154952372666096
2023-12-28,B2,ewma,0.005735174134931853
2023-12-29,B2,ewma,-0.005355915148755552
2023-12-30,B2,ewma,-0.003982192530006534
2023-12-31,B2,ewma,0.00870520686854892
2024-01-01,B2,ewma,0.008490513504894937
2024-01-02,B2,ewma,-0.00022732313576856455
2024-01-03,B2,ewma,-0.014068464810114478
2024-01-04,B2,ewma,-0.0006221053635473428
2024-01-05,B2,ewma,0.005877201608128102
2024-01-06,B2,ewma,-0.012566977813801339
2024-01-07,B2,ewma,-0.0027453031841310205
2024-01-08,B2,ewma,-0.0009947140161299384
2024-01-09,B2,ewma,-0.0025745359048656713
2024-01-10,B2,ewma,-0.003727207143757738
2024-01-11,B2,ewma,0.005565200626633571
2024-01-12,B2,ewma,-0.006129495407827035
2024-01-13,B2,ewma,-0.001229665094254373
2024-01-14,B2,ewma,-0.0050844103648215455
2024-01-15,B2,ewma,0.0023851862932080525
2024-01-16,B2,ewma,0.0025242524813120504
2024-01-17,B2,ewma,-0.0021911479956457924
2024-01-18,B2,ewma,-0.007867449455318809
2024-01-19,B2,ewma,0.006893851434740528
2024-01-20,B2,ewma,-0.0019357133317587927
2024-01-21,B2,ewma,0.00461244578217479
2024-01-22,B2,ewma,-0.005081637884368551
2024-01-23,B2,ewma,0.002350927225733601
2024-01-24,B2,ewma,0.00503238516111737
2024-01-25,B2,ewma,-0.005803847425701614
2024-01-26,B2,ewma,-0.002599669023315321
2024-01-27,B2,ewma,-0.0006856843983255034
2024-01-28,B2,ewma,-0.0003802500868881342
2024-01-29,B2,ewma,0.00300416234818357
2024-01-30,B2,ewma,-0.001474059827054286
2024-01-31,B2,ewma,-0.005431319179462046
2024-02-01,B2,ewma,0.00023489336489124213
2024-02-02,B2,ewma,0.0007659813898206469
2024-02-03,B2,ewma,0.0003402437192925323
2024-02-04,B2,ewma,-0.0020761821026410443
2024-02-05,B2,ewma,-0.00016150178743157273
2024-02-06,B2,ewma,-0.0029883928716691877
2024-02-07,B2,ewma,0.00028823542058864504
2024-02-08,B2,ewma,-2.2511543562919734e-05
2024-02-09,B2,ewma,-0.0008313976424262348
2024-02-10,B2,ewma,0.004550405111346079
2024-02-11,B2,ewma,-0.000529614501685538
2024-02-12,B2,ewma,0.003160216449959785
2024-02-13,B2,ewma,-0.0035966906405955346
2024-02-14,B2,ewma,0.0031199592465382953
2024-02-15,B2,ewma,0.0025068271981036894
2024-02-16,B2,ewma,0.0037579667424587626
2024-02-17,B2,ewma,-0.0017079151162284756
2024-02-18,B2,ewma,0.0006738233416998529
2024-02-19,B2,ewma,-0.010680932390238707
2024-02-20,B2,ewma,-0.017754627711610516
2024-02-21,B2,ewma,0.0013660600852261062
2024-02-22,B2,ewma,-0.010033196673968847
2024-02-23,B2,ewma,-0.00354417801967577
2024-02-24,B2,ewma,0.0010977261336186928
2024-02-25,B2,ewma,-0.0030135877644261733
2024-02-26,B2,ewma,0.0019909765778833854
2024-02-27,B2,ewma,-0.006556150973668018
2024-02-28,B2,ewma,-0.008843553883057909
2024-02-29,B2,ewma,0.003138472458015018
2024-03-01,B2,ewma,0.00966154285222176
2024-03-02,B2,ewma,0.007316911850080654
2024-03-03,B2,ewma,-0.006644681665652463
2024-03-04,B2,ewma,-0.0029144189637311246
2024-03-05,B2,ewma,-0.0010521713139419742
2024-03-06,B2,ewma,-0.002504362914202196
2024-03-07,B2,ewma,0.010946063826482444
2024-03-08,B2,ewma,-0.0030471874871667026
2024-03-09,B2,ewma,-0.0021208089751503234
2024-03-10,B2,ewma,-0.005337445387250006
2024-03-11,B2,ewma,0.006592004521293049
2024-03-12,B2,ewma,0.0014747265855135083
2024-03-13,B2,ewma,0.004197825847410908
2024-03-14,B2,ewma,-0.01218764532144323
2024-03-15,B2,ewma,-0.01842070291054332
2024-03-16,B2,ewma,-0.005085229403677616
2024-03-17,B2,ewma,-0.001817998584750069
2024-03-18,B2,ewma,-0.010569253718501925
2024-03-19,B2,ewma,-0.004541607647305157
2024-03-20,B2,ewma,-0.0024795470748969484
2024-03-21,B2,ewma,0.005651795761385525
2024-03-22,B2,ewma,-0.0105512731811509
2024-03-23,B2,ewma,0.013991072191121834
2024-03-24,B2,ewma,-0.006582110355286774
2024-03-25,B2,ewma,-0.0048891304108777955
2024-03-26,B2,ewma,0.0023873249688188825
2024-03-27,B2,ewma,0.005593408583882686
2024-03-28,B2,ewma,-0.0019183661716344336
2024-03-29,B2,ewma,-0.0016468689637576528
2024-03-30,B2,ewma,0.0005423787298162175
2024-03-31,B2,ewma,-0.0036258076823476593
2024-04-01,B2,ewma,0.00823469752608963
2024-04-02,B2,ewma,-0.0087405727608183
2024-04-03,B2,ewma,0.0006809902089990327
2024-04-04,B2,ewma,0.0007217018651701768
2024-04-05,B2,ewma,0.0019036775286505048
2024-04-06,B2,ewma,0.004044486288973026
2024-04-07,B2,ewma,0.0011939727267940015
2024-04-08,B2,ewma,-0.0015110302523658747
2024-04-09,B2,ewma,0.000490853900203092
2024-04-10,B2,ewma,-0.0008343565559247867
2024-04-11,B2,ewma,0.004729551433137358
2024-04-12,B2,ewma,-0.00029846814507961117
2024-04-13,B2,ewma,-0.013962817182605392
2024-04-14,B2,ewma,0.00229212445635385
2024-04-15,B2,ewma,-0.0017451347921254579
2024-04-16,B2,ewma,0.002498436070530907
2024-04-17,B2,ewma,-0.0017107839030757743
2024-04-18,B2,ewma,0.004424643626863123
2024-04-19,B2,ewma,-0.002016557473944025
2024-04-20,B2,ewma,0.0006061093469640344
2024-04-21,B2,ewma,0.0009228887166976563
2024-04-22,B2,ewma,0.005328863792540828
2024-04-23,B2,ewma,-1.80889661179906e-05
2024-04-24,B2,ewma,-0.001632857763166573
2024-04-25,B2,ewma,-0.00028643317574827964
2024-04-26,B2,ewma,0.0013478696006274937
2024-04-27,B2,ewma,0.0006495822528054251
2024-04-28,B2,ewma,-0.0010856457662378194
2024-04-29,B2,ewma,0.002631793883471678
2024-04-30,B2,ewma,0.0014924781985574676
2024-05-01,B2,ewma,-0.003645741676724379
2024-05-02,B2,ewma,-0.001163033507788902
2024-05-03,B2,ewma,0.003379952253675489
2024-05-04,B2,ewma,0.0010762712634229121
2024-05-05,B2,ewma,-0.0013323675934969748
2024-05-06,B2,ewma,-0.001821638280335769
2024-05-07,B2,ewma,0.0007115993074851001
2024-05-08,B2,ewma,0.0019428100675777937
2024-05-09,B2,ewma,0.002605847788722304
2024-05-10,B2,ewma,-0.0012818888571588527
2024-05-11,B2,ewma,0.0026240559285970466
2024-05-12,B2,ewma,-0.001321083841208992
2024-05-13,B2,ewma,0.0013187111281312003
2024-05-14,B2,ewma,-4.105922498132131e-05
2024-05-15,B2,ewma,-0.0008770340443993163
2024-05-16,B2,ewma,-0.003160806413325168
2024-05-17,B2,ewma,-0.0015108582063617648
2024-05-18,B2,ewma,-0.003589774800419776
2024-05-19,B2,ewma,0.0004368740697748841
2024-05-20,B2,ewma,0.0017675199810331943
2024-05-21,B2,ewma,0.0034880877242968733
2024-05-22,B2,ewma,0.010273289611223424
2024-05-23,B2,ewma,-0.007972040023175198
2024-05-24,B2,ewma,0.003278699851067657
2024-05-25,B2,ewma,-0.0037379733235115564
2024-05-26,B2,ewma,-0.0023021739375287398
2024-05-27,B2,ewma,0.0026161394825052753
2024-05-28,B2,ewma,0.0010112547501703872
2024-05-29,B2,ewma,0.0023927450758469693
2024-05-30,B2,ewma,0.0017984566198596674
2024-05-31,B2,ewma,-0.0014447467866433028
2024-06-01,B2,ewma,-0.0002797394469234993
2024-06-02,B2,ewma,0.0017684783240845547
2024-06-03,B2,ewma,-0.0018725737903527717
2024-06-04,B2,ewma,0.0013206698665273464
2024-06-05,B2,ewma,0.0025372384727511132
2024-06-06,B2,ewma,0.002041341329105828
2024-06-07,B2,ewma,0.0075304261975457365
2024-06-08,B2,ewma,0.0032847160178999246
2024-06-09,B2,ewma,-0.004000535444861453
2024-06-10,B2,ewma,0.004381797507091889
2024-06-11,B2,ewma,0.0037940470280823924
2024-06-12,B2,ewma,0.0013081685793125963
2024-06-13,B2,ewma,0.0022215688142150913
2024-06-14,B2,ewma,-0.007436735926260818
2024-06-15,B2,ewma,-0.005468547292806214
2024-06-16,B2,ewma,-0.0025762068384823644
2024-06-17,B2,ewma,0.0045377302907516626
2024-06-18,B2,ewma,-0.0024828898024681356
2024-06-19,B2,ewma,-0.0008040962558476528
2024-06-20,B2,ewma,0.003024320209503495
2024-06-21,B2,ewma,-0.003979450991860145
2024-06-22,B2,ewma,0.00321210468042632
2024-06-23,B2,ewma,-0.0002381570529278454
2024-06-24,B2,ewma,0.0053302096474443506
2024-06-25,B2,ewma,-0.00030326340571973365
2024-06-26,B2,ewma,0.005025006480480654
2024-06-27,B2,ewma,-0.0014777561948802198
2024-06-28,B2,ewma,0.003082550820628027
2024-06-29,B2,ewma,-0.0009552118646029006
2024-06-30,B2,ewma,-0.004061603479387221
2024-07-01,B2,ewma,-0.0025718339670064427
2024-07-02,B2,ewma,-0.0001604756796858009
2024-07-03,B2,ewma,0.005501747194409212
2024-07-04,B2,ewma,-0.0021624272076741224
2024-07-05,B2,ewma,0.00026797597099381676
2024-07-06,B2,ewma,0.007720728033629776
2024-07-07,B2,ewma,-0.0018890989859979834
2024-07-08,B2,ewma,0.0029837147710571887
2024-07-09,B2,ewma,-0.0017289739897905498
2024-07-10,B2,ewma,-0.0009102549117159242
2024-07-11,B2,ewma,-0.004946471073063452
2024-07-12,B2,ewma,0.0020842724720666617
2024-07-13,B2,ewma,-0.0026478295334934066
2024-07-14,B2,ewma,0.0038776182354640643
2024-07-15,B2,ewma,-0.0006181279939323492
2024-07-16,B2,ewma,0.004369657886028833
2024-07-17,B2,ewma,0.001221016403732511
2024-07-18,B2,ewma,0.0022979780037730713
2024-07-19,B2,ewma,-0.00787644413441324
2024-07-20,B2,ewma,-0.0065749745602313725
2024-07-21,B2,ewma,-0.003323609448478315
2024-07-22,B2,ewma,0.0002394407606634008
2024-07-23,B2,ewma,-0.004339386891318964
2024-07-24,B2,ewma,-0.0019195511018529343
2024-07-25,B2,ewma,-0.0013913618465334343
2024-07-26,B2,ewma,-0.0009386242237801046
2024-07-27,B2,ewma,0.0003863458471342618
2024-07-28,B2,ewma,2.8217736204538824e-05
2024-07-29,B2,ewma,0.0005419002300464104
2024-07-30,B2,ewma,0.0009823129933261843
2024-07-31,B2,ewma,0.0028054956458973823
2024-08-01,B2,ewma,0.006604563941655872
2024-08-02,B2,ewma,0.0037151432787012606
2024-08-03,B2,ewma,-0.0003390237843334809
2024-08-04,B2,ewma,-0.0014530286008432869
2024-08-05,B2,ewma,-0.0012615004930587315
2024-08-06,B2,ewma,-0.0003278311676213619
2024-08-07,B2,ewma,-0.002811457314628951
2024-08-08,B2,ewma,-0.006037407075166423
2024-08-09,B2,ewma,0.0012632424002783083
2024-08-10,B2,ewma,0.0024588138111185653
2024-08-11,B2,ewma,0.000521887842005464
2024-08-12,B2,ewma,-0.0005819101212954925
2024-08-13,B2,ewma,0.0014871418757482768
2024-08-14,B2,ewma,0.0033405463685571846
2024-08-15,B2,ewma,0.0010415855628587156
2024-08-16,B2,ewma,0.003062331873477042
2024-08-17,B2,ewma,-0.0026089971579178473
2024-08-18,B2,ewma,0.0008358531591596829
2024-08-19,B2,ewma,-5.900983091944312e-05
2024-08-20,B2,ewma,0.0025300454222210167
2024-08-21,B2,ewma,0.002837059565160782
2024-08-22,B2,ewma,0.0004245988620503738
2024-08-23,B2,ewma,-0.0002848415510515734
2024-08-24,B2,ewma,-0.0014470174051262052
2024-08-25,B2,ewma,0.0018701966438949835
2024-08-26,B2,ewma,-0.0017207721427339173
2024-08-27,B2,ewma,0.001931128300371121
2024-08-28,B2,ewma,0.0039005971538308426
2024-08-29,B2,ewma,-0.002897293423633873
2024-08-30,B2,ewma,0.01160500667321318
2024-08-31,B2,ewma,-0.013212040401003655
2024-09-01,B2,ewma,-0.0037428384566245976
2024-09-02,B2,ewma,0.0006802121982556475
2024-09-03,B2,ewma,-0.0021646985075736147
2024-09-04,B2,ewma,0.0059753229617296455
2024-09-05,B2,ewma,-0.0014642017133820184
2024-09-06,B2,ewma,0.0005568862279070608
2024-09-07,B2,ewma,-0.0021774559762687273
2024-09-08,B2,ewma,-0.0011235367335183932
2024-09-09,B2,ewma,0.002880855055058751
2024-09-10,B2,ewma,-0.0010295474608699173
2024-09-11,B2,ewma,0.00030281377468721615
2024-09-12,B2,ewma,-0.002026452133619072
2024-09-13,B2,ewma,0.0014066277645381486
2024-09-14,B2,ewma,-0.0014614566997379619
2024-09-15,B2,ewma,-0.004825022842591564
2024-09-16,B2,ewma,0.00831825651426743
2024-09-17,B2,ewma,-0.0006026069131365164
2024-09-18,B2,ewma,-0.0037796222861193884
2024-09-19,B2,ewma,0.00314027489140134
2024-09-20,B2,ewma,0.0030650863711816356
2024-09-21,B2,ewma,0.002112972596330698
2024-09-22,B2,ewma,-0.000779185378060876
2024-09-23,B2,ewma,0.0014404701900123662
2024-09-24,B2,ewma,-0.004491576900531036
2024-09-25,B2,ewma,0.0014734971286920473
2024-09-26,B2,ewma,-0.005915838598598122
2024-09-27,B2,ewma,-0.004318957906777943
2024-09-28,B2,ewma,-0.0012292671554781087
2024-09-29,B2,ewma,0.0003133768674632442
2024-09-30,B2,ewma,-0.000735662912909163
2024-10-01,B2,ewma,0.005019430900155664
2024-10-02,B2,ewma,0.0005068374417784849
2024-10-03,B2,ewma,0.003768686112303854
2024-10-04,B2,ewma,-0.005945794957039396
2024-10-05,B2,ewma,0.0019733638227490413
2024-10-06,B2,ewma,-0.0030011841226944558
2024-10-07,B2,ewma,-0.0009033905104881557
2024-10-08,B2,ewma,-0.0018788811843487574
2024-10-09,B2,ewma,0.003367483422880513
2024-10-10,B2,ewma,0.0024220256371341176
2024-10-11,B2,ewma,-0.004855930517186913
2024-10-12,B2,ewma,-0.002351687207104325
2024-10-13,B2,ewma,-0.0026674181223254045
2024-10-14,B2,ewma,0.002317691836200453
2024-10-15,B2,ewma,-0.007567552297267244
2024-10-16,B2,ewma,0.0031405427237776173
2024-10-17,B2,ewma,0.0002478559016125814
2024-10-18,B2,ewma,-0.004418548982371706
2024-10-19,B2,ewma,0.006208844102691291
2024-10-20,B2,ewma,0.0020811915960665672
2024-10-21,B2,ewma,0.0028653785182051195
2024-10-22,B2,ewma,-0.002461580918793671
2024-10-23,B2,ewma,-0.0018500872497922982
2024-10-24,B2,ewma,-0.0023348462865446784
2024-10-25,B2,ewma,0.005359542033814391
2024-10-26,B2,ewma,-0.005815788519623721
2024-10-27,B2,ewma,-0.0050912929615237745
2024-10-28,B2,ewma,-0.00284939812644025
2024-10-29,B2,ewma,-0.005708553156972274
2024-10-30,B2,ewma,0.0020855285639707066
2024-10-31,B2,ewma,0.003219916680551993
2024-11-01,B2,ewma,0.001247927365476631
2024-11-02,B2,ewma,0.00290247697174828
2024-11-03,B2,ewma,0.0016892686441802862
2024-11-04,B2,ewma,0.004099992171624045
2024-11-05,B2,ewma,-0.004599983314642397
2024-11-06,B2,ewma,-0.010168342860093826
2024-11-07,B2,ewma,-0.0027715187193988466
2024-11-08,B2,ewma,0.002436763368424355
2024-11-09,B2,ewma,-0.008902730261453384
2024-11-10,B2,ewma,-0.003796603569447443
2024-11-11,B2,ewma,-0.00017315630749981104
2024-11-12,B2,ewma,0.003908081134987862
2024-11-13,B2,ewma,0.004618422651272214
2024-11-14,B2,ewma,0.00031720723392369976
2024-11-15,B2,ewma,-0.016042209378234862
2024-11-16,B2,ewma,-0.034885919475935445
2024-11-17,B2,ewma,0.008195770380609924
2024-11-18,B2,ewma,-0.011830209917989887
2024-11-19,B2,ewma,0.0028855588568330592
2024-11-20,B2,ewma,-0.009040272141083716
2024-11-21,B2,ewma,0.004314077246932335
2024-11-22,B2,ewma,-0.02190864470908538
2024-11-23,B2,ewma,-0.042784510128332176
2024-11-24,B2,ewma,-0.012507876556625996
2024-11-25,B2,ewma,0.022428227405505208
2024-11-26,B2,ewma,0.00495849315058039
2024-11-27,B2,ewma,0.006813362557873015
2024-11-28,B2,ewma,-0.00138151038805856
2024-11-29,B2,ewma,-0.009289660273033795
2024-11-30,B2,ewma,0.005725818489146883
2024-12-01,B2,ewma,-0.007358745462199501
2024-12-02,B2,ewma,-0.0020958184581955086
2024-12-03,B2,ewma,-0.0017335277343606403
2024-12-04,B2,ewma,0.010880079576059742
2024-12-05,B2,ewma,0.012846079867889992
2024-12-06,B2,ewma,0.009154314426592869
2024-12-07,B2,ewma,-0.00400085819081919
2024-12-08,B2,ewma,-0.0007139597279075538
2024-12-09,B2,ewma,-0.009731061700853583
2024-12-10,B2,ewma,0.005694189870001809
2024-12-11,B2,ewma,0.002583045705965459
2024-12-12,B2,ewma,0.00890246750688406
2024-12-13,B2,ewma,-0.002642294233121678
2024-12-14,B2,ewma,0.00017099846170487432
2024-12-15,B2,ewma,-0.006022571265441368
2024-12-16,B2,ewma,0.004562696029988267
2024-12-17,B2,ewma,0.007264034879526982
2024-12-18,B2,ewma,0.005885801155214754
2024-12-19,B2,ewma,0.0027748199328205825
2024-12-20,B2,ewma,0.0022003014280638222
2024-12-21,B2,ewma,0.0017228096046260077
2024-12-22,B2,ewma,0.0016988529369923455
2024-12-23,B2,ewma,-0.0008120479176739748
2024-12-24,B2,ewma,0.003661355735866012
2024-12-25,B2,ewma,0.0054203189369990135
2024-12-26,B2,ewma,0.00397416566146136
2024-12-27,B2,ewma,0.005299186586489979
2024-12-28,B2,ewma,-0.0019767956789308316
2024-12-29,B2,ewma,0.0016531302629503308
2024-12-30,B2,ewma,-0.0010928416194713186
2024-12-31,B2,ewma,0.0025354682161145004
2025-01-01,B2,ewma,-0.008957860851166677
2025-01-02,B2,ewma,0.0018404076320104323
2025-01-03,B2,ewma,-0.006995327359667347
2025-01-04,B2,ewma,-0.00916728401174427
2025-01-05,B2,ewma,0.0024015146829308165
2025-01-06,B2,ewma,0.0024662853356898218
2025-01-07,B2,ewma,-0.0032206597814700144
2025-01-08,B2,ewma,-0.0003218613141366955
2025-01-09,B2,ewma,0.0011022787086751862
2025-01-10,B2,ewma,-0.002624506494417256
2025-01-11,B2,ewma,-0.0004634161101015888
2025-01-12,B2,ewma,-0.00028429512527494705
2025-01-13,B2,ewma,0.001203439025677433
2025-01-14,B2,ewma,0.000883367799796364
2025-01-15,B2,ewma,-0.00397905598767867
2025-01-16,B2,ewma,0.00045319463429471796
2025-01-17,B2,ewma,-0.0031227717211724793
2025-01-18,B2,ewma,-0.002752244189038411
2025-01-19,B2,ewma,-0.004023977621197328
2025-01-20,B2,ewma,0.0028232272422721305
2025-01-21,B2,ewma,-0.00010076236133094163
2025-01-22,B2,ewma,0.0013671205119814012
2025-01-23,B2,ewma,0.001658443844005486
2025-01-24,B2,ewma,0.003427216417749346
2025-01-25,B2,ewma,-0.0023874919040866027
2025-01-26,B2,ewma,-0.00197258202746331
2025-01-27,B2,ewma,-0.0018112995275357813
2025-01-28,B2,ewma,0.0017600081363708941
2025-01-29,B2,ewma,0.0005780641913228912
2025-01-30,B2,ewma,-0.005478997956885778
2025-01-31,B2,ewma,0.000990143317843195
2025-02-01,B2,ewma,-0.00012930603438332522
2025-02-02,B2,ewma,-0.0004235655636949387
2025-02-03,B2,ewma,-0.0037826009317223352
2025-02-04,B2,ewma,0.0023239551275830994
2025-02-05,B2,ewma,0.0035397752019525885
2025-02-06,B2,ewma,-0.0021150855358694765
2025-02-07,B2,ewma,0.0016288366119678876
2025-02-08,B2,ewma,0.006499227009573616
2025-02-09,B2,ewma,0.001590413124121559
2025-02-10,B2,ewma,0.00044543897477655747
2025-02-11,B2,ewma,-0.0032781710114709872
2025-02-12,B2,ewma,0.005645627693531052
2025-02-13,B2,ewma,0.00332396528439749
2025-02-14,B2,ewma,0.0019587050396934202
2025-02-15,B2,ewma,-0.001469841243324721
2025-02-16,B2,ewma,-0.00040747671743313063
2025-02-17,B2,ewma,0.0036337379763937694
2025-02-18,B2,ewma,0.0004938791879827154
2025-02-19,B2,ewma,-0.0022133991048577384
2025-02-20,B2,ewma,0.0033876927438551974
2025-02-21,B2,ewma,0.0003646932236522904
2025-02-22,B2,ewma,-0.00024755214714455853
2025-02-23,B2,ewma,0.0007376235353149241
2025-02-24,B2,ewma,-0.00034485565274644525
2025-02-25,B2,ewma,-0.0014656945879790717
2025-02-26,B2,ewma,0.0009489280329444405
2025-02-27,B2,ewma,0.00022553905396205387
2025-02-28,B2,ewma,-0.0010492518317809507
2025-03-01,B2,ewma,0.001522307765603026
2025-03-02,B2,ewma,0.0018460480173505545
2025-03-03,B2,ewma,0.0048904405366057
2025-03-04,B2,ewma,0.001244161560598922
2025-03-05,B2,ewma,-0.002808456492726985
2025-03-06,B2,ewma,0.001748082886879443
2025-03-07,B2,ewma,0.003003557622647035
2025-03-08,B2,ewma,0.001010754535684777
2025-03-09,B2,ewma,-0.0005214230058122604
2025-03-10,B2,ewma,0.00045933677469056633
2025-03-11,B2,ewma,0.000892091384598892
2025-03-12,B2,ewma,0.0007570930861753311
2025-03-13,B2,ewma,0.001374410618325772
2025-03-14,B2,ewma,-0.0025438024473367626
2025-03-15,B2,ewma,-0.003308457778830931
2025-03-16,B2,ewma,-0.002338154794196412
2025-03-17,B2,ewma,-0.003074306869002008
2025-03-18,B2,ewma,0.0018087580131265213
2025-03-19,B2,ewma,-0.0019413239010477312
2025-03-20,B2,ewma,-0.0003966344260225574
2025-03-21,B2,ewma,-0.0022685967915189176
2025-03-22,B2,ewma,0.0032784486436490123
2025-03-23,B2,ewma,0.000550178102715071
2025-03-24,B2,ewma,0.00042800927453612303
2025-03-25,B2,ewma,-0.0011157450740740815
2025-03-26,B2,ewma,0.004008027068138631
2025-03-27,B2,ewma,-0.0032693480424677013
2025-03-28,B2,ewma,-0.0002299522322651848
2025-03-29,B2,ewma,0.0005034849594740542
2025-03-30,B2,ewma,0.0017905576536734191
2025-03-31,B2,ewma,-0.00017352219424116022
2025-04-01,B2,ewma,-0.0022488021337523367
2025-04-02,B2,ewma,-0.007853089826673765
2025-04-03,B2,ewma,-0.003591046346889115
2025-04-04,B2,ewma,0.006282213229448885
2025-04-05,B2,ewma,0.001582858634060047
2025-04-06,B2,ewma,0.004513417212704596
2025-04-07,B2,ewma,-0.003943193407196621
2025-04-08,B2,ewma,0.0017340646944195015
2025-04-09,B2,ewma,-0.007653364163453302
2025-04-10,B2,ewma,0.00028717473708717023
2025-04-11,B2,ewma,-0.022470584858444775
2025-04-12,B2,ewma,-0.001875987406060431
2025-04-13,B2,ewma,0.006742497073494391
2025-04-14,B2,ewma,-0.0032734517012679154
2025-04-15,B2,ewma,0.011112446027127021
2025-04-16,B2,ewma,0.0037451355089208604
2025-04-17,B2,ewma,-0.003537760463472428
2025-04-18,B2,ewma,-0.0006191441941029163
2025-04-19,B2,ewma,-0.0015842836514484704
2025-04-20,B2,ewma,0.0007693734886249359
2025-04-21,B2,ewma,-0.0007452071386576664
2025-04-22,B2,ewma,-0.0042315056058673806
2025-04-23,B2,ewma,-0.0009856880759592235
2025-04-24,B2,ewma,-0.000809523031046977
2025-04-25,B2,ewma,-0.006769577310881347
2025-04-26,B2,ewma,0.0038142265303326983
2025-04-27,B2,ewma,0.0008883515224678007
2025-04-28,B2,ewma,0.008491710567117616
2025-04-29,B2,ewma,0.0008751287930801599
2025-04-30,B2,ewma,0.0019121434129036885
2025-05-01,B2,ewma,-0.0009927923108440373
2025-05-02,B2,ewma,0.0025196669247220527
2025-05-03,B2,ewma,0.0006338249457771283
2025-05-04,B2,ewma,0.001259381780609914
2025-05-05,B2,ewma,0.0013227786835572353
2025-05-06,B2,ewma,4.84049500280026e-05
2025-05-07,B2,ewma,-0.0038033359308187187
2025-05-08,B2,ewma,-0.001746943241495158
2025-05-09,B2,ewma,0.0005042907924983631
2025-05-10,B2,ewma,-0.0009474066568727624
2025-05-11,B2,ewma,-0.0003020821609027724
2025-05-12,B2,ewma,0.0001546947264936538
2025-05-13,B2,ewma,-0.0015741993707842905
2025-05-14,B2,ewma,-0.0003648426181042108
2025-05-15,B2,ewma,0.002182526937651419
2025-05-16,B2,ewma,0.0009760440024282335
2025-05-17,B2,ewma,0.002512528251108481
2025-05-18,B2,ewma,-0.002465991959631708
2025-05-19,B2,ewma,0.0006305545087008646
2025-05-20,B2,ewma,-0.00012793865726867804
2025-05-21,B2,ewma,0.0016703291386077623
2025-05-22,B2,ewma,-0.0015474119695716437
2025-05-23,B2,ewma,0.0031024274133581997
2025-05-24,B2,ewma,-0.00015484936571297236
2025-05-25,B2,ewma,0.0010894106793906122
2025-05-26,B2,ewma,0.00032486436367218374
2025-05-27,B2,ewma,-0.0016141452735182193
2025-05-28,B2,ewma,0.0008246765969779357
2025-05-29,B2,ewma,-0.0003003447302700746
2025-05-30,B2,ewma,0.0076110696540394596
2025-05-31,B2,ewma,-0.0006274518602632506
2025-06-01,B2,ewma,-0.0009757564541386099
2025-06-02,B2,ewma,0.00024587218007532385
2025-06-03,B2,ewma,-0.000517382796299648
2025-06-04,B2,ewma,0.001340183635190284
2025-06-05,B2,ewma,-0.0019176391190316444
2025-06-06,B2,ewma,-0.0028177525017155647
2025-06-07,B2,ewma,0.0007794766535642594
2025-06-08,B2,ewma,0.0002231691204999109
2025-06-09,B2,ewma,0.0003958189723003436
2025-06-10,B2,ewma,0.00042110424530816815
2025-06-11,B2,ewma,0.0028193130943179323
2025-06-12,B2,ewma,-0.0013988617464305575
2025-06-13,B2,ewma,-0.0006605120063067904
2025-06-14,B2,ewma,-2.2169219267120788e-05
2025-06-15,B2,ewma,-0.0006067701173726459
2025-06-16,B2,ewma,0.0011019877864419936
2025-06-17,B2,ewma,0.000397543069748707
2025-06-18,B2,ewma,-1.1633425094914607e-05
2025-06-19,B2,ewma,-0.0010168385670534796
2025-06-20,B2,ewma,0.002376780755095842
2025-06-21,B2,ewma,-0.0005142864366887157
2025-06-22,B2,ewma,-0.008983254773645366
2025-06-23,B2,ewma,-0.0015433121232331093
2025-06-24,B2,ewma,-0.010548427025985352
2025-06-25,B2,ewma,0.002724160283571919
2025-06-26,B2,ewma,-0.0008245761743522761
2025-06-27,B2,ewma,-0.0019130704550164301
2025-06-28,B2,ewma,0.016570173858817983
2025-06-29,B2,ewma,0.00978943365085283
2025-06-30,B2,ewma,-0.0068335062080930875
2016-06-30,B3,baseline,0.0
2016-07-01,B3,baseline,0.0
2016-07-02,B3,baseline,0.0
2016-07-03,B3,baseline,0.0
2016-07-04,B3,baseline,0.0
2016-07-05,B3,baseline,0.0
2016-07-06,B3,baseline,0.0
2016-07-07,B3,baseline,0.0
2016-07-08,B3,baseline,0.0
2016-07-09,B3,baseline,0.0
2016-07-10,B3,baseline,0.0
2016-07-11,B3,baseline,0.0
2016-07-12,B3,baseline,0.0
2016-07-13,B3,baseline,0.0
2016-07-14,B3,baseline,0.0
2016-07-15,B3,baseline,0.0
2016-07-16,B3,baseline,0.0
2016-07-17,B3,baseline,0.0
2016-07-18,B3,baseline,0.0
2016-07-19,B3,baseline,0.0
2016-07-20,B3,baseline,0.0
2016-07-21,B3,baseline,0.0
2016-07-22,B3,baseline,0.0
2016-07-23,B3,baseline,0.0
2016-07-24,B3,baseline,0.0
2016-07-25,B3,baseline,0.0
2016-07-26,B3,baseline,0.0
2016-07-27,B3,baseline,0.0
2016-07-28,B3,baseline,0.0
2016-07-29,B3,baseline,0.0
2016-07-30,B3,baseline,0.0
2016-07-31,B3,baseline,0.0
2016-08-01,B3,baseline,0.0
2016-08-02,B3,baseline,0.0
2016-08-03,B3,baseline,0.0
2016-08-04,B3,baseline,0.0
2016-08-05,B3,baseline,0.0
2016-08-06,B3,baseline,0.0
2016-08-07,B3,baseline,0.0
2016-08-08,B3,baseline,0.0
2016-08-09,B3,baseline,0.0
2016-08-10,B3,baseline,0.0
2016-08-11,B3,baseline,0.0
2016-08-12,B3,baseline,0.0
2016-08-13,B3,baseline,0.0
2016-08-14,B3,baseline,0.0
2016-08-15,B3,baseline,0.0
2016-08-16,B3,baseline,0.0
2016-08-17,B3,baseline,0.0
2016-08-18,B3,baseline,0.0
2016-08-19,B3,baseline,0.0
2016-08-20,B3,baseline,0.0
2016-08-21,B3,baseline,0.0
2016-08-22,B3,baseline,0.0
2016-08-23,B3,baseline,0.0
2016-08-24,B3,baseline,0.0
2016-08-25,B3,baseline,0.0
2016-08-26,B3,baseline,0.0
2016-08-27,B3,baseline,0.0
2016-08-28,B3,baseline,0.0
2016-08-29,B3,baseline,0.0
2016-08-30,B3,baseline,0.0
2016-08-31,B3,baseline,0.0
2016-09-01,B3,baseline,0.0
2016-09-02,B3,baseline,0.0
2016-09-03,B3,baseline,0.0
2016-09-04,B3,baseline,0.0
2016-09-05,B3,baseline,0.0
2016-09-06,B3,baseline,0.0
2016-09-07,B3,baseline,0.0
2016-09-08,B3,baseline,0.0
2016-09-09,B3,baseline,0.0
2016-09-10,B3,baseline,0.0
2016-09-11,B3,baseline,0.0
2016-09-12,B3,baseline,0.0
2016-09-13,B3,baseline,0.0
2016-09-14,B3,baseline,0.0
2016-09-15,B3,baseline,0.0
2016-09-16,B3,baseline,0.0
2016-09-17,B3,baseline,0.0
2016-09-18,B3,baseline,0.0
2016-09-19,B3,baseline,0.0
2016-09-20,B3,baseline,0.0
2016-09-21,B3,baseline,0.0
2016-09-22,B3,baseline,0.0
2016-09-23,B3,baseline,0.0
2016-09-24,B3,baseline,0.0
2016-09-25,B3,baseline,0.0
2016-09-26,B3,baseline,0.0
2016-09-27,B3,baseline,0.0
2016-09-28,B3,baseline,0.0
2016-09-29,B3,baseline,0.0
2016-09-30,B3,baseline,0.0
2016-10-01,B3,baseline,0.0
2016-10-02,B3,baseline,0.0
2016-10-03,B3,baseline,0.0
2016-10-04,B3,baseline,0.0
2016-10-05,B3,baseline,0.0
2016-10-06,B3,baseline,0.0
2016-10-07,B3,baseline,0.0
2016-10-08,B3,baseline,0.0
2016-10-09,B3,baseline,0.0
2016-10-10,B3,baseline,0.0
2016-10-11,B3,baseline,0.0
2016-10-12,B3,baseline,0.0
2016-10-13,B3,baseline,0.0
2016-10-14,B3,baseline,0.0
2016-10-15,B3,baseline,0.0
2016-10-16,B3,baseline,0.0
2016-10-17,B3,baseline,0.0
2016-10-18,B3,baseline,0.0
2016-10-19,B3,baseline,0.0
2016-10-20,B3,baseline,0.0
2016-10-21,B3,baseline,0.0
2016-10-22,B3,baseline,0.0
2016-10-23,B3,baseline,0.0
2016-10-24,B3,baseline,0.0
2016-10-25,B3,baseline,0.0
2016-10-26,B3,baseline,0.0
2016-10-27,B3,baseline,0.0
2016-10-28,B3,baseline,0.0
2016-10-29,B3,baseline,0.0
2016-10-30,B3,baseline,0.0
2016-10-31,B3,baseline,0.0
2016-11-01,B3,baseline,0.0
2016-11-02,B3,baseline,0.0
2016-11-03,B3,baseline,0.0
2016-11-04,B3,baseline,0.0
2016-11-05,B3,baseline,0.0
2016-11-06,B3,baseline,0.0
2016-11-07,B3,baseline,0.0
2016-11-08,B3,baseline,0.0
2016-11-09,B3,baseline,0.0
2016-11-10,B3,baseline,0.0
2016-11-11,B3,baseline,0.0
2016-11-12,B3,baseline,0.0
2016-11-13,B3,baseline,0.0
2016-11-14,B3,baseline,0.0
2016-11-15,B3,baseline,0.0
2016-11-16,B3,baseline,0.0
2016-11-17,B3,baseline,0.0
2016-11-18,B3,baseline,0.0
2016-11-19,B3,baseline,0.0
2016-11-20,B3,baseline,0.0
2016-11-21,B3,baseline,0.0
2016-11-22,B3,baseline,0.0
2016-11-23,B3,baseline,0.0
2016-11-24,B3,baseline,0.0
2016-11-25,B3,baseline,0.0
2016-11-26,B3,baseline,0.0
2016-11-27,B3,baseline,0.0
2016-11-28,B3,baseline,0.0
2016-11-29,B3,baseline,0.0
2016-11-30,B3,baseline,0.0
2016-12-01,B3,baseline,0.0
2016-12-02,B3,baseline,0.0
2016-12-03,B3,baseline,0.0
2016-12-04,B3,baseline,0.0
2016-12-05,B3,baseline,0.0
2016-12-06,B3,baseline,0.0
2016-12-07,B3,baseline,0.0
2016-12-08,B3,baseline,0.0
2016-12-09,B3,baseline,0.0
2016-12-10,B3,baseline,0.0
2016-12-11,B3,baseline,0.0
2016-12-12,B3,baseline,0.0
2016-12-13,B3,baseline,0.0
2016-12-14,B3,baseline,0.0
2016-12-15,B3,baseline,0.0
2016-12-16,B3,baseline,0.0
2016-12-17,B3,baseline,0.0
2016-12-18,B3,baseline,0.0
2016-12-19,B3,baseline,0.0
2016-12-20,B3,baseline,0.0
2016-12-21,B3,baseline,0.0
2016-12-22,B3,baseline,0.0
2016-12-23,B3,baseline,0.0
2016-12-24,B3,baseline,0.0
2016-12-25,B3,baseline,0.0
2016-12-26,B3,baseline,0.0
2016-12-27,B3,baseline,0.0
2016-12-28,B3,baseline,0.0
2016-12-29,B3,baseline,0.0
2016-12-30,B3,baseline,0.0
2016-12-31,B3,baseline,0.0
2017-01-01,B3,baseline,0.0
2017-01-02,B3,baseline,0.0
2017-01-03,B3,baseline,0.0
2017-01-04,B3,baseline,0.0
2017-01-05,B3,baseline,0.0
2017-01-06,B3,baseline,0.0
2017-01-07,B3,baseline,0.0
2017-01-08,B3,baseline,0.0
2017-01-09,B3,baseline,0.0
2017-01-10,B3,baseline,0.0
2017-01-11,B3,baseline,0.0
2017-01-12,B3,baseline,0.0
2017-01-13,B3,baseline,0.0
2017-01-14,B3,baseline,0.0
2017-01-15,B3,baseline,0.0
2017-01-16,B3,baseline,0.0
2017-01-17,B3,baseline,0.0
2017-01-18,B3,baseline,0.0
2017-01-19,B3,baseline,0.0
2017-01-20,B3,baseline,0.0
2017-01-21,B3,baseline,0.0
2017-01-22,B3,baseline,0.0
2017-01-23,B3,baseline,0.0
2017-01-24,B3,baseline,0.0
2017-01-25,B3,baseline,0.0
2017-01-26,B3,baseline,0.0
2017-01-27,B3,baseline,0.0
2017-01-28,B3,baseline,0.0
2017-01-29,B3,baseline,0.0
2017-01-30,B3,baseline,0.0
2017-01-31,B3,baseline,0.0
2017-02-01,B3,baseline,0.0
2017-02-02,B3,baseline,0.0
2017-02-03,B3,baseline,0.0
2017-02-04,B3,baseline,0.0
2017-02-05,B3,baseline,0.0
2017-02-06,B3,baseline,0.0
2017-02-07,B3,baseline,0.0
2017-02-08,B3,baseline,0.0
2017-02-09,B3,baseline,0.0
2017-02-10,B3,baseline,0.0
2017-02-11,B3,baseline,0.0
2017-02-12,B3,baseline,0.0
2017-02-13,B3,baseline,0.0
2017-02-14,B3,baseline,0.0
2017-02-15,B3,baseline,0.0
2017-02-16,B3,baseline,0.0
2017-02-17,B3,baseline,0.0
2017-02-18,B3,baseline,0.0
2017-02-19,B3,baseline,0.0
2017-02-20,B3,baseline,0.0
2017-02-21,B3,baseline,0.0
2017-02-22,B3,baseline,0.0
2017-02-23,B3,baseline,0.0
2017-02-24,B3,baseline,0.0
2017-02-25,B3,baseline,0.0
2017-02-26,B3,baseline,0.0
2017-02-27,B3,baseline,0.0
2017-02-28,B3,baseline,0.0
2017-03-01,B3,baseline,0.0
2017-03-02,B3,baseline,0.0
2017-03-03,B3,baseline,0.0
2017-03-04,B3,baseline,0.0
2017-03-05,B3,baseline,0.0
2017-03-06,B3,baseline,0.0
2017-03-07,B3,baseline,0.0
2017-03-08,B3,baseline,0.0
2017-03-09,B3,baseline,0.0
2017-03-10,B3,baseline,0.0
2017-03-11,B3,baseline,0.0
2017-03-12,B3,baseline,0.0
2017-03-13,B3,baseline,0.0
2017-03-14,B3,baseline,0.0
2017-03-15,B3,baseline,0.0
2017-03-16,B3,baseline,0.0
2017-03-17,B3,baseline,0.0
2017-03-18,B3,baseline,0.0
2017-03-19,B3,baseline,0.0
2017-03-20,B3,baseline,0.0
2017-03-21,B3,baseline,0.0
2017-03-22,B3,baseline,0.0
2017-03-23,B3,baseline,0.0
2017-03-24,B3,baseline,0.0
2017-03-25,B3,baseline,0.0
2017-03-26,B3,baseline,0.0
2017-03-27,B3,baseline,0.0
2017-03-28,B3,baseline,0.0
2017-03-29,B3,baseline,0.0
2017-03-30,B3,baseline,0.0
2017-03-31,B3,baseline,0.0
2017-04-01,B3,baseline,0.0
2017-04-02,B3,baseline,0.0
2017-04-03,B3,baseline,0.0
2017-04-04,B3,baseline,0.0
2017-04-05,B3,baseline,0.0
2017-04-06,B3,baseline,0.0
2017-04-07,B3,baseline,0.0
2017-04-08,B3,baseline,0.0
2017-04-09,B3,baseline,0.0
2017-04-10,B3,baseline,0.0
2017-04-11,B3,baseline,0.0
2017-04-12,B3,baseline,0.0
2017-04-13,B3,baseline,0.0
2017-04-14,B3,baseline,0.0
2017-04-15,B3,baseline,0.0
2017-04-16,B3,baseline,0.0
2017-04-17,B3,baseline,0.0
2017-04-18,B3,baseline,0.0
2017-04-19,B3,baseline,0.0
2017-04-20,B3,baseline,0.0
2017-04-21,B3,baseline,0.0
2017-04-22,B3,baseline,0.0
2017-04-23,B3,baseline,0.0
2017-04-24,B3,baseline,0.0
2017-04-25,B3,baseline,0.0
2017-04-26,B3,baseline,0.0
2017-04-27,B3,baseline,0.0
2017-04-28,B3,baseline,0.0
2017-04-29,B3,baseline,0.0
2017-04-30,B3,baseline,0.0
2017-05-01,B3,baseline,0.0
2017-05-02,B3,baseline,0.0
2017-05-03,B3,baseline,0.0
2017-05-04,B3,baseline,0.0
2017-05-05,B3,baseline,0.003149352956940632
2017-05-06,B3,baseline,-0.0023524224728003196
2017-05-07,B3,baseline,0.002612692771468028
2017-05-08,B3,baseline,0.004692600484215603
2017-05-09,B3,baseline,0.002424835378518786
2017-05-10,B3,baseline,0.006873801809007762
2017-05-11,B3,baseline,-0.0028630320466318526
2017-05-12,B3,baseline,0.000975962431891908
2017-05-13,B3,baseline,-0.00442262621909062
2017-05-14,B3,baseline,-0.004425213912712445
2017-05-15,B3,baseline,0.0060522151796451595
2017-05-16,B3,baseline,-0.004035414758712941
2017-05-17,B3,baseline,0.003170142396327069
2017-05-18,B3,baseline,0.004996950042298831
2017-05-19,B3,baseline,-0.0071012131448427995
2017-05-20,B3,baseline,0.017026470709430752
2017-05-21,B3,baseline,-0.009230526702240116
2017-05-22,B3,baseline,-0.011977311625233744
2017-05-23,B3,baseline,0.0014394423820232038
2017-05-24,B3,baseline,0.0022483516061180264
2017-05-25,B3,baseline,-0.0033174537560337614
2017-05-26,B3,baseline,-0.008764574790033342
2017-05-27,B3,baseline,-0.003075756455703904
2017-05-28,B3,baseline,0.0006828481321896618
2017-05-29,B3,baseline,0.00446586548324035
2017-05-30,B3,baseline,-0.0026224210633277734
2017-05-31,B3,baseline,0.0027819975390439566
2017-06-01,B3,baseline,-0.007785116066172715
2017-06-02,B3,baseline,-0.020254217360768267
2017-06-03,B3,baseline,-0.009479543052205441
2017-06-04,B3,baseline,0.05113643327230277
2017-06-05,B3,baseline,0.08829486880197002
2017-06-06,B3,baseline,-0.03791424159474699
2017-06-07,B3,baseline,-0.016441757251333233
2017-06-08,B3,baseline,0.015711839420153417
2017-06-09,B3,baseline,0.018017709299110507
2017-06-10,B3,baseline,0.022798256258483418
2017-06-11,B3,baseline,-0.015622166494627554
2017-06-12,B3,baseline,0.018185587373024337
2017-06-13,B3,baseline,0.027198107394843962
2017-06-14,B3,baseline,-0.03395976554472857
2017-06-15,B3,baseline,-0.01606056424285429
2017-06-16,B3,baseline,0.0143174904865635
2017-06-17,B3,baseline,-0.024066743957096626
2017-06-18,B3,baseline,0.009142508001210192
2017-06-19,B3,baseline,-0.07837604055491587
2017-06-20,B3,baseline,0.0518174638340676
2017-06-21,B3,baseline,-0.04122100858556588
2017-06-22,B3,baseline,-0.002076643516057297
2017-06-23,B3,baseline,0.11495396076283027
2017-06-24,B3,baseline,-6.933886470694706e-05
2017-06-25,B3,baseline,-0.03094292625082462
2017-06-26,B3,baseline,-0.027847137712296854
2017-06-27,B3,baseline,-0.004381307289898606
2017-06-28,B3,baseline,-0.011278161778857543
2017-06-29,B3,baseline,0.004213516507127313
2017-06-30,B3,baseline,-0.02550631169166573
2017-07-01,B3,baseline,0.01148317446597602
2017-07-02,B3,baseline,-0.002259835499349161
2017-07-03,B3,baseline,0.0034167573141639096
2017-07-04,B3,baseline,0.005287763469711049
2017-07-05,B3,baseline,0.0026944960171917387
2017-07-06,B3,baseline,-0.036337935793069764
2017-07-07,B3,baseline,0.021894831422906158
2017-07-08,B3,baseline,-0.007491717791083374
2017-07-09,B3,baseline,0.008737828992367858
2017-07-10,B3,baseline,0.0015216053784032901
2017-07-11,B3,baseline,-0.004666798335087319
2017-07-12,B3,baseline,-0.0018964132026008107
2017-07-13,B3,baseline,-0.005527120568582955
2017-07-14,B3,baseline,0.004953978861297559
2017-07-15,B3,baseline,-0.0017114052089811649
2017-07-16,B3,baseline,-0.019743913942402158
2017-07-17,B3,baseline,0.010946020489085662
2017-07-18,B3,baseline,-0.002495663536801418
2017-07-19,B3,baseline,0.015425268030530903
2017-07-20,B3,baseline,0.029311511367379195
2017-07-21,B3,baseline,-0.036801640496049504
2017-07-22,B3,baseline,0.006293077988610785
2017-07-23,B3,baseline,-0.0070790619889443684
2017-07-24,B3,baseline,-0.004593278658631572
2017-07-25,B3,baseline,0.12073215189322961
2017-07-26,B3,baseline,-0.0011554048613434675
2017-07-27,B3,baseline,-0.07807266764275789
2017-07-28,B3,baseline,-0.009680861694699727
2017-07-29,B3,baseline,-0.02001889413782465
2017-07-30,B3,baseline,0.03445436562767479
2017-07-31,B3,baseline,-0.006852593653385086
2017-08-01,B3,baseline,0.01281925477945367
2017-08-02,B3,baseline,-0.08381930803066495
2017-08-03,B3,baseline,-0.004855285255814135
2017-08-04,B3,baseline,0.022798236019635265
2017-08-05,B3,baseline,-0.06485528888113923
2017-08-06,B3,baseline,0.0157599301235003
2017-08-07,B3,baseline,0.1616471605040053
2017-08-08,B3,baseline,0.09370052968097942
2017-08-09,B3,baseline,-0.10959867808268586
2017-08-10,B3,baseline,-0.03300837607442075
2017-08-11,B3,baseline,-0.023720737396618063
2017-08-12,B3,baseline,0.03166586969757068
2017-08-13,B3,baseline,0.2241602195045045
2017-08-14,B3,baseline,-0.1593617110568244
2017-08-15,B3,baseline,0.013549708442383013
2017-08-16,B3,baseline,0.23540651711004656
2017-08-17,B3,baseline,-0.12553683734198529
2017-08-18,B3,baseline,-0.06296383003496198
2017-08-19,B3,baseline,0.09811092421117307
2017-08-20,B3,baseline,-0.057150529911982106
2017-08-21,B3,baseline,0.10636750977166098
2017-08-22,B3,baseline,-0.07657734838942465
2017-08-23,B3,baseline,0.035171756081419314
2017-08-24,B3,baseline,0.1816538272685242
2017-08-25,B3,baseline,-0.21162234982585193
2017-08-26,B3,baseline,-0.05900086916457081
2017-08-27,B3,baseline,0.03047811792650834
2017-08-28,B3,baseline,0.0029831358034029254
2017-08-29,B3,baseline,0.006627294064142308
2017-08-30,B3,baseline,-0.05148073450713364
2017-08-31,B3,baseline,-0.01116922016697608
2017-09-01,B3,baseline,0.05676710939100982
2017-09-02,B3,baseline,0.003620860153825678
2017-09-03,B3,baseline,-0.019218718649736677
2017-09-04,B3,baseline,0.0018685941366847203
2017-09-05,B3,baseline,-0.04618163992617397
2017-09-06,B3,baseline,0.05552875399744628
2017-09-07,B3,baseline,0.013010069262636925
2017-09-08,B3,baseline,-0.007512392245596522
2017-09-09,B3,baseline,-0.03942001256791128
2017-09-10,B3,baseline,0.02696141005947461
2017-09-11,B3,baseline,-0.07598027252625694
2017-09-12,B3,baseline,-0.03702385969059219
2017-09-13,B3,baseline,0.018487262998957643
2017-09-14,B3,baseline,0.03949966555462869
2017-09-15,B3,baseline,-0.02093851931785684
2017-09-16,B3,baseline,-0.06992286463719688
2017-09-17,B3,baseline,0.01497185417930913
2017-09-18,B3,baseline,0.0024825415508478166
2017-09-19,B3,baseline,0.01996651649980552
2017-09-20,B3,baseline,0.017954021658707076
2017-09-21,B3,baseline,0.013937786677434172
2017-09-22,B3,baseline,-0.019633408384403306
2017-09-23,B3,baseline,-0.011615613199620789
2017-09-24,B3,baseline,-0.02106099467898015
2017-09-25,B3,baseline,0.023433926795388915
2017-09-26,B3,baseline,-0.03286387853848638
2017-09-27,B3,baseline,0.028013605890582216
2017-09-28,B3,baseline,-0.02072990247803519
2017-09-29,B3,baseline,-0.036116227701997516
2017-09-30,B3,baseline,-0.018358898844267113
2017-10-01,B3,baseline,0.02917359204732084
2017-10-02,B3,baseline,0.006979330677077122
2017-10-03,B3,baseline,0.004026847105757625
2017-10-04,B3,baseline,0.020789461174324675
2017-10-05,B3,baseline,-0.008476296937868
2017-10-06,B3,baseline,0.000894180049936466
2017-10-07,B3,baseline,-0.01204462535790074
2017-10-08,B3,baseline,-0.004537166494417821
2017-10-09,B3,baseline,0.0004518663648094279
2017-10-10,B3,baseline,-0.010536452186656553
2017-10-11,B3,baseline,-0.022767950620765864
2017-10-12,B3,baseline,-0.020543336245698263
2017-10-13,B3,baseline,-0.0404344776195682
2017-10-14,B3,baseline,0.02826064793204419
2017-10-15,B3,baseline,0.008412349545533937
2017-10-16,B3,baseline,-0.009219414193217257
2017-10-17,B3,baseline,0.021586286068829397
2017-10-18,B3,baseline,0.008978916519542857
2017-10-19,B3,baseline,0.012559275181446061
2017-10-20,B3,baseline,0.00499592000844129
2017-10-21,B3,baseline,0.0066479719987231345
2017-10-22,B3,baseline,0.04943799872328247
2017-10-23,B3,baseline,-0.01434358532377078
2017-10-24,B3,baseline,-0.006936912503755832
2017-10-25,B3,baseline,-0.003985459286989346
2017-10-26,B3,baseline,0.03089563858488331
2017-10-27,B3,baseline,-0.01851530279533864
2017-10-28,B3,baseline,0.0024378395594799596
2017-10-29,B3,baseline,0.018376289605718465
2017-10-30,B3,baseline,-0.025611356213300795
2017-10-31,B3,baseline,-0.027850308568833193
2017-11-01,B3,baseline,-0.0027925724680433195
2017-11-02,B3,baseline,0.032530486374965806
2017-11-03,B3,baseline,-0.011605999892964736
2017-11-04,B3,baseline,-0.030098773260889722
2017-11-05,B3,baseline,0.013476028178298627
2017-11-06,B3,baseline,0.023338755428896407
2017-11-07,B3,baseline,0.03434386782087717
2017-11-08,B3,baseline,0.0026381099790000473
2017-11-09,B3,baseline,0.05087908087297266
2017-11-10,B3,baseline,0.01268569309777745
2017-11-11,B3,baseline,0.010932852364016421
2017-11-12,B3,baseline,-0.011545810807866208
2017-11-13,B3,baseline,-0.0547738552182353
2017-11-14,B3,baseline,0.021248304340526047
2017-11-15,B3,baseline,0.013930305854444436
2017-11-16,B3,baseline,0.029982543875822554
2017-11-17,B3,baseline,-0.039847612211399985
2017-11-18,B3,baseline,0.0018518721120766024
2017-11-19,B3,baseline,0.0314184749222397
2017-11-20,B3,baseline,-0.02745144797814658
2017-11-21,B3,baseline,0.03007113237656922
2017-11-22,B3,baseline,-0.024459713688164353
2017-11-23,B3,baseline,0.021810309640606818
2017-11-24,B3,baseline,-0.008933086334576679
2017-11-25,B3,baseline,-0.019028517004253898
2017-11-26,B3,baseline,-0.1899171077000128
2017-11-27,B3,baseline,0.04200771402918657
2017-11-28,B3,baseline,0.03452513181676897
2017-11-29,B3,baseline,0.04163145277979963
2017-11-30,B3,baseline,-0.04207129274722121
2017-12-01,B3,baseline,-0.17854122693664543
2017-12-02,B3,baseline,-0.1670058057638677
2017-12-03,B3,baseline,-0.029550001221429922
2017-12-04,B3,baseline,0.06410112476199803
2017-12-05,B3,baseline,-0.18008167678760345
2017-12-06,B3,baseline,-0.9637690165469167
2017-12-07,B3,baseline,12.911956359120708
2017-12-08,B3,baseline,-1.182271916697414
2016-06-30,B3,ewma,0.0
2016-07-01,B3,ewma,0.0
2016-07-02,B3,ewma,0.0
2016-07-03,B3,ewma,0.0
2016-07-04,B3,ewma,0.0
2016-07-05,B3,ewma,0.0
2016-07-06,B3,ewma,0.0
2016-07-07,B3,ewma,0.0
2016-07-08,B3,ewma,0.0
2016-07-09,B3,ewma,0.0
2016-07-10,B3,ewma,0.0
2016-07-11,B3,ewma,0.0
2016-07-12,B3,ewma,0.0
2016-07-13,B3,ewma,0.0
2016-07-14,B3,ewma,0.0
2016-07-15,B3,ewma,0.0
2016-07-16,B3,ewma,0.0
2016-07-17,B3,ewma,0.0
2016-07-18,B3,ewma,0.0
2016-07-19,B3,ewma,0.0
2016-07-20,B3,ewma,0.0
2016-07-21,B3,ewma,0.0
2016-07-22,B3,ewma,0.0
2016-07-23,B3,ewma,0.0
2016-07-24,B3,ewma,0.0
2016-07-25,B3,ewma,0.0
2016-07-26,B3,ewma,0.0
2016-07-27,B3,ewma,0.0
2016-07-28,B3,ewma,0.0
2016-07-29,B3,ewma,0.0
2016-07-30,B3,ewma,0.0
2016-07-31,B3,ewma,0.0
2016-08-01,B3,ewma,0.0
2016-08-02,B3,ewma,0.0
2016-08-03,B3,ewma,0.0
2016-08-04,B3,ewma,0.0
2016-08-05,B3,ewma,0.0
2016-08-06,B3,ewma,0.0
2016-08-07,B3,ewma,0.0
2016-08-08,B3,ewma,0.0
2016-08-09,B3,ewma,0.0
2016-08-10,B3,ewma,0.0
2016-08-11,B3,ewma,0.0
2016-08-12,B3,ewma,0.0
2016-08-13,B3,ewma,0.0
2016-08-14,B3,ewma,0.0
2016-08-15,B3,ewma,0.0
2016-08-16,B3,ewma,0.0
2016-08-17,B3,ewma,0.0
2016-08-18,B3,ewma,0.0
2016-08-19,B3,ewma,0.0
2016-08-20,B3,ewma,0.0
2016-08-21,B3,ewma,0.0
2016-08-22,B3,ewma,0.0
2016-08-23,B3,ewma,0.0
2016-08-24,B3,ewma,0.0
2016-08-25,B3,ewma,0.0
2016-08-26,B3,ewma,0.0
2016-08-27,B3,ewma,0.0
2016-08-28,B3,ewma,0.0
2016-08-29,B3,ewma,0.0
2016-08-30,B3,ewma,0.0
2016-08-31,B3,ewma,0.0
2016-09-01,B3,ewma,0.0
2016-09-02,B3,ewma,0.0
2016-09-03,B3,ewma,0.0
2016-09-04,B3,ewma,0.0
2016-09-05,B3,ewma,0.0
2016-09-06,B3,ewma,0.0
2016-09-07,B3,ewma,0.0
2016-09-08,B3,ewma,0.0
2016-09-09,B3,ewma,0.0
2016-09-10,B3,ewma,0.0
2016-09-11,B3,ewma,0.0
2016-09-12,B3,ewma,0.0
2016-09-13,B3,ewma,0.0
2016-09-14,B3,ewma,0.0
2016-09-15,B3,ewma,0.0
2016-09-16,B3,ewma,0.0
2016-09-17,B3,ewma,0.0
2016-09-18,B3,ewma,0.0
2016-09-19,B3,ewma,0.0
2016-09-20,B3,ewma,0.0
2016-09-21,B3,ewma,0.0
2016-09-22,B3,ewma,0.0
2016-09-23,B3,ewma,0.0
2016-09-24,B3,ewma,0.0
2016-09-25,B3,ewma,0.0
2016-09-26,B3,ewma,0.0
2016-09-27,B3,ewma,0.0
2016-09-28,B3,ewma,0.0
2016-09-29,B3,ewma,0.0
2016-09-30,B3,ewma,0.0
2016-10-01,B3,ewma,0.0
2016-10-02,B3,ewma,0.0
2016-10-03,B3,ewma,0.0
2016-10-04,B3,ewma,0.0
2016-10-05,B3,ewma,0.0
2016-10-06,B3,ewma,0.0
2016-10-07,B3,ewma,0.0
2016-10-08,B3,ewma,0.0
2016-10-09,B3,ewma,0.0
2016-10-10,B3,ewma,0.0
2016-10-11,B3,ewma,0.0
2016-10-12,B3,ewma,0.0
2016-10-13,B3,ewma,0.0
2016-10-14,B3,ewma,0.0
2016-10-15,B3,ewma,0.0
2016-10-16,B3,ewma,0.0
2016-10-17,B3,ewma,0.0
2016-10-18,B3,ewma,0.0
2016-10-19,B3,ewma,0.0
2016-10-20,B3,ewma,0.0
2016-10-21,B3,ewma,0.0
2016-10-22,B3,ewma,0.0
2016-10-23,B3,ewma,0.0
2016-10-24,B3,ewma,0.0
2016-10-25,B3,ewma,0.0
2016-10-26,B3,ewma,0.0
2016-10-27,B3,ewma,0.0
2016-10-28,B3,ewma,0.0
2016-10-29,B3,ewma,0.0
2016-10-30,B3,ewma,0.0
2016-10-31,B3,ewma,0.0
2016-11-01,B3,ewma,0.0
2016-11-02,B3,ewma,0.0
2016-11-03,B3,ewma,0.0
2016-11-04,B3,ewma,0.0
2016-11-05,B3,ewma,0.0
2016-11-06,B3,ewma,0.0
2016-11-07,B3,ewma,0.0
2016-11-08,B3,ewma,0.0
2016-11-09,B3,ewma,0.0
2016-11-10,B3,ewma,0.0
2016-11-11,B3,ewma,0.0
2016-11-12,B3,ewma,0.0
2016-11-13,B3,ewma,0.0
2016-11-14,B3,ewma,0.0
2016-11-15,B3,ewma,0.0
2016-11-16,B3,ewma,0.0
2016-11-17,B3,ewma,0.0
2016-11-18,B3,ewma,0.0
2016-11-19,B3,ewma,0.0
2016-11-20,B3,ewma,0.0
2016-11-21,B3,ewma,0.0
2016-11-22,B3,ewma,0.0
2016-11-23,B3,ewma,0.0
2016-11-24,B3,ewma,0.0
2016-11-25,B3,ewma,0.0
2016-11-26,B3,ewma,0.0
2016-11-27,B3,ewma,0.0
2016-11-28,B3,ewma,0.0
2016-11-29,B3,ewma,0.0
2016-11-30,B3,ewma,0.0
2016-12-01,B3,ewma,0.0
2016-12-02,B3,ewma,0.0
2016-12-03,B3,ewma,0.0
2016-12-04,B3,ewma,0.0
2016-12-05,B3,ewma,0.0
2016-12-06,B3,ewma,0.0
2016-12-07,B3,ewma,0.0
2016-12-08,B3,ewma,0.0
2016-12-09,B3,ewma,0.0
2016-12-10,B3,ewma,0.0
2016-12-11,B3,ewma,0.0
2016-12-12,B3,ewma,0.0
2016-12-13,B3,ewma,0.0
2016-12-14,B3,ewma,0.0
2016-12-15,B3,ewma,0.0
2016-12-16,B3,ewma,0.0
2016-12-17,B3,ewma,0.0
2016-12-18,B3,ewma,0.0
2016-12-19,B3,ewma,0.0
2016-12-20,B3,ewma,0.0
2016-12-21,B3,ewma,0.0
2016-12-22,B3,ewma,0.0
2016-12-23,B3,ewma,0.0
2016-12-24,B3,ewma,0.0
2016-12-25,B3,ewma,0.0
2016-12-26,B3,ewma,0.0
2016-12-27,B3,ewma,0.0
2016-12-28,B3,ewma,0.0
2016-12-29,B3,ewma,0.0
2016-12-30,B3,ewma,0.0
2016-12-31,B3,ewma,0.0
2017-01-01,B3,ewma,0.0
2017-01-02,B3,ewma,0.0
2017-01-03,B3,ewma,0.0
2017-01-04,B3,ewma,0.0
2017-01-05,B3,ewma,0.0
2017-01-06,B3,ewma,0.0
2017-01-07,B3,ewma,0.0
2017-01-08,B3,ewma,0.0
2017-01-09,B3,ewma,0.0
2017-01-10,B3,ewma,0.0
2017-01-11,B3,ewma,0.0
2017-01-12,B3,ewma,0.0
2017-01-13,B3,ewma,0.0
2017-01-14,B3,ewma,0.0
2017-01-15,B3,ewma,0.0
2017-01-16,B3,ewma,0.0
2017-01-17,B3,ewma,0.0
2017-01-18,B3,ewma,0.0
2017-01-19,B3,ewma,0.0
2017-01-20,B3,ewma,0.0
2017-01-21,B3,ewma,0.0
2017-01-22,B3,ewma,0.0
2017-01-23,B3,ewma,0.0
2017-01-24,B3,ewma,0.0
2017-01-25,B3,ewma,0.0
2017-01-26,B3,ewma,0.0
2017-01-27,B3,ewma,0.0
2017-01-28,B3,ewma,0.0
2017-01-29,B3,ewma,0.0
2017-01-30,B3,ewma,0.0
2017-01-31,B3,ewma,0.0
2017-02-01,B3,ewma,0.0
2017-02-02,B3,ewma,0.0
2017-02-03,B3,ewma,0.0
2017-02-04,B3,ewma,0.0
2017-02-05,B3,ewma,0.0
2017-02-06,B3,ewma,0.0
2017-02-07,B3,ewma,0.0
2017-02-08,B3,ewma,0.0
2017-02-09,B3,ewma,0.0
2017-02-10,B3,ewma,0.0
2017-02-11,B3,ewma,0.0
2017-02-12,B3,ewma,0.0
2017-02-13,B3,ewma,0.0
2017-02-14,B3,ewma,0.0
2017-02-15,B3,ewma,0.0
2017-02-16,B3,ewma,0.0
2017-02-17,B3,ewma,0.0
2017-02-18,B3,ewma,0.0
2017-02-19,B3,ewma,0.0
2017-02-20,B3,ewma,0.0
2017-02-21,B3,ewma,0.0
2017-02-22,B3,ewma,0.0
2017-02-23,B3,ewma,0.0
2017-02-24,B3,ewma,0.0
2017-02-25,B3,ewma,0.0
2017-02-26,B3,ewma,0.0
2017-02-27,B3,ewma,0.0
2017-02-28,B3,ewma,0.0
2017-03-01,B3,ewma,0.0
2017-03-02,B3,ewma,0.0
2017-03-03,B3,ewma,0.0
2017-03-04,B3,ewma,0.0
2017-03-05,B3,ewma,0.0
2017-03-06,B3,ewma,0.0
2017-03-07,B3,ewma,0.0
2017-03-08,B3,ewma,0.0
2017-03-09,B3,ewma,0.0
2017-03-10,B3,ewma,0.0
2017-03-11,B3,ewma,0.0
2017-03-12,B3,ewma,0.0
2017-03-13,B3,ewma,0.0
2017-03-14,B3,ewma,0.0
2017-03-15,B3,ewma,0.0
2017-03-16,B3,ewma,0.0
2017-03-17,B3,ewma,0.0
2017-03-18,B3,ewma,0.0
2017-03-19,B3,ewma,0.0
2017-03-20,B3,ewma,0.0
2017-03-21,B3,ewma,0.0
2017-03-22,B3,ewma,0.0
2017-03-23,B3,ewma,0.0
2017-03-24,B3,ewma,0.0
2017-03-25,B3,ewma,0.0
2017-03-26,B3,ewma,0.0
2017-03-27,B3,ewma,0.0
2017-03-28,B3,ewma,0.0
2017-03-29,B3,ewma,0.0
2017-03-30,B3,ewma,0.0
2017-03-31,B3,ewma,0.0
2017-04-01,B3,ewma,0.0
2017-04-02,B3,ewma,0.0
2017-04-03,B3,ewma,0.0
2017-04-04,B3,ewma,0.0
2017-04-05,B3,ewma,0.0
2017-04-06,B3,ewma,0.0
2017-04-07,B3,ewma,0.0
2017-04-08,B3,ewma,0.0
2017-04-09,B3,ewma,0.0
2017-04-10,B3,ewma,0.0
2017-04-11,B3,ewma,0.0
2017-04-12,B3,ewma,0.0
2017-04-13,B3,ewma,0.0
2017-04-14,B3,ewma,0.0
2017-04-15,B3,ewma,0.0
2017-04-16,B3,ewma,0.0
2017-04-17,B3,ewma,0.0
2017-04-18,B3,ewma,0.0
2017-04-19,B3,ewma,0.0
2017-04-20,B3,ewma,0.0
2017-04-21,B3,ewma,0.0
2017-04-22,B3,ewma,0.0
2017-04-23,B3,ewma,0.0
2017-04-24,B3,ewma,0.0
2017-04-25,B3,ewma,0.0
2017-04-26,B3,ewma,0.0
2017-04-27,B3,ewma,0.0
2017-04-28,B3,ewma,0.0
2017-04-29,B3,ewma,0.0
2017-04-30,B3,ewma,0.0
2017-05-01,B3,ewma,0.0
2017-05-02,B3,ewma,0.0
2017-05-03,B3,ewma,0.0
2017-05-04,B3,ewma,0.0
2017-05-05,B3,ewma,0.0
2017-05-06,B3,ewma,0.0
2017-05-07,B3,ewma,0.0
2017-05-08,B3,ewma,0.0
2017-05-09,B3,ewma,0.0
2017-05-10,B3,ewma,0.0
2017-05-11,B3,ewma,0.0
2017-05-12,B3,ewma,0.0
2017-05-13,B3,ewma,0.0
2017-05-14,B3,ewma,0.0
2017-05-15,B3,ewma,0.0
2017-05-16,B3,ewma,0.0
2017-05-17,B3,ewma,0.0
2017-05-18,B3,ewma,0.0
2017-05-19,B3,ewma,0.0
2017-05-20,B3,ewma,0.0
2017-05-21,B3,ewma,0.0
2017-05-22,B3,ewma,0.0
2017-05-23,B3,ewma,0.0
2017-05-24,B3,ewma,0.0
2017-05-25,B3,ewma,0.0
2017-05-26,B3,ewma,0.0
2017-05-27,B3,ewma,0.0
2017-05-28,B3,ewma,0.0
2017-05-29,B3,ewma,0.0037047421795917135
2017-05-30,B3,ewma,-0.0007776249739213092
2017-05-31,B3,ewma,0.0004330561789311904
2017-06-01,B3,ewma,-0.0006933321249765756
2017-06-02,B3,ewma,0.00018112834981032222
2017-06-03,B3,ewma,-4.969613312866272e-05
2017-06-04,B3,ewma,8.098635381714736e-05
2017-06-05,B3,ewma,5.0146456631372516e-05
2017-06-06,B3,ewma,3.74163982441722e-06
2017-06-07,B3,ewma,7.748520089445599e-05
2017-06-08,B3,ewma,0.00017825363399848193
2017-06-09,B3,ewma,0.0001438299811489241
2017-06-10,B3,ewma,-0.00015435946701647385
2017-06-11,B3,ewma,-4.6189717883837744e-06
2017-06-12,B3,ewma,-5.970394030430093e-05
2017-06-13,B3,ewma,0.0005829949943603197
2017-06-14,B3,ewma,-0.0006818504259161751
2017-06-15,B3,ewma,0.002526292831426691
2017-06-16,B3,ewma,-0.00020054430137017576
2017-06-17,B3,ewma,-0.0027420070896806426
2017-06-18,B3,ewma,0.002662577938687516
2017-06-19,B3,ewma,-0.002838569164265059
2017-06-20,B3,ewma,0.006303571355747994
2017-06-21,B3,ewma,-0.004531378914345852
2017-06-22,B3,ewma,0.00032226789972966685
2017-06-23,B3,ewma,0.008352776785660376
2017-06-24,B3,ewma,-0.0014260676585364784
2017-06-25,B3,ewma,-0.0069893051682614615
2017-06-26,B3,ewma,0.00018276946150419526
2017-06-27,B3,ewma,0.0005032599571612728
2017-06-28,B3,ewma,-0.0004300069667846351
2017-06-29,B3,ewma,0.0001317632122703749
2017-06-30,B3,ewma,-0.00019893748104427011
2017-07-01,B3,ewma,-0.0011283760368053786
2017-07-02,B3,ewma,-0.0004391247920438879
2017-07-03,B3,ewma,0.00037674483333161035
2017-07-04,B3,ewma,6.660714336259588e-05
2017-07-05,B3,ewma,-3.484847253398815e-05
2017-07-06,B3,ewma,-0.0004678928100270152
2017-07-07,B3,ewma,-0.0007846275744992637
2017-07-08,B3,ewma,0.0006492046782569094
2017-07-09,B3,ewma,-0.0004378526012117634
2017-07-10,B3,ewma,0.0002757811725639936
2017-07-11,B3,ewma,-3.361546398006343e-05
2017-07-12,B3,ewma,4.871627528624245e-05
2017-07-13,B3,ewma,-0.0015759695023218612
2017-07-14,B3,ewma,0.0007292184789966516
2017-07-15,B3,ewma,3.0384049491960496e-05
2017-07-16,B3,ewma,-4.159473954079562e-05
2017-07-17,B3,ewma,3.391951473119548e-05
2017-07-18,B3,ewma,0.00023210257739592066
2017-07-19,B3,ewma,-0.0004176012899126391
2017-07-20,B3,ewma,-0.0011435255488158047
2017-07-21,B3,ewma,-0.0016351874605491368
2017-07-22,B3,ewma,-0.0003527245240015908
2017-07-23,B3,ewma,-0.0014278466595787354
2017-07-24,B3,ewma,0.0009572880621666613
2017-07-25,B3,ewma,-0.00135544177682545
2017-07-26,B3,ewma,7.022305250736771e-05
2017-07-27,B3,ewma,-0.00042438825094437416
2017-07-28,B3,ewma,0.0018795771008248696
2017-07-29,B3,ewma,-0.00020446836893683873
2017-07-30,B3,ewma,0.00031329622453402095
2017-07-31,B3,ewma,-2.6229063232463545e-07
2017-08-01,B3,ewma,0.0007635539917048018
2017-08-02,B3,ewma,0.0003652718339788308
2017-08-03,B3,ewma,0.0029760793009689923
2017-08-04,B3,ewma,0.0018990246226906482
2017-08-05,B3,ewma,0.000250550527698401
2017-08-06,B3,ewma,-0.00010360023021382947
2017-08-07,B3,ewma,0.0008664320165145956
2017-08-08,B3,ewma,-0.0013717940297472975
2017-08-09,B3,ewma,0.00036516862756985624
2017-08-10,B3,ewma,1.0351517581552727e-05
2017-08-11,B3,ewma,0.0003021221699470722
2017-08-12,B3,ewma,0.00012576701701383364
2017-08-13,B3,ewma,0.0003558603976312469
2017-08-14,B3,ewma,-0.0006190847529483623
2017-08-15,B3,ewma,0.0005587989545734473
2017-08-16,B3,ewma,-0.00016710640246464514
2017-08-17,B3,ewma,-0.00028328858802562085
2017-08-18,B3,ewma,0.06517859871925036
2017-08-19,B3,ewma,0.02284024919843275
2017-08-20,B3,ewma,-0.020430711767727594
2017-08-21,B3,ewma,0.002045423392687651
2017-08-22,B3,ewma,0.013931142675651875
2017-08-23,B3,ewma,-0.004285903398909552
2017-08-24,B3,ewma,-0.003164680035847578
2017-08-25,B3,ewma,-0.0009772056098068527
2017-08-26,B3,ewma,0.002385441963977941
2017-08-27,B3,ewma,-0.0020910713027695316
2017-08-28,B3,ewma,-0.0009908251342017893
2017-08-29,B3,ewma,-0.00019821625284011102
2017-08-30,B3,ewma,-0.0020982716686797076
2017-08-31,B3,ewma,-0.012632159111582664
2017-09-01,B3,ewma,-0.009967335196374938
2017-09-02,B3,ewma,-0.009985664381594428
2017-09-03,B3,ewma,-0.011761432079772205
2017-09-04,B3,ewma,0.009434411838658896
2017-09-05,B3,ewma,6.993904358210123e-05
2017-09-06,B3,ewma,-0.00019178115216689218
2017-09-07,B3,ewma,-0.0004560617636167885
2017-09-08,B3,ewma,0.001473038516669689
2017-09-09,B3,ewma,-0.00022590921377529938
2017-09-10,B3,ewma,0.0006739623572402653
2017-09-11,B3,ewma,-0.013043437383905343
2017-09-12,B3,ewma,0.032711528248210886
2017-09-13,B3,ewma,-0.07276773123960567
2017-09-14,B3,ewma,0.001567873346068005
2017-09-15,B3,ewma,-0.0013611327037057475
2017-09-16,B3,ewma,-0.044931137594236725
2017-09-17,B3,ewma,-0.02949605952560741
2017-09-18,B3,ewma,-0.008784304197968718
2017-09-19,B3,ewma,0.02738614832552244
2017-09-20,B3,ewma,-0.02763819628245323
2017-09-21,B3,ewma,0.029767587170783427
2017-09-22,B3,ewma,0.004664807476972843
2017-09-23,B3,ewma,-0.0033785450768613057
2017-09-24,B3,ewma,0.004006758300775459
2017-09-25,B3,ewma,-0.008282934341860004
2017-09-26,B3,ewma,0.00428397678505843
2017-09-27,B3,ewma,-0.00593419997537481
2017-09-28,B3,ewma,0.005498038446656084
2017-09-29,B3,ewma,0.0004402254577731135
2017-09-30,B3,ewma,-0.010390949918913095
2017-10-01,B3,ewma,-0.01761479522798015
2017-10-02,B3,ewma,-0.0035921361619125625
2017-10-03,B3,ewma,0.0036154086037916144
2017-10-04,B3,ewma,0.0005920756727182397
2017-10-05,B3,ewma,0.0007208230453694675
2017-10-06,B3,ewma,-0.005546032681030044
2017-10-07,B3,ewma,0.0026129832689758548
2017-10-08,B3,ewma,0.0006994378817277713
2017-10-09,B3,ewma,0.0016186952620889095
2017-10-10,B3,ewma,0.001050911974112223
2017-10-11,B3,ewma,-0.0001797441411509615
2017-10-12,B3,ewma,0.0017420673366956851
2017-10-13,B3,ewma,-0.0016353854291663028
2017-10-14,B3,ewma,-0.013266522487926258
2017-10-15,B3,ewma,-0.01317812868942514
2017-10-16,B3,ewma,0.004076568002174374
2017-10-17,B3,ewma,-0.0031050179935924183
2017-10-18,B3,ewma,-0.00021633885579741552
2017-10-19,B3,ewma,0.003325228567218952
2017-10-20,B3,ewma,0.013013430516424895
2017-10-21,B3,ewma,0.004498951922558447
2017-10-22,B3,ewma,-0.006941452679859572
2017-10-23,B3,ewma,0.0014317906206484654
2017-10-24,B3,ewma,-0.0012204167727534188
2017-10-25,B3,ewma,-0.00046298315695447734
2017-10-26,B3,ewma,-1.5599822053014023e-06
2017-10-27,B3,ewma,0.00035239522156294
2017-10-28,B3,ewma,-0.00045942253559760893
2017-10-29,B3,ewma,0.0018917895236452154
2017-10-30,B3,ewma,-0.0008124191067291342
2017-10-31,B3,ewma,0.0006215643586209296
2017-11-01,B3,ewma,-0.026378097100735354
2017-11-02,B3,ewma,0.021872949626740912
2017-11-03,B3,ewma,0.012255920058827696
2017-11-04,B3,ewma,-0.02688509538970585
2017-11-05,B3,ewma,0.016803333839555457
2017-11-06,B3,ewma,-0.0075621528120949355
2017-11-07,B3,ewma,0.007846188682747224
2017-11-08,B3,ewma,-0.0014683535765174227
2017-11-09,B3,ewma,-0.004745943036764677
2017-11-10,B3,ewma,-0.015552337171736874
2017-11-11,B3,ewma,0.006951390309232197
2017-11-12,B3,ewma,0.0029601393107845375
2017-11-13,B3,ewma,-0.07109052586978826
2017-11-14,B3,ewma,0.009970172572113523
2017-11-15,B3,ewma,0.010065766661376596
2017-11-16,B3,ewma,0.009427349661092377
2017-11-17,B3,ewma,0.014542444210061456
2017-11-18,B3,ewma,0.0012421970773055513
2017-11-19,B3,ewma,0.0013336654588713692
2017-11-20,B3,ewma,-0.00981794608371167
2017-11-21,B3,ewma,-0.0022134064747048043
2017-11-22,B3,ewma,-0.002104851874158986
2017-11-23,B3,ewma,-0.00028671502345700706
2017-11-24,B3,ewma,-0.007615737171797088
2017-11-25,B3,ewma,-0.00287991232292073
2017-11-26,B3,ewma,0.0012134008562585397
2017-11-27,B3,ewma,-1.601922457517002e-05
2017-11-28,B3,ewma,0.004693917169045658
2017-11-29,B3,ewma,-0.0009326620830706345
2017-11-30,B3,ewma,-0.01781436968324701
2017-12-01,B3,ewma,-0.0004233495297748524
2017-12-02,B3,ewma,-0.0040019105939416155
2017-12-03,B3,ewma,-0.0022873416409697755
2017-12-04,B3,ewma,-0.008774750046535162
2017-12-05,B3,ewma,-0.002055986165062862
2017-12-06,B3,ewma,-0.004206573279963655
2017-12-07,B3,ewma,0.03087210093915216
2017-12-08,B3,ewma,0.016498678393022326
2017-12-09,B3,ewma,0.0017172827156766157
2017-12-10,B3,ewma,0.0036477809618509216
2017-12-11,B3,ewma,0.0003098148312259408
2017-12-12,B3,ewma,-0.0020456550676100083
2017-12-13,B3,ewma,-0.011533095505609436
2017-12-14,B3,ewma,-0.004922172348600706
2017-12-15,B3,ewma,0.0004194339667522584
2017-12-16,B3,ewma,-0.0038899407652273066
2017-12-17,B3,ewma,9.610855329178492e-05
2017-12-18,B3,ewma,-0.00735382837865417
2017-12-19,B3,ewma,-0.0006427319100891227
2017-12-20,B3,ewma,0.0038711221846161603
2017-12-21,B3,ewma,-0.0071114193274683934
2017-12-22,B3,ewma,0.013225279655980193
2017-12-23,B3,ewma,-0.012524747671820657
2017-12-24,B3,ewma,0.002547972272858745
2017-12-25,B3,ewma,0.026495486282323455
2017-12-26,B3,ewma,-0.01202532161710268
2017-12-27,B3,ewma,-0.011241641011268233
2017-12-28,B3,ewma,0.0027079463447368113
2017-12-29,B3,ewma,-0.031013856331668865
2017-12-30,B3,ewma,0.00563263252053714
2017-12-31,B3,ewma,0.006559319688381304
2018-01-01,B3,ewma,-0.04443271323062903
2018-01-02,B3,ewma,0.013330776939696198
2018-01-03,B3,ewma,-0.03504459888179412
2018-01-04,B3,ewma,-0.01734549999693291
2018-01-05,B3,ewma,-0.11519777013204768
2018-01-06,B3,ewma,-0.03091750888657152
2018-01-07,B3,ewma,0.06509439140414153
2018-01-08,B3,ewma,0.08574362344925968
2018-01-09,B3,ewma,-0.0197213161065819
2018-01-10,B3,ewma,0.009879660572334803
2018-01-11,B3,ewma,0.015459326574362331
2018-01-12,B3,ewma,-0.06580109160337488
2018-01-13,B3,ewma,-0.016976480617662548
2018-01-14,B3,ewma,0.02004957738608537
2018-01-15,B3,ewma,-0.005142493299331585
2018-01-16,B3,ewma,0.02682930277201967
2018-01-17,B3,ewma,0.007485612100038175
2018-01-18,B3,ewma,0.03283021809562792
2018-01-19,B3,ewma,-0.014028998944391247
2018-01-20,B3,ewma,-0.014056178077332837
2018-01-21,B3,ewma,-0.001038960769631947
2018-01-22,B3,ewma,0.0031869670804922645
2018-01-23,B3,ewma,0.008124311718008093
2018-01-24,B3,ewma,-0.003070075554067353
2018-01-25,B3,ewma,0.009614202803506666
2018-01-26,B3,ewma,0.002418581673300446
2018-01-27,B3,ewma,-0.001787486727470644
2018-01-28,B3,ewma,0.003862075043914004
2018-01-29,B3,ewma,0.0013046413426824888
2018-01-30,B3,ewma,-0.0021923334433211483
2018-01-31,B3,ewma,0.0013863593194511914
2018-02-01,B3,ewma,0.00014478168808107483
2018-02-02,B3,ewma,0.0027837295699435494
2018-02-03,B3,ewma,-0.0015043333521680413
2018-02-04,B3,ewma,-0.0016318294816607404
2018-02-05,B3,ewma,0.000926254598342835
2018-02-06,B3,ewma,-0.0033547666157508482
2018-02-07,B3,ewma,0.0006255379635395908
2018-02-08,B3,ewma,0.010909310235020175
2018-02-09,B3,ewma,0.008235304656690534
2018-02-10,B3,ewma,0.008446236962743825
2018-02-11,B3,ewma,-0.00023947326354412102
2018-02-12,B3,ewma,0.000417527016561392
2018-02-13,B3,ewma,0.0003421381502597409
2018-02-14,B3,ewma,0.0009867732472466084
2018-02-15,B3,ewma,-1.9441755521376614e-05
2018-02-16,B3,ewma,0.0025646422612091158
2018-02-17,B3,ewma,-0.004378176956649327
2018-02-18,B3,ewma,0.0061603065086686115
2018-02-19,B3,ewma,0.002341869141030628
2018-02-20,B3,ewma,0.006437420538080385
2018-02-21,B3,ewma,-0.0009898094158029558
2018-02-22,B3,ewma,1.1804417789695876e-05
2018-02-23,B3,ewma,0.0011461422955423295
2018-02-24,B3,ewma,-0.0003439281158997831
2018-02-25,B3,ewma,0.0017336647873962274
2018-02-26,B3,ewma,-0.004852196293916977
2018-02-27,B3,ewma,-0.0004298713721685443
2018-02-28,B3,ewma,0.004050307657995855
2018-03-01,B3,ewma,0.011792043190567592
2018-03-02,B3,ewma,0.012826994590388718
2018-03-03,B3,ewma,0.0033674037246906874
2018-03-04,B3,ewma,-0.00419195191844457
2018-03-05,B3,ewma,-0.005335711466112669
2018-03-06,B3,ewma,-0.01574588007851596
2018-03-07,B3,ewma,0.029228520852290663
2018-03-08,B3,ewma,0.009186306642085196
2018-03-09,B3,ewma,-0.015647640476419644
2018-03-10,B3,ewma,-0.002432340079624562
2018-03-11,B3,ewma,0.006835887276483765
2018-03-12,B3,ewma,-0.026046792608912406
2018-03-13,B3,ewma,-0.004148688495160591
2018-03-14,B3,ewma,0.01078669709448321
2018-03-15,B3,ewma,0.004818481117726536
2018-03-16,B3,ewma,0.0029174383168308893
2018-03-17,B3,ewma,0.004602167794871548
2018-03-18,B3,ewma,0.0018211872659177342
2018-03-19,B3,ewma,-5.837862303670338e-05
2018-03-20,B3,ewma,0.003893861778109242
2018-03-21,B3,ewma,-0.018479695960489706
2018-03-22,B3,ewma,-0.006029675194649031
2018-03-23,B3,ewma,-0.005739966973246302
2018-03-24,B3,ewma,0.0029219528062416344
2018-03-25,B3,ewma,-0.00010908684184274264
2018-03-26,B3,ewma,-0.0010116157535500214
2018-03-27,B3,ewma,0.0038788851006463787
2018-03-28,B3,ewma,-0.0007247968216652634
2018-03-29,B3,ewma,0.0019593443515151243
2018-03-30,B3,ewma,0.0010808834890345675
2018-03-31,B3,ewma,-0.0025311384306516693
2018-04-01,B3,ewma,0.0020981628331440128
2018-04-02,B3,ewma,0.00033676149128969435
2018-04-03,B3,ewma,-0.013861905379407347
2018-04-04,B3,ewma,-0.005593110522070011
2018-04-05,B3,ewma,0.014975188509329662
2018-04-06,B3,ewma,-0.0017913443815390506
2018-04-07,B3,ewma,0.03665291232267931
2018-04-08,B3,ewma,0.0021568034320249563
2018-04-09,B3,ewma,-0.008410503951717385
2018-04-10,B3,ewma,0.009835354223743042
2018-04-11,B3,ewma,0.024377232946424687
2018-04-12,B3,ewma,0.008109329763322126
2018-04-13,B3,ewma,-0.007004179358827578
2018-04-14,B3,ewma,0.01676719575881913
2018-04-15,B3,ewma,-0.00420574229158488
2018-04-16,B3,ewma,0.0007822190144752827
2018-04-17,B3,ewma,-0.009752048866030316
2018-04-18,B3,ewma,-0.007434404549573781
2018-04-19,B3,ewma,-0.01564932519744211
2018-04-20,B3,ewma,-0.00039895979617110555
2018-04-21,B3,ewma,0.005343861846675457
2018-04-22,B3,ewma,-0.0009811692130465843
2018-04-23,B3,ewma,-0.0059471379632969334
2018-04-24,B3,ewma,-0.003251965286021119
2018-04-25,B3,ewma,0.010081812842587246
2018-04-26,B3,ewma,-0.007587410747359136
2018-04-27,B3,ewma,0.0362965986254582
2018-04-28,B3,ewma,-0.015407490366103005
2018-04-29,B3,ewma,-0.0067194541446987666
2018-04-30,B3,ewma,0.002260514463216845
2018-05-01,B3,ewma,-0.0001307199841151796
2018-05-02,B3,ewma,-0.004100861157332991
2018-05-03,B3,ewma,-0.005901385875710541
2018-05-04,B3,ewma,5.4730134315006396e-05
2018-05-05,B3,ewma,0.00024174984656122334
2018-05-06,B3,ewma,0.0023873147333188793
2018-05-07,B3,ewma,0.002274496006152038
2018-05-08,B3,ewma,-0.002355855856101541
2018-05-09,B3,ewma,0.004084330252657642
2018-05-10,B3,ewma,-0.004171416121385607
2018-05-11,B3,ewma,0.002167770836913885
2018-05-12,B3,ewma,-0.0008605201605118573
2018-05-13,B3,ewma,-0.0036569476708118165
2018-05-14,B3,ewma,0.002734146963643491
2018-05-15,B3,ewma,-0.00506551902324992
2018-05-16,B3,ewma,0.0012520347861664227
2018-05-17,B3,ewma,-0.0008722267130960581
2018-05-18,B3,ewma,0.017514350551073532
2018-05-19,B3,ewma,-0.03349261285673655
2018-05-20,B3,ewma,0.018440784187965242
2018-05-21,B3,ewma,-0.004719029027876909
2018-05-22,B3,ewma,0.0021109404471615356
2018-05-23,B3,ewma,-0.0036263640022604626
2018-05-24,B3,ewma,0.0019513734676588346
2018-05-25,B3,ewma,-0.0006624839788620385
2018-05-26,B3,ewma,-5.980429357543837e-05
2018-05-27,B3,ewma,0.0003333148363069416
2018-05-28,B3,ewma,0.0021262938352042404
2018-05-29,B3,ewma,-8.081176319452155e-05
2018-05-30,B3,ewma,0.0002260228536707931
2018-05-31,B3,ewma,-0.0021171852960841786
2018-06-01,B3,ewma,-6.146759663994139e-05
2018-06-02,B3,ewma,-0.0006400078706497725
2018-06-03,B3,ewma,0.0011453207042921854
2018-06-04,B3,ewma,0.0014589506766753413
2018-06-05,B3,ewma,0.000778407748939447
2018-06-06,B3,ewma,-0.003990272529541095
2018-06-07,B3,ewma,-0.0002556873140422411
2018-06-08,B3,ewma,0.001081109229340349
2018-06-09,B3,ewma,-0.000361186362234589
2018-06-10,B3,ewma,0.000619071023682638
2018-06-11,B3,ewma,0.006923585870772353
2018-06-12,B3,ewma,-0.005149417044215898
2018-06-13,B3,ewma,0.00477708112405506
2018-06-14,B3,ewma,0.0005126041865768372
2018-06-15,B3,ewma,-0.0007050538187468591
2018-06-16,B3,ewma,-9.086022226401091e-05
2018-06-17,B3,ewma,0.001710902080195531
2018-06-18,B3,ewma,-0.0038731753327369
2018-06-19,B3,ewma,0.001966826657844978
2018-06-20,B3,ewma,-0.0025793651007915974
2018-06-21,B3,ewma,0.003000904081942979
2018-06-22,B3,ewma,-0.003318567128894556
2018-06-23,B3,ewma,0.007067398206719089
2018-06-24,B3,ewma,-0.0006227572501678047
2018-06-25,B3,ewma,-0.00042843552329774326
2018-06-26,B3,ewma,0.003159587679945064
2018-06-27,B3,ewma,-0.0014507480553329621
2018-06-28,B3,ewma,0.00769125040113483
2018-06-29,B3,ewma,0.004119740298741625
2018-06-30,B3,ewma,-0.006625549413691978
2018-07-01,B3,ewma,0.002683620799493358
2018-07-02,B3,ewma,-0.007035813517301204
2018-07-03,B3,ewma,0.005252032545975727
2018-07-04,B3,ewma,-0.0035690836987902763
2018-07-05,B3,ewma,0.007069503870745342
2018-07-06,B3,ewma,-0.005033461521841587
2018-07-07,B3,ewma,0.0021311355348672123
2018-07-08,B3,ewma,-0.005044938256912546
2018-07-09,B3,ewma,0.003571923233997021
2018-07-10,B3,ewma,0.003566655007480879
2018-07-11,B3,ewma,0.005777424515222007
2018-07-12,B3,ewma,0.0033483203953816876
2018-07-13,B3,ewma,-0.0031000683300257403
2018-07-14,B3,ewma,0.006547567396620657
2018-07-15,B3,ewma,-0.0017818075751724338
2018-07-16,B3,ewma,-0.00565479695462745
2018-07-17,B3,ewma,-0.0013819708551601195
2018-07-18,B3,ewma,-0.0013608542971857984
2018-07-19,B3,ewma,-0.0015643037791249759
2018-07-20,B3,ewma,-0.004794582643568357
2018-07-21,B3,ewma,0.014934763939345563
2018-07-22,B3,ewma,0.0059755765704228025
2018-07-23,B3,ewma,-0.029722799891254148
2018-07-24,B3,ewma,-0.02090010951844712
2018-07-25,B3,ewma,0.012832392184907171
2018-07-26,B3,ewma,0.0020566607373271317
2018-07-27,B3,ewma,-0.005579342970420065
2018-07-28,B3,ewma,-0.0009679571750961236
2018-07-29,B3,ewma,-0.009785245191955005
2018-07-30,B3,ewma,-0.0021751991855429864
2018-07-31,B3,ewma,0.01604286408398381
2018-08-01,B3,ewma,0.01059996819394371
2018-08-02,B3,ewma,0.017121190133597475
2018-08-03,B3,ewma,0.0022948527401658314
2018-08-04,B3,ewma,-0.005840675255133654
2018-08-05,B3,ewma,0.00043468862340478864
2018-08-06,B3,ewma,-0.0028613869285110116
2018-08-07,B3,ewma,0.0010258396646938284
2018-08-08,B3,ewma,0.0011519611515258266
2018-08-09,B3,ewma,0.0015398036793292658
2018-08-10,B3,ewma,0.0036940559947911122
2018-08-11,B3,ewma,-0.001129114751890592
2018-08-12,B3,ewma,-0.008072062977246941
2018-08-13,B3,ewma,0.0038122666021185303
2018-08-14,B3,ewma,0.004938357071639032
2018-08-15,B3,ewma,-0.00027191107158697214
2018-08-16,B3,ewma,0.0005408712103602831
2018-08-17,B3,ewma,-4.415355794984421e-05
2018-08-18,B3,ewma,0.0010893191111525091
2018-08-19,B3,ewma,-0.004660667527523921
2018-08-20,B3,ewma,0.0008083394160460777
2018-08-21,B3,ewma,0.0019979051763223676
2018-08-22,B3,ewma,-0.002124762744318387
2018-08-23,B3,ewma,-0.0022586242040986138
2018-08-24,B3,ewma,-0.0053838999117516995
2018-08-25,B3,ewma,0.0032520731928546986
2018-08-26,B3,ewma,-0.0014441840075845036
2018-08-27,B3,ewma,-0.0047013879091084565
2018-08-28,B3,ewma,-0.00041818450553199327
2018-08-29,B3,ewma,0.0037355584548612875
2018-08-30,B3,ewma,0.0011016588789451998
2018-08-31,B3,ewma,-0.0011374102070671466
2018-09-01,B3,ewma,-0.0026708281113086985
2018-09-02,B3,ewma,8.512479711808574e-05
2018-09-03,B3,ewma,-0.0007117293866817365
2018-09-04,B3,ewma,0.0012047648829269786
2018-09-05,B3,ewma,0.0031612983932107763
2018-09-06,B3,ewma,0.008175934410352026
2018-09-07,B3,ewma,0.0008678015107093096
2018-09-08,B3,ewma,-0.0022823033282568517
2018-09-09,B3,ewma,0.0036866922346379116
2018-09-10,B3,ewma,0.0019104959777038744
2018-09-11,B3,ewma,0.0008318714022699236
2018-09-12,B3,ewma,-0.001994279386014597
2018-09-13,B3,ewma,-0.00655654236250669
2018-09-14,B3,ewma,-0.0034457480417685593
2018-09-15,B3,ewma,0.0032896639350730172
2018-09-16,B3,ewma,-0.006765079713121125
2018-09-17,B3,ewma,0.004870271454577413
2018-09-18,B3,ewma,0.010002560742499167
2018-09-19,B3,ewma,-0.002492972307088559
2018-09-20,B3,ewma,-0.00691342235274528
2018-09-21,B3,ewma,0.014344344219389571
2018-09-22,B3,ewma,-0.0030527644174220825
2018-09-23,B3,ewma,-0.0067171061935895615
2018-09-24,B3,ewma,-0.0009014431292565517
2018-09-25,B3,ewma,0.004385710069140458
2018-09-26,B3,ewma,-0.0034189421978652046
2018-09-27,B3,ewma,-0.0032692079016976017
2018-09-28,B3,ewma,5.354361454856793e-05
2018-09-29,B3,ewma,-0.0006586343309141762
2018-09-30,B3,ewma,0.001123964442935943
2018-10-01,B3,ewma,-0.0008935361777043793
2018-10-02,B3,ewma,-0.00040083396933032756
2018-10-03,B3,ewma,0.03760653304971706
2018-10-04,B3,ewma,-0.025867640156492788
2018-10-05,B3,ewma,0.01830824908898565
2018-10-06,B3,ewma,-0.00522883363915716
2018-10-07,B3,ewma,0.0033783323279923394
2018-10-08,B3,ewma,-0.006432908266322368
2018-10-09,B3,ewma,0.004824952386702774
2018-10-10,B3,ewma,-0.004761885076534522
2018-10-11,B3,ewma,0.017046844605735023
2018-10-12,B3,ewma,0.0017946762536189542
2018-10-13,B3,ewma,-0.012274178141192027
2018-10-14,B3,ewma,0.00457419596623132
2018-10-15,B3,ewma,-0.008435664622518768
2018-10-16,B3,ewma,-0.008015135610334068
2018-10-17,B3,ewma,-0.0007848109847824469
2018-10-18,B3,ewma,0.006344639762382531
2018-10-19,B3,ewma,-0.001867997115975073
2018-10-20,B3,ewma,-0.007429730005711677
2018-10-21,B3,ewma,-0.0002415670370221612
2018-10-22,B3,ewma,-0.0033824230297052615
2018-10-23,B3,ewma,-0.0038089813025292685
2018-10-24,B3,ewma,-0.00015215616227592932
2018-10-25,B3,ewma,0.0007421014545088145
2018-10-26,B3,ewma,-0.000384635392689181
2018-10-27,B3,ewma,0.0006907010825953908
2018-10-28,B3,ewma,7.639173672058241e-05
2018-10-29,B3,ewma,0.004345192689561683
2018-10-30,B3,ewma,-0.003781374485277489
2018-10-31,B3,ewma,-0.0031002285209503766
2018-11-01,B3,ewma,-0.005012707754320944
2018-11-02,B3,ewma,-0.004357477896370199
2018-11-03,B3,ewma,0.002363504163186203
2018-11-04,B3,ewma,0.0004553406637646251
2018-11-05,B3,ewma,0.0010935006024457294
2018-11-06,B3,ewma,-0.0011327401241529866
2018-11-07,B3,ewma,-0.004329948615134138
2018-11-08,B3,ewma,-0.0073704758134202075
2018-11-09,B3,ewma,0.00455775938156866
2018-11-10,B3,ewma,-0.00829687081369268
2018-11-11,B3,ewma,0.00030402413903796166
2018-11-12,B3,ewma,0.0008825136199410721
2018-11-13,B3,ewma,0.004753558457839313
2018-11-14,B3,ewma,0.01695255736301804
2018-11-15,B3,ewma,0.0033553463666324834
2018-11-16,B3,ewma,0.000771799716117183
2018-11-17,B3,ewma,-0.003363728577302716
2018-11-18,B3,ewma,3.698880934210891e-06
2018-11-19,B3,ewma,0.012965072958181612
2018-11-20,B3,ewma,0.005670525600725895
2018-11-21,B3,ewma,-0.00405917448145332
2018-11-22,B3,ewma,0.002383612079887243
2018-11-23,B3,ewma,0.0016484772528382319
2018-11-24,B3,ewma,0.007214405422870662
2018-11-25,B3,ewma,-0.0026895495376416667
2018-11-26,B3,ewma,-0.021154783195126092
2018-11-27,B3,ewma,0.00854889036207429
2018-11-28,B3,ewma,-0.011505785801356083
2018-11-29,B3,ewma,0.05896868534151012
2018-11-30,B3,ewma,0.016231004677000005
2018-12-01,B3,ewma,-0.02501481963191632
2018-12-02,B3,ewma,0.0025733458353109917
2018-12-03,B3,ewma,-0.012447397251174164
2018-12-04,B3,ewma,-0.006591118001641361
2018-12-05,B3,ewma,0.022351325601752903
2018-12-06,B3,ewma,0.007011719746793821
2018-12-07,B3,ewma,-0.01378613412332097
2018-12-08,B3,ewma,-0.008337955354425497
2018-12-09,B3,ewma,0.00749946628973075
2018-12-10,B3,ewma,-0.015391271655018524
2018-12-11,B3,ewma,0.014164017628031322
2018-12-12,B3,ewma,-0.0016993940573977184
2018-12-13,B3,ewma,0.01655616569113172
2018-12-14,B3,ewma,0.009080463587982646
2018-12-15,B3,ewma,-0.009678915649844355
2018-12-16,B3,ewma,0.014544866883114071
2018-12-17,B3,ewma,-0.0083346001575072
2018-12-18,B3,ewma,-0.021016325456802543
2018-12-19,B3,ewma,0.0025067987242080036
2018-12-20,B3,ewma,-0.0029801723669568014
2018-12-21,B3,ewma,-0.0010030670140389608
2018-12-22,B3,ewma,0.006260525971967468
2018-12-23,B3,ewma,-0.0007660275157019836
2018-12-24,B3,ewma,-0.004357707352178886
2018-12-25,B3,ewma,0.00563053075991804
2018-12-26,B3,ewma,0.06382215065843799
2018-12-27,B3,ewma,-0.009925423489679064
2018-12-28,B3,ewma,0.018075890454192445
2018-12-29,B3,ewma,0.0309294906205988
2018-12-30,B3,ewma,-0.018464889889675984
2018-12-31,B3,ewma,-0.00784957334365688
2019-01-01,B3,ewma,0.05500143262686841
2019-01-02,B3,ewma,-0.01413882914786424
2019-01-03,B3,ewma,0.006967145789408047
2019-01-04,B3,ewma,0.011151179645838116
2019-01-05,B3,ewma,0.016868884473601797
2019-01-06,B3,ewma,0.012078287565598256
2019-01-07,B3,ewma,-0.010532647125594208
2019-01-08,B3,ewma,-0.005338391236900275
2019-01-09,B3,ewma,0.0016480672693908183
2019-01-10,B3,ewma,0.004087643607208147
2019-01-11,B3,ewma,-0.0013682573159589095
2019-01-12,B3,ewma,0.0007941197442380421
2019-01-13,B3,ewma,0.01377289972096607
2019-01-14,B3,ewma,0.04559273735989833
2019-01-15,B3,ewma,-0.04674393734076532
2019-01-16,B3,ewma,0.008900483168162276
2019-01-17,B3,ewma,-0.0030991271322601266
2019-01-18,B3,ewma,-0.0045797949202438515
2019-01-19,B3,ewma,0.002336778108905424
2019-01-20,B3,ewma,0.002158945689865188
2019-01-21,B3,ewma,-0.0032195880612851946
2019-01-22,B3,ewma,0.00038635236442075005
2019-01-23,B3,ewma,-0.0038794329293146967
2019-01-24,B3,ewma,-0.005100690431525168
2019-01-25,B3,ewma,-0.00022311783712947175
2019-01-26,B3,ewma,0.0014177662026286786
2019-01-27,B3,ewma,0.00799593331062809
2019-01-28,B3,ewma,0.014499561888324797
2019-01-29,B3,ewma,-0.0023161559702596923
2019-01-30,B3,ewma,-0.006629979580312195
2019-01-31,B3,ewma,-6.897008443351726e-05
2019-02-01,B3,ewma,0.0022600652872457605
2019-02-02,B3,ewma,-0.004631133973265866
2019-02-03,B3,ewma,0.005678059408280367
2019-02-04,B3,ewma,-0.0010000055828307541
2019-02-05,B3,ewma,-0.0011924833304571836
2019-02-06,B3,ewma,-0.00117565028848865
2019-02-07,B3,ewma,0.001545962858009453
2019-02-08,B3,ewma,-0.003294285543822051
2019-02-09,B3,ewma,0.010033652279814564
2019-02-10,B3,ewma,0.00834475584121197
2019-02-11,B3,ewma,0.008446008562033702
2019-02-12,B3,ewma,-0.00692064389057534
2019-02-13,B3,ewma,0.00011928544620398718
2019-02-14,B3,ewma,-0.025787897467903997
2019-02-15,B3,ewma,0.0035925821812277103
2019-02-16,B3,ewma,-0.0029700300780923783
2019-02-17,B3,ewma,0.0003142052168298992
2019-02-18,B3,ewma,0.020270401333172927
2019-02-19,B3,ewma,-0.006465556047010712
2019-02-20,B3,ewma,-0.011213128592525101
2019-02-21,B3,ewma,-0.008440870802216116
2019-02-22,B3,ewma,-0.03380028976116711
2019-02-23,B3,ewma,0.014367232214958392
2019-02-24,B3,ewma,0.008274444427197158
2019-02-25,B3,ewma,0.003437559595990791
2019-02-26,B3,ewma,-0.013584176876504261
2019-02-27,B3,ewma,0.005727914429467518
2019-02-28,B3,ewma,-0.00944811816354596
2019-03-01,B3,ewma,-0.0031699047970159544
2019-03-02,B3,ewma,-0.003180753761360622
2019-03-03,B3,ewma,0.005680758800844954
2019-03-04,B3,ewma,0.017563916258375167
2019-03-05,B3,ewma,-0.005167946304715398
2019-03-06,B3,ewma,0.0034915456358930452
2019-03-07,B3,ewma,-0.004301056410942916
2019-03-08,B3,ewma,0.004058680073387055
2019-03-09,B3,ewma,-0.016172975197353057
2019-03-10,B3,ewma,0.002782784757444645
2019-03-11,B3,ewma,0.026061852877962588
2019-03-12,B3,ewma,-0.012044817375575279
2019-03-13,B3,ewma,0.007776022879315114
2019-03-14,B3,ewma,0.009638655314518019
2019-03-15,B3,ewma,-0.010652604979671243
2019-03-16,B3,ewma,-0.003832449313721953
2019-03-17,B3,ewma,0.003054814468241185
2019-03-18,B3,ewma,-0.017309176624068612
2019-03-19,B3,ewma,-0.006681271784792164
2019-03-20,B3,ewma,-0.003388943930979438
2019-03-21,B3,ewma,0.006365451914460918
2019-03-22,B3,ewma,0.005564533947510997
2019-03-23,B3,ewma,0.010656660137066565
2019-03-24,B3,ewma,-0.002569332544324343
2019-03-25,B3,ewma,0.00733225813231031
2019-03-26,B3,ewma,-0.03732906384480961
2019-03-27,B3,ewma,0.019097061004055504
2019-03-28,B3,ewma,0.0199413809751956
2019-03-29,B3,ewma,-0.021557869942519514
2019-03-30,B3,ewma,-0.0045646138171703265
2019-03-31,B3,ewma,0.008976763810535582
2019-04-01,B3,ewma,0.007346506441898715
2019-04-02,B3,ewma,0.038008439288720774
2019-04-03,B3,ewma,0.024314627341653017
2019-04-04,B3,ewma,0.007462812978998645
2019-04-05,B3,ewma,-0.011106453127176175
2019-04-06,B3,ewma,0.056547018540765714
2019-04-07,B3,ewma,-0.005704152823039821
2019-04-08,B3,ewma,0.019657410749081894
2019-04-09,B3,ewma,-0.021899108260175604
2019-04-10,B3,ewma,0.003967147698783036
2019-04-11,B3,ewma,0.019538265817554468
2019-04-12,B3,ewma,0.004408586822840066
2019-04-13,B3,ewma,0.0018078693305678684
2019-04-14,B3,ewma,-0.009369889053697955
2019-04-15,B3,ewma,-0.01150882866746239
2019-04-16,B3,ewma,-0.015326490519113611
2019-04-17,B3,ewma,0.007105244091692331
2019-04-18,B3,ewma,0.0042593947913103225
2019-04-19,B3,ewma,-0.0034629108543832166
2019-04-20,B3,ewma,-0.0004128225162128851
2019-04-21,B3,ewma,0.012944365091591026
2019-04-22,B3,ewma,-0.005055834782969337
2019-04-23,B3,ewma,0.006275193511903865
2019-04-24,B3,ewma,0.009619855123795817
2019-04-25,B3,ewma,0.006040866376319176
2019-04-26,B3,ewma,-0.0005431057016664909
2019-04-27,B3,ewma,0.00015444571322364986
2019-04-28,B3,ewma,-0.001775352021446741
2019-04-29,B3,ewma,0.006897087924371492
2019-04-30,B3,ewma,0.00845358619994796
2019-05-01,B3,ewma,-0.005875240361538414
2019-05-02,B3,ewma,-0.0027550054306496596
2019-05-03,B3,ewma,-0.0026471457716610303
2019-05-04,B3,ewma,0.012310234413796639
2019-05-05,B3,ewma,-0.03044925530269338
2019-05-06,B3,ewma,-0.01477056724414938
2019-05-07,B3,ewma,-0.00859252953075762
2019-05-08,B3,ewma,0.017162462804053202
2019-05-09,B3,ewma,0.0010530781580955217
2019-05-10,B3,ewma,0.008658989546601159
2019-05-11,B3,ewma,0.009722023465899454
2019-05-12,B3,ewma,-0.02650580246497769
2019-05-13,B3,ewma,-0.002610406560704659
2019-05-14,B3,ewma,0.0013992670805555996
2019-05-15,B3,ewma,-0.017703039209000848
2019-05-16,B3,ewma,-0.007331911209632835
2019-05-17,B3,ewma,0.0398000119924562
2019-05-18,B3,ewma,0.008147953959833476
2019-05-19,B3,ewma,-0.005209893642375785
2019-05-20,B3,ewma,-0.006132326948468103
2019-05-21,B3,ewma,0.009911025315195277
2019-05-22,B3,ewma,-0.03764405419803818
2019-05-23,B3,ewma,0.02531907294500879
2019-05-24,B3,ewma,-0.0073308433939744955
2019-05-25,B3,ewma,0.03829627406149294
2019-05-26,B3,ewma,-0.013874208290241108
2019-05-27,B3,ewma,-0.0008997975964889493
2019-05-28,B3,ewma,-0.022875087288102836
2019-05-29,B3,ewma,0.014196351274585739
2019-05-30,B3,ewma,-0.0035387754276102745
2019-05-31,B3,ewma,-0.003364890817284749
2019-06-01,B3,ewma,0.005505353392512458
2019-06-02,B3,ewma,-0.008057550057342655
2019-06-03,B3,ewma,0.0020865171455033416
2019-06-04,B3,ewma,0.00996979544393728
2019-06-05,B3,ewma,-0.014240963665467121
2019-06-06,B3,ewma,-0.018691199518753865
2019-06-07,B3,ewma,-0.018378632644711512
2019-06-08,B3,ewma,-0.008828065382758266
2019-06-09,B3,ewma,0.024371641261508037
2019-06-10,B3,ewma,-0.018250087402421955
2019-06-11,B3,ewma,0.00037635986626605167
2019-06-12,B3,ewma,-0.0041876890791109345
2019-06-13,B3,ewma,0.016689635431891947
2019-06-14,B3,ewma,0.020053188787851672
2019-06-15,B3,ewma,-0.0029680073400294438
2019-06-16,B3,ewma,-0.013264105188581343
2019-06-17,B3,ewma,0.004466109095435211
2019-06-18,B3,ewma,-0.0011906242733512595
2019-06-19,B3,ewma,-0.009819905418718577
2019-06-20,B3,ewma,-0.016216044783927908
2019-06-21,B3,ewma,-0.019213520885198565
2019-06-22,B3,ewma,-0.08472986474217514
2019-06-23,B3,ewma,-0.0019950783043575226
2019-06-24,B3,ewma,-0.022520994669652183
2019-06-25,B3,ewma,0.0014569395565553478
2019-06-26,B3,ewma,0.002076474191401223
2019-06-27,B3,ewma,-0.21378785022558033
2019-06-28,B3,ewma,0.22274800465356637
2019-06-29,B3,ewma,0.033607172741459745
2019-06-30,B3,ewma,0.02873303703535912
2019-07-01,B3,ewma,0.02509339244935771
2019-07-02,B3,ewma,0.007777282449589862
2019-07-03,B3,ewma,-0.020291507523251262
2019-07-04,B3,ewma,0.01744275325984157
2019-07-05,B3,ewma,-0.00859772882308052
2019-07-06,B3,ewma,-0.0008114972415269595
2019-07-07,B3,ewma,-0.06162659516776703
2019-07-08,B3,ewma,-0.017894353099857208
2019-07-09,B3,ewma,0.06590712172031354
2019-07-10,B3,ewma,-0.0559064063709136
2019-07-11,B3,ewma,-0.053870146240989625
2019-07-12,B3,ewma,0.003224967300002657
2019-07-13,B3,ewma,0.002060024787245762
2019-07-14,B3,ewma,0.09569474177348614
2019-07-15,B3,ewma,-0.013699123815783976
2019-07-16,B3,ewma,0.03402202493038087
2019-07-17,B3,ewma,-0.0028914044630262703
2019-07-18,B3,ewma,-0.01810063608562451
2019-07-19,B3,ewma,0.01656967981108637
2019-07-20,B3,ewma,-0.0033184945886164385
2019-07-21,B3,ewma,-0.0032762152686951485
2019-07-22,B3,ewma,0.05323053434649139
2019-07-23,B3,ewma,0.001003442970112678
2019-07-24,B3,ewma,-0.01743140419047018
2019-07-25,B3,ewma,-0.012184238755107213
2019-07-26,B3,ewma,0.0003102941992951802
2019-07-27,B3,ewma,0.020939102474886173
2019-07-28,B3,ewma,-0.018821928274894373
2019-07-29,B3,ewma,0.005983689858408914
2019-07-30,B3,ewma,0.0012273565746041548
2019-07-31,B3,ewma,0.0003813654152937662
2019-08-01,B3,ewma,0.01184390805812563
2019-08-02,B3,ewma,0.011306179393929527
2019-08-03,B3,ewma,0.0077417012545282216
2019-08-04,B3,ewma,-0.003984801724326359
2019-08-05,B3,ewma,0.010896426541070259
2019-08-06,B3,ewma,-0.00035205861425990914
2019-08-07,B3,ewma,0.005323794654767511
2019-08-08,B3,ewma,-0.00429063472389124
2019-08-09,B3,ewma,0.012496349402595142
2019-08-10,B3,ewma,0.0007993662682828084
2019-08-11,B3,ewma,-0.004482119641829652
2019-08-12,B3,ewma,0.0003774570765184837
2019-08-13,B3,ewma,0.0007093033700524831
2019-08-14,B3,ewma,0.016297369842565468
2019-08-15,B3,ewma,-0.003970383466904925
2019-08-16,B3,ewma,0.008963739096707002
2019-08-17,B3,ewma,0.004304120650871601
2019-08-18,B3,ewma,0.001496236431896003
2019-08-19,B3,ewma,-0.005020979420651828
2019-08-20,B3,ewma,0.0015993106579370586
2019-08-21,B3,ewma,0.0021211736589212826
2019-08-22,B3,ewma,0.012245474831501513
2019-08-23,B3,ewma,0.024876774871448903
2019-08-24,B3,ewma,-0.013270704697248115
2019-08-25,B3,ewma,0.002594507255903933
2019-08-26,B3,ewma,-0.0013117353452096747
2019-08-27,B3,ewma,-0.03352790694499408
2019-08-28,B3,ewma,0.030981210101415524
2019-08-29,B3,ewma,0.0001842330937655845
2019-08-30,B3,ewma,0.0015706810752780243
2019-08-31,B3,ewma,0.0031103175255560167
2019-09-01,B3,ewma,0.013213335047987051
2019-09-02,B3,ewma,-0.0027579333993105193
2019-09-03,B3,ewma,-0.009257791626694822
2019-09-04,B3,ewma,0.015016709501523007
2019-09-05,B3,ewma,0.015861292647877834
2019-09-06,B3,ewma,0.002765314876045588
2019-09-07,B3,ewma,0.01527278319476566
2019-09-08,B3,ewma,-0.020020505930848365
2019-09-09,B3,ewma,-0.008482655810423512
2019-09-10,B3,ewma,0.03146681065512813
2019-09-11,B3,ewma,0.0036482037319205407
2019-09-12,B3,ewma,0.007963772123141588
2019-09-13,B3,ewma,0.007231418470408979
2019-09-14,B3,ewma,0.01508185850217747
2019-09-15,B3,ewma,-0.006391316311663231
2019-09-16,B3,ewma,0.009773430266823535
2019-09-17,B3,ewma,-0.015027523280484179
2019-09-18,B3,ewma,-0.008870509827328843
2019-09-19,B3,ewma,-0.023678370265912463
2019-09-20,B3,ewma,0.006803623678669712
2019-09-21,B3,ewma,-0.019874652646931446
2019-09-22,B3,ewma,-0.02479401739192788
2019-09-23,B3,ewma,0.027601981701796063
2019-09-24,B3,ewma,0.033530118417910204
2019-09-25,B3,ewma,-0.0005621229519671145
2019-09-26,B3,ewma,0.0006435527833974497
2019-09-27,B3,ewma,-0.013447357798678006
2019-09-28,B3,ewma,-0.00035830101959033467
2019-09-29,B3,ewma,0.003518471415231872
2019-09-30,B3,ewma,-0.0008608422297473606
2019-10-01,B3,ewma,0.022036444638779296
2019-10-02,B3,ewma,-0.01220438627771292
2019-10-03,B3,ewma,-0.004094990452733982
2019-10-04,B3,ewma,-0.030708190859293216
2019-10-05,B3,ewma,0.01072470329096098
2019-10-06,B3,ewma,0.012162964614497174
2019-10-07,B3,ewma,-0.0016272723529582311
2019-10-08,B3,ewma,-0.009877606525355076
2019-10-09,B3,ewma,0.01094648787567487
2019-10-10,B3,ewma,-0.015205690460715737
2019-10-11,B3,ewma,0.0003664407289900584
2019-10-12,B3,ewma,0.008262479312978188
2019-10-13,B3,ewma,-0.006506924197143604
2019-10-14,B3,ewma,-0.006786849348836221
2019-10-15,B3,ewma,-0.005979542343925948
2019-10-16,B3,ewma,0.005103640259028763
2019-10-17,B3,ewma,-0.011566235361941124
2019-10-18,B3,ewma,0.014653389987912213
2019-10-19,B3,ewma,-0.00888101897424809
2019-10-20,B3,ewma,-0.008033180470232493
2019-10-21,B3,ewma,-0.015860306417683656
2019-10-22,B3,ewma,0.00852429328793547
2019-10-23,B3,ewma,0.010658160126774785
2019-10-24,B3,ewma,-0.00912514735698311
2019-10-25,B3,ewma,-0.016402834096743812
2019-10-26,B3,ewma,0.029632338583617468
2019-10-27,B3,ewma,-0.00171880676917735
2019-10-28,B3,ewma,-0.016762059631313053
2019-10-29,B3,ewma,0.010841176634490468
2019-10-30,B3,ewma,0.031034668814534205
2019-10-31,B3,ewma,0.017009089626013996
2019-11-01,B3,ewma,-0.012475144313421338
2019-11-02,B3,ewma,-0.0013896552132347528
2019-11-03,B3,ewma,0.04075133099513173
2019-11-04,B3,ewma,-0.008964153738344027
2019-11-05,B3,ewma,-0.022199659820203888
2019-11-06,B3,ewma,0.028431513336110825
2019-11-07,B3,ewma,0.0012280400838096117
2019-11-08,B3,ewma,-0.0066730215326156195
2019-11-09,B3,ewma,-0.012696214314651844
2019-11-10,B3,ewma,0.006561985100665746
2019-11-11,B3,ewma,-0.004124736617154068
2019-11-12,B3,ewma,0.01809341754086513
2019-11-13,B3,ewma,-0.003908442908428733
2019-11-14,B3,ewma,0.15294639177867908
2019-11-15,B3,ewma,0.08105710898794305
2019-11-16,B3,ewma,0.03426560384967292
2019-11-17,B3,ewma,-0.05800718927936632
2019-11-18,B3,ewma,-0.02902249225919462
2019-11-19,B3,ewma,0.08629566032279001
2019-11-20,B3,ewma,0.03004679284345957
2019-11-21,B3,ewma,-0.010403763796499543
2019-11-22,B3,ewma,-0.06363007321109859
2019-11-23,B3,ewma,0.013978356297276173
2019-11-24,B3,ewma,-0.015061219614818877
2019-11-25,B3,ewma,-0.02330823757244671
2019-11-26,B3,ewma,0.038836001398835585
2019-11-27,B3,ewma,-0.05201961483024131
2019-11-28,B3,ewma,-0.0028346755259835987
2019-11-29,B3,ewma,0.022588801970637062
2019-11-30,B3,ewma,0.005568398848889933
2019-12-01,B3,ewma,4.9072084271850613e-05
2019-12-02,B3,ewma,0.032707817930476724
2019-12-03,B3,ewma,0.008965142845638763
2019-12-04,B3,ewma,-0.02929829185350674
2019-12-05,B3,ewma,-0.0047376821368393385
2019-12-06,B3,ewma,-0.003915316918079004
2019-12-07,B3,ewma,-0.014740820666592214
2019-12-08,B3,ewma,-0.009559781206040396
2019-12-09,B3,ewma,0.003245190692439559
2019-12-10,B3,ewma,0.017480646539584255
2019-12-11,B3,ewma,0.005557683134115088
2019-12-12,B3,ewma,-0.013091175403777466
2019-12-13,B3,ewma,0.0064419942103022265
2019-12-14,B3,ewma,0.027433391859817968
2019-12-15,B3,ewma,0.03385299542484721
2019-12-16,B3,ewma,0.04232353639462039
2019-12-17,B3,ewma,0.0073228698110545665
2019-12-18,B3,ewma,-0.024891618120985504
2019-12-19,B3,ewma,0.0014568921045789995
2019-12-20,B3,ewma,0.0010992587050893121
2019-12-21,B3,ewma,-0.012721878263661668
2019-12-22,B3,ewma,0.012260005959747522
2019-12-23,B3,ewma,0.011113720166376684
2019-12-24,B3,ewma,0.005331077794141104
2019-12-25,B3,ewma,-0.016520800216449305
2019-12-26,B3,ewma,0.007310875350925228
2019-12-27,B3,ewma,0.000906476438181425
2019-12-28,B3,ewma,0.0010093818786243158
2019-12-29,B3,ewma,-0.010223128594903486
2019-12-30,B3,ewma,-0.014473130767386544
2019-12-31,B3,ewma,0.040106153491807905
2020-01-01,B3,ewma,-0.016490708535638277
2020-01-02,B3,ewma,-0.0116293460480823
2020-01-03,B3,ewma,0.004801601785883625
2020-01-04,B3,ewma,-0.0015739439487505447
2020-01-05,B3,ewma,-0.008294368698262167
2020-01-06,B3,ewma,-0.006673294450445955
2020-01-07,B3,ewma,0.011673122090805954
2020-01-08,B3,ewma,0.007163331169462106
2020-01-09,B3,ewma,0.004812169468703553
2020-01-10,B3,ewma,-0.002235353373992499
2020-01-11,B3,ewma,-0.006175995766823927
2020-01-12,B3,ewma,-0.018083454825982725
2020-01-13,B3,ewma,-0.009115631007460934
2020-01-14,B3,ewma,-0.015602794015388666
2020-01-15,B3,ewma,-0.008369048551031044
2020-01-16,B3,ewma,0.041035377248226146
2020-01-17,B3,ewma,-0.021394719221089264
2020-01-18,B3,ewma,0.0309173423267477
2020-01-19,B3,ewma,-0.006154309885206821
2020-01-20,B3,ewma,0.031113226772729652
2020-01-21,B3,ewma,-0.01703076927589653
2020-01-22,B3,ewma,0.029755368768038304
2020-01-23,B3,ewma,-0.006099754647502231
2020-01-24,B3,ewma,-0.0006862634899016395
2020-01-25,B3,ewma,0.01460097539586891
2020-01-26,B3,ewma,-0.011930980539856306
2020-01-27,B3,ewma,-0.0152816293286554
2020-01-28,B3,ewma,-0.006687234577107515
2020-01-29,B3,ewma,0.009929939962213696
2020-01-30,B3,ewma,-0.035889629700806336
2020-01-31,B3,ewma,-0.0681957808937339
2020-02-01,B3,ewma,0.0002607528071902898
2020-02-02,B3,ewma,0.0033472364959235
2020-02-03,B3,ewma,0.004694593910691713
2020-02-04,B3,ewma,-0.015902289476141918
2020-02-05,B3,ewma,0.02137698359631046
2020-02-06,B3,ewma,-0.03421171179890303
2020-02-07,B3,ewma,-0.008002665425383526
2020-02-08,B3,ewma,0.020305883009158476
2020-02-09,B3,ewma,-0.007136529079236897
2020-02-10,B3,ewma,-0.03653031246116234
2020-02-11,B3,ewma,0.01416446868771648
2020-02-12,B3,ewma,0.018398320590229167
2020-02-13,B3,ewma,0.02774071126947697
2020-02-14,B3,ewma,-0.04988244159968558
2020-02-15,B3,ewma,-0.017992917255714835
2020-02-16,B3,ewma,-0.0014535998587821286
2020-02-17,B3,ewma,0.02338337108045474
2020-02-18,B3,ewma,-0.08429410012703054
2020-02-19,B3,ewma,0.03820803406192663
2020-02-20,B3,ewma,0.023283537843648228
2020-02-21,B3,ewma,-0.25173179975815974
2020-02-22,B3,ewma,-0.03459797758758809
2020-02-23,B3,ewma,-0.04915514446343616
2020-02-24,B3,ewma,0.29987067318608784
2020-02-25,B3,ewma,-0.45731891271992364
2020-02-26,B3,ewma,0.08818891138766172
2020-02-27,B3,ewma,0.018125750979109734
2020-02-28,B3,ewma,-0.17881488206240226
2020-02-29,B3,ewma,0.4374535846711729
2020-03-01,B3,ewma,-0.2580299976640966
2020-03-02,B3,ewma,-0.265223814914739
2020-03-03,B3,ewma,-0.28154846938141365
2020-03-04,B3,ewma,0.03333919471744862
2020-03-05,B3,ewma,0.18248536663919723
2020-03-06,B3,ewma,-0.2935558000359465
2020-03-07,B3,ewma,-0.03419780920835502
2020-03-08,B3,ewma,0.7723326899050473
2020-03-09,B3,ewma,0.01965909560389223
2020-03-10,B3,ewma,-0.2993073770764042
2020-03-11,B3,ewma,-0.037352070346266975
2020-03-12,B3,ewma,0.4220602510922369
2020-03-13,B3,ewma,-0.028961779636723195
2020-03-14,B3,ewma,-2.1014287203161857
