,DASH_returns,BabyDoge_returns,SNX_returns,GLM_returns,SFP_returns,TFUEL_returns,BLUR_returns,ROSE_returns,ZIL_returns,CKB_returns,QTUM_returns,MX_returns,ORDI_returns,ASTR_returns,ACH_returns,ZRX_returns,DCR_returns,LPT_returns,CELO_returns,VTHO_returns,BAT_returns,TRAC_returns,CHEEL_returns,SNEK_returns,ID_returns,BORG_returns,GAS_returns,ONE_returns,CHEX_returns,HOT_returns,SUSHI_returns,CSPR_returns,DGB_returns,ANKR_returns,YFI_returns,RVN_returns,SC_returns,ETHW_returns,KDA_returns,ELF_returns,IOTX_returns,XCH_returns,T_returns,OSMO_returns,GMT_returns,PEOPLE_returns,XYO_returns,XEM_returns,WAVES_returns,EUL_returns,POLYX_returns,WOO_returns,ENJ_returns,GOMINING_returns,COTI_returns,GMX_returns,ORCA_returns,COW_returns,ZEN_returns,KOGE_returns,LRC_returns,SKL_returns,RLB_returns,CETUS_returns,WEMIX_returns,LUNA_returns,ZIG_returns,ONT_returns,MPLX_returns,DAG_returns,SWFTC_returns,PRIME_returns,CVC_returns,STPT_returns,SXP_returns,METIS_returns,LCX_returns,DLC_returns,BAND_returns,MASK_returns,HIVE_returns,BICO_returns,STORJ_returns,XNO_returns,WMTX_returns,CPOOL_returns,REQ_returns,HONEY_returns,STIK_returns,FLUX_returns,RPL_returns,YGG_returns,SSV_returns,XVG_returns,ORBR_returns,VVS_returns,XVS_returns,KUB_returns,ILV_returns,ICX_returns,UMA_returns,PHA_returns,WAXP_returns,PUNDIX_returns,POWR_returns,ACX_returns,SPELL_returns,KEEP_returns,BORA_returns,MYTH_returns,CGPT_returns,AUDIO_returns,ARDR_returns,LSK_returns,VELO_returns,CHR_returns,XPR_returns,ABT_returns,HEART_returns,IOST_returns,SNT_returns,PROM_returns,LQTY_returns,AGI_returns,FIDA_returns,IQ_returns,MVL_returns,GLMR_returns,RLC_returns,ONG_returns,TRB_returns,DENT_returns,ELON_returns,LON_returns,BMX_returns,CELR_returns,POND_returns,XRD_returns,ARK_returns,0x0_returns,ORBS_returns,DKA_returns,WILD_returns,JOE_returns,BNT_returns,H2O_returns,MLK_returns,AL_returns,CFG_returns,STEEM_returns,AGLD_returns,SLP_returns,BONE_returns,API3_returns,AUCTION_returns,VANRY_returns,XYM_returns,PRO_returns,PCI_returns,NMR_returns,BTRST_returns,MED_returns,MOVR_returns,MTL_returns,KNC_returns,AERGO_returns,BAL_returns,GEOD_returns,IAG_returns,SCRT_returns,CTSI_returns,OXT_returns,EDU_returns,C98_returns,ACT_returns,OAS_returns,FUN_returns,RIF_returns,WIN_returns
DASH_returns,1.0,0.4432973889044128,0.6917089357187101,0.5193486805215575,0.5668884706170414,0.5703787691633463,0.6072308843491492,0.7128177987663995,0.8346406226327934,0.5257751880163137,0.72953555005943,0.4144964873854852,0.5399796072307224,0.6492435837462774,0.5988623646470754,0.5978441639653751,0.6462336180102423,0.5675143301228116,0.687637341832865,0.45912011078442183,0.8029724517498084,0.459521971627734,0.28170561178167003,0.4406639354837462,0.5771509297453656,0.436279480097983,0.46261444571428556,0.7713595328367779,0.3560316672607692,0.7333198175739662,0.7011922289202298,0.40875645985169656,0.5937386712182412,0.7541734675876354,0.6418895509243516,0.7051561418874437,0.4855240151318482,0.6096255997795026,0.6806509038251248,0.38478957037402517,0.6059419690102272,0.6081857874913779,0.5846757203586497,0.5971636385767191,0.6197289313368787,0.5060353439491432,0.3479878156893777,0.555067264287101,0.5327668835318383,0.3945216782113166,0.5212189642260507,0.699333274282608,0.7553127868200903,0.196830630251661,0.6416984364384982,0.6204175572047781,0.29825836819522145,0.4505341622677804,0.6606011282673203,0.3920564907415261,0.7450400311808678,0.6281562390691129,0.24989820066388832,0.5135445513607292,0.3490044331262808,0.6135590345107971,0.32583398587913204,0.7039328990611793,0.20544833696512504,0.4002770631781434,0.2262443322202852,0.447639995001066,0.4806461258391808,0.40576447392687653,0.6957077135854697,0.5948207315366408,0.3656250063940117,0.31333831161086484,0.6891907011527935,0.5765054893120797,0.458184195160368,0.6006673850062797,0.5669827749379763,0.6325173060202124,0.5448018132546159,0.371256779245628,0.5139959476575274,0.30666841299116937,-0.0068630023551286435,0.6292367018853495,0.5614658561863533,0.5668247365142394,0.6062970951277447,0.47132304642618217,0.09204171195164804,0.5306438579410108,0.5736721997621609,0.44673613887647423,0.653588147074295,0.7474613563719069,0.5461922433577718,0.5026114462675496,0.6529624002949499,0.4866110864770559,0.46662021563890793,0.42076005414616086,0.5635305710792122,0.26088308512168557,0.5552651662043262,0.19955080917059428,0.47008027237746564,0.6463069982502514,0.4189724214517047,0.513140730563756,0.4678132993540799,0.6484779041567423,0.3362478158122935,0.2081647581837274,0.3835157152177571,0.7155789881282768,0.5502113193654414,0.4034073710786294,0.5957270163517849,0.388536633856753,0.5852705188030941,0.4466762420699237,0.4466067752059929,0.6592626984149202,0.6370312099653896,0.5563723112741266,0.4948397966395715,0.7884285082307934,0.4753818318360444,0.37415140804406943,0.18403250794993392,0.7332389053485809,0.4405428473218748,0.438653716608734,0.4581961784890633,0.4162139497015326,0.4738510110899931,0.4633741392469865,0.49950768076437047,0.6486451229084619,0.5477221954752471,0.24021139784325748,0.3995713097226452,0.32598733466522417,0.5110841391567305,0.5583956284487595,0.3658007073612025,0.6520013609617167,0.538932315294345,0.5709997743254783,0.38738957600329943,0.6338681611987413,0.43278625538664717,0.22330591117773513,0.21242208025271966,0.5691058837732041,0.19310710197211758,0.5572389860328957,0.5161588623362674,0.5771414443589714,0.7036374251090746,0.27463814929958935,0.6981858548366117,0.1977211923292407,0.44987715543149664,0.48056016915449956,0.6833480798361933,0.6525532888998135,0.6403685718535864,0.7593580179815931,0.08795319394990028,0.41249740571968546,0.29761859295416776,0.6247372288091545,0.5871117899677087
BabyDoge_returns,0.4432973889044128,1.0,0.4130381634663985,0.35853610142277414,0.31902788135542665,0.3954897780960139,0.3460424427803098,0.4309342341471027,0.4675189371072901,0.3940832612458964,0.4502298812697982,0.2935276129920123,0.37574355791391584,0.39110510684303884,0.3433979476380126,0.3572803840614705,0.36856992126010296,0.3827735915805441,0.41240739894384676,0.2695177530476482,0.4589466056020767,0.3688927973104805,0.17586599075602252,0.2885286170487658,0.35163827525721697,0.28503371664692917,0.28680836102275875,0.5135100348364228,0.2235529655891651,0.4958460437451153,0.4410306094311991,0.28185044627336,0.3909179498174706,0.43041523309337076,0.36728133086968745,0.41141838604413,0.3045819057005037,0.35883278796381163,0.42560944284216656,0.26699878090339974,0.37463835717955263,0.36088935589510557,0.36903379323274194,0.37803632588403974,0.3836706282159305,0.39236512389284234,0.2365037851781938,0.352576848337179,0.3508729727257138,0.25065266203787256,0.3303472442887225,0.4183447527814856,0.47723439262562295,0.16797548893421854,0.3981012510776784,0.39655365641933954,0.19538786327772062,0.29649990321071973,0.36253106628996307,0.3061677018060927,0.4142731359835294,0.38301728618984554,0.10909610590859553,0.3144415975398181,0.22783618223602617,0.33016649906506235,0.26687114075670065,0.4071365236406556,0.12520668166637636,0.25996194975269926,0.16744841234492447,0.315077677169129,0.2923175863112554,0.2844831198986826,0.4466090828803807,0.3438615532149648,0.22364632720049332,0.24486674998274452,0.42738622485291133,0.330694626065343,0.3820889796474031,0.40972399168883555,0.3404206541116872,0.3751255810818722,0.32637396580366407,0.2547534775817493,0.30478857272930315,0.17226228221418946,0.023320295339215757,0.3995331715137215,0.3395334928977218,0.398644245589923,0.3852209157712826,0.25868560709878097,0.06137208022299628,0.3490188737592051,0.3672519301058316,0.30700114793222155,0.41388383299424386,0.4411587945004485,0.3350086476259737,0.2872525868894673,0.4091796003592793,0.26906035746810825,0.2610349920107511,0.24531883828375778,0.3590853771283197,0.16140367080956428,0.32723256817578145,0.0788206647180972,0.35950191759090433,0.36191176922396767,0.24880493441008175,0.31203400488807975,0.2720720042996771,0.40461412581533385,0.20380564222531852,0.1317385078827978,0.2434097307001044,0.4117116055766307,0.32591286069806463,0.21957869577066855,0.4372533838297299,0.28760165979461855,0.3580133297249267,0.3356660408707271,0.23838581039923212,0.38392844573895873,0.38726628108541666,0.35470967610469595,0.30265948099439716,0.4660504772367099,0.42903880213360274,0.28272744246825204,0.07671178503230354,0.44280276160023907,0.3035411912414253,0.3434569680266007,0.27586878926274755,0.3031441883054541,0.2708556654452403,0.34966743885483986,0.4152313976492329,0.3807460060948695,0.3243105789538987,0.19058787794873544,0.2932170484016927,0.2152695727233428,0.32600997150304645,0.32032026447829537,0.29918443416301105,0.42790526355509867,0.4873636879797988,0.34164221694740965,0.22419753773344855,0.4347697198982625,0.2501624856499933,0.16558000379557825,0.13731851247107207,0.4245526007610341,0.13796509945390162,0.3852286748883692,0.29482565568101865,0.3247945158215243,0.43833101113528683,0.15555110898020966,0.4251467967801541,0.16691525241615465,0.28895717395996967,0.3269315183551472,0.41225695902684023,0.3977913906575092,0.39199498054867715,0.4674485380872676,0.05496079125679715,0.27316312145865335,0.21087267537048596,0.38874109734598017,0.37976390936121857
SNX_returns,0.6917089357187101,0.4130381634663985,1.0,0.5025729476353883,0.5106578419100035,0.5923476837541654,0.6684596120557478,0.7268991441073976,0.7583190389128821,0.5484974699752285,0.6567357664616593,0.4186815757222027,0.554197353644823,0.6541868741742128,0.5968896927548349,0.579619840249844,0.6232271200313362,0.5310754616374248,0.6679723113943433,0.4836404077315666,0.7368584124614325,0.5565919190507879,0.26006154308599994,0.399443933755449,0.5549513586138896,0.450466661389487,0.4681358381911669,0.7588636845699476,0.3903696044647761,0.7235185987998237,0.7111965271692918,0.4275030576894468,0.5694088476559979,0.7039770339881607,0.606343888334526,0.6700833233401224,0.4888306804277018,0.6136271521580479,0.6369502968325567,0.437821313666807,0.6071824276369482,0.575906768415201,0.5206112080583738,0.6397178959429757,0.6648583866403992,0.5228716669460064,0.34541454217176487,0.5599398356841769,0.5073121488214258,0.36799737211186867,0.5330047402214363,0.6852464755180006,0.713200658977731,0.21558981270753763,0.6432935477882167,0.6767244578395879,0.38061662228043835,0.481720169937417,0.5300139011303509,0.38860583774726737,0.7280934251008173,0.6651700298389399,0.27871020694430876,0.5003652086263507,0.3024108937530562,0.6043470459779091,0.3393170686635477,0.6809511969847776,0.24956158127123318,0.4093151905827909,0.25722777632702376,0.5202709224561717,0.48383881424730674,0.3805746611719544,0.6438346673397041,0.6625489829265264,0.38724037924500626,0.3072475760451439,0.6832649259411352,0.5930882735272326,0.45818728136554404,0.6485863526928498,0.5213698177560842,0.6059597747838943,0.5185224335169658,0.43646408735738706,0.4948548864290109,0.2928565019596062,-0.02166855474294457,0.6217216306449667,0.6415806562713553,0.5844672226168554,0.7004032715409536,0.45022700322796944,0.07488604824591928,0.5131646372573163,0.5730755030134379,0.4351396821987168,0.7045192377521324,0.719682392745534,0.5616130978186157,0.5061680691998857,0.6584237762050312,0.4641379456896282,0.4701164300405577,0.4755094523274943,0.5439348081347587,0.2127655812582688,0.499728257953672,0.19060484600071415,0.494975494142529,0.646749414284569,0.39645120613799695,0.5139800594351098,0.47061534118611226,0.6528485062979954,0.33036104500237357,0.2114622066570514,0.367497161489423,0.688601481997838,0.47696591597239907,0.3994475824192461,0.6025918747002011,0.43113306053171313,0.6496274920478047,0.4973576213925376,0.4321376971709155,0.6459068688891427,0.6427963135790608,0.5572487238120087,0.4891550366361437,0.7543280420598617,0.4629363352910677,0.3782246580416683,0.17538658315842162,0.7574466232133268,0.4919921538007754,0.43157476659883315,0.47787515334269004,0.4033229550626393,0.46421568321792467,0.43022080376936805,0.5442745096957506,0.6864699855416518,0.6113557985885432,0.2481042431272612,0.4022051602787682,0.32136774103770666,0.504513826650266,0.515199818247638,0.36678783897066936,0.6297213871230448,0.511685907859741,0.5688231246403818,0.3794290325059773,0.6559705154026562,0.4157610624574232,0.1688833067971228,0.22547330595008833,0.597889685311034,0.23313977548887505,0.5281788086325504,0.5149733350432925,0.5561143171211789,0.6823808679401352,0.26335246880834534,0.708363023542601,0.2239012912008506,0.40843318459691214,0.49516250611616613,0.6812957702352458,0.6058158852039838,0.6188434643956177,0.7088672802357662,0.06945924713512261,0.4095312144910041,0.31591785659777166,0.6031058327741211,0.5495880906668659
GLM_returns,0.5193486805215575,0.35853610142277414,0.5025729476353883,1.0,0.37593439741188206,0.5209135091168252,0.44781535941881867,0.49450800575964277,0.5752790815566775,0.39552670774791276,0.5043078091440396,0.31225580478486253,0.4183747037833357,0.4702875833319692,0.43045595556572436,0.45767651195168363,0.48507358061156275,0.3942730985497875,0.5039210171973008,0.3073284182186246,0.5883862403171074,0.3573180910397325,0.24371599608140093,0.2800498844545864,0.44845274368800975,0.3682688758437638,0.3910253349349387,0.5621424959030429,0.2254215858075329,0.5387290155224997,0.4621742030213055,0.3443082916639583,0.41421172468090695,0.6109991624060055,0.46742547562614123,0.49104719804203917,0.41863382457464515,0.4133076306723636,0.4699254376477518,0.48950109718836227,0.4288655901611649,0.43134751670985,0.4762401735045009,0.4520135910969737,0.47535411309303205,0.35660263318867674,0.27514723479205844,0.4475134153310733,0.44478703926939483,0.25287545947035783,0.47487578563326327,0.5262535829651768,0.5011560574022638,0.16076200280491773,0.4559259048697969,0.4916257175748477,0.24276525534842072,0.32497304471343585,0.375137311062658,0.3383113824941,0.5301576447498539,0.4520447823081884,0.2572091523929981,0.3338764006642802,0.2843162168885723,0.4015880564116833,0.2685724242465853,0.520968958969409,0.13138025667361503,0.3024722899415412,0.20691583598538027,0.33200216150622497,0.4659559873428972,0.34282936472206715,0.5350355347126033,0.4339955677055293,0.27490652651158876,0.2567980493034604,0.5110783296685101,0.4619172212929763,0.4115352054155856,0.4507103577602767,0.4512478746244867,0.43886960846222206,0.4054369907985933,0.27959422705488346,0.39785148119830804,0.2304996481155989,0.01183753962188045,0.47603784964895307,0.4260949715641975,0.42526001596215074,0.4346952130132905,0.328486418000229,0.06983267653916045,0.38267224739985367,0.4528037094587785,0.3202058408259616,0.49597883154257266,0.5631777943973123,0.38579960790900486,0.3637325097041563,0.5402764709164997,0.42167996488772513,0.47785573847332036,0.3445793992981837,0.41128605187625916,0.23177777136371477,0.4926324221563216,0.14132287532571045,0.3172397927795303,0.4919782204824552,0.4583334229089297,0.4360816224354971,0.3645324957052423,0.4448730858387578,0.24204944238988096,0.16130685092291325,0.32815882932671814,0.5644309587571297,0.38587800216589857,0.3407168265480417,0.40846184432907945,0.3507568702188585,0.44523480565396767,0.4992518101523003,0.3722677358892,0.4538024239620304,0.5545554975292784,0.4887681003629808,0.34965128061450296,0.5464301691093179,0.34796462750946944,0.2543440944993735,0.1105087574413139,0.5127528531146669,0.34830326228636294,0.3299758814062476,0.4019694880466971,0.31039152326226044,0.4084328773252362,0.3993618723344524,0.40619164992226264,0.46215459075982346,0.349119798245989,0.20305686005580284,0.36149730313165757,0.2954308448412528,0.3681199495269422,0.5090137223855475,0.2657376151996586,0.5410460609777977,0.4018399741285009,0.37724848864215754,0.3045726452544759,0.5344670357320394,0.3268811385770845,0.12428737913455314,0.18515418840045875,0.502697062714547,0.13359319089611185,0.5310310202929067,0.35318554389962376,0.47253796035578893,0.5537425707730047,0.26720379635546476,0.48496850363373245,0.16855563537777793,0.32810590199528156,0.420156773408212,0.5338583229162956,0.4941590565426477,0.4335475191453285,0.5361745546268354,0.1369676274089598,0.3471054763266452,0.2465690595102794,0.43954150801186975,0.4533058360548291
SFP_returns,0.5668884706170414,0.31902788135542665,0.5106578419100035,0.37593439741188206,1.0,0.43216992404944765,0.4472163217366563,0.5368491891122036,0.5761137879858039,0.4104970448678328,0.531201250786734,0.318620154290278,0.36173026512396184,0.5342535204959908,0.46313199666810406,0.41660736429463846,0.44242226347516633,0.4171722187440957,0.48650822724867515,0.36622917321916915,0.5781666382885396,0.3411411945889246,0.25275126449795543,0.29743297256120693,0.41990994645881763,0.37562172383413,0.36684662154729036,0.581886445051563,0.26291685405586107,0.5637960334349036,0.49939023831731244,0.3358897607480796,0.3994216524353395,0.5338539171266252,0.47088875640950345,0.5253193924565361,0.35956122098797866,0.5061655764295362,0.4519115115384501,0.34165655052954774,0.47947498732031674,0.4361793607546697,0.41912176529063816,0.43223472208660896,0.45366579735397394,0.3319160319095405,0.2679080295685022,0.414633868172594,0.3671575192515593,0.23537351160672187,0.4117810779345754,0.5500582219516036,0.5704423402067507,0.1310041140111211,0.49208889722904525,0.4514795160249007,0.2642996820409889,0.35941295622717045,0.4749891353209661,0.30408925015766003,0.5545785284896839,0.46570655021014856,0.15424893297604783,0.38642014755250625,0.21852569953680318,0.433798509250116,0.3123032257522323,0.540761535974436,0.17242395523589263,0.3038608771014187,0.1361264493311226,0.3702006583100699,0.4007406309489009,0.3244394192235991,0.5215850028270693,0.4413134127671414,0.3034311561792686,0.2224149605065956,0.5061385948321766,0.4344406661396787,0.3013513519359597,0.4277765634040928,0.4414290052021884,0.43998492449106125,0.39975568635990405,0.30866236334418873,0.38445516001541313,0.24343736321015713,-0.018690226414964,0.45989145437086004,0.43148901569293613,0.423838903524896,0.4374205915279548,0.3249200942787564,0.0658249160989625,0.39637183919323354,0.4381083921789301,0.32794573227726675,0.525320411753686,0.5239631559202901,0.3852437236001095,0.35339369091296646,0.4914289214945695,0.32145124215171494,0.35716520105221505,0.34778948683834127,0.3960016736133673,0.16473423042358262,0.41546424836647705,0.16706087183880522,0.3943923675483365,0.4757554119745326,0.29015687519962524,0.3604484762298141,0.3194623786355357,0.4660771849222583,0.22816151508686858,0.15374226794016352,0.2138599899537175,0.5366700980194057,0.37612422452014976,0.3142884026029409,0.45912169358030036,0.30509789050127367,0.46231571929108395,0.35855761773184597,0.32607834445446365,0.529643536115852,0.4842418231276032,0.4093610359316588,0.37618044889495134,0.5756457202374671,0.36177217193814737,0.29499484891174343,0.07736445533600224,0.5445948438208189,0.3276099539385834,0.3175150999284266,0.34258862416457025,0.3195656881046212,0.35083054813166625,0.33705556402991566,0.43083417993988066,0.49665439191677174,0.4254128103197831,0.1306098745716583,0.30421543051604866,0.20214247214130746,0.3551050924902897,0.4220504738766565,0.3189326887428389,0.4601163678440454,0.409920404248151,0.40678032112923945,0.31059231170026685,0.4471798890554561,0.29894601335215004,0.12437031520626486,0.12899809274239418,0.4564914962409132,0.16988526772447238,0.39366055609594625,0.440881580458598,0.41008113598190254,0.5210602917054339,0.21260686067823534,0.5302323858610344,0.1260262888063402,0.3443314744083024,0.39705668269418815,0.4984543323852984,0.5003684321570672,0.5030415130717087,0.5713447489903534,0.081224721542564,0.31806894425573656,0.25215828406618357,0.4402532274045799,0.4215719243735816
TFUEL_returns,0.5703787691633463,0.3954897780960139,0.5923476837541654,0.5209135091168252,0.43216992404944765,1.0,0.5374366023938245,0.6305670171412326,0.6771478444167183,0.4736473677913084,0.5711815749510248,0.4066260859893855,0.4688518742162457,0.5751287527526061,0.4893701751244021,0.5009103969824394,0.5313707802316938,0.44920472064414185,0.5707540605514771,0.36711255226225825,0.6844422494230211,0.48622812703186746,0.2871924554628326,0.3496968693999208,0.49148573409824714,0.3934494555844153,0.4351741838245582,0.6457107665438785,0.3378251494131098,0.5851584621253931,0.5725310454313531,0.4293643455283677,0.47297046218508576,0.685477517277485,0.5009480111364634,0.563101185408021,0.4774634440728154,0.4875212870275125,0.5450625195714722,0.341363469731993,0.5112205138674304,0.4355819443520333,0.5617766019870447,0.5392752556609249,0.5150315024643741,0.42695005944240266,0.2991611914886637,0.526853460943609,0.476184032825022,0.3219036184779496,0.5032844498008426,0.593111139910179,0.5978089468001392,0.14801404957806216,0.5344335540660584,0.565979211008998,0.3379885122621336,0.36236596909432023,0.46116781968717285,0.42254399138735704,0.6224775085980991,0.5418055339473178,0.23035880823113786,0.3831141140003324,0.3321320264359577,0.5208624880962214,0.3330627637998181,0.6032519473800687,0.17231015580767742,0.3256591412777136,0.29541214860166937,0.4207087687970805,0.47730009319905015,0.443187382942766,0.5809464052984699,0.5375003950625069,0.3528434816265512,0.4239186845181432,0.5793076278668764,0.5268255620728439,0.4513522512457519,0.5302126524114539,0.49722770022222695,0.5386220382372953,0.44095140672309435,0.3722193133737633,0.4488437423575513,0.26633338538196116,0.013357569687598804,0.542528023158522,0.4932641894267639,0.49161702966317966,0.5297823587014809,0.3471821885404808,0.10315511638381056,0.48297898453515975,0.5220469179861575,0.4393478386728239,0.5770687917049706,0.6398911194865773,0.46703980781149806,0.42339808261276773,0.6798942249194052,0.5099180413574621,0.49112580825436924,0.372715363274651,0.4367218482956361,0.28186948343685564,0.5394875522260608,0.15234965697329456,0.4181985705098358,0.5380083184609562,0.4281569914943821,0.5892760120973207,0.4410000861616629,0.5307568382351049,0.3145568844929797,0.15859090405318502,0.3291452507913727,0.6266482071048851,0.47914250752620885,0.36751958133144935,0.5289546006432773,0.43181783207461355,0.5320259494203587,0.5115615989522689,0.42555457692978094,0.5665389729435317,0.5779686805449018,0.5591902158320369,0.37669443860702845,0.6441544948984925,0.39223805551898405,0.33679364466314926,0.16116190276651152,0.6510595360204185,0.42629302267216324,0.3893337479851773,0.42926839611895373,0.38614742764798,0.44756649088323214,0.47722451714015707,0.49383246156610056,0.5720418607786216,0.46232177032266336,0.2303203752893592,0.4289328095219517,0.2869097274743984,0.42272996234557636,0.5197501080433043,0.29809716534987135,0.5779772139256023,0.4405407692232569,0.44992350479148985,0.31970163845231137,0.524256119690725,0.3449438668445358,0.19068926573742812,0.16888901479304017,0.5230262318835642,0.23863348254381309,0.57710728057913,0.4229939907764541,0.5442481653232571,0.628244863357383,0.27053920997397884,0.5738183389242624,0.24092826692892821,0.39839531094013325,0.44544234249115583,0.6091800424694495,0.5630266565945606,0.505748484007249,0.5938342646635368,0.08997488764808123,0.39697174447847383,0.28110465773235105,0.5085670824569185,0.43611203183450936
BLUR_returns,0.6072308843491492,0.3460424427803098,0.6684596120557478,0.44781535941881867,0.4472163217366563,0.5374366023938245,1.0,0.6603860818356122,0.6673484494283506,0.5164652561818349,0.5359857368201856,0.39607069718513044,0.5276383219601704,0.6254478511230067,0.5513640146958411,0.5556399863586011,0.5184363060498985,0.4665607510800235,0.5946924562065056,0.4026813601551752,0.6484938513495845,0.4574970826670391,0.2627442404030869,0.3376994743269909,0.5722247297463643,0.3508537478952982,0.4063501007819775,0.690849885045936,0.3424172000646279,0.646305045097723,0.6085241676864435,0.38470679005636566,0.5053309724053613,0.6300710830419676,0.5060772047559773,0.6120193469898285,0.38822929260389694,0.5531116668188165,0.5446930609173207,0.3386157528120889,0.5661885171617033,0.49214180795583923,0.5072097351015232,0.5789932090496371,0.6162157432696721,0.48134095725853315,0.2709268038400586,0.4856801279369278,0.4620851728696469,0.311760003315258,0.48535082419244857,0.6504479684631985,0.6559521568630043,0.20855161204468603,0.6008797247742744,0.5986642752827679,0.35298801502524363,0.4356152072916877,0.47729840443508487,0.3725582174480809,0.6542792419883455,0.5794927484619417,0.2357042656752624,0.4880003743305746,0.3074196932200706,0.5409429569719116,0.33468895394815174,0.5708757056405583,0.15929143516710986,0.3330265152301796,0.175239818876535,0.43156960056873434,0.4285082986544625,0.33288762100162345,0.5890126563330325,0.5737168285527361,0.4196393999197376,0.3013865113208919,0.6537777769994876,0.5153005956259551,0.4162078922484811,0.5548052089875141,0.4649656329809427,0.5149791730630122,0.44568233583792,0.4382873049902651,0.41874904636369537,0.3156583550955291,-0.022467544090745712,0.544140037191249,0.5499965072538405,0.571527854528384,0.6434857226495131,0.40368738315159625,0.07762201269018558,0.47823085294327666,0.5005984566879825,0.36786436903243686,0.6330596126894873,0.6396451415659495,0.5337872387278118,0.4451104299197975,0.5930573092113165,0.41543871568614443,0.45964635835747,0.381668847041418,0.48981387265287246,0.24585067153373252,0.4917862402203096,0.15152065113352992,0.5014797709795298,0.5719700198034188,0.33565766025692406,0.44402624616519554,0.4471172302961991,0.5942286677560713,0.29698285599892044,0.18954841038004427,0.3344908511230546,0.6057499771099657,0.42062607905320565,0.3453879930752519,0.5192253208892879,0.4125104036966021,0.5511743214556986,0.42406546303450116,0.33907777567728353,0.5871013263644197,0.5892786775632998,0.4694073674655593,0.46245462831817125,0.6675244355282446,0.40986070985892825,0.3362022721741031,0.16768527497446264,0.6546090878217546,0.4305568259146763,0.4221951250490523,0.43711408734142726,0.33312207894695467,0.3571920467985644,0.37448714901855745,0.5154240683820384,0.6179283462859797,0.5083425490651026,0.20330529872144207,0.40333410045076545,0.26796598131508553,0.4606467716157405,0.45230425885187336,0.3344513893073048,0.5667990030708231,0.4550119359555129,0.5132176244324206,0.3354413536348139,0.5669598829713435,0.3592626231347568,0.16446771209001443,0.21797429289733003,0.5175893158043294,0.2226887210945652,0.4451202789992895,0.48674277311673136,0.4904025543419016,0.5938346089160754,0.24704617790830957,0.61469350312257,0.22074391912474492,0.36180278397685856,0.4517136138293795,0.6369628457193851,0.5719747733113926,0.5749568171508949,0.685433862319603,0.11023637749402476,0.405375580931846,0.2698164697978696,0.5606614287222997,0.47629667795841285
ROSE_returns,0.7128177987663995,0.4309342341471027,0.7268991441073976,0.49450800575964277,0.5368491891122036,0.6305670171412326,0.6603860818356122,1.0,0.8022641261030758,0.5632537798126096,0.6751408399203185,0.4130274828784362,0.5590716897633452,0.6718119340121093,0.6270612534924486,0.5958103445390859,0.5941285539783467,0.540400463572591,0.6781475708953549,0.4574596387312484,0.7506931321902115,0.5627130432511296,0.28331158399094114,0.4144217441008949,0.5916244699693203,0.479749947500863,0.4835405047815116,0.7666952324859306,0.41003300607718574,0.7180845821391916,0.7033517894512201,0.4203317870902835,0.5812117625265694,0.7239035239491182,0.5976558909816256,0.6773514337998616,0.458877829450246,0.6007814664685882,0.6686397194899482,0.33481013733303994,0.6157717779027276,0.5840674119539107,0.5575588061664745,0.6406874806070878,0.6676577182620131,0.5077964687696026,0.3793276814972144,0.5332245436253711,0.49308433642829763,0.379753738951387,0.5292153361574657,0.7205464398611273,0.7442444266256802,0.18974636382324622,0.6769913971717523,0.6545382379315274,0.41545850093641634,0.44018115344081615,0.5399957170031872,0.426160544953284,0.7305274039854499,0.6433763813370244,0.24295659254175977,0.5349611266931751,0.3207797165920556,0.6378347119771127,0.37867350862176136,0.6876484579115703,0.22328561791139603,0.41262698696259525,0.2397580087324681,0.5082969669012426,0.46137504828473225,0.36975768025502176,0.6601063934620908,0.6568211817696142,0.40988128796728834,0.33079174743872336,0.7035569183044849,0.5528413675004318,0.4855153188812389,0.6395189273349813,0.5506448380340436,0.5998411695790046,0.5192685366325984,0.4760074106764859,0.4899616889541891,0.2726943066318309,0.016749778856300763,0.6544142744467032,0.5933946641954524,0.5949754125905063,0.6480468667748727,0.4731465636555972,0.08853485165632058,0.5360856886265496,0.5600739580614765,0.43777896705480396,0.7336394175997487,0.7307866125180363,0.5352159033261162,0.50009117690813,0.659903810361735,0.48979317918770515,0.4889661703697877,0.45996861663039323,0.573130397176457,0.27992736364655285,0.5317598059895434,0.16627897655449636,0.49198963859125167,0.6443463063410321,0.40963492986530364,0.5487510668749566,0.4708518572767681,0.6742335582491028,0.3405585989743809,0.2366714653088722,0.3750479628700534,0.6869757567885444,0.495080069604353,0.39979711224270037,0.6047858648304116,0.4191805566333083,0.6569477561653121,0.5231115091714137,0.4521803975893205,0.6879605505919075,0.6469673648867126,0.5854967992387291,0.5028862680458357,0.7843681587422384,0.4363072589002612,0.38687868596780345,0.22632724244345734,0.7651207289552442,0.49665636852873024,0.4327570094930461,0.46900174600839933,0.4459035557048459,0.43001803067559846,0.44367802125376515,0.5522876903765328,0.6861711744952989,0.5713959000115753,0.2528654765259952,0.4081513066862849,0.30152683902219457,0.5531446957460421,0.5536557688196878,0.36832809882621065,0.6443859029496313,0.4791057150957396,0.5853324873497194,0.36850316199619326,0.6468098749922122,0.42018547178840326,0.18787311479393817,0.175104443223172,0.6175215146665768,0.1980308165302277,0.5132472368179563,0.5418571108081515,0.5678975098580016,0.6980098428059893,0.27665498639947855,0.6873550674776687,0.2436687917032465,0.45450108925179145,0.5273240310237883,0.7179724979473028,0.611916603491686,0.6414015703160287,0.7462783196461884,0.10016977491684378,0.4153146016593598,0.31563370776797167,0.6031700502879824,0.5435680294116064
ZIL_returns,0.8346406226327934,0.4675189371072901,0.7583190389128821,0.5752790815566775,0.5761137879858039,0.6771478444167183,0.6673484494283506,0.8022641261030758,1.0,0.5962479820962456,0.80226024112824,0.45028096467115336,0.5860748074672634,0.7012440080885199,0.6399103170418189,0.7195299757625899,0.6711876606776558,0.5902023242887307,0.7433392739354812,0.525030322834433,0.8717531881762923,0.5424687804801697,0.2900550878794296,0.4621693226533826,0.6470524644434277,0.49377566976678233,0.5212983903257942,0.8166434596815826,0.3882127897909921,0.7967679028053216,0.7485675280403342,0.443515541778272,0.6415268722223907,0.8439628967571252,0.6555248109236096,0.7718539691709853,0.5633682100976409,0.6190039758998618,0.7227424413152416,0.42503518009999164,0.657874138178301,0.635253660386852,0.6630911542054015,0.701867111956948,0.7131638983704008,0.5530441936487853,0.4163010192283881,0.6287154124640358,0.601654895040658,0.3964941032509868,0.6019429135947932,0.7420585265846958,0.8055900858307831,0.204166669484883,0.7144590136122599,0.6865428972630543,0.34064253315181425,0.44816190513835025,0.6064640477487387,0.44890493210253013,0.8207219262065302,0.6878133527573493,0.2816866860525909,0.5198349008480508,0.3617414796035593,0.640748487160158,0.39084236957015206,0.7943270482419932,0.20458527984891503,0.43661551700875545,0.26391087975165833,0.49214753936068173,0.5447071913910888,0.4467655351408586,0.7565363142717865,0.6516995560569716,0.42552548148013264,0.3812075363055285,0.759664268519885,0.6400643077590004,0.5374187720657073,0.659285461364447,0.6235603539366683,0.6624710305317502,0.5651250435624124,0.43182861376735227,0.5463870601845061,0.3216809546046475,-0.01190544063328457,0.7030055658457414,0.6341797021760534,0.630678294981769,0.6727455085880059,0.49955953401834713,0.11852869677216757,0.6061125372882459,0.6213471031545392,0.5023696266634566,0.7163691833821457,0.8466973478679654,0.5827003454471994,0.5259949497195913,0.758188268761271,0.542080844237961,0.5509670222829457,0.4726804269017869,0.6038955578924968,0.3050543721533116,0.6504832493508396,0.19391520543931476,0.52114359090847,0.6895243298037175,0.5008530419191092,0.5970689306098751,0.5226453308785441,0.7105071353060676,0.3740666115469995,0.2325013583599873,0.4068947403905728,0.8194471999267954,0.587826110449472,0.4353315516241045,0.6243658626087822,0.45070165268667156,0.647403915321639,0.5888222819174269,0.5215959615883797,0.7075699681515505,0.704172491454607,0.655536453119164,0.5387869820760255,0.8478740953780605,0.5123040054100454,0.394999000714415,0.20406768956117946,0.8090467001389541,0.5336982501449495,0.48272320076196273,0.5146692985353829,0.43163245280717505,0.5492559584230869,0.5549236258794561,0.5490959496466523,0.7086876441377522,0.5989782862128288,0.26918318352883697,0.503441029475472,0.3508872804700832,0.5825869444137755,0.6098957407415456,0.41127210117342244,0.6914776644249674,0.5600533980074025,0.6076104882226565,0.42912912771085704,0.71359531987916,0.47983758368320784,0.21947913203906474,0.1957462302410258,0.6355226827988468,0.1874413374215994,0.6405524959390725,0.568933323059367,0.6714860606666996,0.7964998655758909,0.31852940895835363,0.7539276585713309,0.24980532030406116,0.5328476778015908,0.526384563361509,0.7411659327107869,0.6865450095175408,0.6900775186148731,0.8110848268225079,0.1289255557271913,0.46951868589194856,0.35523520303496287,0.6751293237840527,0.6438669325730818
CKB_returns,0.5257751880163137,0.3940832612458964,0.5484974699752285,0.39552670774791276,0.4104970448678328,0.4736473677913084,0.5164652561818349,0.5632537798126096,0.5962479820962456,1.0,0.5479528871582757,0.34209189245471927,0.48625998859178426,0.485813473880006,0.46450135522871083,0.45700546337828246,0.4570090598170048,0.3871842922309173,0.5369161113094437,0.39572638619782363,0.5635390730394536,0.43360951695374944,0.2595012785373548,0.2842070544593111,0.41836182268367333,0.3504517327735924,0.3497510215653939,0.6079906690939975,0.3094396198734395,0.5619937426055185,0.5189805112210556,0.33701866164015565,0.49759367190517073,0.5590369555990401,0.4553319927786332,0.516675665127145,0.3251104527180641,0.450032153295562,0.5034607340231795,0.3162633429307547,0.4670548263597225,0.45997306880800964,0.44543409475905094,0.4884635555457978,0.4986899755246109,0.40288085169170645,0.25736648088659825,0.41890035238296974,0.4119126101141851,0.31880335139150034,0.3993179666536262,0.531178218082004,0.5855635087831698,0.14154047940986209,0.5295150721109979,0.49861152680769316,0.252993381288343,0.39178071085118,0.4222236610098079,0.3322176542912629,0.5529906824176813,0.4864871906669417,0.18809227211115898,0.38885856156490156,0.2674614645091453,0.43728221869456146,0.30123667923256303,0.538003410432703,0.13495995724088797,0.3127800350258236,0.14269481113599466,0.42326642410628323,0.37732561122721486,0.3076039567411683,0.5311706229707931,0.5098001116913305,0.3058584102589647,0.33914630364102527,0.536372202539585,0.42002146913101696,0.3460585909053727,0.5008479119662584,0.38965393025476514,0.45602386248963855,0.43962528142125784,0.36400272308539705,0.34982614460601436,0.25460125877146556,-0.012277021966580369,0.5049455769198175,0.48887778333428916,0.44322587730097424,0.5019962030579892,0.3663959928247738,0.05415498772689068,0.3816453853699719,0.44074426999587024,0.36806511819004817,0.5278660541111477,0.5542230585105543,0.4201451535981226,0.412147613552284,0.5001283707415369,0.36949564197570905,0.3523650562034858,0.3319116476980007,0.420088828677454,0.17473238408147368,0.40763719553853234,0.12535111866975762,0.40756475611954124,0.4620804103460531,0.30088050879657874,0.3634969662213372,0.37771374210251785,0.5445057040584753,0.28508151944427884,0.21508138063464777,0.2740611905520168,0.5326010855071265,0.37805978901362564,0.3362549012607075,0.500046058061303,0.36983492888152913,0.47745623230273204,0.3852310946368856,0.2883886266457282,0.5102161198414467,0.46636623591064735,0.4135290907426868,0.39783300168452035,0.6283270568328352,0.3797119815183262,0.3069762068464841,0.17990591878411255,0.5717029566838184,0.37391225239974907,0.3602611588447538,0.3432816447625718,0.34916738441277734,0.34819266786368275,0.3327572525789264,0.4687097538560153,0.5142266574838072,0.42623799631583226,0.21932138814783195,0.33278690358951113,0.28793014857945126,0.4306151998967196,0.4067560060024562,0.3282696289007275,0.47645500449854117,0.4662688467669279,0.4716559573136394,0.2602611615987574,0.4743159573101361,0.3508629631450683,0.16638051180943852,0.18535901127423013,0.46488722896600626,0.19541903277578548,0.419191795022997,0.4041608102741205,0.4113897988847714,0.5174678585401334,0.2014639633413678,0.5429723018322269,0.13320437478281666,0.3650102071345107,0.3855767358879436,0.5730945378075097,0.4723165960312108,0.48694828461202794,0.6009854070077079,0.05173430962889078,0.3812157898059374,0.26040786576433533,0.571477422143172,0.4314450577492509
QTUM_returns,0.72953555005943,0.4502298812697982,0.6567357664616593,0.5043078091440396,0.531201250786734,0.5711815749510248,0.5359857368201856,0.6751408399203185,0.80226024112824,0.5479528871582757,1.0,0.39056649539737087,0.5191764687942024,0.6062643263892116,0.5799559367734298,0.5576225777941809,0.5734398814822653,0.49485484641459,0.6200255130148256,0.47386213908463276,0.7729903577765274,0.45133852433583854,0.3033856714060239,0.4092644498181299,0.49926335354729906,0.485525308461412,0.5523252839354863,0.7038436534856797,0.35985972325035415,0.6889054362190868,0.6455982149333633,0.3765688228210348,0.5694633520724984,0.6963873755925675,0.5812420538709464,0.6807513218701154,0.49462880682389165,0.5721723728401711,0.6367671523950932,0.3755833054146389,0.5796315818921833,0.5612086874655733,0.5697428252179821,0.559433998726731,0.6239134948286642,0.46020836934439174,0.40626894394111557,0.5425358581401352,0.5352471246709233,0.3262045534271916,0.5008072421254076,0.6471076227464355,0.6992950892629317,0.19752485143411405,0.59595950857536,0.5747314864083108,0.2971035269264413,0.38740088964102937,0.5121753520805461,0.4009793481074569,0.6892891185143608,0.5926249764304646,0.2888667870885522,0.4368584022896188,0.29409563684350615,0.565362814826359,0.3248141562189225,0.811781282494457,0.2259400530359431,0.37186715497477907,0.29046915751276864,0.41441628367357586,0.4934238998487239,0.4039277035122157,0.6653040741477971,0.5549144467210895,0.34506712115168525,0.31465937171117536,0.6494522402451031,0.5454599314638325,0.44467534612887133,0.5616161580816981,0.5384271171623083,0.5984750406671194,0.5042765942225879,0.36882455125839175,0.48250091089631053,0.25283125467347867,-0.018930395194603204,0.6046994663574113,0.5404744598242149,0.5256341999479354,0.5658293645178379,0.4002617994695004,0.07368520550566067,0.5115036055102257,0.550630731734051,0.4371007530283863,0.6083097338667558,0.7396994902009638,0.5151754252611469,0.42778101943189834,0.6457793377170505,0.4751199449788681,0.45209080352366837,0.388558970810406,0.4966461570031529,0.28331704107584676,0.5496189442599754,0.18944446332223944,0.41737757472899945,0.5989118419753281,0.42321494467727905,0.5530708895060481,0.44012985614792705,0.6242060390013983,0.2870708126820742,0.1808295287905631,0.35174240744629515,0.7263561722190213,0.5076720700252931,0.3648697535678427,0.5347344665474474,0.38317093846803824,0.5644876390048862,0.4701219225802668,0.43066687231504464,0.5834836764908037,0.6114112508009343,0.6339081962240217,0.4457382590682249,0.7511146660031999,0.4657874803615962,0.3371860186019956,0.2067322301466337,0.6841060506003374,0.4510386224601952,0.4256784039771817,0.4595054248264774,0.36821249018686975,0.471046769070418,0.4771474432572958,0.5110622460540247,0.6201331741137897,0.49783649803656616,0.25231693961446755,0.42591496997365075,0.3283707767456133,0.47427752868494,0.5527059305455428,0.3303448320641049,0.6038487447955936,0.5530892353593335,0.5237851593224907,0.3461880313794693,0.5771321348755941,0.49619761009333113,0.18542304376727797,0.1752702690679925,0.5671744413566978,0.14460805598439883,0.5540530155312557,0.4625888025986514,0.57741305925452,0.6793261869906942,0.2972835583335774,0.6582315055771583,0.15998284658079223,0.5128484515358419,0.4435659763945406,0.6266175839092317,0.6104767638310735,0.5870581978285674,0.670472349291461,0.08198865397724653,0.41701933652671597,0.3163151946785425,0.5978095717403407,0.658358004863871
MX_returns,0.4144964873854852,0.2935276129920123,0.4186815757222027,0.31225580478486253,0.318620154290278,0.4066260859893855,0.39607069718513044,0.4130274828784362,0.45028096467115336,0.34209189245471927,0.39056649539737087,1.0,0.35495911013009634,0.4048987722410756,0.3718855513618729,0.3697050182902576,0.35889342520180567,0.35279752110268026,0.3943966233088286,0.27243236819592415,0.43874702287399736,0.32344657719766984,0.26128489847097053,0.21690945568574155,0.3569935377546919,0.3131621700238472,0.3001791273439247,0.4357564533465065,0.2690912627753343,0.43018256434703755,0.4074937535037539,0.2676338745062843,0.35892572574415016,0.45986647246201356,0.3899970494210909,0.4184738979841965,0.29805377615672013,0.34674176751799646,0.36791185125555653,0.2740031972640184,0.3453838318922391,0.32592753785766293,0.36703240105229523,0.35235418242918165,0.38247318084797904,0.2944942943011945,0.2181977544007961,0.3687286951907316,0.4149464528358,0.2326062440797908,0.33937403276118805,0.4087625736466271,0.40851273241250075,0.1884991007967643,0.3797212319925117,0.4138500937958042,0.2540452687803555,0.2794270685472017,0.33623547022563693,0.3186155313126341,0.4502696074119699,0.3940361597402858,0.22218522881433522,0.3023845426948911,0.26886394828014687,0.3830247893954375,0.2251316139681936,0.3852487150454868,0.1922867962503323,0.2348787220463096,0.20248181320420808,0.2721783886932045,0.3394352918641164,0.2785038851063501,0.42884184279145365,0.3861106510776224,0.2643000737659938,0.22345661970627675,0.4230344629856093,0.33723010913004725,0.3086552499316273,0.3786486547652362,0.32285583624238556,0.3460807949790293,0.33840846585104584,0.2802867714762438,0.2640970905293639,0.14988587067040124,0.032495539907498094,0.38669601545970766,0.3622065594583385,0.3199947383243065,0.4078231467614154,0.27075192913572466,0.03303998408430787,0.35125538336048007,0.3643829134573401,0.2583537842443934,0.3954077653146269,0.4448885414467907,0.3315512168369935,0.2801336423783819,0.3990562262340791,0.3063084251101267,0.29895205572453953,0.309788960511701,0.3107137308420727,0.1769596288843423,0.34915666014835095,0.09404895374326218,0.3042921023758589,0.3878940928902858,0.28196416453486484,0.33704765125533975,0.3154227125505605,0.34966809123431203,0.24308046292403881,0.18399430846405487,0.27803284883691287,0.4052925383053313,0.33256638540791394,0.17737251497847992,0.3741184375136304,0.22631743695320386,0.40104376811512665,0.28254677328256894,0.29708757594580926,0.3685790961034878,0.38882827000896736,0.3345270021408088,0.36011813308219687,0.4387754399593582,0.2751372793890181,0.23503308271463097,0.18595162563061365,0.47154507993919337,0.29551309568991485,0.3258775960289065,0.3043176590548753,0.28973424519346985,0.27571107234091835,0.27686094497060726,0.3755250453789009,0.41520979336964603,0.3134800775831028,0.17530858719517542,0.2486809182078799,0.2271764450342859,0.31428168562379266,0.32890319768913473,0.21877417954381775,0.3493465033754335,0.35680848052898356,0.3062876478748138,0.2110062238900659,0.3619108122279729,0.248675253495971,0.16852459324360736,0.15422806924467908,0.3561577583140947,0.21169870157143417,0.354826114325691,0.26587603771634216,0.34069245981421525,0.4375589825605986,0.19136387421189596,0.43641448301492664,0.18744087060407255,0.2993880974639008,0.317319061498845,0.4146279833584108,0.38448633431929535,0.3372097386013175,0.43483680269128755,0.07094370718262274,0.22980713032232453,0.220113977996501,0.4147406144124966,0.3176997591261721
ORDI_returns,0.5399796072307224,0.37574355791391584,0.554197353644823,0.4183747037833357,0.36173026512396184,0.4688518742162457,0.5276383219601704,0.5590716897633452,0.5860748074672634,0.48625998859178426,0.5191764687942024,0.35495911013009634,1.0,0.5329948855878544,0.48529097553860795,0.43658754714087594,0.48543339645049843,0.41632701466222366,0.5136174568714131,0.3537505789190071,0.5647033333031177,0.4421828807067709,0.27950734664768234,0.2902169129256895,0.4590685798029063,0.35238536794870085,0.4288893084818574,0.5741924637174267,0.27455764439468533,0.5581623571693086,0.5099048953791366,0.3525565014794706,0.4691536816254367,0.5723120398960523,0.4866374310439759,0.5307282524096371,0.385776912537153,0.444585400227821,0.5405384790460795,0.3435634581953119,0.5298614908638026,0.4552997419888204,0.45332753948755034,0.45521322631619354,0.5219248265631742,0.45525321230635885,0.26725941190586633,0.430755474101087,0.39577912721464675,0.27232741973383257,0.3949891139344372,0.5764519205896971,0.5594302377787809,0.24029347813753382,0.4942997131438087,0.570318699029581,0.30787244861556073,0.4283056478725587,0.430914853584906,0.367298783283926,0.5695927691456805,0.4794012461769636,0.21166899736159592,0.43725818640541153,0.2542155363572076,0.5072563611054148,0.3008086111810046,0.5447890022206361,0.19118173237105743,0.26392418394613293,0.1934357380738099,0.4111647908829988,0.4229005434843145,0.3068845085015099,0.5387543482494919,0.5549845547866037,0.3482219506234487,0.35061649347129253,0.5542550817778844,0.46044130380681675,0.3936748994503964,0.505851263953312,0.40560757474608344,0.48541485790788924,0.3949017761311882,0.3458198680020838,0.40007655069539655,0.2750404002841691,-0.011856518638458418,0.4805752692348192,0.5342657182695005,0.46888305263604324,0.5519709519075385,0.3647029621973943,0.09571120869480018,0.4456174439879377,0.4295441223690178,0.3973760523622972,0.5488589660126229,0.5697361932420631,0.43299865158579953,0.3742872691818411,0.4905503880288859,0.3811598411035267,0.37572992811799777,0.334167381785338,0.41867307246103574,0.21979469156663126,0.42162146376997006,0.12016473407280666,0.4144712514056104,0.5112803888906172,0.3247954059388893,0.40987952715837533,0.36964804315788347,0.5013222878489421,0.25787692243658356,0.1760964546683711,0.30679507923278865,0.5656473069182085,0.39260300789265185,0.3180087459933521,0.5043205540402896,0.3548026173282964,0.5038533787534745,0.35994831737600996,0.33519688474003156,0.5264358635013855,0.5091206828267565,0.4710174926877415,0.37343773379814804,0.5982989145777652,0.39438715083626535,0.29543205305223774,0.2016956627580638,0.5580178204250168,0.3667057517724356,0.38368738102420996,0.3876209256441023,0.31963145855179315,0.3374838047991413,0.35451806423534865,0.4591119652262209,0.5429821504972906,0.45834206900686103,0.2349968542493893,0.37522337198751293,0.29027758433460377,0.42107995639437396,0.4107351040831657,0.3840389894252749,0.48150866882743026,0.4500059898109303,0.48049588457765474,0.3415558616317168,0.4976703209144015,0.327894852367358,0.21149197222224858,0.16740173544989798,0.44974646614269065,0.1771511801189767,0.41998947919544216,0.46094370109472393,0.43946460516487745,0.5158406245438704,0.22446180462262058,0.5454840521553679,0.17128631881274933,0.381041103887923,0.4330656084290045,0.5434225102533261,0.46952693897705483,0.48219148042069093,0.5475719902370082,0.0660197402370771,0.3220867064119221,0.2438106166448343,0.5605961049930002,0.44548689583455237
ASTR_returns,0.6492435837462774,0.39110510684303884,0.6541868741742128,0.4702875833319692,0.5342535204959908,0.5751287527526061,0.6254478511230067,0.6718119340121093,0.7012440080885199,0.485813473880006,0.6062643263892116,0.4048987722410756,0.5329948855878544,1.0,0.5597177189758199,0.5684811022581848,0.5590650402276647,0.4914874780921672,0.6303360222300823,0.42251713122315077,0.7006710528243818,0.4778304597623312,0.3072560877939916,0.3999395644633304,0.568405559825932,0.41975983837796943,0.43344852569258957,0.6899675346680322,0.3270119640484048,0.6784096233032505,0.6225904333621788,0.411791688783045,0.5217124794044169,0.6659044712883095,0.5256193179360973,0.6339505254430985,0.46604202226629204,0.5528181134620007,0.6054170668885706,0.3407385028440005,0.6083551918464681,0.527725660449034,0.5570661372824068,0.6077032057545934,0.6026414173952424,0.4740270193351957,0.3092550597814258,0.5221987141561034,0.49895132564318295,0.29869962399589794,0.5050283326239927,0.6871241000535602,0.6659254817609174,0.208289497997365,0.5878460789604592,0.6192986205843045,0.3385558442372734,0.4175482112445052,0.4931060824432095,0.3983178688539556,0.676784675893631,0.6117299462741229,0.24992609658712278,0.4632946146400363,0.3128678813964579,0.531750652608725,0.3289984862357596,0.599376694894469,0.21799029233613382,0.3856493542954078,0.23858820866490646,0.47141715218478036,0.45770432708442144,0.3544894072669294,0.6131144287827631,0.6112466680216007,0.39176314098942827,0.30201187767908716,0.6486665431829887,0.49670322580872445,0.4375983417668801,0.5893291933146463,0.5165500977093167,0.5948962311120235,0.4675763276415861,0.3913701306403262,0.45747904236554804,0.28843808887249583,0.014258339619359335,0.5858395259399986,0.5304476743514466,0.5574465278211618,0.5902656707435103,0.4321165391779437,0.07817621783903995,0.46285810476027156,0.552676374197874,0.3863678594501926,0.6384208158047368,0.6707364525741487,0.5168720133130362,0.46915454600909323,0.5805244425281247,0.44034723117140234,0.4970519718395912,0.3891036251259782,0.5058114254649556,0.2609165038867778,0.49972741099458,0.12956494443699385,0.4863374060796649,0.5936598745508985,0.3803237096580992,0.4869029665376937,0.4509474891463128,0.615652753447288,0.3130786117162323,0.2036310266225446,0.2981684546612901,0.6552814007472355,0.4354088916399642,0.34774218658087497,0.534150482247174,0.3764481366061506,0.53806879206825,0.45421829796917873,0.3730212151025123,0.6565150893348292,0.5936611393627556,0.4850371710380557,0.4504074532788696,0.6926895325331466,0.40431421652717653,0.3451613568379435,0.20146663417856903,0.6843557187559824,0.4722252524957213,0.4201004779249638,0.4289910171908059,0.3688962091362428,0.4043183114432408,0.3839252541432616,0.46905676904997745,0.6200365746468653,0.5631386170587384,0.21691016499497848,0.40254965999821096,0.3104774217783296,0.4818161711575717,0.49233789509586834,0.3569317485053625,0.5948001171065239,0.4755141119241208,0.5217379100680299,0.4152103335712872,0.6045415677352376,0.39797867726534547,0.2012974509312297,0.21468872313699924,0.5354248347745317,0.20334883054131273,0.491491605578234,0.5143567799261105,0.5095624562571116,0.6317043832759939,0.2642714647494032,0.6169804425868678,0.1719786734157493,0.4032751430741841,0.4744294093007495,0.6487738028680472,0.6011730608877512,0.5880666633124707,0.6690796052414755,0.10104991665235431,0.4477004299513117,0.3125356919196055,0.5636017964385279,0.47841593422604817
ACH_returns,0.5988623646470754,0.3433979476380126,0.5968896927548349,0.43045595556572436,0.46313199666810406,0.4893701751244021,0.5513640146958411,0.6270612534924486,0.6399103170418189,0.46450135522871083,0.5799559367734298,0.3718855513618729,0.48529097553860795,0.5597177189758199,1.0,0.49777547988501536,0.510327891017567,0.4811800417498038,0.5539226480369087,0.4336039857375688,0.6334747881892236,0.4259129111611708,0.22634788677038922,0.33681943348452875,0.5174899080444193,0.3657018954959282,0.4202169075146143,0.6347457613044387,0.3231837959873848,0.5957266198924422,0.5892571653704854,0.35617875875091876,0.4798365205842338,0.6421834515836363,0.5155951847226398,0.5805231446647814,0.36840758644922855,0.505275664038116,0.529324459607154,0.3115275999043847,0.5119234855378869,0.463470333503501,0.4945283685268246,0.48933150011018156,0.5519723016027269,0.43874461939466514,0.2898657633662829,0.4880860491483219,0.44174165830079176,0.2582752492741399,0.41511202531597063,0.6003587821363685,0.6369195972967845,0.16492553229163484,0.5766785184005768,0.5428050768007844,0.35358214076472083,0.3714524476734841,0.47175507641581016,0.3279680234297971,0.6575223892071752,0.5838867890288849,0.21521512062131334,0.4262314743029171,0.24271795048288122,0.4945626260283762,0.3351017000094936,0.6099950364079106,0.150057004242214,0.25891936821357814,0.23060102559233317,0.3983029784429584,0.4385831990268338,0.24198695593793418,0.5574244514540749,0.5072981271634063,0.31875411050980584,0.2579715622982994,0.5761693143636791,0.5019153089500645,0.39791636711670647,0.519937098734594,0.44828437298628726,0.492392087973127,0.4295725293391355,0.3597113862973372,0.445851891588795,0.2512183650799479,-0.024533018099760707,0.5284708736151253,0.491654975410818,0.49423735835600174,0.5308629555314504,0.38123526302425315,0.049031566898229274,0.4159134266676205,0.47944520665789814,0.34994565551458473,0.5614251735256326,0.5907327000476126,0.4557128367129376,0.4377444435412711,0.5223489856150352,0.388965653768097,0.39773910985525335,0.36663423291767566,0.47146403822373023,0.22280984599174822,0.458807547486492,0.12436960877849483,0.40631058831543243,0.5408815410067173,0.340783072836991,0.4368127866646154,0.3740366644709814,0.5515967125496507,0.25542483784035885,0.19569247050871436,0.28954212070952845,0.5859524583441088,0.4042349703060553,0.31530095383325485,0.5044835954875125,0.39672494373192246,0.5376104622448513,0.41079291991043143,0.3421554787871168,0.5266050308111406,0.5881302771599989,0.47781897273612794,0.39021673314313643,0.6342536865859967,0.3771109428296438,0.33577776342170645,0.19757072754720173,0.6130406098636866,0.4189553418134004,0.3757341212147639,0.3912230391079862,0.34915103835436684,0.3703237404650534,0.36297112315217667,0.43559127245155155,0.5628284497632268,0.4388768153125369,0.22732056017929753,0.32527126723253214,0.2590786281493818,0.425170341291974,0.4432066142824336,0.35775398170071443,0.5004988356914646,0.43213748615167624,0.4697541489126366,0.37008086208315427,0.5228195620956234,0.3582971146754352,0.16769462616610792,0.14556534552348996,0.49963712756627565,0.17555914528994765,0.4484994343156329,0.459276448021744,0.434281169923625,0.5833074516830348,0.24758320923549165,0.6072248095129369,0.20866431698462198,0.37316515611024526,0.41707554707612526,0.5829601792250002,0.5429764098524158,0.5275179411417257,0.6214135285032764,0.10835396837444487,0.3242293747564918,0.2862231200751063,0.5046823486673478,0.4718688946543624
ZRX_returns,0.5978441639653751,0.3572803840614705,0.579619840249844,0.45767651195168363,0.41660736429463846,0.5009103969824394,0.5556399863586011,0.5958103445390859,0.7195299757625899,0.45700546337828246,0.5576225777941809,0.3697050182902576,0.43658754714087594,0.5684811022581848,0.49777547988501536,1.0,0.5003173394004388,0.49642688528732626,0.5713473580837638,0.3438401902922712,0.6881830703442203,0.4081475261394638,0.24385969868524027,0.3045858040472115,0.6643049670695539,0.37262452592917283,0.2750543486022968,0.637958524675085,0.2822971438182643,0.6058590904132504,0.5827227009879483,0.3287605195200531,0.4530843366216138,0.6618879340749654,0.5351140264821226,0.5415434187786887,0.46422145498498174,0.4753889009781305,0.5223339772490424,0.30300038477828634,0.5223477911904748,0.4316886054468251,0.5294051793567079,0.5492332733624745,0.5676148867852163,0.43282253033960394,0.23596364825768018,0.49133476116905894,0.46895580643877743,0.25449412377389424,0.4343946444266652,0.5712506012737351,0.6275875193475308,0.18929538536262455,0.5577266651844938,0.5375017449025025,0.28648611614535147,0.36636894456803837,0.4490702793269202,0.35482042256645463,0.6733173341532037,0.524925230690241,0.2589828166827738,0.4001491346322307,0.2625588988117532,0.4321723119975613,0.3074018771365233,0.598466511713207,0.1793645997844421,0.33861994385626937,0.19759434908037068,0.39810395234408735,0.44682701339477704,0.3475547412689587,0.5937251418163033,0.48301417291876414,0.34688254563712445,0.253557146986737,0.601474820919052,0.48429715110988675,0.42023520710959855,0.5260837987801168,0.46374580172128094,0.5128235355755063,0.3834100514662034,0.33718806499671095,0.41560811229473915,0.21360926165139552,-0.027967449570879873,0.5553505994900417,0.4737215723249968,0.5062745480773215,0.5402740492734149,0.3592963180792044,0.0590299623261389,0.444680499692881,0.41764581488329455,0.39042396655790584,0.5622809266110739,0.6933623336513977,0.46007372658496587,0.45884455141048774,0.5885987982490126,0.46027230092729504,0.4338691737060093,0.3923743137568614,0.466777351410796,0.24578248916342715,0.5090085010827878,0.15597296210191788,0.38144647761169204,0.5330831331588072,0.36816755520429134,0.45016777368607674,0.3823017884524872,0.5282129828846488,0.3017128192787301,0.19422700960170544,0.3087868392834074,0.6279277389542226,0.46677493021423,0.33372505024368887,0.4633892497098291,0.3308547608669389,0.4969605836665109,0.5102825990490076,0.3892579175517337,0.5357194252910117,0.5220541779836566,0.48288055129429974,0.4098951714118428,0.6259251625602658,0.356658504746647,0.284022464388798,0.16179088030738542,0.6240187698548834,0.4346058614730298,0.41355528334315717,0.3791449531655132,0.32154432416916134,0.4989548499704046,0.38730954958241076,0.37160123386538074,0.5895491942403537,0.5167026656283256,0.2066262221479212,0.4091128012285894,0.2969931931862671,0.41683392523940604,0.4610425147167427,0.3148071722502407,0.5277078909688235,0.4291669622594587,0.5020809196298458,0.29881342523919935,0.5991039089984338,0.3559570399597615,0.18457140288433585,0.10435168093277764,0.491971939114004,0.155761757678039,0.5207289887446455,0.4116094742024866,0.5642478379849422,0.640499127509021,0.2669741728122043,0.5743258400520336,0.2180263108600545,0.3533683675689273,0.40696711976670163,0.5548158944617851,0.5313674957148365,0.5803081876841173,0.5981086053189348,0.1250652300495806,0.3677124912165482,0.2755909871693697,0.503570944095041,0.4438661461735319
DCR_returns,0.6462336180102423,0.36856992126010296,0.6232271200313362,0.48507358061156275,0.44242226347516633,0.5313707802316938,0.5184363060498985,0.5941285539783467,0.6711876606776558,0.4570090598170048,0.5734398814822653,0.35889342520180567,0.48543339645049843,0.5590650402276647,0.510327891017567,0.5003173394004388,1.0,0.4642952048344536,0.5830602088598571,0.4392023564226911,0.6465541592910058,0.45494950745772733,0.25440283583985984,0.3826244552779188,0.46479824006651616,0.3834307945675472,0.3824979731351556,0.6303831283359865,0.29623084089349677,0.6060883559725014,0.5935149724803354,0.34006984795485434,0.5119727383610093,0.6617084311213162,0.5121220097476682,0.607562547135335,0.4053894983124205,0.515654870218881,0.56211635249108,0.34861553267886564,0.5153003310961405,0.5001199779072704,0.4957171236192574,0.5499581740608952,0.5374947848867528,0.42017234435510187,0.33275695982892084,0.4741575267454278,0.47349725706604934,0.33543665345889156,0.45364280266426144,0.5850781561362648,0.6326792778408056,0.18449411467964286,0.5377378678697868,0.5932735064262311,0.2529277035465447,0.3735719371652655,0.49809739428838457,0.37829445193370614,0.6444274374871404,0.5674223202376496,0.2518372916589354,0.3995606628408276,0.30939894590131095,0.49618305951999725,0.25357711455837534,0.5731399496076119,0.16091845304169514,0.33494697810522944,0.25807047949052647,0.4089742224665955,0.4451367924839031,0.3554871840875467,0.5627028024956857,0.5510824146405858,0.3282005234406592,0.2661465754129571,0.5723636948965533,0.4996517338062678,0.39981079469418435,0.5500111319793639,0.4661323987136083,0.5579466654366982,0.4731046900547772,0.3498798078300496,0.45040516450142043,0.20096869692887304,-0.030569702495812603,0.5553933651302245,0.5333322668145566,0.49790237829377604,0.5311380505218124,0.42630157175531513,0.11165696205561967,0.42695851718569006,0.5027180778696159,0.37848046783969047,0.5588810368703978,0.6248406678243069,0.47814897023519826,0.4468442115486928,0.5702670934296661,0.39748121422534793,0.40683937958763305,0.34858290924733587,0.4472858070532391,0.17805134608852574,0.4838858123267619,0.14326397727219836,0.4039410601206776,0.5455785459662705,0.35992893856104996,0.4370329173388052,0.4195957939079663,0.5375861042762806,0.2874584360407889,0.22184645817061682,0.335324466931882,0.5922819899539491,0.4495330392589004,0.3923628228024459,0.49766734771672555,0.38495327950040764,0.5196197517400015,0.42396537387913263,0.36613130629581353,0.5424357325584346,0.580762987260232,0.4786850377922981,0.423508690757758,0.6501133490631434,0.3659377742710449,0.27698420744202623,0.15507308671871575,0.6420158991362502,0.3953297568991368,0.39479211432244987,0.3884960961765517,0.3584621439063966,0.4216863288172286,0.39861569075758824,0.44316034235636126,0.5674483278820943,0.45983326419833415,0.26278955621081534,0.3707183803111818,0.32752128656402313,0.46082672850193684,0.4889513075992403,0.3237581575060605,0.575263400651878,0.45461171383634996,0.5132662994457482,0.35815505464815856,0.5437456057989647,0.315752325329982,0.1409200958462834,0.17025581961318756,0.5242935973409576,0.19479036192380775,0.4836726964786932,0.4816765049314754,0.489123878294164,0.5963161527095929,0.29386035938873434,0.5406857846981757,0.17909304007322563,0.3736349183893177,0.4485759115510192,0.6144753489737006,0.5476500692401175,0.52866655784792,0.6236382000923547,0.07453464157143663,0.3430071307887553,0.30111054165635154,0.5246373520205021,0.5272324266026157
LPT_returns,0.5675143301228116,0.3827735915805441,0.5310754616374248,0.3942730985497875,0.4171722187440957,0.44920472064414185,0.4665607510800235,0.540400463572591,0.5902023242887307,0.3871842922309173,0.49485484641459,0.35279752110268026,0.41632701466222366,0.4914874780921672,0.4811800417498038,0.49642688528732626,0.4642952048344536,1.0,0.49906261531816676,0.31545043963656505,0.5821167026715618,0.40213177058679805,0.23146309000210094,0.2872555526822839,0.4727610083672789,0.3318300842999618,0.33555259341178406,0.5857041029502346,0.29733077590442747,0.530097324985203,0.5436591822212069,0.315062909797179,0.44725826765231314,0.5825626252782046,0.4824705943303093,0.5160781183973062,0.3957878861117447,0.4383720038056881,0.4903714339376829,0.31766077412010174,0.5082040102635147,0.4220525956453507,0.4275155955334268,0.5000117773857005,0.4720109052752839,0.44434622102993665,0.2420427520706605,0.4213936257215836,0.41206047136252244,0.2861341727226381,0.4059418280739307,0.525986497666764,0.5545844533297871,0.13132650167000587,0.5221977860523208,0.4891093166327229,0.2989077267255281,0.35926470389602555,0.5312803944095578,0.33554764215317023,0.6127090408493765,0.4895101235420102,0.17548275797750057,0.3680606097513089,0.24562189970462467,0.46564649074417325,0.28756822381129393,0.4914103652304881,0.17886065712605342,0.2887733702599956,0.17585595343344024,0.42438770886355276,0.3819912770118746,0.3097187761129477,0.4964459036665799,0.42996077726352827,0.28733200934383124,0.24952411197560634,0.5465445578566245,0.4358153552956131,0.4001211069091783,0.4755944072429162,0.45068606887031304,0.46455350815686014,0.39037285558629187,0.3294846801239449,0.4237935904760826,0.2063450318104513,0.02818116272572028,0.519326214233462,0.4686734861383053,0.4382084879422493,0.4717194916038031,0.3610180602609931,0.0691652879974483,0.3800151747224196,0.4170839921503431,0.40658955377729233,0.5083987754092187,0.5263224860329697,0.406029911015649,0.40566798950124033,0.4906294471075703,0.3566510760249999,0.329256632717435,0.3459920026469929,0.41659884324367,0.18103696025208194,0.4371070444062487,0.14553662118779856,0.3932091083764355,0.5143296860716234,0.30643143297718817,0.4137857934536655,0.38024042409143055,0.49463199269080965,0.23497313846559142,0.16271899523448957,0.3268183265115584,0.5065375239265126,0.37358715888356725,0.31736281558551055,0.47944609387890064,0.4239744328442977,0.4767873000429905,0.40446420287259566,0.3375547939255008,0.49586674075566245,0.5290712163355933,0.4239713178798608,0.40080434062145587,0.5862841044144159,0.34412892979518434,0.30730161325711397,0.12369301955935776,0.5569111240219224,0.37746470532637666,0.3587355264687221,0.3760449740949497,0.34979967963071507,0.3342090397337431,0.3868537997929923,0.38953033215171956,0.4858406696080264,0.4118224659938831,0.20778889243749157,0.313661550597889,0.2774213673861921,0.37414461699316587,0.3973117686590404,0.29128114349431194,0.47128441736807364,0.43524827476398054,0.44104796484679387,0.2954282124859388,0.5182550520197904,0.2877315489683445,0.19472095626291125,0.17339318182734098,0.49528152411794724,0.15024668073407849,0.4808236095446866,0.4154209575582863,0.43832814501160855,0.5392393669930539,0.20247593421802212,0.5318189891827177,0.2918319506966804,0.32341737995601455,0.39500404663034566,0.5063408239948415,0.4535288963601779,0.5204248126516348,0.5822511328179457,0.07574974857445521,0.3189197219337668,0.22808964371109391,0.487752531344837,0.4269262669687067
CELO_returns,0.687637341832865,0.41240739894384676,0.6679723113943433,0.5039210171973008,0.48650822724867515,0.5707540605514771,0.5946924562065056,0.6781475708953549,0.7433392739354812,0.5369161113094437,0.6200255130148256,0.3943966233088286,0.5136174568714131,0.6303360222300823,0.5539226480369087,0.5713473580837638,0.5830602088598571,0.49906261531816676,1.0,0.4095049523116654,0.7234609322829563,0.46628129683854275,0.2733100713315996,0.3813044941458971,0.5471705585785258,0.3941107389619711,0.4238994137630772,0.7128548582403789,0.32968190553718046,0.6563530128651638,0.6597941542504976,0.38512682713961466,0.5753303388666883,0.703883535585646,0.5738575503585777,0.6657316066998551,0.4661783070882891,0.5703159335688547,0.5972115821203542,0.3722789831981756,0.5790182210057034,0.5049797341506433,0.5933998129432804,0.5910722441241902,0.6326084713061844,0.5038073817109809,0.33128268798932897,0.5407466030117343,0.505830097562141,0.34263288363253613,0.5323078888389617,0.6517872155501091,0.6754366546306723,0.18611440528666554,0.5925357675413727,0.6293164890219956,0.2936882144126875,0.4180293643369421,0.5173270516944272,0.37328995052784536,0.7201748784075973,0.6032674934535939,0.2394545831135153,0.46267029234431417,0.2980002958946249,0.5536392506036746,0.3510005733206556,0.6461006950236662,0.14049649655126437,0.43060334285570834,0.20389275585673672,0.41808235525578813,0.5047499648582355,0.3897417430568633,0.6675026543197777,0.6313804479455246,0.35792023582878335,0.27203119343029314,0.6518411451337016,0.5533687310952949,0.44588773089999856,0.5712102879350329,0.5407520158956854,0.5435802765375273,0.520547103460059,0.4241458550800037,0.44797673145032274,0.268645837112858,0.002130540833646479,0.5840166557928537,0.5742651837151406,0.5700953995352687,0.5832562507811386,0.4703937600502707,0.0781673388347603,0.48578014928856583,0.5395095373017382,0.4141639239841252,0.6190238360066947,0.7067241289276899,0.5113753317866612,0.46173452224154987,0.6287199708699333,0.4762701278422809,0.48001719534059445,0.41817383040312317,0.5373341141893321,0.29132817539470596,0.528467789621605,0.15582638071418067,0.4807482628691383,0.6053100024814546,0.38567189131726237,0.4926120985693636,0.429074203490088,0.6066878571011718,0.343828060610341,0.21871903132350892,0.3459303864726639,0.6662257601620064,0.452457199913132,0.3490910283609576,0.5484897316160391,0.39350451921210383,0.5545373063404917,0.49738542630211513,0.42756521364555494,0.6582866140984622,0.5882657440097614,0.5262599569162804,0.44138904483305996,0.6977997380741497,0.4728957696753638,0.3540080696681631,0.15626837321998843,0.7019675056887644,0.4357649565810655,0.38946881009537226,0.4189072072836521,0.397807489443735,0.47018908515703967,0.41921402663309115,0.4633533961616146,0.6176715160132792,0.5059756083034119,0.21669695465238528,0.4222739237314585,0.30463677976814535,0.4873168875090696,0.49071040796197046,0.3653452479458941,0.5845297995711973,0.4743645487003348,0.5340360438029719,0.3402111478838879,0.5530302546714048,0.3951763378411186,0.18207819409053325,0.17940001469918654,0.5487403753439671,0.1862779337504491,0.5258713281806199,0.48096308568502866,0.5367491099955313,0.67410420574146,0.25645524449979873,0.658185953687374,0.135569532863679,0.4117511021377543,0.4670228107210034,0.6490006160161979,0.5716325280637307,0.5469319957495237,0.7033736697298975,0.13214472366481914,0.40098054516031495,0.3015023244064815,0.5861078167633764,0.5045396791756555
VTHO_returns,0.45912011078442183,0.2695177530476482,0.4836404077315666,0.3073284182186246,0.36622917321916915,0.36711255226225825,0.4026813601551752,0.4574596387312484,0.525030322834433,0.39572638619782363,0.47386213908463276,0.27243236819592415,0.3537505789190071,0.42251713122315077,0.4336039857375688,0.3438401902922712,0.4392023564226911,0.31545043963656505,0.4095049523116654,1.0,0.4807837175080043,0.3369422590392966,0.17544274916995437,0.28226849887747973,0.3450370098445874,0.29765568044159724,0.3072365133004215,0.49087631578197877,0.24249314119194057,0.4990203750822194,0.44374762877354057,0.25334078758312994,0.37874109011975127,0.46532050170498834,0.3796620132552325,0.4495199972315597,0.30544309587536245,0.3427595467245544,0.44968164970377367,0.2682256577154156,0.4215525425108954,0.4049331572870525,0.37302898092190934,0.4246829067613323,0.41198931395774013,0.31215775570021165,0.2901040675858765,0.32602034665583046,0.2868360705693804,0.24105363877401553,0.32549730098128765,0.4331813747928504,0.4472598774350714,0.11392925626986855,0.4339287493497321,0.39725888422433375,0.2164240603539818,0.28215910337486994,0.34951805501125494,0.24577392126235506,0.46986999108715016,0.430268841114439,0.15792449135523592,0.3021748082570895,0.2220794859800137,0.3822326474258281,0.2901410705179121,0.4584635612903682,0.10076458144726318,0.2909970330993233,0.1410426164013021,0.31267460298046,0.29434307464324067,0.2582178256495389,0.39661701781032255,0.3922673340275414,0.21758685040667178,0.2014041141536313,0.4152062350419765,0.3440025659680323,0.26118934116974235,0.42024782329583565,0.36301930966180984,0.4354361145644187,0.3205371759628465,0.2659749962827597,0.3242412530950042,0.20903795089484667,0.060388283367085606,0.43259799194699006,0.3764816471175031,0.349325979711765,0.3886612011703804,0.32324801018469207,0.0619290750791588,0.36242463204687003,0.3470881797899086,0.29677893266600375,0.4355756152398657,0.44982637134762055,0.37684561243309406,0.3341954586695341,0.4041150369698186,0.2837158138581761,0.3168157576010336,0.27579033217871146,0.309701853248695,0.16523444457633263,0.33377478348535317,0.11025918266402207,0.2791330902444481,0.4056812181052163,0.2553526507004358,0.3438075930104557,0.3009122480869868,0.47169360413448774,0.11355972656273884,0.14527118576899237,0.1812804516701167,0.45175479602382795,0.3222015504401986,0.30069324736937114,0.40098484601218654,0.28155082706987683,0.35929166600998236,0.3177786915926015,0.2522250337074651,0.43784931764592977,0.42702554173026797,0.39466997819423194,0.3368954950428302,0.5120479042441314,0.3399688359300236,0.22800278383223785,0.20420259151663467,0.49315947228767093,0.3437025235993952,0.34398631579868466,0.29109871161430073,0.25413228327652937,0.2836431550695929,0.290248766419235,0.33938600374553934,0.42512718891235857,0.3498831940581039,0.14149243872113856,0.26067840321917357,0.16796619095956558,0.37928382881897943,0.32724461236460406,0.2353856219487787,0.4276205829244849,0.33751676291152816,0.3830541207821546,0.2659213415421666,0.3881458240784717,0.264298023492451,0.1452843903771925,0.1288376667601566,0.3955445501086414,0.10238633978399612,0.3270220534209702,0.3401385558627113,0.3638030653205278,0.4321658216589075,0.2354933516168614,0.42657716464577056,0.09533900625168076,0.30275525829943023,0.32369315957682987,0.44192890433184834,0.39501460823180723,0.3795345937019295,0.45986105773344826,0.053531037055641884,0.24197251937866435,0.21324517069976778,0.4594126644031066,0.42468421805457335
BAT_returns,0.8029724517498084,0.4589466056020767,0.7368584124614325,0.5883862403171074,0.5781666382885396,0.6844422494230211,0.6484938513495845,0.7506931321902115,0.8717531881762923,0.5635390730394536,0.7729903577765274,0.43874702287399736,0.5647033333031177,0.7006710528243818,0.6334747881892236,0.6881830703442203,0.6465541592910058,0.5821167026715618,0.7234609322829563,0.4807837175080043,1.0,0.5194098687428241,0.3049171671290225,0.43280082127130604,0.6079354958270708,0.45396193621617836,0.5050975741918133,0.818191748272129,0.39491725141242423,0.7706673199245957,0.7048363133993032,0.4303513634028924,0.5934381084417475,0.814928479071584,0.6475981549727138,0.7461891059923925,0.564410189273963,0.6028718663854827,0.6803202938025983,0.40550070771104946,0.667967022966381,0.6073961989903937,0.6488998923020249,0.6660938504393169,0.7104209369299841,0.5124774689224436,0.35611123663581035,0.597366613654146,0.5773816547144308,0.3767001554861371,0.587362827346357,0.7334699319801982,0.8139282883892153,0.2025844965382995,0.6911528189695342,0.6598846782226117,0.3544119767040975,0.4558432823900824,0.59607219416771,0.41498819848058344,0.8019185258060615,0.671508231273917,0.28213593242993495,0.49997127216200904,0.35086966293323696,0.6197903826431377,0.386762339127445,0.785633238938721,0.2553010357862905,0.418446990559905,0.24284892214433113,0.4725247908547922,0.5637429531681756,0.442138744652536,0.7518072086792559,0.6150598896021754,0.44595906510324756,0.3558268983841114,0.7606209524574814,0.6402333050539039,0.5416712104222203,0.6577843378558,0.6218871856625452,0.6532007531907711,0.547012923151449,0.43279818468691555,0.5454452255073947,0.3153133941820334,-0.03140838828914668,0.6751587108911216,0.60429319563513,0.6307070829699659,0.6296784113730141,0.4633774988056056,0.09745533927736406,0.5598694049127907,0.6002885735774518,0.4819154512327654,0.7265001704411657,0.8384780376193358,0.578968147657356,0.5204213065693917,0.7629927301177843,0.5554061059871257,0.5148448450374062,0.4568047438828582,0.5628504326457894,0.2895436310669021,0.6457166259705485,0.19322040833971746,0.5147899666382287,0.6872990402206259,0.48083753396923684,0.5874775065029932,0.5127341608624963,0.7042306659870087,0.3677175292791892,0.23064387364536695,0.38332144558645975,0.8128797448116871,0.5657530476764958,0.4215629169553756,0.6235160638442614,0.44256833006860824,0.6358024180888762,0.5565068256542102,0.5184660460918256,0.6798975726987376,0.7031137431000264,0.6305066094228325,0.5016319476633261,0.8280915256814698,0.4920915491750904,0.37142701130091976,0.19056271367145947,0.7996952570421243,0.49288986003496277,0.4622486306165221,0.5043627916331541,0.43098211109581797,0.5557746191374228,0.5373501098838217,0.5504091772047074,0.7111718436865034,0.6084278109452373,0.26635642456865016,0.4928727575658861,0.3747118493250731,0.5515378048891904,0.6154153950517999,0.38539474974726956,0.6866289638754216,0.5483222523516408,0.5931355502717172,0.4107322933167805,0.6755754824284225,0.46537035761769247,0.20634412130134025,0.18791830489551453,0.6358967690882453,0.21375992071927183,0.6305549847800801,0.5239689669793293,0.6429417913657864,0.767175565245872,0.31703337717226404,0.736695946698281,0.22125877834265703,0.5026953080349436,0.4960119497368243,0.7210589335521986,0.6950778817617321,0.6717858862492654,0.7791277878820916,0.14275614010955834,0.4519397324320691,0.305852350974381,0.6644731694923529,0.5830293935058695
TRAC_returns,0.459521971627734,0.3688927973104805,0.5565919190507879,0.3573180910397325,0.3411411945889246,0.48622812703186746,0.4574970826670391,0.5627130432511296,0.5424687804801697,0.43360951695374944,0.45133852433583854,0.32344657719766984,0.4421828807067709,0.4778304597623312,0.4259129111611708,0.4081475261394638,0.45494950745772733,0.40213177058679805,0.46628129683854275,0.3369422590392966,0.5194098687428241,1.0,0.25020336672446153,0.3317599405364962,0.4065060447924172,0.3650300207915124,0.3440858623934822,0.5318656373036503,0.3234719873113735,0.5119262624057305,0.4849716197255949,0.3168597704114272,0.45351595747395834,0.5182109767715367,0.38756474297818255,0.4899350187809194,0.34294698716795824,0.3895538423440502,0.47857914611054414,0.294743518932545,0.42901545443645456,0.3868878907532153,0.3984129457719826,0.4888842334356557,0.483786486148357,0.4018527221933754,0.3061215143813218,0.4045116320803082,0.39816301428963613,0.3078121957900376,0.3958246715781172,0.5064714133227595,0.5121943968289193,0.19506296842973245,0.4911708295800974,0.5232121313819534,0.2705806434826274,0.3454999653603921,0.3184927928492927,0.3202934454257519,0.5204215064984891,0.4777196765489154,0.18402215976409628,0.3590498938634996,0.2665488778492833,0.36175785923240106,0.37227666558029254,0.47726076398587913,0.18158544128865886,0.32983589690301046,0.22800013985596665,0.4318571056005076,0.330568561057971,0.35742701397308185,0.4785321561057766,0.4793235859525989,0.38090164861891695,0.2942139895530016,0.46023018302670715,0.3851610775610831,0.39054227993454793,0.47448615782646864,0.3826990943651489,0.40991271056624784,0.37468568831694304,0.39973810918309405,0.3312721453028868,0.267791980030839,-0.0026407578668897823,0.48094205295018905,0.4630338902766938,0.3900529931582536,0.46168950014435445,0.314618677079866,0.08174871720260177,0.3883786110037573,0.3921354966874792,0.3521946754435633,0.5333932605627749,0.5064401130905418,0.3553190459752207,0.4102738286892521,0.47568237496774846,0.35822449399117806,0.33850285656009244,0.39609352578533197,0.407130679524673,0.19400689072298002,0.3752351288525726,0.14398729343496575,0.4444514281157817,0.4224195546521936,0.3133456994548104,0.3776115024937202,0.3596975163456917,0.4863627569932344,0.3174143407557117,0.2007016960640768,0.31799708560229506,0.4651684528115324,0.31493671454276617,0.31624972673678753,0.4436225726357395,0.37080517870567975,0.45161415997385457,0.41646764515977497,0.2995737591581035,0.47546097433815077,0.5008325302753383,0.38454571658116066,0.32604614750883987,0.5275544696840178,0.3970705965451231,0.31407621675243674,0.1694662577166506,0.5052690529084849,0.4028553871373,0.37574308403839674,0.3336918801933291,0.35675073184329154,0.31531931216332226,0.31920937046778736,0.4221599545039299,0.443033963072036,0.43662172288210677,0.19695187841662198,0.3677752178152658,0.31453497324331553,0.4482510527258311,0.3509320263888651,0.3261960586328764,0.46791092662008243,0.4218255303910683,0.37773832460481094,0.29199241664592646,0.47668799103685655,0.2984235488808155,0.18477238756788564,0.1392486573620547,0.47648329328461925,0.17042415678148934,0.39824320524820095,0.41125714052434637,0.39533852509212475,0.4931830668746327,0.17410541813027122,0.5292139443391844,0.16878637277318775,0.3386986374960425,0.3364826725004008,0.4845396502659623,0.4291322905414576,0.46261989846642254,0.5332571471154197,0.09185698384500954,0.3267654751564738,0.2552524668398187,0.460011597048694,0.34614286370073727
CHEEL_returns,0.28170561178167003,0.17586599075602252,0.26006154308599994,0.24371599608140093,0.25275126449795543,0.2871924554628326,0.2627442404030869,0.28331158399094114,0.2900550878794296,0.2595012785373548,0.3033856714060239,0.26128489847097053,0.27950734664768234,0.3072560877939916,0.22634788677038922,0.24385969868524027,0.25440283583985984,0.23146309000210094,0.2733100713315996,0.17544274916995437,0.3049171671290225,0.25020336672446153,1.0,0.2839703824992317,0.2288615018271657,0.17915634593710628,0.16991679440553495,0.3071421030696902,0.18570889051894726,0.2674391820140932,0.24130074855728906,0.16161112741785047,0.2526101945483405,0.33225502860197087,0.26208681858113747,0.3020168780214221,0.20699256758893433,0.23070987364430404,0.2792649608356066,0.2164140328581168,0.30188311145923813,0.19934208265100067,0.2726716914714105,0.2782237823416364,0.2745844274986128,0.20501899978881014,0.14829375757033578,0.23093427916857723,0.2627550164026886,0.16618781911482955,0.19756820945174727,0.3321359034929773,0.2787898892712958,0.1304945591897155,0.2797530573390913,0.29641374946064586,0.21258272794351565,0.1596025208854346,0.21679108958967902,0.2577518123168567,0.29669114849306816,0.2495978494031188,0.16087378036035221,0.20965101025831345,0.15649323930393721,0.2558618392944884,0.22397762949006367,0.26347897836652096,0.19405768981537366,0.11338618282876148,0.13221682337181737,0.22716297168382893,0.1689177837860709,0.1867339650186665,0.2895850966508385,0.24948294422814515,0.18199971877676208,0.21178944367891975,0.27906015555713365,0.2225261431924167,0.1790374164551065,0.22352005411625706,0.2119086517603474,0.24009633248728138,0.3192714186079159,0.25767731601303495,0.1877927565692342,0.1398541382080483,0.12474391812583906,0.2544853131563171,0.2510383932198978,0.2699248373770649,0.2234407831783962,0.147696134890404,0.0443355084626826,0.2433397949580606,0.23392400143189282,0.2448915873905158,0.29299804643823524,0.30432260019813545,0.247474159547092,0.19999114183913452,0.263399884349212,0.24038731798676682,0.1869292974520114,0.15934926246979866,0.2213260992825057,0.1345192676210444,0.2018000722729509,0.08618034212977554,0.21672356943939702,0.28685912176973966,0.14653482697964293,0.22910776197901492,0.18577379547620435,0.270463802216239,0.23142715043284887,0.10549021609297501,0.20781416446950385,0.28202861521443534,0.1907276574213672,0.24478763785473173,0.24732958942483246,0.13654223314326963,0.22680969570477327,0.18536949791228702,0.16481387430875014,0.3298949636871586,0.28781317064544304,0.17964921907110762,0.19394631213722735,0.28915880117088144,0.20695009622745575,0.17632119905206595,0.12352990761257358,0.2854808228437523,0.2658186016796266,0.22565918903943913,0.22918798895601594,0.23093384138192075,0.20784810412416255,0.17005733653295066,0.2466857320001895,0.2993123148980242,0.24688632998047155,0.14781072747484117,0.17898031297997896,0.14246285337177447,0.2610336530178296,0.16805072279520303,0.2346414022919993,0.24808646669361725,0.22224117540117885,0.24864116194492583,0.21786850436697203,0.25039542266236725,0.2058876823747993,0.10042063777148504,0.1437678666532822,0.27266331654726644,0.060542052627174846,0.23992613544440902,0.31603164334381095,0.2221682028093065,0.27868491440913146,0.0905538201129385,0.2614379650092419,0.06369173663408834,0.29375288832256674,0.22927509164354717,0.2505482236455988,0.2742589728322722,0.24861295089427315,0.28491099285429045,0.041916486813537976,0.23014603414043544,0.11045018210896917,0.2590556198710255,0.2291546637203736
SNEK_returns,0.4406639354837462,0.2885286170487658,0.399443933755449,0.2800498844545864,0.29743297256120693,0.3496968693999208,0.3376994743269909,0.4144217441008949,0.4621693226533826,0.2842070544593111,0.4092644498181299,0.21690945568574155,0.2902169129256895,0.3999395644633304,0.33681943348452875,0.3045858040472115,0.3826244552779188,0.2872555526822839,0.3813044941458971,0.28226849887747973,0.43280082127130604,0.3317599405364962,0.2839703824992317,1.0,0.3163157118491392,0.3144044763855791,0.2642457269894443,0.4479015681233761,0.23041280477580786,0.41738609642305013,0.3849492094850454,0.275307491151874,0.3659659586251046,0.41360747170183754,0.3809244931389477,0.4120531908008599,0.2834630183954631,0.3303000679720342,0.3757574391368776,0.2348449038458339,0.40391383405306597,0.35261365468299627,0.3055683840967717,0.4148672986746482,0.35881999451652336,0.2873415587012957,0.23196923438068298,0.32384098781307563,0.3215566910728962,0.25009196341256174,0.2858664837853184,0.4050768947338794,0.44160650011418706,0.1266690578748647,0.40506423931940944,0.37319194980273535,0.23243960367589792,0.23637326737001307,0.32538495093762093,0.21011003612359683,0.43435263569106847,0.36894755679147206,0.1654352208041187,0.27151161058417106,0.2455490812157892,0.35215710522614796,0.25333531580643814,0.3909320493551902,0.1227825104745152,0.3021448130408221,0.15695368940803756,0.2920360682887273,0.2559662394994622,0.2092640586548842,0.3929249713941477,0.3900258889517869,0.23901868650579053,0.26300088836394736,0.3644577151531989,0.30391295591746803,0.27877280447672487,0.3706536719291306,0.2801395688337486,0.3712920600714766,0.42951915071554597,0.25542931011146547,0.27417618705871233,0.21687585547933166,-0.038893932862432375,0.3674386432798027,0.3468784607274059,0.3310509311234916,0.3561533680083835,0.26631223922150343,0.0644111135745753,0.3622819069503362,0.29513671514243545,0.3406148781579785,0.3984557384668308,0.40034881755062174,0.2994031321816251,0.28791181153423295,0.3564142639713896,0.25279714204167686,0.24105390446769626,0.2584911133599924,0.32136748270887,0.13031652565857846,0.33567962817150493,0.16285284464272112,0.2764507678316502,0.36324847918444514,0.21688085262607024,0.2911850443703383,0.3035289445925509,0.3711820336020761,0.2258089676370757,0.20990691331834452,0.21275995468578063,0.38254275247265357,0.3331882384281094,0.23718012228419627,0.3367986812867226,0.24723487825166285,0.40043216637187956,0.2665822724645349,0.26910623380825843,0.3991464770257969,0.359894487887283,0.30722243135655064,0.2329407750069968,0.4354222214900633,0.3102025615276453,0.25582824793747355,0.08094752325773946,0.4413823589487061,0.2907140666981359,0.24191727048679626,0.25183646184553476,0.32211057602019194,0.24669046618172438,0.23404418111641218,0.3386719719197638,0.40091198750474516,0.310633646122142,0.1681141908747452,0.26896285674916115,0.21597865222035778,0.3282457058021878,0.2831074141930302,0.2585755048541574,0.40352040873246176,0.3482279272032159,0.31275215948718915,0.2538657119836113,0.33218377449345265,0.2748931864330666,0.13046027930896817,0.15274643029580814,0.32772978260112345,0.12691096136930163,0.34335343526992945,0.3365170207329011,0.3316406890274888,0.39480210450526604,0.12298016574225712,0.4042395929898514,0.08913820388972196,0.40789479465011275,0.31923725647298595,0.3642721037991961,0.37201862010046266,0.3177917121537615,0.38974200767742667,-0.01817814636107209,0.27351446565371784,0.22255653636509065,0.348181912458384,0.31985821120176555
ID_returns,0.5771509297453656,0.35163827525721697,0.5549513586138896,0.44845274368800975,0.41990994645881763,0.49148573409824714,0.5722247297463643,0.5916244699693203,0.6470524644434277,0.41836182268367333,0.49926335354729906,0.3569935377546919,0.4590685798029063,0.568405559825932,0.5174899080444193,0.6643049670695539,0.46479824006651616,0.4727610083672789,0.5471705585785258,0.3450370098445874,0.6079354958270708,0.4065060447924172,0.2288615018271657,0.3163157118491392,1.0,0.3748226075915607,0.35250755547108914,0.6094836240483121,0.2285766116679327,0.5651314664635767,0.5487501093166621,0.35686861356290644,0.4338623361945113,0.6065781178036959,0.4521389624154366,0.529811231880215,0.4505623495078267,0.4704893422286216,0.5045682915348533,0.30151863089459263,0.4954344846059448,0.42301866361093293,0.4915386611014784,0.5269113279941585,0.558801248511386,0.4721362152227779,0.2398661207570688,0.4551780367395113,0.42458758451423795,0.2381535165987231,0.42044776340813306,0.5552849771014339,0.5931461097310411,0.18894380702623825,0.540403577648571,0.5082261008100528,0.27421073028077475,0.34988799098094475,0.44118190815159064,0.36914270107735087,0.6325653736964922,0.535278434736278,0.21591022466629056,0.4010730675829588,0.2739778725898865,0.47071131763642593,0.2763543128399186,0.5342691328456627,0.14986527892888934,0.2918504155062079,0.19443262218531063,0.37756368258748585,0.39460702564308814,0.29333691474938456,0.5555656630905759,0.49344632397129773,0.33411875113517603,0.27195122728127563,0.5972207723595779,0.47514728118760147,0.39727357142730435,0.5117269965448358,0.42728351563552786,0.4865945233771732,0.3826933498648267,0.2899361668664811,0.3998572278916082,0.27583168761952653,0.029649854385250012,0.5260669477324001,0.44557825759166847,0.5267500366677972,0.5282304090799835,0.33470641458748207,0.08130557909738172,0.4171781112987454,0.4468881165661199,0.3831354161512784,0.5354546651514543,0.5871388374215203,0.4383246078083066,0.4306566787499958,0.5113497358768079,0.39152945019849184,0.41989297093948463,0.31759970937524523,0.4496303837550085,0.221507199706415,0.4484929410239022,0.15635417077532468,0.3941217138669726,0.5036956726229129,0.3167508879911042,0.3905077678527266,0.3776279159393084,0.5037147354873787,0.2449885134667539,0.14761659763813276,0.31191671733706017,0.562483243970657,0.39290381062243995,0.32723267629002956,0.4337923739389123,0.38650834250977273,0.5230572911372795,0.43793928574431296,0.32253477377111694,0.5317092096119048,0.5398065096412415,0.42129962879376415,0.3993832316502057,0.5941957421502752,0.3260627595281856,0.30830867076089125,0.1435347036397846,0.5967985770121478,0.3894935047136596,0.389083136824456,0.3700866495654171,0.337320451995196,0.37352741807748174,0.324037259595289,0.3582592154065815,0.5759446413808988,0.4304083196244159,0.20246446034955767,0.35208639532845043,0.30544338550856104,0.39251788197579235,0.41323356087659024,0.33389549181974043,0.5201360129291324,0.45207912982125587,0.49438466170911527,0.2947065681962033,0.5420995443577322,0.2998460513558398,0.20005813935588707,0.10960883757480094,0.48723677732946524,0.1319250106409082,0.4361781046887318,0.4129166051829021,0.44417994418233897,0.5719633887743597,0.2350472198931129,0.5479428494621837,0.1913483353069769,0.30317155055262035,0.3999034434158395,0.5726189875871599,0.49887640228337715,0.6359823383717383,0.6112257088903283,0.08966772558464928,0.35521679771625275,0.2455997127010409,0.502140286443341,0.3792009714607658
BORG_returns,0.436279480097983,0.28503371664692917,0.450466661389487,0.3682688758437638,0.37562172383413,0.3934494555844153,0.3508537478952982,0.479749947500863,0.49377566976678233,0.3504517327735924,0.485525308461412,0.3131621700238472,0.35238536794870085,0.41975983837796943,0.3657018954959282,0.37262452592917283,0.3834307945675472,0.3318300842999618,0.3941107389619711,0.29765568044159724,0.45396193621617836,0.3650300207915124,0.17915634593710628,0.3144044763855791,0.3748226075915607,1.0,0.3696994252786031,0.4657731510053862,0.30795010620848706,0.44366153165605243,0.43843426113910405,0.3188467752691256,0.3640959925478003,0.45763773942762265,0.35660176766163093,0.4245340587526346,0.3098488767302487,0.365666187460932,0.415694901433594,0.24855666137865395,0.38698234144984356,0.3965272305254646,0.3254616595956658,0.38259047610119284,0.3872840258892108,0.3139400634650093,0.31283987868498575,0.3181149755595401,0.36167333521371503,0.26035764269220424,0.39884702161146796,0.4649624146884362,0.4474026925123937,0.1651824311879885,0.390772168900239,0.43525893032116114,0.3303254408179869,0.29630077703805907,0.3820793561962219,0.28834718135940646,0.44539910144523975,0.43821908858182573,0.16564539989776117,0.3127520961694715,0.22359655169927126,0.3289422740616467,0.32011506634484205,0.4508295758522266,0.19805944375192783,0.3055527230404827,0.19047668701589218,0.3474001728508867,0.31439278223681943,0.20863994749757003,0.44928597684166655,0.41482453559638544,0.2876084811123318,0.26543225895229716,0.4485881015500516,0.32057686318168904,0.2844850158632481,0.40164933032787903,0.3468904965986791,0.4214924460118344,0.34175681972652233,0.3607416367128236,0.29959369745812553,0.15724240996259442,-0.007184274527519889,0.4392188187823826,0.3903189604791696,0.3561565073500048,0.4241913361264647,0.3268783990893428,0.06623047624522185,0.31597398045112446,0.36417703942371116,0.2874785475714632,0.4607069309246299,0.45251676163637694,0.32222123065195757,0.33669983476719795,0.3781439086509658,0.28840224436531914,0.3664485082511525,0.34285334578543736,0.3438707793058427,0.12471254852932367,0.34264075592763077,0.16036951429506896,0.32708416610320157,0.37232538132098947,0.2676265788804957,0.3002359687212872,0.3530674579694827,0.45205949170783627,0.295996331081396,0.13445221237790012,0.32596726901023043,0.4274348199644543,0.2985269037395261,0.2078382185461373,0.39487894149003,0.3017927833266985,0.41739064070823195,0.31446139484350727,0.3187655049520696,0.4070500017212937,0.4342721023387543,0.3546632435283657,0.296022349807205,0.4732854925816206,0.27027081764355776,0.25622220278956,0.0957632519475028,0.489750040504866,0.29073572668699427,0.3392801115868841,0.21209416754191987,0.3505984377098303,0.2514151423559299,0.2905853349902425,0.34018752401162355,0.455278109434147,0.3400656664543562,0.17999634333944167,0.2472769020495317,0.2821043925240063,0.3069371964833767,0.36011186394027295,0.19503868476668904,0.4100537992216061,0.3757968545225454,0.35950293935933886,0.21833568773761608,0.41087652104257255,0.2859401464828701,0.1592034301859367,0.1265980760634071,0.3826850576831278,0.0731408894138172,0.3724040020592675,0.3304238136246279,0.3183322291997936,0.42906021345851914,0.14672091826056913,0.4760099071986344,0.18130949961673418,0.3382547721729464,0.36613208339363223,0.458927124482347,0.39556721994418853,0.39991330853113033,0.4448807364884284,0.039067478465043236,0.29740463199907385,0.2236170594861257,0.38910880200128006,0.3656464633898368
GAS_returns,0.46261444571428556,0.28680836102275875,0.4681358381911669,0.3910253349349387,0.36684662154729036,0.4351741838245582,0.4063501007819775,0.4835405047815116,0.5212983903257942,0.3497510215653939,0.5523252839354863,0.3001791273439247,0.4288893084818574,0.43344852569258957,0.4202169075146143,0.2750543486022968,0.3824979731351556,0.33555259341178406,0.4238994137630772,0.3072365133004215,0.5050975741918133,0.3440858623934822,0.16991679440553495,0.2642457269894443,0.35250755547108914,0.3696994252786031,1.0,0.4669568383515332,0.23491837704602236,0.4726240852250203,0.460188052122308,0.3110257268005078,0.3890079135917819,0.5070525095847727,0.3333776936694996,0.43766610809611833,0.38599500605207043,0.3778823640641382,0.4010610613387756,0.3055629044123192,0.4092831351670989,0.3854342742926395,0.41444844465937414,0.3204755774179392,0.4332240126806646,0.2849593655058844,0.2623177054794327,0.4365537801204804,0.39847147221285434,0.19635731203746434,0.37832162499844013,0.4366131440262309,0.465498470367461,0.12482572273831363,0.4279068188377096,0.4484044974550448,0.22681298424841084,0.32110253059237975,0.362484909684757,0.3063762564791758,0.48320431992679724,0.38494037299915723,0.1654986642856214,0.333991267978411,0.3221143539726684,0.42549117949499554,0.31032559005336574,0.5560544997973031,0.15445647967897116,0.19846747473932108,0.1703130064673698,0.253783139744844,0.3687289668029682,0.3512119243777724,0.49433022437800983,0.4092988005427499,0.2855540938372328,0.19590979612419013,0.4376465900018897,0.367377770703305,0.3664715378034306,0.40424256614025306,0.462238181157601,0.3903162062932217,0.3383915173845619,0.2603628773283767,0.340765745139633,0.21165669467237666,-0.12199608653862928,0.3765667438869122,0.41395416848147076,0.3313717301360681,0.4354619897636884,0.2721332865203883,0.070538610705752,0.31675431382324787,0.37554587727119443,0.31828019458744167,0.5292669353255144,0.49300187051014827,0.3506849870121864,0.30030150827251756,0.4943144700021408,0.3606939432082887,0.36004039043021313,0.2934860277812716,0.38366562875312415,0.18296380523069247,0.43300504769244536,0.13505237695134242,0.3030173915181178,0.3975628256841748,0.40856580590525743,0.4520649281199497,0.3262975470019823,0.385982711533343,0.2126979686231784,0.1417202631508626,0.23378972935487916,0.5100480529548381,0.482728617085764,0.2477017978420307,0.36271498601517793,0.26497185755512553,0.4022873653000945,0.33768638028914033,0.36820914610601535,0.4433696282595969,0.3982934890838956,0.6144664282608523,0.30653395941934375,0.49857226582437425,0.3230276311786414,0.21127455275290138,0.1362919865161065,0.44130130121485756,0.3093995589491494,0.23752402846826898,0.5119828535535893,0.2822846773392114,0.34070449320600626,0.3952965794342307,0.3401089483053615,0.42038090299934666,0.32711239758638616,0.20554724470393812,0.35630647266979554,0.23621462458995635,0.34941476338515765,0.5343564145430263,0.25774805031049175,0.46448694919909866,0.34298901095793377,0.35314625239628394,0.2429631838206113,0.3941054096726895,0.28771361346684565,0.14959026630402636,0.1528829402467165,0.3925519215517057,0.10995108999494783,0.42965248167981535,0.3243398309522937,0.42312397315181166,0.4894252849702012,0.23083637294216452,0.4568104643125684,0.12557028789599706,0.2846884601655446,0.309262501933716,0.4240724704823944,0.43219470289876166,0.38850819191799196,0.4464587701772385,0.08775479175225745,0.2797223918782262,0.23115980069978712,0.40240396260990896,0.4145551456831932
ONE_returns,0.7713595328367779,0.5135100348364228,0.7588636845699476,0.5621424959030429,0.581886445051563,0.6457107665438785,0.690849885045936,0.7666952324859306,0.8166434596815826,0.6079906690939975,0.7038436534856797,0.4357564533465065,0.5741924637174267,0.6899675346680322,0.6347457613044387,0.637958524675085,0.6303831283359865,0.5857041029502346,0.7128548582403789,0.49087631578197877,0.818191748272129,0.5318656373036503,0.3071421030696902,0.4479015681233761,0.6094836240483121,0.4657731510053862,0.4669568383515332,1.0,0.37260569034964885,0.7853414932322481,0.7727084145449796,0.46822375674618855,0.6294664263879469,0.7692709073347337,0.6857793497451155,0.7425401656601489,0.47604173571965125,0.6236932565456867,0.7135665016169308,0.44871147682354845,0.6522025486036428,0.6377434446410615,0.6058038471796193,0.669947301288691,0.6871831804099341,0.5501052363413663,0.3283202803986601,0.5820772012207964,0.5739033711977112,0.37809293153400064,0.5569002553045873,0.7551400407753825,0.8062869835433444,0.23224426630784756,0.6958243575821474,0.7029398133490438,0.4018813057616902,0.4830055026128775,0.6018352050632798,0.4121187243251235,0.8060187711789135,0.6755031278828639,0.2591819216602468,0.5550385693640217,0.3656669669498531,0.6461133477469385,0.38988350085985635,0.7017025470065399,0.2097776742537929,0.4064504637350277,0.24074287765177896,0.504838178087431,0.512054728702874,0.41719048125784647,0.7009198931898336,0.6774610172819727,0.42184531369618855,0.3361689332776987,0.7390675340120917,0.6035786100427143,0.48731306522815265,0.6610570523472656,0.565333183788856,0.6329863519825312,0.5471181673750531,0.46062587192882876,0.5186683247544076,0.3028049784033544,0.024929592112415133,0.7023609141187054,0.6454386455174573,0.6288382707050965,0.6833170904660164,0.47955564585541555,0.12159538130837841,0.5769746835594126,0.5967813901541805,0.4632847608375371,0.7403060232481774,0.7664864817907951,0.5703436908750347,0.52277075085236,0.6984815724130918,0.5194752781658413,0.4986458940844271,0.4950970281508945,0.5962549138955516,0.29018245903853795,0.5812829956777837,0.19955770423987404,0.5347277935318688,0.6937996272129999,0.4318361139086733,0.5490409787845318,0.52438455102853,0.6949443970381212,0.35089365766115815,0.23891937777437824,0.3913736103144867,0.7218550508844638,0.5562466550748407,0.4157277642794112,0.6728451363728716,0.46627140801107214,0.6529883075596726,0.5372556111749877,0.44741285564489575,0.7227565769684938,0.673684259582697,0.5479170649348761,0.5072911903371868,0.8168138988195405,0.5238577023255023,0.4047331826248189,0.18576140474360348,0.8373516151931966,0.4843553923879163,0.4828971243499069,0.4929183617944553,0.4480474138496868,0.487925498834178,0.474310606946986,0.6310532582176602,0.720049857066199,0.597258994480082,0.27487092269091046,0.4344549839848332,0.34544539943142066,0.564019780502499,0.5468546612141818,0.4306868908938376,0.7071687164945669,0.5798449194834809,0.5826032799384379,0.3887069625462498,0.6584512141799487,0.44111306562608094,0.20646376154178575,0.22106051314374228,0.632099914194712,0.23092867824803318,0.5680295138873507,0.5924472251567658,0.5913356451086054,0.7181785608152405,0.2828135245470804,0.743622444859604,0.25225776119557186,0.46428055210621144,0.5469857394217866,0.7317699654114036,0.6736382076480324,0.6779017503031007,0.7894101229107662,0.1038039015024697,0.45248780992555926,0.3095968113192976,0.6497977483024191,0.5511304245389046
CHEX_returns,0.3560316672607692,0.2235529655891651,0.3903696044647761,0.2254215858075329,0.26291685405586107,0.3378251494131098,0.3424172000646279,0.41003300607718574,0.3882127897909921,0.3094396198734395,0.35985972325035415,0.2690912627753343,0.27455764439468533,0.3270119640484048,0.3231837959873848,0.2822971438182643,0.29623084089349677,0.29733077590442747,0.32968190553718046,0.24249314119194057,0.39491725141242423,0.3234719873113735,0.18570889051894726,0.23041280477580786,0.2285766116679327,0.30795010620848706,0.23491837704602236,0.37260569034964885,1.0,0.36546825701970953,0.35446975386901053,0.2256277889187056,0.3011352723916234,0.3771498149270093,0.2981486779635674,0.36258089611409416,0.2386714991881073,0.40174512786498817,0.35289778427309815,0.21131354691947957,0.30357661261897473,0.2851468311467558,0.2924368275991014,0.3543023636176381,0.3268974353384885,0.26261256599371846,0.2857503089010917,0.23095567070851267,0.22652092804709992,0.3007559382059618,0.27688488044610193,0.37954849409943003,0.35180273971166476,0.11889371039202332,0.33640328471420144,0.3138679579518027,0.21961229971902502,0.2803368924338044,0.28064145585937783,0.19832134792773887,0.36061040707202763,0.3149431271378716,0.15015865778466822,0.325164419455364,0.15665169780008792,0.29602034586628345,0.2741370267942606,0.35983210805212823,0.17958180309090388,0.19375088260632084,0.16567626377314382,0.30392109540839085,0.2262042678891908,0.22115639872084364,0.3243524352274282,0.3611424318443423,0.24084954228512534,0.23259436202747039,0.3629590145343409,0.28078245964726783,0.23346813024441376,0.3445269196722215,0.2227687613697256,0.33182518334871697,0.2883581218017907,0.3536610513660114,0.23706481759331172,0.22255207257757306,0.04535865163558773,0.40005926261279595,0.3209851593629269,0.30333263688781714,0.4101484132590695,0.30594627064394053,0.09471364294169042,0.29166394320479827,0.31199425402315817,0.2669383512380161,0.3931080072405468,0.36129803192868865,0.26242020995540255,0.29926988075546496,0.3192115463574165,0.22049908968636978,0.25001914068884284,0.331380109076547,0.29086327826953245,0.1432305198593068,0.24200590501305572,0.13908383166001706,0.27285170671126213,0.270571084514212,0.19760130702263384,0.2675981053326398,0.2845840354615452,0.37845689438286517,0.23033141068338253,0.15892082282426662,0.21056493837902066,0.35135104979953663,0.2113197347800786,0.19986001848479923,0.3272043136957467,0.19176674051149387,0.31723861456062735,0.26598270612993896,0.2112712932310009,0.32237463739847505,0.32143140425193223,0.3275914295458968,0.2151670866016608,0.38174324444689717,0.2607394576163504,0.23683732736464694,0.13776978684185442,0.4048447439254734,0.30913060234593265,0.22082938924404893,0.2005980271311811,0.26156787166499235,0.2340785343807307,0.18990866562916178,0.3471433648593406,0.3318961406794917,0.314619952335555,0.15064315109867618,0.18647675570933975,0.20386729043038065,0.3184542755166527,0.26500262412496367,0.17056182789393648,0.318030673997094,0.2679610618851193,0.2916919836301678,0.17442832057504462,0.31846773399020356,0.1723776493969852,0.2103032801603493,0.1277111684720343,0.3213800891807883,0.11541297310599899,0.23642942079122564,0.23383560768736814,0.26945286475825364,0.3354106634185974,0.1427336738266569,0.41965383468572315,0.11608839266000508,0.230996699761741,0.2514131574488231,0.37523885126572726,0.3209328465443552,0.29873357909295434,0.3405706252481631,0.008445619334023356,0.2433743547860446,0.21211903816709324,0.3244099188081683,0.314920812387272
HOT_returns,0.7333198175739662,0.4958460437451153,0.7235185987998237,0.5387290155224997,0.5637960334349036,0.5851584621253931,0.646305045097723,0.7180845821391916,0.7967679028053216,0.5619937426055185,0.6889054362190868,0.43018256434703755,0.5581623571693086,0.6784096233032505,0.5957266198924422,0.6058590904132504,0.6060883559725014,0.530097324985203,0.6563530128651638,0.4990203750822194,0.7706673199245957,0.5119262624057305,0.2674391820140932,0.41738609642305013,0.5651314664635767,0.44366153165605243,0.4726240852250203,0.7853414932322481,0.36546825701970953,1.0,0.6845418548174,0.42690027709527395,0.6188977569676247,0.7242069339696383,0.611866455055177,0.7004585764527378,0.47943709896043263,0.5800268241862914,0.6649804103494307,0.4401774786688042,0.6081267544499467,0.5937995510312387,0.5771796622388372,0.6390517063212462,0.6484296400623544,0.5315019054445845,0.3379178568024397,0.5626314400322255,0.540987972097049,0.3357101617111663,0.521450548830069,0.6974094708997918,0.7805601484396929,0.21174560441765816,0.6310302202802927,0.6664758654648435,0.35363693748158215,0.4264056090789932,0.5535271013639238,0.4116598878475328,0.7464418757564213,0.6414875924163124,0.2669776423231667,0.48040235000783366,0.3755562809887455,0.5826627750440104,0.3449443446023445,0.6855271147368189,0.2217277044782287,0.43658411341648706,0.21340447493290213,0.4946510547879225,0.4858673913604504,0.3937934375475781,0.6788481105825875,0.6060007469807328,0.39374693335032096,0.3232888697284786,0.7262548409573854,0.5775192970284865,0.4626955561216256,0.6465987123241844,0.523603952068077,0.6194597068012736,0.5222081631399996,0.39443912583503055,0.49082747769512935,0.30416688472498943,-0.0048713916662790485,0.6603948155282054,0.585597175173481,0.5762795022451108,0.6361150035374359,0.46371372449736564,0.12155946737915492,0.5802736989629389,0.5779671100464431,0.43459886672588777,0.6893521949749837,0.721259272037085,0.5650325941487992,0.4823599377445297,0.6409322636515574,0.47522280165330055,0.49530000334659346,0.4396781372107218,0.5784472659634909,0.275786027909522,0.5618738949259323,0.1657869929811992,0.4998936353046433,0.6474525209935379,0.42040467656255776,0.5026884153198204,0.46874559161901425,0.6594711169463907,0.335011159424466,0.23478147934133495,0.35973753328491426,0.7103009122682705,0.4814787967890671,0.40654462867716823,0.6064791242772057,0.4065130354773929,0.639562196747302,0.4975756516251063,0.4023371593458725,0.6507158742867272,0.6561853367995515,0.5624582474178925,0.5158378714898384,0.8316558150860839,0.5303194172767006,0.3528727211969647,0.16755345734788873,0.7446261185172119,0.47095394547107866,0.4212937959815548,0.47369033116737597,0.4059959947777502,0.4539099402759309,0.48773186961186454,0.5546590732113599,0.6776679255622181,0.5610989287369553,0.2600981405641261,0.4009411135463658,0.3259183302875968,0.5121459464595677,0.5419002975116338,0.38691168180665764,0.6722353483047413,0.5671376875643236,0.5765803724596639,0.3785932052607351,0.6953748649042579,0.42536171363999026,0.19512235400236463,0.2102946998384693,0.5948540932571338,0.2020347890565854,0.5451389619285844,0.5382854830707348,0.5586544772999118,0.6796809683915477,0.28071178357150234,0.6819336587306604,0.21215319088135112,0.4683006693895747,0.5359448968370629,0.6921589214766434,0.655626169046036,0.6277315345041639,0.7416632876391412,0.11123081343924614,0.4469424540798999,0.331198052741184,0.6386286339395582,0.6538146413076172
SUSHI_returns,0.7011922289202298,0.4410306094311991,0.7111965271692918,0.4621742030213055,0.49939023831731244,0.5725310454313531,0.6085241676864435,0.7033517894512201,0.7485675280403342,0.5189805112210556,0.6455982149333633,0.4074937535037539,0.5099048953791366,0.6225904333621788,0.5892571653704854,0.5827227009879483,0.5935149724803354,0.5436591822212069,0.6597941542504976,0.44374762877354057,0.7048363133993032,0.4849716197255949,0.24130074855728906,0.3849492094850454,0.5487501093166621,0.43843426113910405,0.460188052122308,0.7727084145449796,0.35446975386901053,0.6845418548174,1.0,0.40944267247622596,0.5372138265321809,0.6874042978077508,0.633249673158559,0.6690407630561336,0.44225436481139674,0.5964391720432953,0.5995982292374582,0.3608948339865345,0.5963463055360892,0.5616118181379215,0.552621352127429,0.5540742616947751,0.6117971546337208,0.5056803677694272,0.308820763667355,0.5144879156330218,0.49524543121195014,0.32396025882605306,0.44511659055005803,0.6817411665952969,0.6995017969454678,0.19639347103998014,0.6349243726573581,0.6527813270200599,0.3620408534246348,0.43712911890275263,0.555391598664098,0.36424660857173297,0.7184733674929955,0.6105631071158545,0.2324755544939263,0.5150131435432811,0.3378772342553121,0.6044026513307512,0.3379673537403903,0.636635979872242,0.16510875891111815,0.3716985240018839,0.2712393938105238,0.44883223693487395,0.418990921795511,0.34585989285976154,0.6165000039258931,0.595591647455532,0.3909982608333657,0.298925909525814,0.6531393599364598,0.539828627269255,0.45096626221773456,0.5997298727360973,0.5010018500661981,0.5842163585655916,0.48463059546410076,0.3905639039824467,0.4644006747428292,0.26273397812895133,0.007597903817247654,0.5947554799685427,0.5596996782725207,0.5371639260598915,0.6516171831785007,0.4061406833497739,0.08004450017757604,0.4846672652765517,0.5412800949451394,0.4013844517678451,0.646526070103468,0.6719820203663098,0.5502739844043472,0.4747799598690676,0.595776905080441,0.4179560239274718,0.43736319540527085,0.4561831168168925,0.5100251490117048,0.2407270828565335,0.5173883606583356,0.1698844818860642,0.45832481081319265,0.6168676499692691,0.35173454830408113,0.5281736317819891,0.4683736058460673,0.6211166288008406,0.30822746227645276,0.216390739425698,0.3844264104071343,0.6494015066793815,0.5524726988339247,0.3727989835515916,0.6024458856906649,0.4072888328226745,0.6184898458722974,0.45636382957021193,0.3708462574056165,0.6293694832617875,0.5866318530426536,0.5007055328659875,0.48089350076496107,0.7097812594484322,0.4433875272029913,0.36842520975926524,0.13722353349168356,0.7313341716909583,0.45223554884870915,0.41004211828920745,0.4133105289863307,0.4047814942786386,0.4174971267507027,0.43008893222856365,0.5420484119150621,0.6482206841255403,0.5396734584190029,0.21813229444306084,0.41296836858206537,0.29295594183006546,0.48504246951908386,0.49709383829493264,0.3761448973722792,0.6178343523680561,0.48899866041024576,0.5682559367254003,0.3324645855967892,0.5932742982160509,0.3561932048836562,0.20373014643813558,0.17248519118329672,0.5655069333231072,0.2172174200874394,0.493887987620565,0.5177560751331078,0.5502028648152247,0.6546511383271897,0.24645245617277312,0.680000306338019,0.21166679777882436,0.39195398726683767,0.4572445488595569,0.6507486215705302,0.5849966250967777,0.6078128560476374,0.7168525390256808,0.07268275733023435,0.3991505147034893,0.27427600034244615,0.5823445408474041,0.5002409968660807
CSPR_returns,0.40875645985169656,0.28185044627336,0.4275030576894468,0.3443082916639583,0.3358897607480796,0.4293643455283677,0.38470679005636566,0.4203317870902835,0.443515541778272,0.33701866164015565,0.3765688228210348,0.2676338745062843,0.3525565014794706,0.411791688783045,0.35617875875091876,0.3287605195200531,0.34006984795485434,0.315062909797179,0.38512682713961466,0.25334078758312994,0.4303513634028924,0.3168597704114272,0.16161112741785047,0.275307491151874,0.35686861356290644,0.3188467752691256,0.3110257268005078,0.46822375674618855,0.2256277889187056,0.42690027709527395,0.40944267247622596,1.0,0.32517468283768175,0.4290572192736705,0.3697620908018205,0.3882404380470757,0.28904540110052146,0.3560504278299416,0.41942505068737634,0.2645036145039672,0.35376765981003455,0.46187441236066545,0.3414555184482738,0.40833119298709286,0.35915308221875664,0.3229899488963664,0.18154843814447585,0.38230401347937637,0.3744022061577149,0.2461723021362957,0.3020131709056022,0.4128679045695357,0.4242493212754334,0.07203687045914924,0.39609697360322144,0.42452928846917587,0.22277259844239802,0.266627299083425,0.35832950457745644,0.26143594488356486,0.47766717218154037,0.414284418218201,0.13085667091443295,0.35530301070034453,0.3028457414434003,0.37811852687868996,0.20637217476533443,0.3950003537450051,0.15796413408886997,0.2004737334163242,0.25472906371426135,0.2790628530293902,0.28521883159393835,0.19963594387847705,0.4000668618870321,0.38438056011968924,0.2655334669755842,0.20417582560446013,0.4248601018035574,0.35150707883859117,0.27482260684161763,0.3830472962320335,0.28843492710758684,0.3696223109101076,0.33325432332853616,0.27480787021772246,0.311305392250174,0.2229569684156456,-0.0009451864439712361,0.39959551398457305,0.3722937017791797,0.3496711776230054,0.37667135065879415,0.2580031884535851,0.11579055082471616,0.30938940307049184,0.3615379106103507,0.34703219404973423,0.40603497114647613,0.4277499208582677,0.3041745425507386,0.30754791457478026,0.3834451111896147,0.2328726398256752,0.27249201083028873,0.2793753102311554,0.3441276387702481,0.18122764732028784,0.290980733946259,0.12286160514970858,0.31456532799690706,0.3862979045674813,0.23276498543484084,0.3064847460986924,0.32362802932617457,0.4193649656180236,0.2184360203011317,0.1813642903344513,0.24447192669539505,0.38799122866950775,0.3168822679566584,0.27542882421801845,0.36691057725951226,0.23715993927465542,0.38418902653255443,0.3032810873934223,0.23784387408147506,0.48094085662241404,0.4033353206550379,0.3185774678841414,0.27738325266535524,0.44446740391434403,0.2975784882697727,0.20160268624762773,0.11473251758325298,0.43360859349573216,0.31878647664998033,0.2685909462415255,0.2572830576994357,0.2762425375334679,0.25232964230241295,0.3000100273770758,0.3509154169015541,0.38445458145186934,0.34080599245335436,0.17233292076364073,0.214908663720965,0.21768045084602555,0.2782088899716886,0.3514812007819259,0.22651892248315186,0.42436964883532824,0.36426031451402074,0.3261396455662198,0.22438805152151708,0.38034942779183095,0.27095552255186334,0.1751153101444458,0.1882354338234199,0.3750280277700743,0.23574443764459876,0.32116845936660876,0.31868585977515435,0.2942344987733597,0.3953231400573988,0.15752495074450598,0.42533688529740965,0.13413211720079607,0.23949091819599386,0.5194586582797028,0.41908970706037174,0.38519062029250906,0.35677449698822533,0.45465196795090845,-0.08581590143955993,0.30017405312174866,0.2305006577500468,0.3632281239950982,0.3465764958552041
DGB_returns,0.5937386712182412,0.3909179498174706,0.5694088476559979,0.41421172468090695,0.3994216524353395,0.47297046218508576,0.5053309724053613,0.5812117625265694,0.6415268722223907,0.49759367190517073,0.5694633520724984,0.35892572574415016,0.4691536816254367,0.5217124794044169,0.4798365205842338,0.4530843366216138,0.5119727383610093,0.44725826765231314,0.5753303388666883,0.37874109011975127,0.5934381084417475,0.45351595747395834,0.2526101945483405,0.3659659586251046,0.4338623361945113,0.3640959925478003,0.3890079135917819,0.6294664263879469,0.3011352723916234,0.6188977569676247,0.5372138265321809,0.32517468283768175,1.0,0.6306773559417839,0.4852061022628877,0.6033476587901007,0.3628662253564449,0.4712193195328771,0.5561152835296216,0.3345554251528279,0.49856633861262345,0.48579491346521786,0.46929526726511017,0.5003544502914709,0.4838294593641496,0.4312859119197511,0.27995517698194095,0.47970741206753403,0.4827554324084502,0.3146854407799582,0.40963176359719433,0.5386579193472348,0.5970412322572191,0.1916010437674998,0.5297810382847001,0.5503034109280661,0.2522772170351971,0.34577478453093163,0.4715445458682963,0.3201156121791347,0.5944386895807294,0.48177928021716787,0.18405685165038108,0.40035379902421925,0.2402353754060111,0.48637214884422064,0.3244404192721199,0.5336055241349371,0.15154602588017238,0.3278441655619775,0.1958998924230737,0.4088597559570543,0.3747802610290858,0.3363068769820321,0.522367194954903,0.5027682229923477,0.31928562481884615,0.27626309708577224,0.5299410470792785,0.44005882176698224,0.3723210852943497,0.5165765366126832,0.4226120185847605,0.5364745877314838,0.467540176272335,0.330479057625257,0.4056547117798742,0.23174529982852926,-0.018069809591918364,0.504547799048479,0.4843354633549439,0.44533474658153055,0.4818214996783414,0.5472255521311671,0.040537649270784064,0.4934499421580214,0.43536435154176245,0.37135494619888115,0.5585911214858138,0.5668819787379406,0.42238611591035746,0.38104283431768465,0.4989047710467294,0.34692092103233957,0.37935631725709673,0.3215027291762041,0.4628967622441067,0.18605520394590022,0.46391213219909777,0.13261116081466393,0.41693504833500383,0.49706151459283043,0.32956352190057786,0.4026635327241185,0.4216835101963459,0.5213087344164786,0.2684776071155691,0.21824666762698774,0.27575365850050476,0.5555324479337986,0.43209447015381336,0.3292099336649258,0.49381329037290556,0.3566661625754644,0.5136757555032979,0.40549608808786075,0.36391736761340276,0.5350541104210049,0.5099287789390622,0.4194349498585935,0.3793112304541785,0.6280545832181066,0.4019110192670997,0.33357949521770136,0.18026100097439327,0.6165057288030139,0.3815743031541985,0.39076135699606135,0.35791257054726355,0.32181666124208,0.3829960746879916,0.33539628432957275,0.48432490289781527,0.5204576507439616,0.4587491494387259,0.18189581771218666,0.32747200417656863,0.252684583795759,0.4517938536923852,0.41155020070591547,0.32169034149443543,0.523359376721593,0.48240661212542635,0.43481358515514285,0.32085861207362865,0.5147772506472781,0.34866745711679603,0.19589219418295958,0.16639118515153628,0.4891104179727252,0.23694435660223748,0.44589412782909765,0.4413594328364406,0.44899879361872985,0.5477884865902496,0.19632752032769493,0.5592618232958362,0.13835212295750066,0.40366566861105185,0.4212845948424208,0.5514951307746855,0.5071483951168642,0.4896081465416539,0.5941603631550201,0.09122448816061153,0.3410763857614889,0.23526523130253713,0.5132111492104448,0.4970212922596587
ANKR_returns,0.7541734675876354,0.43041523309337076,0.7039770339881607,0.6109991624060055,0.5338539171266252,0.685477517277485,0.6300710830419676,0.7239035239491182,0.8439628967571252,0.5590369555990401,0.6963873755925675,0.45986647246201356,0.5723120398960523,0.6659044712883095,0.6421834515836363,0.6618879340749654,0.6617084311213162,0.5825626252782046,0.703883535585646,0.46532050170498834,0.814928479071584,0.5182109767715367,0.33225502860197087,0.41360747170183754,0.6065781178036959,0.45763773942762265,0.5070525095847727,0.7692709073347337,0.3771498149270093,0.7242069339696383,0.6874042978077508,0.4290572192736705,0.6306773559417839,1.0,0.6140216269192552,0.7241342524642386,0.5376907473050188,0.5920625763485458,0.6702286408390781,0.4266744102546877,0.6418184254808986,0.5650678671382394,0.6765910403652902,0.6411600039269877,0.6724454353685259,0.5063247828539716,0.3718207127059363,0.6345601839446787,0.6352799919515688,0.34031784903443285,0.5607049205918345,0.7399508658440576,0.754582823114359,0.1973930771593432,0.6438712369729803,0.6793724902347905,0.3421365787128798,0.4432226759941207,0.5748596815532449,0.43841558415480375,0.7821242467378231,0.6514137628769799,0.29107380848173303,0.4948785912183488,0.3819161217383141,0.6032391396440461,0.3808253067835355,0.7281671624137113,0.2600039439233822,0.36602969298370486,0.24990724227493735,0.48693369486110366,0.5568708938084065,0.44981751787852703,0.7240689109980222,0.6223513281420343,0.44065882985687843,0.3337268541554618,0.7183799335189371,0.6341749802762265,0.5304168188892039,0.6554855126870425,0.6251620002249578,0.6240316168499622,0.5612770644927514,0.4252463032831051,0.5574086887030447,0.2894402686442062,-0.02139534605042874,0.657931969259636,0.6221481456899146,0.5999052761074527,0.6192557155325265,0.4848095717101798,0.09986689551744132,0.5439998532392972,0.5829875208393832,0.44445260818296467,0.7104004266975628,0.794928496857758,0.5584212425042174,0.5135499787499824,0.755460725286006,0.509120343627702,0.5354612919389301,0.42287642917693025,0.5610945680879268,0.3111416768232793,0.6077536767299611,0.21304777144813494,0.4956474085101962,0.6644591072283926,0.48255917738198106,0.5734851599612251,0.5006291162680861,0.6421060502895632,0.3603095465630841,0.20967598873449844,0.3768399922748328,0.7696777637320543,0.5620262841522777,0.42399693539925126,0.5892760483694399,0.4647621897183473,0.6534040411235442,0.5496958362965894,0.5365192361198045,0.6664314668973963,0.6875138821021092,0.6072161463600849,0.5016014112348987,0.7668858217101022,0.44522262099167026,0.37565347330684806,0.18157531713326122,0.7533475657141484,0.4847871006406568,0.47477530658953054,0.4884171669396775,0.4227886607211146,0.540310854739026,0.5073671290751633,0.5254873216772287,0.6726630933758757,0.5620852932827115,0.2795963582870947,0.47811086648734635,0.366607887322121,0.532539882332603,0.5939958553779622,0.38747456616397524,0.6590455193324966,0.5103191862934989,0.5661832683683888,0.43779312226609235,0.6648684440384588,0.41160145193192355,0.21694008843812693,0.21248144867693936,0.6145537342724353,0.19644198016149167,0.6467916913611745,0.537704181120225,0.6195137753452065,0.7650297159584682,0.3085716243690279,0.7176007539449983,0.26172422614189017,0.4946844191759077,0.5086435842152056,0.7115052748256863,0.6529226451901219,0.643253392268367,0.7405183343035807,0.13581872797451244,0.41920323556453226,0.30810021491170664,0.6639460317713815,0.5570620860427645
YFI_returns,0.6418895509243516,0.36728133086968745,0.606343888334526,0.46742547562614123,0.47088875640950345,0.5009480111364634,0.5060772047559773,0.5976558909816256,0.6555248109236096,0.4553319927786332,0.5812420538709464,0.3899970494210909,0.4866374310439759,0.5256193179360973,0.5155951847226398,0.5351140264821226,0.5121220097476682,0.4824705943303093,0.5738575503585777,0.3796620132552325,0.6475981549727138,0.38756474297818255,0.26208681858113747,0.3809244931389477,0.4521389624154366,0.35660176766163093,0.3333776936694996,0.6857793497451155,0.2981486779635674,0.611866455055177,0.633249673158559,0.3697620908018205,0.4852061022628877,0.6140216269192552,1.0,0.6018282282859699,0.3829521680262827,0.524765401877464,0.5621300407373978,0.31332653806839694,0.5114845013331526,0.49549395739598945,0.4660202849468173,0.5517828519931739,0.5537627962961675,0.4005534557622517,0.2864634430003511,0.4774697067762045,0.46436245391433945,0.3555352193053367,0.44271992248568454,0.6114035083151653,0.6180558097627341,0.1492357812581264,0.5396142973587983,0.569522630535428,0.3861445754848412,0.3991509477756868,0.49598991263155845,0.32609045426860606,0.6292341195551785,0.5041277959365412,0.23402916164803955,0.4579218561845111,0.2739168830251967,0.5588359074200425,0.31515507163543105,0.560594293103607,0.23570438887671355,0.33271075895194313,0.20226599700270873,0.3704728391319866,0.5279631433641031,0.3264146265073381,0.5570843883879466,0.4971745130831912,0.3464939575609708,0.272911685119894,0.5638336481888137,0.5396704907802277,0.37345998050412554,0.5346187710723739,0.45615634149805284,0.489015720175729,0.493515995581803,0.35883928569692075,0.39361836625037516,0.28524023075102145,0.00880815235606312,0.5381603114578074,0.5229341433689518,0.4780733215171844,0.5415730140133492,0.3603012972960502,0.06177174742098662,0.49718360185856003,0.46589776010171435,0.3527561121014869,0.5753107640107947,0.6194520988498137,0.47366238388820336,0.4144775023659915,0.521412168856375,0.39796258746465146,0.4148911121786151,0.4303580660387385,0.44336396273752365,0.21214406665894323,0.4497126144200175,0.1518395787153132,0.33928136187644486,0.5197330433487263,0.33916040869032055,0.46624114912728787,0.41569634324325716,0.5361110165442534,0.2856911857573434,0.2083131961468616,0.33839879438723264,0.5948494210933869,0.4586983697601212,0.31900811447229277,0.5387091080424307,0.40179558682109817,0.5288048323202565,0.41004012935980944,0.3711405188985274,0.5448301836815721,0.5383789801815406,0.44274967805019905,0.4335675078176267,0.6453635154228656,0.4252030338438544,0.3306285433537104,0.12538411841973984,0.6516809554309838,0.4143803129760631,0.3807016571522853,0.39362971822895515,0.3498525024847607,0.4138568643956879,0.37252224540408363,0.5060131423034911,0.5848892265940957,0.4676179137897675,0.19611394854028327,0.3595574138998076,0.23704614153345865,0.46245998330611016,0.4477677923091172,0.3328745402542219,0.525661961431884,0.4693097129519245,0.4630913740594556,0.3260386818330836,0.5049353496727967,0.3654899796731088,0.1919948675561918,0.14817901528284222,0.4757623322539359,0.1819953721330294,0.46151862604460925,0.41904393321000155,0.4818725079992923,0.5671898839117326,0.21583302770651203,0.6121829983597767,0.1692366521591907,0.4051626566639448,0.38602735535663263,0.5694716742407129,0.5090672484971269,0.5317950693637572,0.6020162797197159,0.042400836156725304,0.33872531645218706,0.23726897809997283,0.4794158984610706,0.4726936461024786
RVN_returns,0.7051561418874437,0.41141838604413,0.6700833233401224,0.49104719804203917,0.5253193924565361,0.563101185408021,0.6120193469898285,0.6773514337998616,0.7718539691709853,0.516675665127145,0.6807513218701154,0.4184738979841965,0.5307282524096371,0.6339505254430985,0.5805231446647814,0.5415434187786887,0.607562547135335,0.5160781183973062,0.6657316066998551,0.4495199972315597,0.7461891059923925,0.4899350187809194,0.3020168780214221,0.4120531908008599,0.529811231880215,0.4245340587526346,0.43766610809611833,0.7425401656601489,0.36258089611409416,0.7004585764527378,0.6690407630561336,0.3882404380470757,0.6033476587901007,0.7241342524642386,0.6018282282859699,1.0,0.4507050864986185,0.6239206820501387,0.6303750280659575,0.38870023423171673,0.5976313408640334,0.5713769383116645,0.6082985411157398,0.5887041378679838,0.6343716055850793,0.4862433983301032,0.348576078206972,0.5278664671739765,0.5180577204961898,0.34944844981331796,0.5221563866654517,0.6648267379485887,0.7130344080020732,0.19307440616017846,0.6341245219208034,0.6299271753781619,0.34181443664450395,0.4116716759973399,0.5307379309229804,0.388956436025775,0.7234517527544106,0.6117169705504449,0.23793983208944341,0.4785705228128516,0.30045887581657477,0.5723657292909163,0.3582316493704864,0.666910934060864,0.22694857742315583,0.34417222434864897,0.24787762522685,0.41304593077897905,0.5033770244833845,0.36799529966474287,0.6588615817059174,0.5868096844362676,0.3722593558619959,0.34014656342588634,0.6710962259604968,0.593934817422772,0.4483496376183314,0.6042921485880783,0.5327242578285801,0.5722484242115029,0.49277723426524456,0.42663893296669864,0.5591109013724758,0.26814113440782295,-0.017047654482273005,0.6154798580495123,0.5699106736989832,0.582529291462851,0.5916522575202557,0.5004379163718572,0.05399683722140482,0.5172234857745917,0.556062884156401,0.41847379759463327,0.6699234945236877,0.7293305161532304,0.5183309598769564,0.4590557347182602,0.6329719132760531,0.4403918997984446,0.47213046862226543,0.3887902087364237,0.5431225963257412,0.2666279028518432,0.5508125145238494,0.18564618196654298,0.4382066644670748,0.6179146579992849,0.4102832125899919,0.5209286122254243,0.47376163379319175,0.6185506791000316,0.3267523960633063,0.22393192802149522,0.38290544060290727,0.7068628989100855,0.48841389188445383,0.3600982854057094,0.5685966726990898,0.4017530839748358,0.5843509367999067,0.43743674189689163,0.41493029469614157,0.6253100654779845,0.590107092402662,0.5512885421463478,0.4683191126945845,0.7378510505195508,0.5013209279797612,0.33721234468827976,0.17110056627276776,0.7234773470167732,0.44646133822549067,0.41178828291632863,0.4467900700029393,0.3784428880062988,0.4476299845208887,0.42812221220501384,0.5254723584144565,0.6313503879709166,0.5399415808324215,0.2483900610633903,0.4271326347167848,0.31073021259151967,0.501755950288542,0.5251208968501743,0.3718901745316565,0.6208041168916748,0.5013010879665234,0.5255977732322916,0.38786127636136936,0.5982607135103569,0.40119294087880364,0.21166190780864302,0.1988684077016941,0.5522527899863217,0.23672089526869863,0.5262472263017004,0.5037654520320127,0.5472257029482792,0.6769667494045005,0.2510020828473639,0.6777990288972141,0.1473480859833512,0.4468144949982791,0.4499041240163219,0.6658730672087492,0.601272361549017,0.5969813801535198,0.7147793651628614,0.0910343299518775,0.39891906203466293,0.30849988345773033,0.6314591303531556,0.5644983887512641
SC_returns,0.4855240151318482,0.3045819057005037,0.4888306804277018,0.41863382457464515,0.35956122098797866,0.4774634440728154,0.38822929260389694,0.458877829450246,0.5633682100976409,0.3251104527180641,0.49462880682389165,0.29805377615672013,0.385776912537153,0.46604202226629204,0.36840758644922855,0.46422145498498174,0.4053894983124205,0.3957878861117447,0.4661783070882891,0.30544309587536245,0.564410189273963,0.34294698716795824,0.20699256758893433,0.2834630183954631,0.4505623495078267,0.3098488767302487,0.38599500605207043,0.47604173571965125,0.2386714991881073,0.47943709896043263,0.44225436481139674,0.28904540110052146,0.3628662253564449,0.5376907473050188,0.3829521680262827,0.4507050864986185,1.0,0.3872855246380136,0.39775947987808097,0.36449028948471973,0.39885265727546493,0.31741996450473253,0.4889390278548276,0.448387544297562,0.48111651453878895,0.43012171811430516,0.23956663448026047,0.4972345216952943,0.3838127974052472,0.25128530743145283,0.4198824410985947,0.4169624425150532,0.47115080529911335,0.13232056981388526,0.34892929715103244,0.417891121547349,0.2082608682415845,0.2912832402093534,0.39970435253710535,0.342264867297685,0.5083928519160229,0.4449382044936552,0.20004760628751572,0.33141026637422205,0.25832985793318375,0.3932322388671856,0.2559320856506821,0.5241168592456412,0.18135120544626196,0.30986370110150163,0.22008575448636128,0.34281592793942184,0.4619442923174278,0.35276422301207727,0.503192546825213,0.4029794797245487,0.278583928820344,0.22089154634979827,0.507032660154751,0.4236112238092487,0.39726854823287394,0.46898787241884227,0.46235501377688276,0.42508982455105937,0.36090650577643835,0.29477287315985856,0.3241506966232796,0.24089036336519312,-0.030996203886133052,0.41775504702563904,0.38387625599206177,0.45047119561714744,0.44079751759310876,0.27924194128915075,0.05054603238820499,0.37493064269472454,0.4185572050911779,0.35306053569528206,0.46743416336368887,0.562984904322507,0.41256831617509293,0.3417507118811916,0.5558870291986507,0.4109380533306341,0.4084492424767043,0.30349018936494926,0.31202749797456564,0.2651965359235929,0.4717731144789229,0.1595075851370649,0.29052499708594265,0.4228727513061887,0.3702572195234363,0.4140652400750149,0.3068383648020699,0.48194766323089505,0.22679600835423136,0.19020376624443014,0.28371887411206514,0.5485560501478355,0.4373655586073047,0.27408503929845784,0.3825851959153266,0.3128794524554162,0.43238485637629887,0.547712066599424,0.46482199085951603,0.4523786770496993,0.5050853168864441,0.4701493459054015,0.3567592033150778,0.5047037847699095,0.28769353497045635,0.2548003904111304,0.126819741448945,0.4992819925359957,0.3181180724634822,0.3315561130276143,0.33549018281176796,0.28312538623681743,0.38500785442323127,0.40990288098375494,0.34063704140331363,0.4655901689807179,0.3682820914556686,0.1828593890056021,0.4098606353284864,0.23291145422755513,0.4099532636024894,0.4575294653503313,0.2508976567418922,0.46409274593721195,0.38678935706673606,0.3743370931185611,0.26619756864976896,0.4579553865152367,0.32808766624365776,0.15207337956014763,0.19265571883828536,0.42108262962563175,0.19512784666108302,0.5431391133801824,0.32163322343647527,0.44655800108864474,0.5249388274856889,0.2550349734161739,0.4549702422499328,0.13541251926562625,0.3316927658538512,0.31696119130691436,0.4942154745312034,0.44379246598396865,0.4465014832773415,0.48211587572005565,0.1012166066957851,0.36489372900749084,0.23658724014070842,0.4588743820198366,0.38842320215078374
ETHW_returns,0.6096255997795026,0.35883278796381163,0.6136271521580479,0.4133076306723636,0.5061655764295362,0.4875212870275125,0.5531116668188165,0.6007814664685882,0.6190039758998618,0.450032153295562,0.5721723728401711,0.34674176751799646,0.444585400227821,0.5528181134620007,0.505275664038116,0.4753889009781305,0.515654870218881,0.4383720038056881,0.5703159335688547,0.3427595467245544,0.6028718663854827,0.3895538423440502,0.23070987364430404,0.3303000679720342,0.4704893422286216,0.365666187460932,0.3778823640641382,0.6236932565456867,0.40174512786498817,0.5800268241862914,0.5964391720432953,0.3560504278299416,0.4712193195328771,0.5920625763485458,0.524765401877464,0.6239206820501387,0.3872855246380136,1.0,0.5382852237524152,0.3390653975273333,0.4597322009189308,0.4828682302539196,0.4792334373941522,0.5188615684656046,0.5677209580310919,0.44142485833202544,0.24617679740150655,0.5069773563168595,0.4482534918337751,0.26186415808761104,0.4004184962927802,0.5844487838888309,0.6066435137297792,0.16819182331589227,0.5436708134379132,0.5602611028087192,0.2906879950042821,0.38420936589874455,0.478843344411846,0.3409444388211309,0.6232323128765874,0.5422790923302258,0.2089230344691122,0.4655456814200495,0.2352875163864942,0.5697069917758755,0.2811398053691571,0.5541442709621988,0.16976804582880103,0.2737767575566966,0.27364569855754717,0.4023415494803065,0.4345798836063634,0.33447521326026664,0.5352591481438485,0.5637483184839446,0.2952784698641988,0.2887520259555973,0.5765515341324426,0.5016887059989049,0.3817525581844499,0.5260232549835475,0.4220449534187943,0.4885647109450129,0.40597356385326233,0.35319517890987334,0.4271826826656772,0.3133442267901013,-0.05633585311899698,0.5331855219337426,0.530221455725944,0.48780469521073694,0.6125077787480999,0.3549265643746834,0.07727831144119918,0.44257982395551565,0.48036394584097447,0.36417331231229916,0.5987597692239272,0.5789355002253531,0.46262290694846636,0.42325064202236423,0.5384145011761222,0.40922696212748655,0.3916559135575165,0.41584216757766995,0.43273842755279085,0.2302336426181972,0.4445624199020883,0.20417398016689525,0.4135909436587552,0.509450833152524,0.3206639233147443,0.4947724122957768,0.3823808743021323,0.5197696035996825,0.27588167138747294,0.1974032921501042,0.30255257872072633,0.561642242750643,0.420890947446025,0.3645300667044091,0.5575014808285427,0.339452512804883,0.5404307689184884,0.41839303065407984,0.3396475786549394,0.5491488840967209,0.5272800567635143,0.4638783305841986,0.39335564830088715,0.6277164189686771,0.39206940977664945,0.37868864443141076,0.13896486106992387,0.6442328479492875,0.41794003304894206,0.3462685155822678,0.40052294662821386,0.36364723974275054,0.3878439884204154,0.36388907972268963,0.47151938115632486,0.5173789713614126,0.4562715486837526,0.20970667311152721,0.3525572151768768,0.23656094569510933,0.4127306241244615,0.4382407035244925,0.3350053225038902,0.5441769631407133,0.46826990430047766,0.45230260704063846,0.3443802866025807,0.5154794847641416,0.32690970340983105,0.17920099920102756,0.13713992337649483,0.47766854646248524,0.15943456075591586,0.4418662609605685,0.48358729791522426,0.47590096083816014,0.5519113684044389,0.20555655043518917,0.5994787896221629,0.09936215880680258,0.35466869630212045,0.40939929101496686,0.5960629287530873,0.5259043620634325,0.5523004311442993,0.6185596431474667,0.09532294345509366,0.318454954279065,0.2689839489585151,0.5164538569582077,0.4599401818295557
KDA_returns,0.6806509038251248,0.42560944284216656,0.6369502968325567,0.4699254376477518,0.4519115115384501,0.5450625195714722,0.5446930609173207,0.6686397194899482,0.7227424413152416,0.5034607340231795,0.6367671523950932,0.36791185125555653,0.5405384790460795,0.6054170668885706,0.529324459607154,0.5223339772490424,0.56211635249108,0.4903714339376829,0.5972115821203542,0.44968164970377367,0.6803202938025983,0.47857914611054414,0.2792649608356066,0.3757574391368776,0.5045682915348533,0.415694901433594,0.4010610613387756,0.7135665016169308,0.35289778427309815,0.6649804103494307,0.5995982292374582,0.41942505068737634,0.5561152835296216,0.6702286408390781,0.5621300407373978,0.6303750280659575,0.39775947987808097,0.5382852237524152,1.0,0.31289737025803294,0.5433781795418959,0.5629985979882295,0.5184914400694522,0.5820387609635348,0.5820314323546321,0.4597757532227243,0.40806838203259793,0.49249829399453116,0.4845678470679161,0.27229670341550327,0.45784522443962866,0.626409896289254,0.6528333607166728,0.18174309436377686,0.5772537726602066,0.574102937570057,0.309437158141052,0.40446973766695754,0.48681321982145925,0.3558651690690674,0.6808491041464225,0.5867091508185749,0.23580188023116463,0.4998303619481087,0.26690896018348986,0.558470186341334,0.3111591769853434,0.6195697465078782,0.2118420117009895,0.3720127158430704,0.27192808924781847,0.43832085354942574,0.41642603028482883,0.34014550275557753,0.5674124039125599,0.6087631107135434,0.3754979456315766,0.3082684084165928,0.6174900815121773,0.5149134174677105,0.42890838799872166,0.5732208196288906,0.4437422641742726,0.5644440559091201,0.4668345279831621,0.40293415074154887,0.4338304270624058,0.25475995594584194,-0.006165312045716587,0.6733820522354159,0.5591388182007524,0.5164464191349492,0.5595311465695324,0.478792629184875,0.0975965399009884,0.4784630515709463,0.5249589711292019,0.3788262726240949,0.6381200833693388,0.645345007328791,0.47347709441575914,0.4509083061063006,0.5667581469267303,0.4297414892972052,0.41669898163974184,0.35359415003851136,0.5448141893657927,0.24800020771317202,0.46921233082400843,0.15890682684806454,0.44295461301677524,0.5610048291284673,0.4011106098938133,0.48395853114803233,0.42833568027309565,0.6002904846343141,0.2620561123565277,0.2331571615942499,0.3509094188061395,0.6105794018711858,0.41787115453610085,0.36798473226855044,0.5334920405906601,0.3858840312557693,0.5154422612447161,0.4538238938428191,0.36062024766366246,0.6189758870434359,0.5579789062173618,0.4956467033057145,0.39567386448926206,0.7218072916861412,0.39863391262961345,0.29099964498233627,0.24266053629537418,0.7080684165996785,0.4399461110449933,0.46442606766142774,0.39422578762787763,0.3848023213668938,0.39764317079542394,0.4250576014933139,0.4338245801836741,0.5749974947956568,0.49460927772987473,0.19332995711018597,0.3939648616998256,0.2867954980458858,0.4823814123881953,0.4854097131483369,0.37369890710430165,0.5993243648342997,0.48993897295634736,0.5080679867327516,0.34529936308267917,0.5829814713450893,0.3836826397431184,0.20482533157494515,0.182649630237238,0.538872223728398,0.17345948580393392,0.4732368809519834,0.5529178423259254,0.49063514415863047,0.6083415197239236,0.24513614519050014,0.6300718882894587,0.22498311535166624,0.44798186541261,0.49646072923442214,0.6348116343246505,0.5544592499236449,0.5649799854888569,0.6760442902155578,0.08940998664971661,0.38627832946854657,0.3075388815330282,0.5734154201161727,0.5623718158443027
ELF_returns,0.38478957037402517,0.26699878090339974,0.437821313666807,0.48950109718836227,0.34165655052954774,0.341363469731993,0.3386157528120889,0.33481013733303994,0.42503518009999164,0.3162633429307547,0.3755833054146389,0.2740031972640184,0.3435634581953119,0.3407385028440005,0.3115275999043847,0.30300038477828634,0.34861553267886564,0.31766077412010174,0.3722789831981756,0.2682256577154156,0.40550070771104946,0.294743518932545,0.2164140328581168,0.2348449038458339,0.30151863089459263,0.24855666137865395,0.3055629044123192,0.44871147682354845,0.21131354691947957,0.4401774786688042,0.3608948339865345,0.2645036145039672,0.3345554251528279,0.4266744102546877,0.31332653806839694,0.38870023423171673,0.36449028948471973,0.3390653975273333,0.31289737025803294,1.0,0.34793261328324343,0.33349013921719495,0.33376748776388165,0.3454628087016295,0.345991668536241,0.3306372969483536,0.17378306835258092,0.4120929192336873,0.36257521012803345,0.18795313631285682,0.3425762247697224,0.37251118056906496,0.3745909509219175,0.11908621080998656,0.33641868205896075,0.36396150605268157,0.20638058785112845,0.21843357160979196,0.3328305834664642,0.25814800582326464,0.405853817737694,0.3328033182471241,0.15220770324322588,0.25921181564454165,0.19861608251766305,0.338702325786896,0.21061120997505356,0.4015684065507398,0.17318318160077315,0.2516103484514662,0.17142894953562046,0.2736226732862287,0.32071529961116596,0.285274330217238,0.3973768063390922,0.2883231415544666,0.19842286792762873,0.2025162894646867,0.3790991077934986,0.3204117457546857,0.32134261238256473,0.3844298254540647,0.3574657813102892,0.3923736529857741,0.3584262538683832,0.18024019918705322,0.28698253145063457,0.22333972512478137,0.08771300402740108,0.35971365263688987,0.3765515578441084,0.3101077758188287,0.3945333485122146,0.23357709403793492,0.06316027902464137,0.3328990837285746,0.3506095581866804,0.2921401398094545,0.36755489225365656,0.4293282854295755,0.2990442259386054,0.25971753380894624,0.4211632065869826,0.31960804537574894,0.3575288388534759,0.24764688985023922,0.28483549257578394,0.17608008170897765,0.3695693911226833,0.11771821571298595,0.27521836764371843,0.37475372046130684,0.36126054359546755,0.32701921671137074,0.2464268631007348,0.35275230304450855,0.18524444501263673,0.12310755164644441,0.19159552909749727,0.43853261443865954,0.359978312548142,0.31419620739530596,0.29910654008520215,0.2586884666389189,0.34489709364060617,0.3456751825918009,0.3303204418211736,0.3787905063711851,0.39887118935164756,0.346184278363403,0.2810108836304158,0.36627592277514376,0.2583221878577339,0.2358916659324037,0.0986472681791796,0.3561718959632493,0.2551094847656762,0.2522350359371603,0.29097721749525507,0.23407185990170346,0.3275282923081456,0.2907397525485847,0.32131105675598093,0.35338406456544186,0.2755739005902421,0.1323420409406859,0.3231528492097487,0.24042670305503436,0.274502905432048,0.40181952313120717,0.19868333862908255,0.36412667141160626,0.3397901769040043,0.31758353330737293,0.256683319457437,0.36550726763997216,0.3041760642513373,0.106156670935484,0.10882379412797936,0.3558333128893029,0.1076524038936112,0.4002774988055733,0.30876479650946287,0.3532669255507896,0.4375888893596716,0.165608276047806,0.4154426791672198,0.13322118799580074,0.22453998135497938,0.3994219189578292,0.36466540098278566,0.32771433654013055,0.3403862801992824,0.39660902432505213,0.09324269705032749,0.28060078162866725,0.14338629879101042,0.36644480951736,0.33050252803516816
IOTX_returns,0.6059419690102272,0.37463835717955263,0.6071824276369482,0.4288655901611649,0.47947498732031674,0.5112205138674304,0.5661885171617033,0.6157717779027276,0.657874138178301,0.4670548263597225,0.5796315818921833,0.3453838318922391,0.5298614908638026,0.6083551918464681,0.5119234855378869,0.5223477911904748,0.5153003310961405,0.5082040102635147,0.5790182210057034,0.4215525425108954,0.667967022966381,0.42901545443645456,0.30188311145923813,0.40391383405306597,0.4954344846059448,0.38698234144984356,0.4092831351670989,0.6522025486036428,0.30357661261897473,0.6081267544499467,0.5963463055360892,0.35376765981003455,0.49856633861262345,0.6418184254808986,0.5114845013331526,0.5976313408640334,0.39885265727546493,0.4597322009189308,0.5433781795418959,0.34793261328324343,1.0,0.46916371044153676,0.48952416771591956,0.5686658693428175,0.5451353979677441,0.4278422187852544,0.28421883786337143,0.46150247290962076,0.4404254714245073,0.30000923159637455,0.42203704645793955,0.6463880883385386,0.6335269724192031,0.23065609415508434,0.5826267146983443,0.5663318691459809,0.3236719166899394,0.3419539374192303,0.47786128818119783,0.35787269973398483,0.6320736669846959,0.5354055810214583,0.20703613591964135,0.4481612015438393,0.2769715143344205,0.5703670921040986,0.32254679166803873,0.5914426734241215,0.20153550009946825,0.33018656685547565,0.19649287425227085,0.44683982580653037,0.3966224324508894,0.33507823937801867,0.5942081164397495,0.530870836180957,0.3358080858094016,0.29350091687319674,0.5962410865416609,0.4731712053581303,0.3818119723905156,0.6071108547818465,0.4696362301489771,0.504870362640061,0.46733522179187115,0.36100529681460813,0.434923388835203,0.2953307229334531,-0.002072867466944297,0.5812379584096513,0.516891700542722,0.48902837396941073,0.5239815852624706,0.3993763195388025,0.0810510107618421,0.4487139941504942,0.4805156561620517,0.3917829604385187,0.6067462332017366,0.619346793892309,0.48530670211575105,0.41461615713616873,0.5502076145892005,0.3766471690147481,0.3937122384354153,0.37345933368876755,0.491637572315595,0.22553241097975557,0.47353396398407677,0.15335356759312885,0.44110133027359993,0.5937602684807408,0.3541434114369304,0.43833957254503914,0.41560154882374367,0.5771288096366196,0.26305388738019797,0.19162062907615038,0.3241561673247542,0.6081469016143021,0.4105611535883059,0.3667554511958522,0.4961490373134148,0.3675554363986042,0.5272513435223457,0.41474332703335415,0.3554893803450019,0.5927762372516295,0.5804439596266654,0.4635842438667565,0.385124599098641,0.6568134670834761,0.3981243071411323,0.33986204767994704,0.12837972148814514,0.6564021971396804,0.4211655517077772,0.3520220589927704,0.39650223395592205,0.3268473582090239,0.41053901793800046,0.3784214509518023,0.4204870710925241,0.6150944941290087,0.4958863154107065,0.21955422631454494,0.37451480715010144,0.2549622756594354,0.409150224928491,0.43550655568654423,0.3854652566935389,0.5482706891335786,0.4104114432151,0.5015165431680708,0.42061335410008843,0.5271008421176354,0.3604837600869641,0.19218710350594886,0.15752272123576685,0.5472373434236325,0.181204433188747,0.4474965978922707,0.42652632588854555,0.4940411694573697,0.574400514833593,0.2273884256021762,0.6139180043881362,0.233847480288315,0.4110587892076763,0.42868234879796996,0.5985194914432976,0.553815870715013,0.5347089696163628,0.6147641012052288,0.04023520095127194,0.3810889972947831,0.28223751023919147,0.5841445744549734,0.44205257763812916
XCH_returns,0.6081857874913779,0.36088935589510557,0.575906768415201,0.43134751670985,0.4361793607546697,0.4355819443520333,0.49214180795583923,0.5840674119539107,0.635253660386852,0.45997306880800964,0.5612086874655733,0.32592753785766293,0.4552997419888204,0.527725660449034,0.463470333503501,0.4316886054468251,0.5001199779072704,0.4220525956453507,0.5049797341506433,0.4049331572870525,0.6073961989903937,0.3868878907532153,0.19934208265100067,0.35261365468299627,0.42301866361093293,0.3965272305254646,0.3854342742926395,0.6377434446410615,0.2851468311467558,0.5937995510312387,0.5616118181379215,0.46187441236066545,0.48579491346521786,0.5650678671382394,0.49549395739598945,0.5713769383116645,0.31741996450473253,0.4828682302539196,0.5629985979882295,0.33349013921719495,0.46916371044153676,1.0,0.4108945865627562,0.5076608579657254,0.501531854772468,0.38386056769504723,0.269038395943323,0.4291074806388043,0.40996466653394503,0.2754081092503401,0.3859850894161406,0.5171716625718882,0.5864624607797545,0.08012975440243886,0.5261147931538502,0.524139437008602,0.236382141688433,0.39507466266853863,0.4495251490599341,0.2935987076144482,0.5757255753447724,0.5120462746383175,0.1574805830858693,0.4158682617591378,0.32557233329547103,0.4772066206840974,0.2573553580679848,0.5295124404810153,0.13072685318291233,0.3175294205870205,0.17752873396122706,0.3424462255407295,0.36701104283808317,0.28201140171678885,0.532621281693488,0.5100072563723138,0.32858195431304854,0.23689181673822002,0.537983037097612,0.40786108255896397,0.3294906037323417,0.4972110354418955,0.3983399980161414,0.5024860906477012,0.39903537951162477,0.3014955495219107,0.3988879208732688,0.28351420406580863,0.012068607514906954,0.5212885605084294,0.5351144300699986,0.4470909802647161,0.49910049945571017,0.3739227179695022,0.05746784181982432,0.44385845159655124,0.44232641381682625,0.32223072108153294,0.5249783496690139,0.5733043515042033,0.42982318572581196,0.39406337653563217,0.4618993828598047,0.31627343325533985,0.3528551664846635,0.33856567940919885,0.4187367884779113,0.2263905277509,0.38548446854943647,0.13223860806917073,0.4169600901537955,0.49809810532136584,0.33478511476909106,0.379091961386309,0.3878200750538208,0.5070554811521332,0.2359098884483391,0.17655162946679276,0.3261768532993895,0.5391065284806165,0.42977111818862224,0.3210468324870827,0.4512285900626577,0.28310868055487376,0.49461263420805157,0.33346882632151753,0.28713598209458663,0.5514264731456787,0.46873564101862775,0.4499575172907083,0.3969805616809672,0.6175331316061367,0.3910872001831093,0.30985958898683524,0.1592597564361679,0.5817525242656002,0.3711886017239503,0.35460375954591894,0.3337850760827073,0.3365741631776576,0.3479170980445427,0.3507090593203429,0.4136321399598011,0.4853819565416459,0.43145054031055363,0.19266316113226775,0.2927032106327362,0.2483277099182838,0.4213273552199271,0.44017724242848094,0.3284263587634495,0.5400173029488478,0.43591416354475987,0.44021420462766914,0.27435603233784567,0.5044007516289585,0.3920670658389763,0.17729176239077174,0.14710844869737125,0.4691939325182573,0.16105283575513574,0.3688581306923159,0.49635026472719074,0.425949379343657,0.5369383183160401,0.18111791445958114,0.5434172972347743,0.11902485365859285,0.34877939448160084,0.4181835527888212,0.5199845130735332,0.48012298007953247,0.4865903747643844,0.59343430965411,0.047142887612053916,0.33001220271287124,0.2296031667700534,0.48649088552664954,0.4801743220933248
T_returns,0.5846757203586497,0.36903379323274194,0.5206112080583738,0.4762401735045009,0.41912176529063816,0.5617766019870447,0.5072097351015232,0.5575588061664745,0.6630911542054015,0.44543409475905094,0.5697428252179821,0.36703240105229523,0.45332753948755034,0.5570661372824068,0.4945283685268246,0.5294051793567079,0.4957171236192574,0.4275155955334268,0.5933998129432804,0.37302898092190934,0.6488998923020249,0.3984129457719826,0.2726716914714105,0.3055683840967717,0.4915386611014784,0.3254616595956658,0.41444844465937414,0.6058038471796193,0.2924368275991014,0.5771796622388372,0.552621352127429,0.3414555184482738,0.46929526726511017,0.6765910403652902,0.4660202849468173,0.6082985411157398,0.4889390278548276,0.4792334373941522,0.5184914400694522,0.33376748776388165,0.48952416771591956,0.4108945865627562,1.0,0.4817101078686501,0.514410622373224,0.46372881695885637,0.2805144305156394,0.47061651997177933,0.4533431701364645,0.27621284666702933,0.4567241269577943,0.5745531544123487,0.5816421161932911,0.17643192333298705,0.4927744870614523,0.5343682708901568,0.25926051245439224,0.3317120554307995,0.4476592842353872,0.35706028631948794,0.5868566928853604,0.5240349046727529,0.22566310881264165,0.41444402112097317,0.25878983167455655,0.4728256791543803,0.27007789127346987,0.5800052102546198,0.19634477341710727,0.2895240462362286,0.18868075665291553,0.3414102448021826,0.48543002809648544,0.39424768100733376,0.5950739275941106,0.5045688879495555,0.35090316769474766,0.25874339343595154,0.5666794329692509,0.5094412983810396,0.44246859337950134,0.4843303129107499,0.476603098066038,0.4889560155948678,0.41776752328025013,0.3140434364099783,0.47210273969005123,0.26739878749500756,-0.004471760240315848,0.4992538758890121,0.4417972459770671,0.5136759655441939,0.4797889931908833,0.3695724112798466,0.04482213510500976,0.4327352264798816,0.47138427220301693,0.35443245202583584,0.5568048566443804,0.6602319100465234,0.43897455141903385,0.37577675879874234,0.6231256145610333,0.4608079816748651,0.5078660189360882,0.30892571278943093,0.43393721508794875,0.5387755025309487,0.5264481492391603,0.16421591651730053,0.3689032677012927,0.5166961363991014,0.4199680876538158,0.4784336207412586,0.3857929301270451,0.5296482479566929,0.2583856405314704,0.1993214163102306,0.2329910217872664,0.6217777175396403,0.43767936314686184,0.32953122548417557,0.47124673764783415,0.34972186781900594,0.4865049086807337,0.4333095043293654,0.42418356741891994,0.5138896530829163,0.4951713605082878,0.5113770042775345,0.39978205326333466,0.6167779768305643,0.3556852895235487,0.2903120047460974,0.19120373200489368,0.5857445994616485,0.37691740587286476,0.35989807982728217,0.43465256120584084,0.32675259222914566,0.5035064774921069,0.4705527671064946,0.41010848464452204,0.5299731642023903,0.42672373525667084,0.19661583251992387,0.4510028991923379,0.30337508435432986,0.42947720837578574,0.5001530833220519,0.3370388006250344,0.5215141878420865,0.43084744980180606,0.4350861794755302,0.33871508942738743,0.4715862620161355,0.32976542863074365,0.2237729613722331,0.17637191813799355,0.4641349230714354,0.17694966378916505,0.567696933911907,0.4210702622995632,0.5017919060945237,0.6044159856394207,0.29659997145041617,0.5448802918549,0.1419389325037099,0.3943371927057012,0.37151303583567236,0.5774750987549606,0.5230353266376091,0.5056961899893916,0.5908327218660842,0.1277439406846476,0.3765012770687679,0.2527972034090987,0.5824377945836723,0.4327112873054201
OSMO_returns,0.5971636385767191,0.37803632588403974,0.6397178959429757,0.4520135910969737,0.43223472208660896,0.5392752556609249,0.5789932090496371,0.6406874806070878,0.701867111956948,0.4884635555457978,0.559433998726731,0.35235418242918165,0.45521322631619354,0.6077032057545934,0.48933150011018156,0.5492332733624745,0.5499581740608952,0.5000117773857005,0.5910722441241902,0.4246829067613323,0.6660938504393169,0.4888842334356557,0.2782237823416364,0.4148672986746482,0.5269113279941585,0.38259047610119284,0.3204755774179392,0.669947301288691,0.3543023636176381,0.6390517063212462,0.5540742616947751,0.40833119298709286,0.5003544502914709,0.6411600039269877,0.5517828519931739,0.5887041378679838,0.448387544297562,0.5188615684656046,0.5820387609635348,0.3454628087016295,0.5686658693428175,0.5076608579657254,0.4817101078686501,1.0,0.5746587596630942,0.46801007459139876,0.3169502988554212,0.4937704373473338,0.47012309837557614,0.35063613333328403,0.45680367660970855,0.6473374488077718,0.6398005547299064,0.23609582665791604,0.5842411603795119,0.5630889910789422,0.3756263572508037,0.38142455895001587,0.4808013536618972,0.3608579284516851,0.6586954569180001,0.5709428302722822,0.21343075742535103,0.4385586371853373,0.31199084933414206,0.5020658279135112,0.3792186873412024,0.5565773295812884,0.19734481409627774,0.36421144147390805,0.23560138771908856,0.45636097609782306,0.43183181556885664,0.33463211978895235,0.6073010002099547,0.592778345240416,0.37824370872794,0.32030340962913806,0.5936035610724328,0.5190281566167007,0.440671522568641,0.5644131811843445,0.4885835766255217,0.5629827878767378,0.4545522613859527,0.4115269886987083,0.43182887633762573,0.28808348951385215,0.01300356564936749,0.573103637861483,0.5322089878007717,0.5045765792938419,0.5720323360098789,0.40847659150110327,0.11243628675022069,0.5208902434815207,0.5119882189305479,0.5091871945259306,0.6093169518409911,0.6301443177557239,0.4595389065467877,0.4396492234707494,0.5964523458555164,0.4383190293952766,0.4249948261171567,0.4416660613009898,0.4526894272445111,0.20233768197383234,0.4999236313401277,0.14764372745060708,0.42566449007087176,0.539881312320527,0.36074808384965906,0.44709681438467697,0.4597234742007371,0.5852923785069991,0.3187719486855004,0.2112492059632869,0.34236557590012073,0.6033699655007659,0.40338643019431314,0.3568075324737149,0.5262558185000268,0.42147738175064875,0.5408146413297911,0.45562231260904773,0.3816276720903767,0.5938954832538472,0.606358643349321,0.43863365184622183,0.4217924418582955,0.6760460886821411,0.40980382215101024,0.3251614493321934,0.17425303217251661,0.6860258228288907,0.4395962420829709,0.3856182108943644,0.40506865109615425,0.3710922287368496,0.4013959477845867,0.3928296775777906,0.4867057842163125,0.586920349690159,0.466776541494227,0.23027765361747368,0.3471437146429547,0.32805957462135726,0.5175830387306642,0.4556413069124615,0.32248511023952814,0.5573468961667278,0.4718752822992629,0.4935048976000733,0.3768837626311995,0.5796132873055825,0.385090600212239,0.20873261859608863,0.18484947012672803,0.528931735698138,0.24938209245035148,0.5066983984740615,0.4513082507909089,0.4846314422935239,0.5874543550768541,0.24332963335228758,0.6207542577653757,0.175751760824972,0.4264173550093014,0.4991166078154257,0.6137757031524504,0.5372218228231516,0.5272764858123068,0.6203073858897551,0.09897297852113686,0.4588063663545801,0.269114560087692,0.5315028094152392,0.48608650462131303
GMT_returns,0.6197289313368787,0.3836706282159305,0.6648583866403992,0.47535411309303205,0.45366579735397394,0.5150315024643741,0.6162157432696721,0.6676577182620131,0.7131638983704008,0.4986899755246109,0.6239134948286642,0.38247318084797904,0.5219248265631742,0.6026414173952424,0.5519723016027269,0.5676148867852163,0.5374947848867528,0.4720109052752839,0.6326084713061844,0.41198931395774013,0.7104209369299841,0.483786486148357,0.2745844274986128,0.35881999451652336,0.558801248511386,0.3872840258892108,0.4332240126806646,0.6871831804099341,0.3268974353384885,0.6484296400623544,0.6117971546337208,0.35915308221875664,0.4838294593641496,0.6724454353685259,0.5537627962961675,0.6343716055850793,0.48111651453878895,0.5677209580310919,0.5820314323546321,0.345991668536241,0.5451353979677441,0.501531854772468,0.514410622373224,0.5746587596630942,1.0,0.5015479022660191,0.30818313682142306,0.5135387005577103,0.5148296112383994,0.3141643161988687,0.49180024477362216,0.6323995899688509,0.6982542504962281,0.16367037059623668,0.5770783000176727,0.5830949152604623,0.3220723735705723,0.39003107555138755,0.4491775282811262,0.3716562550574065,0.6805523979655616,0.5995375033401449,0.28128808123697285,0.45769265266266157,0.32134858728580956,0.5695406789655052,0.3274088243073304,0.6126268885315772,0.2335176727308102,0.3184833664396846,0.2487248392035557,0.426817943341408,0.4786073402988669,0.365133521429614,0.6226758028342283,0.5462518003014702,0.34969314512837296,0.26955781773090026,0.6460376818355635,0.5544844992856154,0.44614871000749057,0.5862137142071617,0.4977675268438263,0.5424901931455505,0.4689889990847555,0.39196938047817664,0.41389250937304867,0.227745029923709,0.0049084980335974936,0.596709731821844,0.5489495170647607,0.5999585717228286,0.5945768395142066,0.3739977511075183,0.09940463677798143,0.4666349157448503,0.5020614957222422,0.39246066493610937,0.6363918327415389,0.7071967035331006,0.5115348291875553,0.5527241898789175,0.6501235145500726,0.44291062583682617,0.4039375883561897,0.3998714036825236,0.5166821482040339,0.23225836468777597,0.5403535515945921,0.1745388315914261,0.4574304376065082,0.6188416717135298,0.3633697440970747,0.5033135457813298,0.40218100311709315,0.6042706721791486,0.3225880811361664,0.19454359978669863,0.31167969741899426,0.654230641129455,0.4239016493281081,0.34685898659709496,0.5270531114166777,0.3931865729049182,0.5766578537613324,0.4472988210000687,0.4303711618586941,0.5881728590124213,0.5815120254087741,0.4867323800389499,0.4546959449502416,0.6795052213821782,0.40868916307491576,0.34587789703473343,0.144841021928639,0.6703711997280398,0.5278152048441216,0.426492431914852,0.4497816052227887,0.36962456229915375,0.44465553215445813,0.41330854249403653,0.4970556276797396,0.6259251711310252,0.5036483368669644,0.19787726809509348,0.39692421829616237,0.3167562090802195,0.5110891628691536,0.4902134975535357,0.36428801413712,0.5823306573653041,0.4668651945716001,0.5184049662541397,0.32563795549579116,0.6080214914426035,0.3855590199121195,0.18855529746995578,0.21768638533000106,0.550912519771857,0.21953909774354136,0.4799211943304648,0.47511911683938773,0.5018714146607576,0.6428642291752644,0.3001440681344569,0.6295829759385497,0.216148051352459,0.41941070138942016,0.4676625255128917,0.6146246218055638,0.5561527530075286,0.6153090673534612,0.694737066322713,0.08160028649855482,0.39254640473607755,0.2896101863711519,0.5690000881982592,0.495319972851382
PEOPLE_returns,0.5060353439491432,0.39236512389284234,0.5228716669460064,0.35660263318867674,0.3319160319095405,0.42695005944240266,0.48134095725853315,0.5077964687696026,0.5530441936487853,0.40288085169170645,0.46020836934439174,0.2944942943011945,0.45525321230635885,0.4740270193351957,0.43874461939466514,0.43282253033960394,0.42017234435510187,0.44434622102993665,0.5038073817109809,0.31215775570021165,0.5124774689224436,0.4018527221933754,0.20501899978881014,0.2873415587012957,0.4721362152227779,0.3139400634650093,0.2849593655058844,0.5501052363413663,0.26261256599371846,0.5315019054445845,0.5056803677694272,0.3229899488963664,0.4312859119197511,0.5063247828539716,0.4005534557622517,0.4862433983301032,0.43012171811430516,0.44142485833202544,0.4597757532227243,0.3306372969483536,0.4278422187852544,0.38386056769504723,0.46372881695885637,0.46801007459139876,0.5015479022660191,1.0,0.19783751413586817,0.43138356293828994,0.39980788606847256,0.2928896672424835,0.40251777614987444,0.4918650167447363,0.5389843901639194,0.18169877798276488,0.45457281088729107,0.5033037895489283,0.22415630439797968,0.32571516377397103,0.3968399758158852,0.33194176819229637,0.5119304247290171,0.4909557797847345,0.1962926409478881,0.3753009641320675,0.21999184497628738,0.4044378944695805,0.2498013608601545,0.45035702816408013,0.12256287952157134,0.2976147753605933,0.17864567742404394,0.32874788586105397,0.36738872867007544,0.29053839256334146,0.48664237949230327,0.44609533066337864,0.23892198835251346,0.19505920696103254,0.549348825843466,0.412838105169167,0.3893968311946939,0.49732945621682423,0.3817755276575657,0.4153054572489135,0.33245675847081163,0.30835990069790353,0.3560385927285212,0.31000797577016975,-0.022722113729982393,0.4504836121526351,0.49544066795178254,0.506484631068199,0.53218293060282,0.3381749508615065,0.04370661292476816,0.3331168577949928,0.4686417828334088,0.32064927014311545,0.4782355138116599,0.5172781285530006,0.3951286539509533,0.3616236201797419,0.47173234517429796,0.34638678970394793,0.464345191461568,0.31638035121250496,0.46288423123836775,0.2540230265115261,0.3918248324260774,0.1488316692188836,0.34742078062264115,0.4842565488724885,0.29721556064549587,0.32396542517654603,0.33678795671645095,0.5121349176773938,0.21079298708362132,0.18040779903943546,0.24223161153035597,0.5025742056135054,0.36731179497291205,0.3121234941048238,0.5003527983292714,0.30003689297569003,0.4538668567935842,0.3711532656617586,0.3716792544894323,0.46656217259361565,0.4495597418239324,0.37408856788427924,0.3830175332343685,0.5392224465697282,0.3967666146302809,0.31094222781946423,0.07033776281037271,0.518922779843912,0.3661470303958553,0.3279505858153749,0.31895752178255343,0.3165062862180704,0.33465462918787464,0.3317972213538738,0.4175605355240551,0.47156911727543527,0.39723954417870844,0.1765164844566643,0.31441095724443247,0.2731858186665456,0.3782619487333521,0.3641801000665444,0.32053765759653685,0.5246114698858002,0.45706315823373495,0.4403645827354117,0.24360237211396862,0.5001125385444559,0.2797852379805973,0.16030045884919,0.1164062625909185,0.43035533009319665,0.15671512773109914,0.4260420352470268,0.40425925136981816,0.3964036034946949,0.5159975591061017,0.18587463709814392,0.49340132069703263,0.16151537965958476,0.2821275239290533,0.36589309939065967,0.5153132332268735,0.4241942420400018,0.5141779019569566,0.5482705539721489,0.039752560034841206,0.36680818532388365,0.2310450323993554,0.48008117455571014,0.39846909967627053
XYO_returns,0.3479878156893777,0.2365037851781938,0.34541454217176487,0.27514723479205844,0.2679080295685022,0.2991611914886637,0.2709268038400586,0.3793276814972144,0.4163010192283881,0.25736648088659825,0.40626894394111557,0.2181977544007961,0.26725941190586633,0.3092550597814258,0.2898657633662829,0.23596364825768018,0.33275695982892084,0.2420427520706605,0.33128268798932897,0.2901040675858765,0.35611123663581035,0.3061215143813218,0.14829375757033578,0.23196923438068298,0.2398661207570688,0.31283987868498575,0.2623177054794327,0.3283202803986601,0.2857503089010917,0.3379178568024397,0.308820763667355,0.18154843814447585,0.27995517698194095,0.3718207127059363,0.2864634430003511,0.348576078206972,0.23956663448026047,0.24617679740150655,0.40806838203259793,0.17378306835258092,0.28421883786337143,0.269038395943323,0.2805144305156394,0.3169502988554212,0.30818313682142306,0.19783751413586817,1.0,0.23668457548002228,0.20759697224645338,0.187736214635707,0.2599456836901391,0.32327981706470243,0.2902697404117991,0.08097245205126162,0.28881203370421116,0.3081054669338375,0.15300718977547453,0.15718484488856493,0.20767009308922105,0.2649565114660728,0.3667643408499093,0.2958826372222524,0.16145035887373807,0.24064677262794468,0.17117959680938244,0.25809577985495613,0.1658996077406501,0.40269282425874225,0.14131593397818823,0.21792040251359712,0.18457810941096953,0.2331478438310017,0.21624149309404195,0.15569648137590275,0.31193342439083915,0.29114016528745557,0.27961208229225265,0.17924761357694738,0.3250938497601619,0.25702420670985443,0.2999313580517608,0.30197951791748984,0.24002288959435714,0.31165016721147315,0.27249347925602774,0.3357737093149384,0.20532682110152248,0.14866247273682687,-0.0014425943312122423,0.31213768593363544,0.26407368912537255,0.2819651518298217,0.2637435166594486,0.3150403377559605,0.03791387271380252,0.22908934570253908,0.28908283107198357,0.22918926034337198,0.30464393846551574,0.36865849127280037,0.2529194789585784,0.24480117108851682,0.30581713111921044,0.22710182248135372,0.19799313102991395,0.19762479020251372,0.3229472327394493,0.15760417100831092,0.29922245944594156,0.04029749507395407,0.26440580220112253,0.32388277615264466,0.2342685324140275,0.24005898873583087,0.2828183044271884,0.33754543215078464,0.19642403158434188,0.14477391916897306,0.27347152647132245,0.38188339591521014,0.19338423902841181,0.20622406144999908,0.26972402479182944,0.23991809214036083,0.28317424021305415,0.19498226753622958,0.219471576649338,0.3087267843514338,0.3053323100508243,0.3240060706080091,0.20722619581904986,0.36685478709805625,0.1591960901718187,0.1577802075346285,0.13379327023176832,0.34108216777598016,0.1747341325903807,0.2734642241476103,0.17898679941334775,0.21436624845871263,0.2050867327723477,0.17551006335626776,0.2562488891215421,0.3161347958899486,0.26571433717955933,0.12518653739664784,0.24325131738240913,0.1676157149797137,0.3050768363638493,0.27066492627092764,0.11463078881444652,0.3294141515517562,0.22438892905043117,0.2831006966728653,0.1889221259858881,0.3031726846386773,0.18853773128835594,0.15177619649466634,0.123393528612744,0.2971728763759025,0.10896212560540902,0.28375486827036916,0.2675015404543578,0.22358037561147304,0.3416065653415879,0.13578480859564954,0.3420478617879844,0.11785638345373547,0.26718219957596223,0.1915190220730912,0.31440790829313003,0.29201122290293907,0.25606427929920705,0.3517449825545223,0.046083965848641016,0.19520053455381756,0.2488032655986374,0.31491216804979594,0.4199397483463306
XEM_returns,0.555067264287101,0.352576848337179,0.5599398356841769,0.4475134153310733,0.414633868172594,0.526853460943609,0.4856801279369278,0.5332245436253711,0.6287154124640358,0.41890035238296974,0.5425358581401352,0.3687286951907316,0.430755474101087,0.5221987141561034,0.4880860491483219,0.49133476116905894,0.4741575267454278,0.4213936257215836,0.5407466030117343,0.32602034665583046,0.597366613654146,0.4045116320803082,0.23093427916857723,0.32384098781307563,0.4551780367395113,0.3181149755595401,0.4365537801204804,0.5820772012207964,0.23095567070851267,0.5626314400322255,0.5144879156330218,0.38230401347937637,0.47970741206753403,0.6345601839446787,0.4774697067762045,0.5278664671739765,0.4972345216952943,0.5069773563168595,0.49249829399453116,0.4120929192336873,0.46150247290962076,0.4291074806388043,0.47061651997177933,0.4937704373473338,0.5135387005577103,0.43138356293828994,0.23668457548002228,1.0,0.6600537154962828,0.25347807442374815,0.4430221972619399,0.523659487561412,0.576409078550809,0.1727282157500876,0.4683256766794417,0.5170438483205348,0.2631904856701863,0.29665424031083376,0.4183609509644106,0.3279996195041232,0.5881998303343643,0.5448216892938694,0.20158755349937682,0.39116753161392204,0.2786955044486666,0.4652050005397073,0.2468029788065488,0.5748892624711098,0.1889041040758037,0.3175816370815437,0.19762727797020546,0.3679445641343183,0.44766626424452294,0.3725860977670895,0.5551685023018644,0.4745236978778863,0.2967829805534004,0.24390865242607723,0.5614841962194426,0.474792638038723,0.4617066752384564,0.5030605836099646,0.4524045085064365,0.4554012134060466,0.39076373147944526,0.28058592434565327,0.4104234788859981,0.2950759393269617,-0.01630480117021564,0.49006189357442465,0.45883862501147465,0.4341428494095682,0.49635219291810206,0.3361534938138412,0.05080203596505031,0.4116582581714941,0.4569219655321284,0.3935759496156248,0.517002117159169,0.6295086830463245,0.4105884793197768,0.3752420707109161,0.5783723762469153,0.4303989880106003,0.42634243174761094,0.32785754372973835,0.41694132343368,0.25812581847499744,0.5257210862881563,0.1505802193494601,0.3624770822590744,0.507379133777325,0.3809178311047468,0.474128930565457,0.3435245574381807,0.4585880196884751,0.27520622393136035,0.13869250181502382,0.26327329575038794,0.6061050957100045,0.48718320103457513,0.3009014730271721,0.4625027516621985,0.34447639427461874,0.46508565108147404,0.48778020946742245,0.45698942360371997,0.5182847665649621,0.5529244249420318,0.5068824028635023,0.3997110376998304,0.5844533440457437,0.38960802387425975,0.30140461718259154,0.1338337098878896,0.569542296694536,0.39565916585282157,0.4011493546359383,0.4105220989998238,0.3158736083586029,0.4546222695495424,0.47382058660655196,0.4467314757843662,0.5093037377998193,0.4112125674194256,0.207101189154235,0.44704127712176756,0.2907980971931981,0.4140246210341322,0.5124590417190699,0.2694475937999853,0.4681680366409542,0.426255623825622,0.4275629535220313,0.36242723091722023,0.5024649093651501,0.400170316455101,0.13808945773352677,0.17940208444748815,0.458311106250275,0.1872741446162968,0.5442197254638217,0.3977774027529342,0.5135071423123473,0.5635786190501063,0.2554322092575673,0.5211973361509034,0.20378124625037572,0.33813661339651196,0.424834123204665,0.5187615110895961,0.5105205419205131,0.45955840090695416,0.5477405374226955,0.07907004994708529,0.3674644862344676,0.2562442036275022,0.49752464363911475,0.43679923263425086
WAVES_returns,0.5327668835318383,0.3508729727257138,0.5073121488214258,0.44478703926939483,0.3671575192515593,0.476184032825022,0.4620851728696469,0.49308433642829763,0.601654895040658,0.4119126101141851,0.5352471246709233,0.4149464528358,0.39577912721464675,0.49895132564318295,0.44174165830079176,0.46895580643877743,0.47349725706604934,0.41206047136252244,0.505830097562141,0.2868360705693804,0.5773816547144308,0.39816301428963613,0.2627550164026886,0.3215566910728962,0.42458758451423795,0.36167333521371503,0.39847147221285434,0.5739033711977112,0.22652092804709992,0.540987972097049,0.49524543121195014,0.3744022061577149,0.4827554324084502,0.6352799919515688,0.46436245391433945,0.5180577204961898,0.3838127974052472,0.4482534918337751,0.4845678470679161,0.36257521012803345,0.4404254714245073,0.40996466653394503,0.4533431701364645,0.47012309837557614,0.5148296112383994,0.39980788606847256,0.20759697224645338,0.6600537154962828,1.0,0.23604604395668097,0.4199778115126341,0.48672895380915027,0.5645182429135523,0.16778278198705285,0.4381546590864298,0.4870718602665918,0.2595582018878458,0.27735600922053416,0.42154967298687696,0.3413444402573657,0.5918072770965912,0.5033242742762626,0.20031967506331194,0.3588005613276368,0.2660436824131576,0.46505940287838404,0.25714749612307497,0.5220535705314422,0.20751002146460934,0.3044913265353988,0.1979882829925257,0.32722838603220716,0.4099862327023399,0.3410839019809899,0.5342301417261556,0.43048332115964005,0.31463835445716587,0.2490857861760878,0.525204747001439,0.4380005402200632,0.4227625601432449,0.45720967242860333,0.42074782648398346,0.4506660393588713,0.3814817409716717,0.28254549946484575,0.37674351190673183,0.24794758694782212,-0.002190498285514152,0.48100971736604414,0.44600351222135826,0.4212370520549754,0.4601103000216846,0.3492683991118819,0.07443304643654536,0.4275411556396442,0.48474363803039905,0.36601299099360507,0.49178686305131725,0.5956276289487544,0.40710398969840433,0.3649451858084687,0.5229525605071774,0.36483395244804173,0.38612896519648965,0.32153822890579237,0.3883066941580215,0.2226549277368956,0.48133614184429385,0.13510622477061038,0.31938215040882273,0.4835865136655609,0.3447042449859876,0.4448032828812911,0.35671936414977595,0.44983142643032975,0.26133624592008653,0.1333347418175303,0.2574981737138575,0.5357667323715184,0.4257130900683715,0.3239481550978471,0.4411819921014929,0.31848677640931833,0.44084490775399693,0.4094229201954283,0.3871445288713063,0.48523503755791175,0.5113091388364847,0.42065398727166686,0.3729592336114153,0.5629376765246827,0.33632810801102614,0.3000007262905643,0.16715122771741067,0.5497758423083966,0.3970954482398059,0.4101683918476734,0.3905897894901315,0.3075971134128469,0.379205994537039,0.3944591295972066,0.42920496140087044,0.48972028025494707,0.41010259924450215,0.23829129738209537,0.3513014029820965,0.32313232435690914,0.40396211676245564,0.42005379241640306,0.2916084867704822,0.46785660303104154,0.42005019249910414,0.3999145942171809,0.31155609699856746,0.48223446526785985,0.3765597398998658,0.13292767164050184,0.17686942566987396,0.4003501190333628,0.21249518304574663,0.4572394143220087,0.3998341398484681,0.45977863553939935,0.5817859862296105,0.22731330668902536,0.515667372744784,0.20304978799818713,0.3847770504629341,0.42248710981139076,0.5005534806537627,0.48836312166825285,0.46043034396995824,0.5498342823706764,0.08879199524849417,0.3166175080610088,0.21427538965942886,0.4845526809492391,0.4091023009956259
EUL_returns,0.3945216782113166,0.25065266203787256,0.36799737211186867,0.25287545947035783,0.23537351160672187,0.3219036184779496,0.311760003315258,0.379753738951387,0.3964941032509868,0.31880335139150034,0.3262045534271916,0.2326062440797908,0.27232741973383257,0.29869962399589794,0.2582752492741399,0.25449412377389424,0.33543665345889156,0.2861341727226381,0.34263288363253613,0.24105363877401553,0.3767001554861371,0.3078121957900376,0.16618781911482955,0.25009196341256174,0.2381535165987231,0.26035764269220424,0.19635731203746434,0.37809293153400064,0.3007559382059618,0.3357101617111663,0.32396025882605306,0.2461723021362957,0.3146854407799582,0.34031784903443285,0.3555352193053367,0.34944844981331796,0.25128530743145283,0.26186415808761104,0.27229670341550327,0.18795313631285682,0.30000923159637455,0.2754081092503401,0.27621284666702933,0.35063613333328403,0.3141643161988687,0.2928896672424835,0.187736214635707,0.25347807442374815,0.23604604395668097,1.0,0.28286316758239494,0.3517692958446321,0.34321260827574995,0.08052688796581191,0.3047723859570137,0.34419996273887243,0.12235906168130707,0.2624362599843026,0.32213531447791083,0.27650133556871,0.3328653375087117,0.2991134404037037,0.16813905416813923,0.29888106472804526,0.189079594174909,0.255354581453455,0.23560650199564698,0.34450006568983327,0.1283698195473953,0.20309843189281215,0.11038701988106447,0.29069252095803516,0.24114212047657438,0.22698258949211658,0.32964987967685305,0.3237700470298912,0.20791903565667091,0.19354048865269782,0.3267449924013392,0.2504169797000562,0.2852567375304198,0.2934551778322083,0.24938926346015738,0.30030276058130795,0.3064965705563448,0.26483095173740206,0.26067535775646167,0.17550048729645487,0.07806116108197926,0.3237189022669557,0.32721260235840066,0.2707896262341481,0.3719858727200149,0.2687091484611625,0.0840585869096365,0.3036371963279421,0.2870459165539134,0.2780587056347648,0.34163088805508407,0.3517634462025772,0.2728847837143063,0.32450930548133733,0.3416780364242851,0.22819446128182233,0.22576036397150342,0.25856902043746643,0.31613340371255044,0.08590338758766586,0.30223248628883076,0.10265331731151832,0.27048811512689375,0.3165997401689549,0.2145595832074279,0.23283243787712526,0.2718044537077553,0.3103317908205674,0.18056971492217888,0.21511789953097693,0.23260113724166198,0.3305634550112145,0.27472484241493217,0.20590876913392156,0.32747760454821134,0.2231785884624537,0.3069646391906924,0.28649269794895593,0.24275979668590333,0.32604126758465546,0.3332619520712675,0.26100658969097756,0.3188252565676023,0.3881667818055402,0.3116121095183913,0.2426718893117166,0.07176566113490862,0.3738016381717526,0.24119619329296169,0.240614232161904,0.25553202079385146,0.24626388718855285,0.2667840169035505,0.2742039933455787,0.33047836145471293,0.33268409250601233,0.2606556475141474,0.16163062603451814,0.23951284865558647,0.16506170409598667,0.31834010225186826,0.2804202500712507,0.20480199924373957,0.3206621346055182,0.2688543722105564,0.2636903265755283,0.13525215925566475,0.31155054157279005,0.18736648872490955,0.13696666020743595,0.121609741534019,0.2654520487419042,0.16426937081404555,0.31653780973111484,0.21788711493027368,0.2843134111949063,0.3598176633137524,0.16545718921675773,0.38568253813206443,0.08058620890971555,0.24742858558578076,0.2588295034573459,0.34329836877729647,0.30897698550824754,0.2831931869299616,0.3528243467258209,-0.039655808750146404,0.23572917872400642,0.21041415807725244,0.28166271861272907,0.23962253132687472
POLYX_returns,0.5212189642260507,0.3303472442887225,0.5330047402214363,0.47487578563326327,0.4117810779345754,0.5032844498008426,0.48535082419244857,0.5292153361574657,0.6019429135947932,0.3993179666536262,0.5008072421254076,0.33937403276118805,0.3949891139344372,0.5050283326239927,0.41511202531597063,0.4343946444266652,0.45364280266426144,0.4059418280739307,0.5323078888389617,0.32549730098128765,0.587362827346357,0.3958246715781172,0.19756820945174727,0.2858664837853184,0.42044776340813306,0.39884702161146796,0.37832162499844013,0.5569002553045873,0.27688488044610193,0.521450548830069,0.44511659055005803,0.3020131709056022,0.40963176359719433,0.5607049205918345,0.44271992248568454,0.5221563866654517,0.4198824410985947,0.4004184962927802,0.45784522443962866,0.3425762247697224,0.42203704645793955,0.3859850894161406,0.4567241269577943,0.45680367660970855,0.49180024477362216,0.40251777614987444,0.2599456836901391,0.4430221972619399,0.4199778115126341,0.28286316758239494,1.0,0.4798014590952486,0.5291860505526041,0.10069102934599915,0.4541388422481165,0.46289459323442894,0.24944667312942864,0.3287753878850979,0.3844294366934729,0.31708720719315503,0.5326081486867819,0.47280388480184404,0.15975355963059634,0.38067597238648515,0.2370892969240575,0.4358258597294934,0.25358634759374366,0.5441715127554998,0.1902518874062438,0.30682290001045465,0.18285876243808918,0.3456679304936359,0.5060094394310316,0.3525426196345236,0.5232261141275696,0.44550357571293653,0.319449501575057,0.26627640859772433,0.5316128080121866,0.4380401800282255,0.4089948243348345,0.4567112136590588,0.44233622137657064,0.41755174420290236,0.3756717178144385,0.3518105858983694,0.3582147243932819,0.1848486538883375,0.02365008077442916,0.4813127035788037,0.42036588648015866,0.4711223212258652,0.47584228292541053,0.3535030079208963,0.07713895595176716,0.4068360453880548,0.4630636018695704,0.35372943054866224,0.5289261674217459,0.5637146198681863,0.41029945158239106,0.4108878915215274,0.5756877189228079,0.35965417640909675,0.5138125241045276,0.2910401695524056,0.39874065299969635,0.21786403403272955,0.4898268136573466,0.14024828716328716,0.3489795069157947,0.4704456591220422,0.3922581574756969,0.4351294068586956,0.3574989782705259,0.5043046203663653,0.30697231712353945,0.1418475965928604,0.28186284992950483,0.5494861603357583,0.27778759719739404,0.2847886902422908,0.4240611831984204,0.32931702876397356,0.4248340814145548,0.4558330883924099,0.471342675739379,0.46145564045564313,0.4765204809114561,0.4727712905883897,0.3694408838193248,0.5397240834645998,0.315340015257667,0.21305911231891178,0.12117947482163018,0.5417184085620868,0.349074200735334,0.35167284417764905,0.4100804558411599,0.3262150584933831,0.4220526050546596,0.4176776138955658,0.3891161925338773,0.4469427503532653,0.37185940786950417,0.18273047420120272,0.3983370013727648,0.2720204452139165,0.46349801342640945,0.5076128897903778,0.2508616445621288,0.44306205417300215,0.3896560941270093,0.4129957731869462,0.2617896578929394,0.4322656936917535,0.3596913887554175,0.14106709660596403,0.20202062339347418,0.4462881742727834,0.1326147754290339,0.48520676653938816,0.3643337161141352,0.42462657306692847,0.5763892524403514,0.2839388761986675,0.5059141296629931,0.10964223131935007,0.36147836379166776,0.36807589848361644,0.4952366300383152,0.4705137169770706,0.44560418822519476,0.5266804195741123,0.10291729643829485,0.3424281619678828,0.2481443187613246,0.4922861055924698,0.4039333434633319
WOO_returns,0.699333274282608,0.4183447527814856,0.6852464755180006,0.5262535829651768,0.5500582219516036,0.593111139910179,0.6504479684631985,0.7205464398611273,0.7420585265846958,0.531178218082004,0.6471076227464355,0.4087625736466271,0.5764519205896971,0.6871241000535602,0.6003587821363685,0.5712506012737351,0.5850781561362648,0.525986497666764,0.6517872155501091,0.4331813747928504,0.7334699319801982,0.5064714133227595,0.3321359034929773,0.4050768947338794,0.5552849771014339,0.4649624146884362,0.4366131440262309,0.7551400407753825,0.37954849409943003,0.6974094708997918,0.6817411665952969,0.4128679045695357,0.5386579193472348,0.7399508658440576,0.6114035083151653,0.6648267379485887,0.4169624425150532,0.5844487838888309,0.626409896289254,0.37251118056906496,0.6463880883385386,0.5171716625718882,0.5745531544123487,0.6473374488077718,0.6323995899688509,0.4918650167447363,0.32327981706470243,0.523659487561412,0.48672895380915027,0.3517692958446321,0.4798014590952486,1.0,0.7344440369487506,0.21213601507733076,0.658648502931015,0.6383460559027297,0.41336384938536264,0.4593021305051323,0.529462293516778,0.385812402321219,0.7203852160025134,0.6203673546275396,0.29064107212937407,0.5263561341221518,0.340252038678541,0.5787907863825856,0.3584494132233357,0.6518292961004369,0.2362159785257069,0.35856973817879023,0.24666785796448712,0.5211389841829763,0.4582933140769284,0.386255714851919,0.6446336403328,0.6439947274631304,0.40463289695010213,0.3307416328197058,0.6687888070012962,0.5757196464320754,0.44906973189079646,0.6011086773339596,0.5385381065930561,0.6119637530916556,0.5085681432549336,0.4769962053984369,0.49636890007493706,0.2760915658633194,-0.0044067178765385615,0.6104271557412566,0.5980356136579662,0.5562779737920266,0.6289390714560665,0.43856210497323533,0.0921409037683837,0.49616490590312784,0.5592625915763842,0.4385582851864014,0.6636516639114348,0.684551925412035,0.5130342844087964,0.4702251375387319,0.6366529676274149,0.43873217038858536,0.4293957311306433,0.4175681927271502,0.5542501207445161,0.28023567518187453,0.512892836053634,0.1869540847467373,0.5123708473104838,0.6264080322815597,0.3800562493239547,0.4762206021540655,0.4682138332219633,0.6348325176862376,0.3270681315410548,0.22058856142271138,0.3979548344879683,0.6712996370096288,0.4754144288081682,0.36381713926782544,0.5873375044563824,0.4335409969515284,0.5979282723372655,0.46198407941141173,0.3977356102220277,0.6480582648899788,0.6451105887144029,0.5233421742101207,0.46885376286744024,0.735863252087784,0.43678410104758447,0.35276655488658143,0.13534408466054318,0.7324010474100073,0.45506111667237675,0.4137532793844202,0.4164059299800381,0.4410783633361049,0.43161327660236787,0.40639011544336595,0.5310034130257022,0.6663048659045752,0.5435528660973703,0.24156274618668216,0.41801516163338087,0.32387759488586576,0.49285602284471736,0.4984144916359453,0.39505587598063086,0.6297371968365132,0.5065669154262907,0.5836044974182738,0.42922821131313343,0.6534087974511297,0.3603954006267519,0.21999107368925666,0.1962733471059678,0.5747617359516975,0.20829982787432502,0.5224455574769877,0.5293201809356554,0.5254117051322927,0.6444550780475233,0.27916886244072764,0.7117859512935609,0.2184804573571387,0.43345209826774445,0.48241732169588414,0.6902287682758432,0.6176011268007883,0.6215805659810886,0.70685728613565,0.12484304623372851,0.42063448831971745,0.33046033356963933,0.622052164716873,0.48881247027725894
ENJ_returns,0.7553127868200903,0.47723439262562295,0.713200658977731,0.5011560574022638,0.5704423402067507,0.5978089468001392,0.6559521568630043,0.7442444266256802,0.8055900858307831,0.5855635087831698,0.6992950892629317,0.40851273241250075,0.5594302377787809,0.6659254817609174,0.6369195972967845,0.6275875193475308,0.6326792778408056,0.5545844533297871,0.6754366546306723,0.4472598774350714,0.8139282883892153,0.5121943968289193,0.2787898892712958,0.44160650011418706,0.5931461097310411,0.4474026925123937,0.465498470367461,0.8062869835433444,0.35180273971166476,0.7805601484396929,0.6995017969454678,0.4242493212754334,0.5970412322572191,0.754582823114359,0.6180558097627341,0.7130344080020732,0.47115080529911335,0.6066435137297792,0.6528333607166728,0.3745909509219175,0.6335269724192031,0.5864624607797545,0.5816421161932911,0.6398005547299064,0.6982542504962281,0.5389843901639194,0.2902697404117991,0.576409078550809,0.5645182429135523,0.34321260827574995,0.5291860505526041,0.7344440369487506,1.0,0.1837623945776568,0.6641049759956346,0.6320065640611652,0.3316679275787165,0.4502844094362537,0.5788584379643208,0.3800018329864702,0.781991227701745,0.6575506890881974,0.26997923534304785,0.48372282696628544,0.37471971348582506,0.6205372071604258,0.3241043980844424,0.6983941656638133,0.20031435399973024,0.3953434624888974,0.22635489174128226,0.4859267431761477,0.49933420008249885,0.3921701104406079,0.685276861543626,0.6033328661201574,0.39352586429407077,0.31157262115028145,0.743263111094719,0.5885809570801672,0.48245118598103215,0.6571929259824876,0.5370224868876475,0.630594676534739,0.5391732075715019,0.39949658580772984,0.5191313923565958,0.28159201774899806,-0.006327343407343657,0.6837286335792448,0.5945283482797733,0.6306903140638478,0.6198518867933573,0.44939947676776276,0.0964966227472174,0.5325687216021826,0.5740550668104021,0.44550697501661374,0.7318926789767705,0.7443179662796203,0.5554741894134637,0.4998230641901236,0.6914083739967307,0.48266084599243564,0.45577411452541516,0.43028393077570054,0.5497820317940876,0.2647287800891563,0.583372776754757,0.20751175974540068,0.5282691090397678,0.6694186650976791,0.40628315772172097,0.536817945215114,0.4372365903914606,0.6606676592050458,0.36436406095240526,0.21389878954171687,0.33839140122364564,0.7223527699368272,0.5252811124376208,0.415709647472268,0.621252887553373,0.4266788601346453,0.6183380171839679,0.49531498073965063,0.4256162258216034,0.679405460925625,0.6702382161574432,0.5655325630632757,0.4858263860930917,0.8109715195294396,0.48133723151521585,0.34029489130850776,0.13593802758933213,0.7577600951834081,0.5008446055886075,0.41483526047329145,0.46219831413558154,0.40689160651624523,0.4645817755259143,0.4568846960830114,0.5747390087409707,0.6911241150578705,0.5670317202409091,0.23096868064505638,0.43876466719506335,0.35799849031733955,0.5033389961509901,0.5386663861391865,0.39437870314696183,0.6866190286957657,0.5472083081356292,0.5918259544052784,0.3851731782897918,0.6611311262958588,0.4747238494797748,0.20359004105872444,0.21001145883878833,0.6188306547530731,0.23774114588270387,0.5607192593515311,0.563320951907953,0.5945313075489604,0.6959678144174793,0.27120858441485945,0.6945295380690669,0.20802672029030758,0.44384839808158566,0.5081162973132923,0.7007978442131795,0.7000030244815866,0.6776659438139747,0.7638115635063584,0.09941924432166435,0.44310315867145256,0.30085066695628715,0.6595722588807583,0.5896918512406268
GOMINING_returns,0.196830630251661,0.16797548893421854,0.21558981270753763,0.16076200280491773,0.1310041140111211,0.14801404957806216,0.20855161204468603,0.18974636382324622,0.204166669484883,0.14154047940986209,0.19752485143411405,0.1884991007967643,0.24029347813753382,0.208289497997365,0.16492553229163484,0.18929538536262455,0.18449411467964286,0.13132650167000587,0.18611440528666554,0.11392925626986855,0.2025844965382995,0.19506296842973245,0.1304945591897155,0.1266690578748647,0.18894380702623825,0.1651824311879885,0.12482572273831363,0.23224426630784756,0.11889371039202332,0.21174560441765816,0.19639347103998014,0.07203687045914924,0.1916010437674998,0.1973930771593432,0.1492357812581264,0.19307440616017846,0.13232056981388526,0.16819182331589227,0.18174309436377686,0.11908621080998656,0.23065609415508434,0.08012975440243886,0.17643192333298705,0.23609582665791604,0.16367037059623668,0.18169877798276488,0.08097245205126162,0.1727282157500876,0.16778278198705285,0.08052688796581191,0.10069102934599915,0.21213601507733076,0.1837623945776568,1.0,0.19792791178546765,0.18621872278176663,0.119688593732175,0.14034160769899004,0.1252543720565788,0.13893657918673977,0.19402655807426195,0.21052392477413667,0.09595126343457955,0.17314205212431294,0.08893123941184304,0.18069034666328337,0.15109249704378902,0.19678937865495838,0.06508821726128709,0.11332231748228498,0.0557450580892461,0.11041862786577579,0.13245620211561204,0.09211849180360954,0.21361191943748187,0.2231193818939586,0.1466056496397421,0.161060366609948,0.18051059583025597,0.20080335901927865,0.12192801533511669,0.14068570271859107,0.115654809765638,0.14197094854769793,0.14906911582544588,0.13046278484872698,0.11177355842171578,0.058582569827646085,-0.02418446168820759,0.15376880075158114,0.19280530666511483,0.14963053711428173,0.19740989064057024,0.13138121524129273,-0.010240539800908676,0.1753734905973417,0.20570056458251237,0.14394204502617772,0.19447335558514242,0.19767557715079548,0.15480028996471387,0.1375794082320787,0.14602304729193016,0.12640646274298264,0.17216174494578354,0.10558148129883342,0.1199178349244212,0.07116588933546171,0.1652180370513406,0.06310692160667476,0.11412036312868934,0.17860357059287174,0.17698429621087294,0.06835676369247551,0.14232581552011536,0.19408105535754436,0.05025502670902324,0.009334774647269723,0.11139745170832548,0.1657643445707936,0.14514838642028707,0.12527821000981723,0.19333446037831625,0.11111889905871825,0.16891740448892034,0.136837279376132,0.14804357715199049,0.20421163590564348,0.2165550555426843,0.14017858862414323,0.17660276402084202,0.22027167826473826,0.1498906860689205,0.08813798558497152,0.07863132651104561,0.22072629141619549,0.13426344888888592,0.14926055015102424,0.14476007181787634,0.1365905675662762,0.1663368996147656,0.1261138101076858,0.21792874065378362,0.22355223028285956,0.1600198051158712,0.0858771550176441,0.14126363613727663,0.1287870598820228,0.1364365322588181,0.10656887014195866,0.19456983316636206,0.1460186311551964,0.16753090564829942,0.16804737058740796,0.18102891217764944,0.1526354467807024,0.09486263635396851,0.09753658527102346,0.07867096347322959,0.14875642748701937,0.006803852256048513,0.16150084681298274,0.12109791862997762,0.14721578655917236,0.17312203173849985,0.08637052581805109,0.21456403095382579,0.050763025380916045,0.17379219029419773,0.1466783199063956,0.22553562358232065,0.164760719554407,0.1722847409974409,0.18631237279162605,0.007842002321490887,0.15138793490801816,0.05888749269464701,0.22820045588976307,0.12204685567912371
COTI_returns,0.6416984364384982,0.3981012510776784,0.6432935477882167,0.4559259048697969,0.49208889722904525,0.5344335540660584,0.6008797247742744,0.6769913971717523,0.7144590136122599,0.5295150721109979,0.59595950857536,0.3797212319925117,0.4942997131438087,0.5878460789604592,0.5766785184005768,0.5577266651844938,0.5377378678697868,0.5221977860523208,0.5925357675413727,0.4339287493497321,0.6911528189695342,0.4911708295800974,0.2797530573390913,0.40506423931940944,0.540403577648571,0.390772168900239,0.4279068188377096,0.6958243575821474,0.33640328471420144,0.6310302202802927,0.6349243726573581,0.39609697360322144,0.5297810382847001,0.6438712369729803,0.5396142973587983,0.6341245219208034,0.34892929715103244,0.5436708134379132,0.5772537726602066,0.33641868205896075,0.5826267146983443,0.5261147931538502,0.4927744870614523,0.5842411603795119,0.5770783000176727,0.45457281088729107,0.28881203370421116,0.4683256766794417,0.4381546590864298,0.3047723859570137,0.4541388422481165,0.658648502931015,0.6641049759956346,0.19792791178546765,1.0,0.5695575830438734,0.3798231500906883,0.3978686278011674,0.4779709215000098,0.37459493351486417,0.6654214985702844,0.5707879923194542,0.23763620040617675,0.4706387242389025,0.30607002162861524,0.5387251951805995,0.3713550087911484,0.6107411853596272,0.18442268203920534,0.34338779941719716,0.244249277033192,0.41543043615055075,0.4245272606347512,0.33222307446361354,0.598009696004893,0.576293975679204,0.3615509545656564,0.296236111753122,0.6148093084881469,0.5258428822044268,0.40603852487679265,0.5454782912603526,0.47951104861565025,0.5472492434536952,0.4858336298716984,0.36401717577726733,0.48552778908404637,0.2998187459240761,-0.05745631974066082,0.5862038874439066,0.5530433526536471,0.5210373777720579,0.5762392960191315,0.42512889318959113,0.08989467017305745,0.47959112962131056,0.5170716245222512,0.4065690406117307,0.630033453193296,0.6498664463915204,0.4882841350672923,0.43600274004952944,0.5631408179521173,0.40664977688178566,0.4093646814873684,0.4058044496640334,0.5004413965850456,0.23162087608019694,0.49274165457755537,0.13138296516455283,0.4476254688275969,0.5734345317718985,0.35631736434842265,0.44481361952804244,0.4064347064866074,0.5920012892786752,0.3035421901275009,0.25369778495415074,0.3256805183991967,0.619674718415493,0.46395591798843566,0.38210613549187905,0.5343486510955975,0.42439077533305253,0.5725249683691663,0.40210533752112676,0.3691930936636358,0.6074996815203841,0.5788707967281426,0.4749904598347828,0.4471220290895855,0.6708776916840742,0.3934591806739178,0.34765925726157687,0.17381581906016716,0.6743445966144791,0.43483419618126495,0.41602918374612946,0.4255788087650049,0.3623227753306295,0.40560099354211543,0.39920729451471976,0.4482294102417744,0.6115795967024976,0.5156488142006583,0.2295006075254204,0.3535911189710132,0.2737773242699107,0.4986550502744209,0.4548456791262354,0.35712231713270676,0.5775731366957574,0.46740235376636236,0.5150560522704422,0.34989569985223085,0.5746658807791096,0.3393153957718722,0.19422489962065706,0.16037349185748762,0.5182103849697018,0.1581870907365827,0.5175699573923497,0.45408302566921444,0.5037743862422038,0.5990600851462234,0.25172368945111745,0.6563944873032119,0.20986986227224738,0.4332690541058756,0.5301798138729217,0.6332955449428661,0.5646760091966021,0.5863493052552311,0.6688941508071029,0.09763786793352368,0.3898707769440347,0.2661407559284398,0.5599399261563264,0.459833259976466
GMX_returns,0.6204175572047781,0.39655365641933954,0.6767244578395879,0.4916257175748477,0.4514795160249007,0.565979211008998,0.5986642752827679,0.6545382379315274,0.6865428972630543,0.49861152680769316,0.5747314864083108,0.4138500937958042,0.570318699029581,0.6192986205843045,0.5428050768007844,0.5375017449025025,0.5932735064262311,0.4891093166327229,0.6293164890219956,0.39725888422433375,0.6598846782226117,0.5232121313819534,0.29641374946064586,0.37319194980273535,0.5082261008100528,0.43525893032116114,0.4484044974550448,0.7029398133490438,0.3138679579518027,0.6664758654648435,0.6527813270200599,0.42452928846917587,0.5503034109280661,0.6793724902347905,0.569522630535428,0.6299271753781619,0.417891121547349,0.5602611028087192,0.574102937570057,0.36396150605268157,0.5663318691459809,0.524139437008602,0.5343682708901568,0.5630889910789422,0.5830949152604623,0.5033037895489283,0.3081054669338375,0.5170438483205348,0.4870718602665918,0.34419996273887243,0.46289459323442894,0.6383460559027297,0.6320065640611652,0.18621872278176663,0.5695575830438734,1.0,0.37138003953654586,0.49734990537196955,0.485876599529566,0.44370919568427686,0.656896154517946,0.6063625341431316,0.2536067766180672,0.4936750094266998,0.345574114586394,0.5322839285525536,0.34184249400952926,0.5938988599089042,0.2253692652474713,0.31233350504219815,0.23114691220735617,0.42110283010695665,0.47164910049880077,0.35248247994624393,0.6085319528015081,0.6178050463587959,0.36314280476996585,0.3190471131952939,0.6537976591663035,0.5319247552826825,0.44369413264243207,0.5889619493498137,0.48938168538673504,0.5873229753987184,0.5167601954612112,0.4068735302796698,0.4454923922414214,0.25632786319920614,-0.047259745637069236,0.5778989185491934,0.6290764808094027,0.5343352147661574,0.6373880450350302,0.4125013392851071,0.09137856935785867,0.4707311395106235,0.515997986031033,0.39026917973105946,0.645989549122038,0.6500346880854472,0.4904494487438005,0.4951036032096482,0.581142105140254,0.4237360632825888,0.4293909915933754,0.45291110274880664,0.5153799032796048,0.20542783921239943,0.4865427326144036,0.18548614940390892,0.4660889104829724,0.5944290054642564,0.3890605444924649,0.4845407733661438,0.4547262475990119,0.5854133339967847,0.3014757904980842,0.20989911130980357,0.36308798012326315,0.6308363760668638,0.4660231301856739,0.39075594616034043,0.5811088649167605,0.3628490819840335,0.580459871843054,0.4417970024689354,0.3914493670036139,0.6072511400812909,0.5884703358440291,0.5143065712360452,0.45211191471462325,0.6919237175887071,0.47257766058541106,0.3675656045493096,0.15079997326051423,0.6841051444652559,0.43413670392742915,0.4450670587098405,0.41792827083803763,0.3704996866994831,0.38198451447984016,0.3659879462805676,0.5296614170863011,0.632027713206284,0.5204551433785349,0.25688818855203144,0.3952226326370692,0.32317347779337624,0.4807485099509516,0.4883641310480006,0.38379367683904286,0.6071695395323062,0.5124152754437898,0.5057408715449719,0.354068524110505,0.5833805454158504,0.3362419443411298,0.19167679299107782,0.17212813402177443,0.5487417826553527,0.20334932544804574,0.49354018425026935,0.48311133375996823,0.5048647580624704,0.6216652440067888,0.256646137826473,0.6569719073605127,0.16986635704205724,0.3885505778034238,0.4546054510463606,0.6365538830927079,0.5630844709749608,0.572773172586197,0.6420161599244567,0.07039524775863684,0.3760729595624776,0.2848306462362508,0.5791605326274412,0.49041455540712364
ORCA_returns,0.29825836819522145,0.19538786327772062,0.38061662228043835,0.24276525534842072,0.2642996820409889,0.3379885122621336,0.35298801502524363,0.41545850093641634,0.34064253315181425,0.252993381288343,0.2971035269264413,0.2540452687803555,0.30787244861556073,0.3385558442372734,0.35358214076472083,0.28648611614535147,0.2529277035465447,0.2989077267255281,0.2936882144126875,0.2164240603539818,0.3544119767040975,0.2705806434826274,0.21258272794351565,0.23243960367589792,0.27421073028077475,0.3303254408179869,0.22681298424841084,0.4018813057616902,0.21961229971902502,0.35363693748158215,0.3620408534246348,0.22277259844239802,0.2522772170351971,0.3421365787128798,0.3861445754848412,0.34181443664450395,0.2082608682415845,0.2906879950042821,0.309437158141052,0.20638058785112845,0.3236719166899394,0.236382141688433,0.25926051245439224,0.3756263572508037,0.3220723735705723,0.22415630439797968,0.15300718977547453,0.2631904856701863,0.2595582018878458,0.12235906168130707,0.24944667312942864,0.41336384938536264,0.3316679275787165,0.119688593732175,0.3798231500906883,0.37138003953654586,1.0,0.2929449093939911,0.2645991785222538,0.1912546878522943,0.3445366485879833,0.30264918433567417,0.15417307541573638,0.29243939251650997,0.21577266958369562,0.3454928002792385,0.1895958086719748,0.3225133555827003,0.1927917041092032,0.1833040893401607,0.15607103609934578,0.28828998862766464,0.2594638024579644,0.1695852964873674,0.3371200842553854,0.3321665515517049,0.22761728586008392,0.20425143855881084,0.330797439923921,0.2693818234136142,0.19759541254025095,0.3267264223867987,0.27024071705322883,0.29467004529565866,0.2948238925293254,0.2970510287089497,0.22521833735254715,0.180163099784951,0.004394411422480998,0.3121214293947092,0.3101322717192863,0.2695267569754567,0.33303648930312474,0.21131159824745047,0.11083272412413173,0.2730361046827322,0.2782841958856825,0.25297736669142257,0.3647955244442986,0.3301961642895988,0.25846658664148175,0.26513919947446973,0.2992993362158231,0.2565582883266942,0.22036780751683535,0.4043630885209312,0.2729514001004294,0.07831345664840597,0.24374572927048946,0.057906552447002366,0.27475017376845723,0.322377267303516,0.2225269262136384,0.31084493160558746,0.2652415730544339,0.31338138262000925,0.1951117421753302,0.10972813021923142,0.17823037694071386,0.326219211024837,0.22622010646142407,0.17929398403275698,0.3271820691661333,0.3068289784872821,0.3914339181583855,0.2399319002860767,0.24798056662745344,0.3339144779419303,0.30701365701013267,0.2803307412058423,0.2826831840500242,0.378890291380174,0.1975605312155375,0.1947637326903136,0.07506935811187482,0.40187675642953274,0.23932496692580135,0.23323402367745924,0.23688970237162968,0.24361591749585712,0.25589245955309065,0.2030421605827901,0.32222569237880927,0.4209600755822363,0.27150290570644264,0.13729437277960854,0.15710299646574766,0.15357851595838987,0.2956171784323791,0.22531812584678879,0.19106808074212453,0.29023843731501486,0.22587508287297145,0.258960349810086,0.3002448714960527,0.3139561862580558,0.19402155971171334,0.11410207095353912,0.08839161586847792,0.28772228788544785,0.1086473087057873,0.2913200639198171,0.3043763750571619,0.25929784920625404,0.31858902512609083,0.17161995386246282,0.39030137207474674,0.1742343822899695,0.25503219264168636,0.2904301458240036,0.35069907842364706,0.30088647800540236,0.3132469049243003,0.34315016628403205,0.033181103959777414,0.22701139631043107,0.13102747489244146,0.29148053960506276,0.26423525766814976
COW_returns,0.4505341622677804,0.29649990321071973,0.481720169937417,0.32497304471343585,0.35941295622717045,0.36236596909432023,0.4356152072916877,0.44018115344081615,0.44816190513835025,0.39178071085118,0.38740088964102937,0.2794270685472017,0.4283056478725587,0.4175482112445052,0.3714524476734841,0.36636894456803837,0.3735719371652655,0.35926470389602555,0.4180293643369421,0.28215910337486994,0.4558432823900824,0.3454999653603921,0.1596025208854346,0.23637326737001307,0.34988799098094475,0.29630077703805907,0.32110253059237975,0.4830055026128775,0.2803368924338044,0.4264056090789932,0.43712911890275263,0.266627299083425,0.34577478453093163,0.4432226759941207,0.3991509477756868,0.4116716759973399,0.2912832402093534,0.38420936589874455,0.40446973766695754,0.21843357160979196,0.3419539374192303,0.39507466266853863,0.3317120554307995,0.38142455895001587,0.39003107555138755,0.32571516377397103,0.15718484488856493,0.29665424031083376,0.27735600922053416,0.2624362599843026,0.3287753878850979,0.4593021305051323,0.4502844094362537,0.14034160769899004,0.3978686278011674,0.49734990537196955,0.2929449093939911,1.0,0.4317611926226853,0.26207703614769684,0.4354739685605714,0.44780630689168527,0.17091748255453657,0.41542574284299577,0.24122871497534018,0.31128259106397005,0.32616535588685347,0.41141956956740655,0.1257325111360434,0.19928085504918555,0.1549484886899891,0.38413735045989506,0.36576419729383525,0.24719423393370163,0.4379477781025716,0.46790158572443336,0.3206144278169023,0.22893818215009706,0.44431282165574076,0.34633740382582867,0.26291470988185395,0.4170894226392663,0.37186796884934503,0.399374307063419,0.30903040425602296,0.32116507036202985,0.2822360356486767,0.19517832166047622,-0.022338590193321142,0.4011302231948727,0.4559260407684659,0.3566735935826183,0.4838079419598224,0.28819037354686666,0.0197232325411741,0.35343654042437406,0.3163025483941645,0.25599553592295843,0.47650482110868414,0.4340172707865893,0.31865877838080975,0.3394073287974537,0.4196506583299991,0.2732670625853754,0.3125120401301325,0.37638187462833284,0.3115827386985118,0.13309899568557504,0.3646839365177228,0.17917740455486822,0.4241016242902975,0.39627023967415775,0.237505089494543,0.3332674995240149,0.34765021001718155,0.4328350714411007,0.17909088049240496,0.20491985201596624,0.1935305007351749,0.44627072828837094,0.27638105166108123,0.21277004188251067,0.42099132083458596,0.26384262795863767,0.39307862715124137,0.3099221372668648,0.25670531117303946,0.41340406870824725,0.378792335214203,0.3461649800769231,0.301373483664915,0.4566054381416129,0.3949755175527811,0.2564142915206012,0.10430400967109223,0.4613707190208433,0.26565233037045355,0.29781374350915196,0.2748738454114456,0.29778669301052924,0.3088163862510151,0.2905681175618858,0.39510512004674553,0.39128565857806213,0.35142186096018585,0.18870121665687303,0.2720908306582646,0.14260887208117323,0.3278045444576178,0.35346747369085285,0.28076285592190153,0.39553629118862693,0.3711405706888233,0.36615168386688046,0.2646855972957971,0.4216482146222735,0.19749795261681352,0.12877989673178683,0.15941602041954916,0.3516704711509167,0.14791646066058797,0.35142151765548096,0.3670070148434164,0.32933870208691723,0.40571788826887045,0.15199311363209625,0.4806591463866308,0.08482457090149648,0.2814750873351883,0.3003766407291405,0.43751919213506946,0.36270049113490577,0.4120240450484967,0.43348232469108916,0.06532349908164685,0.29978047956533077,0.19844255728394183,0.3992592133603973,0.31276430001709027
ZEN_returns,0.6606011282673203,0.36253106628996307,0.5300139011303509,0.375137311062658,0.4749891353209661,0.46116781968717285,0.47729840443508487,0.5399957170031872,0.6064640477487387,0.4222236610098079,0.5121753520805461,0.33623547022563693,0.430914853584906,0.4931060824432095,0.47175507641581016,0.4490702793269202,0.49809739428838457,0.5312803944095578,0.5173270516944272,0.34951805501125494,0.59607219416771,0.3184927928492927,0.21679108958967902,0.32538495093762093,0.44118190815159064,0.3820793561962219,0.362484909684757,0.6018352050632798,0.28064145585937783,0.5535271013639238,0.555391598664098,0.35832950457745644,0.4715445458682963,0.5748596815532449,0.49598991263155845,0.5307379309229804,0.39970435253710535,0.478843344411846,0.48681321982145925,0.3328305834664642,0.47786128818119783,0.4495251490599341,0.4476592842353872,0.4808013536618972,0.4491775282811262,0.3968399758158852,0.20767009308922105,0.4183609509644106,0.42154967298687696,0.32213531447791083,0.3844294366934729,0.529462293516778,0.5788584379643208,0.1252543720565788,0.4779709215000098,0.485876599529566,0.2645991785222538,0.4317611926226853,1.0,0.3279551607878895,0.5632883390300305,0.4842231680737532,0.1700738562532166,0.38948158709182834,0.2581555347102759,0.457484389941787,0.29162976795765794,0.48851402256376686,0.18275593473359217,0.28842702628831735,0.1348221586307433,0.37869946931078985,0.3841915743586041,0.34556329287146376,0.5286431725847162,0.4630773709753133,0.3291825829992212,0.24889609276988175,0.5069752330632488,0.43389728274505635,0.38098068265000773,0.4798020954077288,0.46836632572353276,0.47672380664469216,0.40236786167290833,0.2941967830406773,0.35874048776879824,0.21732079188370285,0.006137924177516351,0.5038787647008457,0.441806431856924,0.4533541665331871,0.4911734919522335,0.36346103293629545,0.10175489037311156,0.3975968880122472,0.4827147530760587,0.3394257567385302,0.5433336196242466,0.5477530759650282,0.40552488785288293,0.38009124923796733,0.5113038975601067,0.3399539694456927,0.3470209812078984,0.3296488729445024,0.39592537084756263,0.17437595861511088,0.4326078768009916,0.16221715888990632,0.42270415973666187,0.5259575724403314,0.3243645736691323,0.3832163456826258,0.36919378013232657,0.5570687555654389,0.2556415153641948,0.1782281092656358,0.30517622708126635,0.5192058582114066,0.40704273399910124,0.3169454057579967,0.5077414363490982,0.3537000345911624,0.46132522041964513,0.3574634879000203,0.3473684922344848,0.5081916058460597,0.515990352913577,0.3988396489502229,0.41404028878102533,0.6151153234804618,0.40268175319954785,0.30278398434885767,0.12773823043414187,0.5869473340485372,0.31344443427229063,0.37413120852767673,0.31557832314603507,0.3374326036150059,0.3711912281492031,0.3557622228641475,0.4344934013407912,0.5211407804049775,0.429072434462027,0.24485299388841958,0.308064234409773,0.17145937189387817,0.40440994226246185,0.420698663897619,0.32459900685865317,0.4693443531495868,0.42161529236405676,0.4316449165742875,0.31899825209660865,0.5259718966389927,0.3149573475762907,0.13906087094589287,0.16741217074740863,0.42786102155437883,0.1748433135646326,0.43345944023433636,0.39224152274614627,0.43936541056716266,0.5429726747942806,0.2028160615000571,0.5283628174793726,0.16706098133842556,0.3626540718354267,0.39216619107338435,0.5457724670182242,0.5237553617996468,0.519410971713386,0.5910412959041679,0.06871394753234596,0.297878566172518,0.24784036376741633,0.5069651697259953,0.4429141447426236
KOGE_returns,0.3920564907415261,0.3061677018060927,0.38860583774726737,0.3383113824941,0.30408925015766003,0.42254399138735704,0.3725582174480809,0.426160544953284,0.44890493210253013,0.3322176542912629,0.4009793481074569,0.3186155313126341,0.367298783283926,0.3983178688539556,0.3279680234297971,0.35482042256645463,0.37829445193370614,0.33554764215317023,0.37328995052784536,0.24577392126235506,0.41498819848058344,0.3202934454257519,0.2577518123168567,0.21011003612359683,0.36914270107735087,0.28834718135940646,0.3063762564791758,0.4121187243251235,0.19832134792773887,0.4116598878475328,0.36424660857173297,0.26143594488356486,0.3201156121791347,0.43841558415480375,0.32609045426860606,0.388956436025775,0.342264867297685,0.3409444388211309,0.3558651690690674,0.25814800582326464,0.35787269973398483,0.2935987076144482,0.35706028631948794,0.3608579284516851,0.3716562550574065,0.33194176819229637,0.2649565114660728,0.3279996195041232,0.3413444402573657,0.27650133556871,0.31708720719315503,0.385812402321219,0.3800018329864702,0.13893657918673977,0.37459493351486417,0.44370919568427686,0.1912546878522943,0.26207703614769684,0.3279551607878895,1.0,0.4147961213006203,0.42185562708075874,0.17387657183313024,0.2824128924532123,0.22708603025811064,0.33644065856367295,0.20217328839323048,0.46835529839910434,0.2031182645784308,0.18990176238970397,0.16912426440669381,0.27676294959701275,0.312068142324919,0.2291362937917518,0.412928213365908,0.3783553731073591,0.1958766310827883,0.2718413137274699,0.41702693856312295,0.33896032422773203,0.3115075074420158,0.37271979788848913,0.3086434992094141,0.3937427548347583,0.3196727098206032,0.27791482464957923,0.299393746483883,0.14077606921486444,0.0028710283325832507,0.3974814801925445,0.4004618742652712,0.36306297323334197,0.44492432825132233,0.22953539556641012,0.11257765026544757,0.31202234785616934,0.44062362966223956,0.3269130310147539,0.3900395537302693,0.4270073165380526,0.34810660861980947,0.29670478240912235,0.403121698384308,0.3189342308344751,0.3153628424907714,0.26695975734123667,0.3127460726596433,0.18445323269491257,0.32699743868745496,0.12659242553001865,0.28376627492424394,0.371327854061874,0.29071224560395326,0.32170990636922336,0.276472661278973,0.3785628589198643,0.19001117374632118,0.1272543151893563,0.2606475707281353,0.42701932745445864,0.28525140191840453,0.2831785868972462,0.33536969742646294,0.2526695889503082,0.3622737974352905,0.30629706224731496,0.24131319658536401,0.37420826834586524,0.4081246886382144,0.3922636501027684,0.3065767587630339,0.4203469216921758,0.3098581939383815,0.24499225676570635,0.17283634826637495,0.43040862471680835,0.27950047528156013,0.3288722016002574,0.2983388009853605,0.2798334937479944,0.28174186642770893,0.27845822145491805,0.3695593092176347,0.3567512206883911,0.3017521475510846,0.14509782207077615,0.2892649895470491,0.2154053013690995,0.3170389618342704,0.29220796000144345,0.18375134509446978,0.37271069895295256,0.3033161893728709,0.354058976310246,0.24421385780645719,0.38045779718480566,0.1709572423843612,0.12022827756636985,0.16896499551105035,0.3686902535807466,0.12488997634464914,0.35198972217298574,0.28003360920944864,0.3504960389556429,0.4094330486945894,0.22310805796478664,0.4013576213795342,0.1910020827726587,0.26363839566256086,0.31919582160449933,0.43962925884869214,0.35731027491545625,0.37414160635183763,0.44503747099948127,0.09688979086451355,0.30685154454476127,0.20117044879814291,0.4012727184377588,0.3399569785171129
LRC_returns,0.7450400311808678,0.4142731359835294,0.7280934251008173,0.5301576447498539,0.5545785284896839,0.6224775085980991,0.6542792419883455,0.7305274039854499,0.8207219262065302,0.5529906824176813,0.6892891185143608,0.4502696074119699,0.5695927691456805,0.676784675893631,0.6575223892071752,0.6733173341532037,0.6444274374871404,0.6127090408493765,0.7201748784075973,0.46986999108715016,0.8019185258060615,0.5204215064984891,0.29669114849306816,0.43435263569106847,0.6325653736964922,0.44539910144523975,0.48320431992679724,0.8060187711789135,0.36061040707202763,0.7464418757564213,0.7184733674929955,0.47766717218154037,0.5944386895807294,0.7821242467378231,0.6292341195551785,0.7234517527544106,0.5083928519160229,0.6232323128765874,0.6808491041464225,0.405853817737694,0.6320736669846959,0.5757255753447724,0.5868566928853604,0.6586954569180001,0.6805523979655616,0.5119304247290171,0.3667643408499093,0.5881998303343643,0.5918072770965912,0.3328653375087117,0.5326081486867819,0.7203852160025134,0.781991227701745,0.19402655807426195,0.6654214985702844,0.656896154517946,0.3445366485879833,0.4354739685605714,0.5632883390300305,0.4147961213006203,1.0,0.661455667350663,0.2931744763784976,0.5100547724249258,0.35830311963157074,0.6512072475350991,0.3686826915497654,0.7005294494101785,0.18748791644476748,0.3969982178757839,0.28200550299411214,0.46052061057092825,0.5182276365747643,0.40069416034041816,0.6873259608803814,0.6454041377306472,0.4193755664861386,0.32627832968193715,0.7481413668808528,0.6023704921789305,0.4937314711549019,0.6590222822890096,0.5678153165987115,0.6379529823115541,0.5337683710363331,0.44239625889632656,0.5280902228614599,0.2973693596515811,-0.0013977468080585364,0.6805746417625536,0.6318308241334429,0.6039684266630938,0.6432315247429595,0.4850149807112966,0.0966058289197818,0.5559551717037283,0.5723467790295541,0.488578671651631,0.6995250633839336,0.7949440160154104,0.5542999412724187,0.5175845486966869,0.6826097765700577,0.5018474963659203,0.476825666093682,0.45959147865505634,0.5751574451977572,0.2890340923656666,0.5992036291585178,0.19555449918743684,0.4962817084682235,0.708229370609164,0.4236451672280758,0.5656670787670999,0.4700250151171619,0.6702987042204573,0.35389663740919985,0.2372250684399625,0.37662828456174074,0.75000570456232,0.5226010300210056,0.4249362134582067,0.6177188950847223,0.46271434488402036,0.6437330865076634,0.5529079169140775,0.4468482684976115,0.6950348402326002,0.6666403825470296,0.5635691312035052,0.5005957995540967,0.7817398406182899,0.4407813549817342,0.3720469350037011,0.15597441882492072,0.7754153428569183,0.5092355716645657,0.4647126567128814,0.45174739948369075,0.43250331324294383,0.4565234197245354,0.45690971292537613,0.5397211940812869,0.6535815972048928,0.5749704939296382,0.23454555912284747,0.43864260420566514,0.35408730766209284,0.5391152281117209,0.5569104481891015,0.3913097478776637,0.6820655593164309,0.5208358408365524,0.5922290734102961,0.38618342418334994,0.6499062813692472,0.4340477230477659,0.19453922397884574,0.22382137169859023,0.6209393060858773,0.23961531507656708,0.5739877055291476,0.5690363192192719,0.5851635895075249,0.7449501170694145,0.27667741405309954,0.7297698058628541,0.21797993132986312,0.4369273593829616,0.5295476807802749,0.7246725977041713,0.6728158023952704,0.6487982006174813,0.7639648660419968,0.07701495523137628,0.4202105255925714,0.31587033031696066,0.6318313313411424,0.5653374409734383
SKL_returns,0.6281562390691129,0.38301728618984554,0.6651700298389399,0.4520447823081884,0.46570655021014856,0.5418055339473178,0.5794927484619417,0.6433763813370244,0.6878133527573493,0.4864871906669417,0.5926249764304646,0.3940361597402858,0.4794012461769636,0.6117299462741229,0.5838867890288849,0.524925230690241,0.5674223202376496,0.4895101235420102,0.6032674934535939,0.430268841114439,0.671508231273917,0.4777196765489154,0.2495978494031188,0.36894755679147206,0.535278434736278,0.43821908858182573,0.38494037299915723,0.6755031278828639,0.3149431271378716,0.6414875924163124,0.6105631071158545,0.414284418218201,0.48177928021716787,0.6514137628769799,0.5041277959365412,0.6117169705504449,0.4449382044936552,0.5422790923302258,0.5867091508185749,0.3328033182471241,0.5354055810214583,0.5120462746383175,0.5240349046727529,0.5709428302722822,0.5995375033401449,0.4909557797847345,0.2958826372222524,0.5448216892938694,0.5033242742762626,0.2991134404037037,0.47280388480184404,0.6203673546275396,0.6575506890881974,0.21052392477413667,0.5707879923194542,0.6063625341431316,0.30264918433567417,0.44780630689168527,0.4842231680737532,0.42185562708075874,0.661455667350663,1.0,0.21694700216746599,0.4380736444815237,0.3105458096168038,0.49022135579251447,0.36005325407286115,0.5911962879667246,0.19631556661669816,0.36728836761502165,0.276603704954284,0.445870967304662,0.43226066825927617,0.3043923269313943,0.6050232674232775,0.6053007420828946,0.3685034082016161,0.31006049631468324,0.6523207904561313,0.5103795401399857,0.40760073593300755,0.5559749901680263,0.46782128690378827,0.5327379242032548,0.4491819148708588,0.35236418987926504,0.45192119165222006,0.23496865023266883,-0.0045456041906571576,0.5524387703730285,0.5485658215644315,0.544317584566224,0.6286023969036618,0.37488541009867193,0.11931578670555447,0.46190233091478267,0.522563195917054,0.39667965392669563,0.6496941523778094,0.647449904087416,0.49196686696022,0.44096869241348696,0.5869449404246506,0.4333237513042123,0.4546707283336293,0.39918018207503936,0.49371525131741933,0.22997131621333386,0.5097283574317143,0.224002058164098,0.44713548299928324,0.5700786796040178,0.3291465768999606,0.46959937599591245,0.4370391832234025,0.6357454688388893,0.2930874212682978,0.22452543619183743,0.28295370256233743,0.60857562359344,0.432087033004954,0.34290743723178224,0.5418571180649029,0.37276898972174455,0.5437089806562486,0.4561253155942918,0.4067931174314965,0.5584351199768169,0.5972036645532683,0.4847734050762188,0.41387089736113897,0.6656597288938699,0.4016019937022929,0.3290367393712482,0.14467192245778512,0.6779096315487793,0.4404232283034822,0.442267572046348,0.42360625009372105,0.37458926243400875,0.4129666127783783,0.42216435446303463,0.4692202062847929,0.5839352322300307,0.495357856225832,0.22680784320096958,0.39818591091314204,0.2970318316748896,0.45315462487641467,0.4717990787911551,0.3410766582330794,0.6150229844034445,0.4553813494222262,0.48671737941792836,0.3541848232197892,0.5645249530404848,0.3605683626379477,0.18257774166714258,0.2063937019439775,0.5216282549172485,0.19485338100729674,0.48159005324486204,0.4421243642533355,0.4977659613807157,0.6024725557547013,0.2410608787323038,0.6323015132434346,0.1903064321550859,0.38679260528476406,0.4698748442487874,0.6512610345788609,0.5340690517804123,0.578360860687206,0.6759133260713501,0.08272637356633479,0.4171186203568472,0.2551346840944809,0.5663456943152174,0.44152757341460624
RLB_returns,0.24989820066388832,0.10909610590859553,0.27871020694430876,0.2572091523929981,0.15424893297604783,0.23035880823113786,0.2357042656752624,0.24295659254175977,0.2816866860525909,0.18809227211115898,0.2888667870885522,0.22218522881433522,0.21166899736159592,0.24992609658712278,0.21521512062131334,0.2589828166827738,0.2518372916589354,0.17548275797750057,0.2394545831135153,0.15792449135523592,0.28213593242993495,0.18402215976409628,0.16087378036035221,0.1654352208041187,0.21591022466629056,0.16564539989776117,0.1654986642856214,0.2591819216602468,0.15015865778466822,0.2669776423231667,0.2324755544939263,0.13085667091443295,0.18405685165038108,0.29107380848173303,0.23402916164803955,0.23793983208944341,0.20004760628751572,0.2089230344691122,0.23580188023116463,0.15220770324322588,0.20703613591964135,0.1574805830858693,0.22566310881264165,0.21343075742535103,0.28128808123697285,0.1962926409478881,0.16145035887373807,0.20158755349937682,0.20031967506331194,0.16813905416813923,0.15975355963059634,0.29064107212937407,0.26997923534304785,0.09595126343457955,0.23763620040617675,0.2536067766180672,0.15417307541573638,0.17091748255453657,0.1700738562532166,0.17387657183313024,0.2931744763784976,0.21694700216746599,1.0,0.1807589029649739,0.11265227353690158,0.21603273720235477,0.11216081955296694,0.2632832272221866,0.1369104350184752,0.1677955598205615,0.10465542267564498,0.22066938403536243,0.23643753657106004,0.1645964360702396,0.21730167448082363,0.23017074359147371,0.12487572394399594,0.06247379841726459,0.28463371797428094,0.22734101183612895,0.17102698107153386,0.28085101189808115,0.1928604366515588,0.2503968448703975,0.21899593813770474,0.16545196289579878,0.21321632185442133,0.11859949031356817,0.03342338489415568,0.24767616300980355,0.277055826186861,0.20190789674085016,0.24843205934995682,0.16198878886132922,0.061897564681697125,0.19573117349715433,0.20729744658876162,0.13508658188312808,0.25248908414815013,0.3073445353661849,0.20861148747570102,0.1621674478170038,0.23757046122808903,0.23311684536709634,0.20055922525096218,0.15074710172299316,0.22576214938052694,0.13936951304420253,0.2247207796939472,0.08069653600458077,0.14782295805060588,0.21896174085486783,0.16211761332819136,0.2091937161642558,0.18753634790829796,0.21949972679451726,0.15291161611949597,0.07977402888868787,0.15138965428665946,0.2910077441979766,0.18105993392640435,0.11731802800254261,0.23604988633400958,0.12815205378618802,0.21745591184871677,0.1809896842413708,0.16589374575057972,0.21109442313738602,0.2612506705651981,0.23035440656784756,0.19219420747684388,0.2566220699079913,0.17548448444343065,0.1255198895458751,0.02188825302598448,0.27042104275980344,0.22506153416080435,0.0966706099594857,0.19382790987555717,0.16218642632625388,0.1627271250876907,0.179895173981764,0.22486010801519693,0.2536891183250717,0.19528472821229242,0.07451336643205461,0.19997551003242797,0.08363355241285951,0.17761220249333343,0.22030135232871684,0.11305118022397517,0.2540217456155596,0.22737020094727559,0.19319481811189435,0.15447589322654945,0.23066740329684648,0.19526687023582207,0.05164432533355093,0.05269497012410457,0.20341167834524718,0.04128810481832799,0.2585107430946525,0.11612354097772797,0.24278576597595397,0.2921281200919549,0.13562946169165088,0.2685775506850839,0.09568446715030239,0.15700166799062346,0.19122891182200902,0.24236692675754667,0.2943160397069276,0.2317156526270278,0.27228360535928114,0.09234355027610316,0.17346916533292808,0.15279594406929758,0.23422105811311722,0.2139795776617077
CETUS_returns,0.5135445513607292,0.3144415975398181,0.5003652086263507,0.3338764006642802,0.38642014755250625,0.3831141140003324,0.4880003743305746,0.5349611266931751,0.5198349008480508,0.38885856156490156,0.4368584022896188,0.3023845426948911,0.43725818640541153,0.4632946146400363,0.4262314743029171,0.4001491346322307,0.3995606628408276,0.3680606097513089,0.46267029234431417,0.3021748082570895,0.49997127216200904,0.3590498938634996,0.20965101025831345,0.27151161058417106,0.4010730675829588,0.3127520961694715,0.333991267978411,0.5550385693640217,0.325164419455364,0.48040235000783366,0.5150131435432811,0.35530301070034453,0.40035379902421925,0.4948785912183488,0.4579218561845111,0.4785705228128516,0.33141026637422205,0.4655456814200495,0.4998303619481087,0.25921181564454165,0.4481612015438393,0.4158682617591378,0.41444402112097317,0.4385586371853373,0.45769265266266157,0.3753009641320675,0.24064677262794468,0.39116753161392204,0.3588005613276368,0.29888106472804526,0.38067597238648515,0.5263561341221518,0.48372282696628544,0.17314205212431294,0.4706387242389025,0.4936750094266998,0.29243939251650997,0.41542574284299577,0.38948158709182834,0.2824128924532123,0.5100547724249258,0.4380736444815237,0.1807589029649739,1.0,0.24252774798837995,0.45663953482137015,0.27688085301635,0.45308568916196224,0.1846896747317031,0.23311258322758713,0.16166452381663268,0.3296051129934489,0.3279367151641572,0.28258126245735726,0.4802800499754853,0.47914247835154794,0.2748427304123145,0.24795854568951506,0.5128740612018204,0.39799921474783584,0.32469561700335037,0.48303993293269654,0.3915917276556802,0.4192332004373281,0.38793367164827275,0.34517754323777733,0.31650042086658603,0.22734759615430292,0.02957893538305197,0.45283684732800333,0.446596266812666,0.4893805632780971,0.48145054361875705,0.30953088678595253,0.058320010120073186,0.3367119180162659,0.43335245753819956,0.32594475401386513,0.4878999717836409,0.47954450111807084,0.3768528497354345,0.3544786905957311,0.4385634251501744,0.330244097952133,0.3186964600778435,0.2819943427535252,0.3978388067998397,0.2157736785949555,0.35726953832679104,0.12408958244264118,0.34179312306298554,0.426621357524525,0.28922664431802747,0.35359416614209277,0.3494163605573248,0.439893779033293,0.18590003063632832,0.21403122005056835,0.2394053038073526,0.44873130573430736,0.309211256160124,0.26214050978491965,0.456216242440865,0.2846170287981661,0.4794518269257829,0.34246874775669467,0.28323552490987597,0.47019028072847985,0.4299187438362704,0.3836015850344061,0.3750671537453067,0.5049957324913529,0.29465123065343174,0.3048998401700244,0.10690152027673996,0.5442207648360293,0.35530498686162154,0.3165678781879104,0.3749227148196209,0.2826282204400075,0.3180382177494665,0.3229515602901914,0.39806848916009485,0.4856464550223976,0.3913630036222147,0.15869298888544184,0.28856846538068837,0.18206633919642756,0.3958320507300813,0.37320706100927037,0.3517465736188957,0.4541817061492359,0.3415151832857115,0.3985075971421754,0.23436673363091906,0.4560765268225067,0.196255005484723,0.18068338066137254,0.17291933695921055,0.43617636204057936,0.19185378072781956,0.3664530508273552,0.3915773649986143,0.3461384266749864,0.46863432252521514,0.19610996201069048,0.498285730455799,0.14249420570819402,0.29119033395488864,0.37692571032202277,0.4755883957043068,0.423605627486793,0.4749160444274949,0.5227144294758886,-0.0018284054942197506,0.2984436786407005,0.2498708582943748,0.4485663011331283,0.35505878876778846
WEMIX_returns,0.3490044331262808,0.22783618223602617,0.3024108937530562,0.2843162168885723,0.21852569953680318,0.3321320264359577,0.3074196932200706,0.3207797165920556,0.3617414796035593,0.2674614645091453,0.29409563684350615,0.26886394828014687,0.2542155363572076,0.3128678813964579,0.24271795048288122,0.2625588988117532,0.30939894590131095,0.24562189970462467,0.2980002958946249,0.2220794859800137,0.35086966293323696,0.2665488778492833,0.15649323930393721,0.2455490812157892,0.2739778725898865,0.22359655169927126,0.3221143539726684,0.3656669669498531,0.15665169780008792,0.3755562809887455,0.3378772342553121,0.3028457414434003,0.2402353754060111,0.3819161217383141,0.2739168830251967,0.30045887581657477,0.25832985793318375,0.2352875163864942,0.26690896018348986,0.19861608251766305,0.2769715143344205,0.32557233329547103,0.25878983167455655,0.31199084933414206,0.32134858728580956,0.21999184497628738,0.17117959680938244,0.2786955044486666,0.2660436824131576,0.189079594174909,0.2370892969240575,0.340252038678541,0.37471971348582506,0.08893123941184304,0.30607002162861524,0.345574114586394,0.21577266958369562,0.24122871497534018,0.2581555347102759,0.22708603025811064,0.35830311963157074,0.3105458096168038,0.11265227353690158,0.24252774798837995,1.0,0.2885635168052398,0.2273241559093091,0.3185207313784436,0.09648581225488433,0.17020020171901165,0.1452037324013207,0.23417092484644828,0.2502217799409807,0.23547959139700925,0.33646188750521866,0.3339776433063345,0.2054082284213033,0.1309171517044308,0.31207608849535834,0.25719499013067965,0.22260679185309729,0.31393758805063887,0.23928416371575187,0.3332570816933756,0.29612410300455466,0.19190183594613444,0.2567558932939036,0.15694477131051865,-0.10518528142677981,0.3038482782455479,0.2896383084543304,0.30397653354062876,0.3174227579172724,0.17181956493096426,0.04036598346360942,0.2268624467186095,0.31650501983288987,0.25548290303895166,0.35019102115409173,0.3765367136647919,0.2595609126780805,0.2437688039459127,0.33722020992250584,0.16845858153190454,0.2247483062546652,0.23467422198944715,0.2825890354336491,0.14742443995677124,0.31803491231753844,0.18451768575459018,0.26880957069127254,0.3261571941666622,0.1835529163798282,0.2503755347556315,0.26165116933337146,0.3021019201285872,0.21794255355554384,0.13602581857085666,0.21761296178899986,0.3181069614262819,0.32291210754070804,0.20084402642403196,0.26509237156535953,0.18401293061761143,0.30979551026518126,0.2430485864005295,0.2175176727010146,0.33349286400639144,0.3041735950921753,0.2902818425604004,0.25367160460347654,0.34591404420261573,0.20803658016146032,0.14340524967890275,0.11884629953472792,0.34775896937272927,0.25655903103575645,0.2278367672291608,0.25558055169966154,0.212194932602552,0.21626761166446565,0.2503460712470964,0.2663849140044719,0.33001999467054083,0.2306055979451715,0.1707421082542128,0.2318085199430288,0.2050993730659016,0.30283784933127167,0.27739823160839544,0.18565956866388075,0.3631022832068733,0.27490438386721205,0.23023271924460106,0.18579155946529427,0.34960087801014894,0.21122501356041143,0.08805101552933246,0.18062535537234406,0.28400669143277674,0.13929999042225355,0.3145375149593929,0.23720671496344506,0.2536991002119642,0.36006002273754917,0.1862951098940604,0.30567616507845335,0.10860348923504816,0.21111916838586617,0.2770722986631477,0.32059147031911384,0.3562653328474213,0.28027140667106243,0.3415128595934878,0.002221181780852476,0.20335340449188244,0.13905362607312383,0.29548940069496027,0.2773378612103881
LUNA_returns,0.6135590345107971,0.33016649906506235,0.6043470459779091,0.4015880564116833,0.433798509250116,0.5208624880962214,0.5409429569719116,0.6378347119771127,0.640748487160158,0.43728221869456146,0.565362814826359,0.3830247893954375,0.5072563611054148,0.531750652608725,0.4945626260283762,0.4321723119975613,0.49618305951999725,0.46564649074417325,0.5536392506036746,0.3822326474258281,0.6197903826431377,0.36175785923240106,0.2558618392944884,0.35215710522614796,0.47071131763642593,0.3289422740616467,0.42549117949499554,0.6461133477469385,0.29602034586628345,0.5826627750440104,0.6044026513307512,0.37811852687868996,0.48637214884422064,0.6032391396440461,0.5588359074200425,0.5723657292909163,0.3932322388671856,0.5697069917758755,0.558470186341334,0.338702325786896,0.5703670921040986,0.4772066206840974,0.4728256791543803,0.5020658279135112,0.5695406789655052,0.4044378944695805,0.25809577985495613,0.4652050005397073,0.46505940287838404,0.255354581453455,0.4358258597294934,0.5787907863825856,0.6205372071604258,0.18069034666328337,0.5387251951805995,0.5322839285525536,0.3454928002792385,0.31128259106397005,0.457484389941787,0.33644065856367295,0.6512072475350991,0.49022135579251447,0.21603273720235477,0.45663953482137015,0.2885635168052398,1.0,0.25663027643549724,0.5414092784408816,0.17987120744064214,0.30682724425142094,0.30892063018593857,0.42903212827898085,0.37680718044726863,0.35669487196802485,0.5423021735513753,0.5159985790645003,0.32258692119204196,0.2875919194702786,0.5849610923829692,0.5051858530207723,0.3914176375209199,0.5409644721127351,0.4502521627770221,0.5133006807506217,0.4451027815870664,0.35217987462536565,0.4035510538463521,0.28274296466032256,0.055679070509566345,0.5201832485980281,0.5270698277240687,0.47254547191264124,0.5862261090866536,0.3536518242299701,0.08465627707784104,0.4855036395107042,0.438691961865922,0.3599252296975359,0.570772851544717,0.5943065929045768,0.4732241606202172,0.41799858786559285,0.533956149334028,0.44676316346635536,0.37036210059059077,0.3597788338790743,0.45697595334765406,0.19374882509165162,0.42074465015686974,0.1361949659436779,0.40973345263854366,0.553367935446874,0.3183529358720567,0.5891701176864573,0.40872825419648406,0.5371424089356599,0.2654060696152046,0.16925370598223202,0.2888144963991805,0.5720282855579635,0.4128489279466991,0.3208590316121099,0.5078271753752404,0.3225642539200068,0.5731737463367256,0.3773807030866975,0.3735086390453845,0.58232522728125,0.5130940255474323,0.4602272296409207,0.43139209957307784,0.6256268013482044,0.2909931450893913,0.3265828442312332,0.15077750720490882,0.6572528680532342,0.4443628323323544,0.3737575849370608,0.40524442170827174,0.33399095099948056,0.37879234469850975,0.3595128373538435,0.4978524063795626,0.5586430902774039,0.47510614096026327,0.19074340859907443,0.3527759957923438,0.25789037977094204,0.41360390676312053,0.4524847220727535,0.3310632107556246,0.5396331879424436,0.42645072728609873,0.48817548333240735,0.3329583688733786,0.5474243635126853,0.3786459004081111,0.14719116654306097,0.1637339257539535,0.49856458891684236,0.17945048920734616,0.4203814879402858,0.4427488800995224,0.5302493822391706,0.5708320266601876,0.20915591441612127,0.5906357129723339,0.20449410218329186,0.3373740747728205,0.42822866165881296,0.5831272603161566,0.5183818377237959,0.5424698970606799,0.6302615799560948,0.05183571735146801,0.3287476241927978,0.24531795697215225,0.5292229715439407,0.43799339391448705
ZIG_returns,0.32583398587913204,0.26687114075670065,0.3393170686635477,0.2685724242465853,0.3123032257522323,0.3330627637998181,0.33468895394815174,0.37867350862176136,0.39084236957015206,0.30123667923256303,0.3248141562189225,0.2251316139681936,0.3008086111810046,0.3289984862357596,0.3351017000094936,0.3074018771365233,0.25357711455837534,0.28756822381129393,0.3510005733206556,0.2901410705179121,0.386762339127445,0.37227666558029254,0.22397762949006367,0.25333531580643814,0.2763543128399186,0.32011506634484205,0.31032559005336574,0.38988350085985635,0.2741370267942606,0.3449443446023445,0.3379673537403903,0.20637217476533443,0.3244404192721199,0.3808253067835355,0.31515507163543105,0.3582316493704864,0.2559320856506821,0.2811398053691571,0.3111591769853434,0.21061120997505356,0.32254679166803873,0.2573553580679848,0.27007789127346987,0.3792186873412024,0.3274088243073304,0.2498013608601545,0.1658996077406501,0.2468029788065488,0.25714749612307497,0.23560650199564698,0.25358634759374366,0.3584494132233357,0.3241043980844424,0.15109249704378902,0.3713550087911484,0.34184249400952926,0.1895958086719748,0.32616535588685347,0.29162976795765794,0.20217328839323048,0.3686826915497654,0.36005325407286115,0.11216081955296694,0.27688085301635,0.2273241559093091,0.25663027643549724,1.0,0.3079005983370832,0.10742828722638875,0.20864944556519033,0.1578785280152874,0.33135229284901846,0.264690832137327,0.19946388846816512,0.35915895092629185,0.356198681576623,0.25562075166675446,0.21945140465546348,0.3257641899845411,0.25924779213705634,0.2578322908204132,0.29313653558131914,0.33024799640848373,0.35256726382129905,0.2573784926880887,0.3264519537721903,0.21932703401870135,0.20638452249270395,0.06865425825812883,0.3376396218387966,0.3327029239291662,0.3366698266797142,0.3301713960795855,0.24528116534309596,0.029229431203758042,0.32890935915966846,0.31541459481440787,0.27476335137093727,0.43896203073609663,0.3517362090222066,0.2534432725456185,0.25279315558634946,0.3526930449935442,0.2665769053502958,0.2805866599652069,0.21062903974637573,0.31876619562187936,0.12170778894799182,0.28128943113957516,0.18682302305562673,0.3041884911472545,0.2934466988848648,0.22119087744892765,0.2719778242447307,0.25968587691025014,0.36846773554860845,0.16063225327457803,0.15783335451716737,0.22498484544319808,0.3317661249796434,0.20939780467094077,0.19855156004255856,0.3208010994904636,0.2888754826379633,0.34161033198636537,0.3343812967951679,0.249657481725952,0.3561333297743158,0.3541692391727273,0.27884112382740794,0.20885974636380536,0.3521102785678749,0.3084433340062991,0.2598298384292611,0.08809925040957843,0.3598943942394148,0.30987707362239975,0.29600028418174273,0.23055203348561532,0.3601237421530181,0.2639791776898061,0.25438826239337137,0.3157961379208624,0.3287577380529765,0.27445630871320836,0.1526312852878247,0.24358964918820544,0.14725177760139022,0.3022640158029688,0.2781600913624092,0.2224145871635819,0.34285318698788875,0.25516316990734533,0.2748091235339649,0.18010226790252062,0.3625762554082138,0.16901371219287709,0.1455648431050484,0.14506842556313276,0.3256301943115898,0.1260523170381244,0.2841598736241406,0.21978752601195356,0.2758934116149288,0.3350328839011082,0.1640369768146765,0.39423838977050707,0.12335268008935116,0.25722650003237196,0.26494191667819283,0.34312309640430916,0.3047451771719522,0.3365390963909437,0.35961339221845484,0.1191822197135901,0.3028193026948098,0.154424109203479,0.2819167177955031,0.23945349522398338
ONT_returns,0.7039328990611793,0.4071365236406556,0.6809511969847776,0.520968958969409,0.540761535974436,0.6032519473800687,0.5708757056405583,0.6876484579115703,0.7943270482419932,0.538003410432703,0.811781282494457,0.3852487150454868,0.5447890022206361,0.599376694894469,0.6099950364079106,0.598466511713207,0.5731399496076119,0.4914103652304881,0.6461006950236662,0.4584635612903682,0.785633238938721,0.47726076398587913,0.26347897836652096,0.3909320493551902,0.5342691328456627,0.4508295758522266,0.5560544997973031,0.7017025470065399,0.35983210805212823,0.6855271147368189,0.636635979872242,0.3950003537450051,0.5336055241349371,0.7281671624137113,0.560594293103607,0.666910934060864,0.5241168592456412,0.5541442709621988,0.6195697465078782,0.4015684065507398,0.5914426734241215,0.5295124404810153,0.5800052102546198,0.5565773295812884,0.6126268885315772,0.45035702816408013,0.40269282425874225,0.5748892624711098,0.5220535705314422,0.34450006568983327,0.5441715127554998,0.6518292961004369,0.6983941656638133,0.19678937865495838,0.6107411853596272,0.5938988599089042,0.3225133555827003,0.41141956956740655,0.48851402256376686,0.46835529839910434,0.7005294494101785,0.5911962879667246,0.2632832272221866,0.45308568916196224,0.3185207313784436,0.5414092784408816,0.3079005983370832,1.0,0.213403105800769,0.3633526493248276,0.264494213818484,0.4270305651289223,0.5298988895475459,0.4021119333269352,0.6900361927520586,0.5525428098731681,0.37611408713452915,0.30896409190281526,0.6893459614601667,0.5696328014490175,0.4844542664139746,0.5823861575588263,0.5382992122621565,0.583529460713888,0.5000773272123064,0.38055210499345976,0.4813345211865679,0.2707300347760524,-0.04342099516947426,0.601667134241463,0.5505158861293123,0.5434765794177168,0.5852130335625046,0.4328014593978479,0.07398770632626667,0.4944809721542877,0.5657701632135306,0.4276784629565502,0.6293453501075622,0.7516276358268836,0.5069253240687834,0.44642015043667665,0.6789453244400534,0.5132312021218248,0.4835581637282146,0.39215557325563233,0.5107898361067572,0.26546330763644493,0.5762455167785535,0.18710906319006163,0.4548210289486092,0.5996042265941304,0.4541740188512047,0.5582135192104041,0.4591673055706984,0.6133918932843713,0.3271452073886304,0.19075698440166003,0.35660132044682885,0.7384431824790726,0.5137897461012739,0.4094599250893472,0.5388860552046891,0.4095593716860665,0.5680027043179636,0.49109444524289564,0.4491358703942978,0.602975749126445,0.6276279760542807,0.7416510269175827,0.4139747049785988,0.724827923412838,0.40822139840961136,0.33581893034610727,0.21813950890845754,0.7085791501453508,0.4379772070001446,0.42404990299873324,0.4819678513844151,0.3644369995454073,0.49510699621146514,0.500297426800466,0.5058280339406848,0.62492481386331,0.5151645070469205,0.22904904610145185,0.4787246770102738,0.34238545187657393,0.45897923753131686,0.5847718573884009,0.3474395728902709,0.5910627674741051,0.5063401692423646,0.5480208668766656,0.3772577824796031,0.5755764868400296,0.4489189469237881,0.21244035859304644,0.19219843559930086,0.5609498851076604,0.16819934782331958,0.5718898434387235,0.46815738180860295,0.578440975320984,0.6925324285346506,0.31693322481176495,0.6578489329663365,0.1918499097204756,0.4735424619514128,0.468795634641632,0.6299487351730669,0.6008494621572056,0.58450460631856,0.6830480491033277,0.10635611685920368,0.42240178464206646,0.3258663871962873,0.6042020110726973,0.5900218097162476
MPLX_returns,0.20544833696512504,0.12520668166637636,0.24956158127123318,0.13138025667361503,0.17242395523589263,0.17231015580767742,0.15929143516710986,0.22328561791139603,0.20458527984891503,0.13495995724088797,0.2259400530359431,0.1922867962503323,0.19118173237105743,0.21799029233613382,0.150057004242214,0.1793645997844421,0.16091845304169514,0.17886065712605342,0.14049649655126437,0.10076458144726318,0.2553010357862905,0.18158544128865886,0.19405768981537366,0.1227825104745152,0.14986527892888934,0.19805944375192783,0.15445647967897116,0.2097776742537929,0.17958180309090388,0.2217277044782287,0.16510875891111815,0.15796413408886997,0.15154602588017238,0.2600039439233822,0.23570438887671355,0.22694857742315583,0.18135120544626196,0.16976804582880103,0.2118420117009895,0.17318318160077315,0.20153550009946825,0.13072685318291233,0.19634477341710727,0.19734481409627774,0.2335176727308102,0.12256287952157134,0.14131593397818823,0.1889041040758037,0.20751002146460934,0.1283698195473953,0.1902518874062438,0.2362159785257069,0.20031435399973024,0.06508821726128709,0.18442268203920534,0.2253692652474713,0.1927917041092032,0.1257325111360434,0.18275593473359217,0.2031182645784308,0.18748791644476748,0.19631556661669816,0.1369104350184752,0.1846896747317031,0.09648581225488433,0.17987120744064214,0.10742828722638875,0.213403105800769,1.0,0.11495613765032688,0.11840428233345733,0.15748013160264954,0.21243653553518424,0.14870602162268892,0.22039472113196268,0.23920813490292436,0.1747160267266367,0.1144160643322045,0.2022325296772917,0.2042265821916001,0.14492657798997513,0.23798914494247317,0.16076165511978285,0.20478954404561145,0.2127708687260489,0.18125838055591773,0.16812810631367126,0.13113842411242257,0.05388537692188563,0.2383801595983004,0.19085711947656273,0.22961332903472936,0.24037290388537813,0.09785341297141409,0.08452962506093616,0.16079363437279523,0.19388526429044192,0.19030161096922216,0.2614866978870101,0.23594563740163949,0.1695672277876664,0.18448156236924682,0.21121574352308067,0.16183457001286802,0.15425126974156766,0.15001752479370203,0.17137509616264668,0.07808784475368083,0.14887010788419316,0.1130294889540593,0.15384626426513076,0.1870314874644559,0.1320073864325641,0.1572995924282665,0.16682178411099666,0.19815823041164035,0.21112472788869724,0.16370098673927141,0.10922680106989935,0.2229278597066437,0.16538218534647103,0.1298847846725514,0.20309994886123056,0.16998090995330983,0.22243914482736238,0.15615678402559904,0.16077423653212947,0.1934132174359476,0.2037804202578119,0.1571306157907979,0.207065953191337,0.21176322182117918,0.14705900040846995,0.1328112584691693,0.055200101055459194,0.2194567942736899,0.1795213698238994,0.17408134049283197,0.1917541828795721,0.19488755223648185,0.12529457547983766,0.11350632417395087,0.20698946133511553,0.25682736543231127,0.16672375334793893,0.13038342445878523,0.13651054412088878,0.13799567723629436,0.1408515409706204,0.14369554466195145,0.1245864701304122,0.18980819029497242,0.13948561649235783,0.16294337223569666,0.168507657448581,0.21115546566719492,0.12022003675152763,0.06299084379782606,0.14436122969606915,0.21016299824701198,0.04999401085441333,0.16879279847638143,0.1264279545417994,0.15051676727251256,0.2151530780670767,0.08870593823570619,0.22504598815042076,0.1655524378848679,0.18781445659919255,0.1658688102260712,0.18657835243755402,0.21599406142022975,0.20189899292905378,0.19151759036670588,-0.03384721700203994,0.15905402656821144,0.09919293110989467,0.2118221447193164,0.15803981547375562
DAG_returns,0.4002770631781434,0.25996194975269926,0.4093151905827909,0.3024722899415412,0.3038608771014187,0.3256591412777136,0.3330265152301796,0.41262698696259525,0.43661551700875545,0.3127800350258236,0.37186715497477907,0.2348787220463096,0.26392418394613293,0.3856493542954078,0.25891936821357814,0.33861994385626937,0.33494697810522944,0.2887733702599956,0.43060334285570834,0.2909970330993233,0.418446990559905,0.32983589690301046,0.11338618282876148,0.3021448130408221,0.2918504155062079,0.3055527230404827,0.19846747473932108,0.4064504637350277,0.19375088260632084,0.43658411341648706,0.3716985240018839,0.2004737334163242,0.3278441655619775,0.36602969298370486,0.33271075895194313,0.34417222434864897,0.30986370110150163,0.2737767575566966,0.3720127158430704,0.2516103484514662,0.33018656685547565,0.3175294205870205,0.2895240462362286,0.36421144147390805,0.3184833664396846,0.2976147753605933,0.21792040251359712,0.3175816370815437,0.3044913265353988,0.20309843189281215,0.30682290001045465,0.35856973817879023,0.3953434624888974,0.11332231748228498,0.34338779941719716,0.31233350504219815,0.1833040893401607,0.19928085504918555,0.28842702628831735,0.18990176238970397,0.3969982178757839,0.36728836761502165,0.1677955598205615,0.23311258322758713,0.17020020171901165,0.30682724425142094,0.20864944556519033,0.3633526493248276,0.11495613765032688,1.0,0.13971291970521174,0.3063087935605568,0.27107047034227194,0.21556698287931597,0.38075405677245305,0.3328275692708242,0.28065507305725956,0.22399760303349037,0.3453717760281107,0.2899950384134007,0.3073421064112524,0.3291726073570622,0.2744270850860785,0.32475211448207225,0.30021544549760704,0.2664596400010769,0.23921215230490012,0.15959962472592312,0.008781066504365585,0.33035036665283474,0.3078282445633677,0.3184871500887636,0.31909264649576236,0.2465645785126829,0.05446983086176869,0.3358624599713758,0.3255074264695006,0.24323548833919983,0.3316351978967674,0.41173350541831355,0.3016664436133254,0.2518005607200049,0.35149389992198776,0.24631643696804792,0.29274964014256266,0.30419152638983077,0.29556112425107844,0.1103969447512655,0.30318436326768267,0.056413493162778106,0.27373776571179903,0.3601651330327394,0.200442229189261,0.25681730257951146,0.2535576757820047,0.36471089233086956,0.28545688450251855,0.11670016967394951,0.17556992768058544,0.3608350800629419,0.2538824449586366,0.24966393311260893,0.3140617461349135,0.2642881537622963,0.3110771234059852,0.28837316627147147,0.2699717357768908,0.39110657158692785,0.3637236278174411,0.2787945658113143,0.2529874353165284,0.41610994008386126,0.26719952879687864,0.1817775435848331,0.10055064220938621,0.3963535057639823,0.2703761425609301,0.23630237254709213,0.2605659521359556,0.276723421650408,0.2741527634369078,0.2809665390677401,0.2763714175379037,0.39585375929159233,0.30839316272003836,0.14347837379782805,0.27270746661217304,0.20964320720441182,0.30155223853029833,0.2908399523789768,0.18741622460007545,0.3917456981633936,0.32055301611147863,0.2700934244347081,0.1862127315220207,0.35451917209189854,0.2926470898454134,0.09539760814080067,0.12989043616267337,0.30931963680943053,0.04696404969429487,0.3332636070134215,0.28785607802641483,0.33601594375836896,0.3313023823698029,0.1318394393359881,0.376433705266575,0.1473507176962367,0.30389091089573883,0.2609983300125229,0.368195029335196,0.2998959496691364,0.34413327580464625,0.40163580598794735,0.12538337028358318,0.2763962189814529,0.19892033609524015,0.32796337449304624,0.2953560625689343
SWFTC_returns,0.2262443322202852,0.16744841234492447,0.25722777632702376,0.20691583598538027,0.1361264493311226,0.29541214860166937,0.175239818876535,0.2397580087324681,0.26391087975165833,0.14269481113599466,0.29046915751276864,0.20248181320420808,0.1934357380738099,0.23858820866490646,0.23060102559233317,0.19759434908037068,0.25807047949052647,0.17585595343344024,0.20389275585673672,0.1410426164013021,0.24284892214433113,0.22800013985596665,0.13221682337181737,0.15695368940803756,0.19443262218531063,0.19047668701589218,0.1703130064673698,0.24074287765177896,0.16567626377314382,0.21340447493290213,0.2712393938105238,0.25472906371426135,0.1958998924230737,0.24990724227493735,0.20226599700270873,0.24787762522685,0.22008575448636128,0.27364569855754717,0.27192808924781847,0.17142894953562046,0.19649287425227085,0.17752873396122706,0.18868075665291553,0.23560138771908856,0.2487248392035557,0.17864567742404394,0.18457810941096953,0.19762727797020546,0.1979882829925257,0.11038701988106447,0.18285876243808918,0.24666785796448712,0.22635489174128226,0.0557450580892461,0.244249277033192,0.23114691220735617,0.15607103609934578,0.1549484886899891,0.1348221586307433,0.16912426440669381,0.28200550299411214,0.276603704954284,0.10465542267564498,0.16166452381663268,0.1452037324013207,0.30892063018593857,0.1578785280152874,0.264494213818484,0.11840428233345733,0.13971291970521174,1.0,0.13811035919023396,0.15750428406452688,0.07578168821227807,0.2264636317656591,0.26795018623709066,0.19431550329407005,0.11573086957304092,0.23744983484517615,0.26338316294100234,0.20380115451905922,0.24303930398622173,0.17083508251516036,0.2707158570312243,0.18271967776103779,0.1834210939342428,0.16690395114499137,0.06809273759923885,0.07644887659194366,0.23872305663843232,0.24523158256988167,0.2111837853718529,0.2631835857282227,0.17937387790315407,0.05164102259050383,0.2503318636424768,0.21039824365970244,0.19535847531679995,0.2707776594799074,0.2444837376404517,0.18597348516076057,0.17990845121731813,0.26060063020548063,0.2484996858540288,0.19910363555075403,0.18382195762214568,0.3007611273216228,0.08742585865324994,0.22395930635107866,0.08011556913042904,0.1890592178615147,0.19451506451237816,0.1235285222251399,0.3567698453602024,0.16983916139668462,0.21286752303938397,0.31813908943796043,0.13728627870051116,0.12385688254012235,0.21871682249379726,0.2273316615467247,0.14993959973603185,0.20932189478929872,0.18573716176003777,0.2154050091930599,0.23246577542805005,0.17201227931073385,0.22831822300879742,0.25034383323036175,0.21113934052662395,0.15585846271246068,0.2301571715875592,0.1037575888782044,0.13501241389604524,0.137856265120614,0.29441212965976604,0.21136135340280288,0.13059188189692106,0.14227976219052965,0.17268334355314668,0.15013494194176172,0.14877238786163308,0.2714092739654676,0.2308907780625792,0.18876920294761193,0.10984224361880457,0.2062072975415324,0.18706145412678296,0.15734124282687215,0.22094100737606645,0.10975990206329919,0.25432017947036667,0.23652357774542349,0.16025497945941616,0.16278149306897644,0.22722089532036446,0.16862321726079588,0.13454310054008686,0.10351631288067045,0.25269905565403633,0.20267572819180782,0.221098973588703,0.16750538725891537,0.23621062740983498,0.25334195798974857,0.0586830441180964,0.28841337051821514,0.08661589197186681,0.15487834803013234,0.19490574516589035,0.23133617283019442,0.22590522621625056,0.21290493341104114,0.23943747458454914,0.0037668358440339066,0.2224183169593709,0.15592844360429348,0.17027085352040602,0.20360571165449948
PRIME_returns,0.447639995001066,0.315077677169129,0.5202709224561717,0.33200216150622497,0.3702006583100699,0.4207087687970805,0.43156960056873434,0.5082969669012426,0.49214753936068173,0.42326642410628323,0.41441628367357586,0.2721783886932045,0.4111647908829988,0.47141715218478036,0.3983029784429584,0.39810395234408735,0.4089742224665955,0.42438770886355276,0.41808235525578813,0.31267460298046,0.4725247908547922,0.4318571056005076,0.22716297168382893,0.2920360682887273,0.37756368258748585,0.3474001728508867,0.253783139744844,0.504838178087431,0.30392109540839085,0.4946510547879225,0.44883223693487395,0.2790628530293902,0.4088597559570543,0.48693369486110366,0.3704728391319866,0.41304593077897905,0.34281592793942184,0.4023415494803065,0.43832085354942574,0.2736226732862287,0.44683982580653037,0.3424462255407295,0.3414102448021826,0.45636097609782306,0.426817943341408,0.32874788586105397,0.2331478438310017,0.3679445641343183,0.32722838603220716,0.29069252095803516,0.3456679304936359,0.5211389841829763,0.4859267431761477,0.11041862786577579,0.41543043615055075,0.42110283010695665,0.28828998862766464,0.38413735045989506,0.37869946931078985,0.27676294959701275,0.46052061057092825,0.445870967304662,0.22066938403536243,0.3296051129934489,0.23417092484644828,0.42903212827898085,0.33135229284901846,0.4270305651289223,0.15748013160264954,0.3063087935605568,0.13811035919023396,1.0,0.2764679528170021,0.23949801909044913,0.4573986771234696,0.42799489950649633,0.305662112917723,0.29021129170532917,0.42983809080528695,0.3348673573247076,0.3256098948885579,0.4732385695576568,0.3339650688133918,0.4115799637518348,0.3874973601051059,0.35952989970350235,0.3098502819117195,0.2286567397391718,0.027320386904311187,0.46487874854682815,0.4396476349598297,0.39229769468781256,0.47196597801676293,0.2899550364814739,0.13736415824400222,0.41312149978674945,0.38153243517878027,0.3054567365053785,0.5491862087861169,0.4509925540926353,0.3545531077013169,0.3964305928828587,0.4385710600180183,0.2954574378155366,0.31837858134008273,0.36437914407817823,0.34335704998914446,0.1718062363389375,0.33726167782975375,0.1540705129465037,0.4421190720114129,0.3980179464228802,0.23036890947754993,0.36409257575545156,0.3235851462718593,0.46652492363459963,0.22941342386944252,0.22640244075951035,0.2775420378825673,0.40864873167566224,0.30363420332349345,0.2618268632129262,0.4201549705204079,0.30704494042073954,0.49945562106503133,0.3808707390067216,0.2800860950952471,0.4568325036616552,0.46806227705277964,0.33352958637818536,0.3458776338903683,0.521680267403658,0.3323583438584551,0.324855499689234,0.15744084855226861,0.5112800240118802,0.3759926432451613,0.3437778443752767,0.28213982765178625,0.4083169517026145,0.3521561730556592,0.29767412655754166,0.42215964646557785,0.47939717889558386,0.38394699408113137,0.17521638619750116,0.25937453627634094,0.16590140225104205,0.3731255775893577,0.34736939852324616,0.24237948312874527,0.4356845071222467,0.36615580112373897,0.3856794639421798,0.26277406076222015,0.48628895248501525,0.2623260306644702,0.14680450297731237,0.12383630509833705,0.4137036182038273,0.16368587003632382,0.3571405318318731,0.3738203517361848,0.3616026873959499,0.41248186257885694,0.16320227895835182,0.5060094434210657,0.13215096575330376,0.3048247424802339,0.32517508832216563,0.45061622599871776,0.42836154438162805,0.3924771741849556,0.47729018796523426,0.12289718491445296,0.3351633798533709,0.21662705758973438,0.4186662585854049,0.34224051916096115
CVC_returns,0.4806461258391808,0.2923175863112554,0.48383881424730674,0.4659559873428972,0.4007406309489009,0.47730009319905015,0.4285082986544625,0.46137504828473225,0.5447071913910888,0.37732561122721486,0.4934238998487239,0.3394352918641164,0.4229005434843145,0.45770432708442144,0.4385831990268338,0.44682701339477704,0.4451367924839031,0.3819912770118746,0.5047499648582355,0.29434307464324067,0.5637429531681756,0.330568561057971,0.1689177837860709,0.2559662394994622,0.39460702564308814,0.31439278223681943,0.3687289668029682,0.512054728702874,0.2262042678891908,0.4858673913604504,0.418990921795511,0.28521883159393835,0.3747802610290858,0.5568708938084065,0.5279631433641031,0.5033770244833845,0.4619442923174278,0.4345798836063634,0.41642603028482883,0.32071529961116596,0.3966224324508894,0.36701104283808317,0.48543002809648544,0.43183181556885664,0.4786073402988669,0.36738872867007544,0.21624149309404195,0.44766626424452294,0.4099862327023399,0.24114212047657438,0.5060094394310316,0.4582933140769284,0.49933420008249885,0.13245620211561204,0.4245272606347512,0.47164910049880077,0.2594638024579644,0.36576419729383525,0.3841915743586041,0.312068142324919,0.5182276365747643,0.43226066825927617,0.23643753657106004,0.3279367151641572,0.2502217799409807,0.37680718044726863,0.264690832137327,0.5298988895475459,0.21243653553518424,0.27107047034227194,0.15750428406452688,0.2764679528170021,1.0,0.41060359005717995,0.5168746600697729,0.409041455255249,0.29981484662819363,0.22551849640296312,0.5193049208984944,0.4555487236999587,0.4175197024778504,0.43320219215491407,0.4087801327089404,0.43230290381669884,0.3214711379947881,0.33324474340814897,0.36315149849184425,0.19443332107677722,-0.03643469222049093,0.4444496029255375,0.39097858044609163,0.45404655000841476,0.4180651461594153,0.26905048906033124,0.10275830722683177,0.3454563324709696,0.4266485443641797,0.3352220708040326,0.4553021473357746,0.583737733845561,0.4072196609281091,0.33569658562134047,0.5436352627815464,0.39862450491731605,0.4341101129746959,0.2670508441898056,0.35750196615139723,0.19274979257144081,0.49979538573969606,0.10174019989315619,0.2711830599796608,0.4533210982416244,0.47720674901428756,0.4351852547725287,0.31993611960141466,0.4410311095829806,0.2834083725471847,0.16065733362355755,0.23322021186083852,0.5362493665052886,0.3884659841719942,0.2742324545369425,0.4095598864675287,0.31006900110863284,0.4307906938256193,0.42119063637560117,0.42559486515680084,0.4378651817300729,0.4370923122438412,0.4708776111257703,0.34464734031729205,0.5056231202983926,0.2981297964846919,0.26458600588051123,0.09814947192769362,0.49871975118968526,0.3264715619695779,0.3410038142257823,0.441710781472709,0.2768466572503076,0.44924425632345144,0.41500663577684865,0.4080543617318955,0.46481941692488843,0.35268309113661717,0.18901812270088975,0.38098316827240164,0.2640492218383544,0.3777725063235496,0.47890400560080815,0.2880482134843785,0.44372942481829764,0.3738326540981854,0.3648453336170121,0.3049243558573664,0.41972493155975077,0.30142489107809506,0.15503705121670813,0.18463602147748573,0.41385036449002005,0.18004438847149848,0.5278379209833869,0.3429204698968698,0.4610796715179444,0.5353730035296113,0.3412676867634653,0.4671791507035668,0.1524619362935034,0.3468771894904385,0.3453623095640257,0.45298481049680334,0.42108105815984753,0.43185678684860745,0.4960264559380298,0.11781365316974757,0.31949297748919325,0.23450012252070263,0.44386802419492355,0.40654395797482784
STPT_returns,0.40576447392687653,0.2844831198986826,0.3805746611719544,0.34282936472206715,0.3244394192235991,0.443187382942766,0.33288762100162345,0.36975768025502176,0.4467655351408586,0.3076039567411683,0.4039277035122157,0.2785038851063501,0.3068845085015099,0.3544894072669294,0.24198695593793418,0.3475547412689587,0.3554871840875467,0.3097187761129477,0.3897417430568633,0.2582178256495389,0.442138744652536,0.35742701397308185,0.1867339650186665,0.2092640586548842,0.29333691474938456,0.20863994749757003,0.3512119243777724,0.41719048125784647,0.22115639872084364,0.3937934375475781,0.34585989285976154,0.19963594387847705,0.3363068769820321,0.44981751787852703,0.3264146265073381,0.36799529966474287,0.35276422301207727,0.33447521326026664,0.34014550275557753,0.285274330217238,0.33507823937801867,0.28201140171678885,0.39424768100733376,0.33463211978895235,0.365133521429614,0.29053839256334146,0.15569648137590275,0.3725860977670895,0.3410839019809899,0.22698258949211658,0.3525426196345236,0.386255714851919,0.3921701104406079,0.09211849180360954,0.33222307446361354,0.35248247994624393,0.1695852964873674,0.24719423393370163,0.34556329287146376,0.2291362937917518,0.40069416034041816,0.3043923269313943,0.1645964360702396,0.28258126245735726,0.23547959139700925,0.35669487196802485,0.19946388846816512,0.4021119333269352,0.14870602162268892,0.21556698287931597,0.07578168821227807,0.23949801909044913,0.41060359005717995,1.0,0.402636604701876,0.3339619846374181,0.24181428773998945,0.17354283625216285,0.3977795037724328,0.3747003774974109,0.355683807682424,0.33412201420371324,0.3662034727998568,0.39734476462603907,0.28489198748068156,0.23354844115560783,0.3329990308099339,0.1829852785958418,0.018083337645174134,0.3582620526253001,0.2904376385548176,0.32682504268878765,0.33883596132918264,0.22664524902232483,0.08724882437553615,0.29613065121202337,0.3491144683177504,0.2595206399795191,0.36886699071689144,0.4839642521777874,0.28652027655924417,0.266232873024776,0.5109690651519057,0.3680285882555327,0.3345184446212582,0.22734781662383657,0.25031479142635493,0.2006949319043109,0.40452352610035053,0.06352652515202681,0.24718924006934725,0.35021231173298106,0.3798654680720417,0.37931495790058295,0.30610717475289667,0.34252786887580383,0.18792885156300043,0.12624025396664731,0.1796034405799157,0.4368602029439246,0.3768576731672855,0.27443234628660523,0.34291101333029816,0.27090407635450603,0.2846026178733574,0.3615306068769874,0.3707529555323421,0.3845264144295217,0.3169828776152169,0.39387439512755434,0.2902885015687307,0.40691501119525236,0.26613275050885904,0.19410834166368496,0.11376210788420674,0.3780248265182389,0.28958027055906405,0.30715828650832766,0.3430754643473063,0.19649629280777467,0.3981931677895368,0.406113009107968,0.29864732381963544,0.353792593927232,0.29597710476812084,0.16627653585294766,0.3247032915932736,0.23608772061718494,0.31914402742505493,0.38885909506531474,0.2529266054325529,0.3483528421485897,0.3103707811127883,0.2895143323748978,0.2636751489917867,0.35939864567441254,0.2267197090688117,0.14359355456882408,0.1036369074516204,0.36629769120163813,0.16379766124396974,0.4588670127466457,0.27845520162061166,0.3924493412544555,0.48502218602640057,0.21769143362704077,0.36992855163933974,0.14869592289598077,0.24355896958869863,0.26999549554616054,0.3634310935646904,0.33602000529924686,0.32711771406373197,0.3812349522094099,0.1001890078846977,0.21846327822034245,0.20117958071214995,0.3263222479232837,0.31154205218911313
SXP_returns,0.6957077135854697,0.4466090828803807,0.6438346673397041,0.5350355347126033,0.5215850028270693,0.5809464052984699,0.5890126563330325,0.6601063934620908,0.7565363142717865,0.5311706229707931,0.6653040741477971,0.42884184279145365,0.5387543482494919,0.6131144287827631,0.5574244514540749,0.5937251418163033,0.5627028024956857,0.4964459036665799,0.6675026543197777,0.39661701781032255,0.7518072086792559,0.4785321561057766,0.2895850966508385,0.3929249713941477,0.5555656630905759,0.44928597684166655,0.49433022437800983,0.7009198931898336,0.3243524352274282,0.6788481105825875,0.6165000039258931,0.4000668618870321,0.522367194954903,0.7240689109980222,0.5570843883879466,0.6588615817059174,0.503192546825213,0.5352591481438485,0.5674124039125599,0.3973768063390922,0.5942081164397495,0.532621281693488,0.5950739275941106,0.6073010002099547,0.6226758028342283,0.48664237949230327,0.31193342439083915,0.5551685023018644,0.5342301417261556,0.32964987967685305,0.5232261141275696,0.6446336403328,0.685276861543626,0.21361191943748187,0.598009696004893,0.6085319528015081,0.3371200842553854,0.4379477781025716,0.5286431725847162,0.412928213365908,0.6873259608803814,0.6050232674232775,0.21730167448082363,0.4802800499754853,0.33646188750521866,0.5423021735513753,0.35915895092629185,0.6900361927520586,0.22039472113196268,0.38075405677245305,0.2264636317656591,0.4573986771234696,0.5168746600697729,0.402636604701876,1.0,0.5693858621260839,0.3660620716938375,0.33455764956316447,0.6574824069628625,0.5620876857528005,0.4960040219236465,0.583311539905603,0.5346369324234385,0.566151362682596,0.5011149737058134,0.3797311397959721,0.48909587655284686,0.2759599882416924,-0.029550587648122805,0.5863446021574001,0.5566071355426053,0.5598619509634915,0.5779737411272076,0.4462942450655845,0.12404753960246473,0.5034932471321055,0.565190272473809,0.43029997108693746,0.6286332738780575,0.775471118556593,0.5043760351280233,0.4426093956451877,0.6806619474632662,0.5174456591664519,0.48921777722740073,0.416122545709687,0.5171112911637481,0.2839647281471305,0.599798792056722,0.14096128329759777,0.44925132426146963,0.6111035395953388,0.44795540666408634,0.5269111211279964,0.42860706899649964,0.6214595702826647,0.3277713022702276,0.22584630353087737,0.37068185401888915,0.709979480399628,0.49435825617751966,0.3940555908358937,0.5627879850680186,0.41590006333884155,0.6690988630856151,0.5054475365821991,0.5033746649822859,0.6230781893979193,0.6174973445792078,0.5749683343083082,0.47803660964279043,0.7213469247852227,0.47727008437203894,0.35443940360561277,0.1807029700843512,0.7101966442912722,0.4491114087548305,0.4158096233692136,0.5205798825131863,0.41000254053569696,0.49220777173293556,0.5128463689749129,0.5347921037117661,0.6265245713531618,0.501763018514216,0.24267850065224164,0.49710853870169075,0.34980838051744767,0.49387881773547165,0.5617075781877475,0.3735253931421944,0.6014448463246338,0.5385440167407856,0.5284793699925037,0.3918866069550467,0.5922683428042221,0.3947089337962989,0.2184318423001403,0.19606554569826756,0.5527638977404158,0.19845223861403652,0.5982732537559147,0.48147534478777587,0.5829903333855919,0.7234366682390678,0.28655025091055475,0.6508674684621297,0.18644577893534114,0.4479794367301606,0.48081061925797997,0.64177358807122,0.5942302599460878,0.6060264997603275,0.6870583350358362,0.14939314548484317,0.4616816065637105,0.3130353625156707,0.5893379434251844,0.5297064652976069
METIS_returns,0.5948207315366408,0.3438615532149648,0.6625489829265264,0.4339955677055293,0.4413134127671414,0.5375003950625069,0.5737168285527361,0.6568211817696142,0.6516995560569716,0.5098001116913305,0.5549144467210895,0.3861106510776224,0.5549845547866037,0.6112466680216007,0.5072981271634063,0.48301417291876414,0.5510824146405858,0.42996077726352827,0.6313804479455246,0.3922673340275414,0.6150598896021754,0.4793235859525989,0.24948294422814515,0.3900258889517869,0.49344632397129773,0.41482453559638544,0.4092988005427499,0.6774610172819727,0.3611424318443423,0.6060007469807328,0.595591647455532,0.38438056011968924,0.5027682229923477,0.6223513281420343,0.4971745130831912,0.5868096844362676,0.4029794797245487,0.5637483184839446,0.6087631107135434,0.2883231415544666,0.530870836180957,0.5100072563723138,0.5045688879495555,0.592778345240416,0.5462518003014702,0.44609533066337864,0.29114016528745557,0.4745236978778863,0.43048332115964005,0.3237700470298912,0.44550357571293653,0.6439947274631304,0.6033328661201574,0.2231193818939586,0.576293975679204,0.6178050463587959,0.3321665515517049,0.46790158572443336,0.4630773709753133,0.3783553731073591,0.6454041377306472,0.6053007420828946,0.23017074359147371,0.47914247835154794,0.3339776433063345,0.5159985790645003,0.356198681576623,0.5525428098731681,0.23920813490292436,0.3328275692708242,0.26795018623709066,0.42799489950649633,0.409041455255249,0.3339619846374181,0.5693858621260839,1.0,0.35113782014682343,0.29624664921913557,0.5600361206675767,0.46514302599053653,0.3720298089084615,0.5536577318991744,0.43649191588843295,0.5339239657097442,0.4596320975520747,0.4132199472082808,0.4196304957025148,0.2594617829911988,0.00876923455032599,0.5595787969672648,0.6044319369828568,0.5115120891583133,0.652529006287629,0.37758396617872764,0.06006589058356526,0.44243689684159593,0.486462235778177,0.3978176641632865,0.6496720365430764,0.5903211349026903,0.4614807293917928,0.42705540281803767,0.5498512726170227,0.40768447173148115,0.4255532471546425,0.424814782347958,0.4823795231210278,0.22831508605469356,0.4418053387190275,0.1910906318207018,0.4417841026441414,0.5254515175199592,0.3106549969495653,0.4605587679350761,0.4110217756673091,0.5621849617768429,0.28707893485109254,0.22789973296366628,0.296275102541208,0.5637523290582044,0.4252726651004988,0.337919224901635,0.5429739744022556,0.37109331645566834,0.5400591492671726,0.45721824031560193,0.3845649078517674,0.5979893538420454,0.5355868223603012,0.46291518336857285,0.42069555586735,0.6557914442619667,0.4064272155170428,0.31535126236853867,0.20398578182643518,0.6673997770778527,0.3813731438715958,0.4059201549910624,0.4001249741076112,0.3817396161560957,0.36451323419639964,0.34149643526865664,0.49924368655867063,0.5692757006794109,0.487258231503498,0.2459768523112056,0.3398428910079381,0.2886939445448958,0.4873170121236393,0.4499245383837778,0.3925804288977112,0.5571390000679988,0.44770588048970805,0.4740973391254039,0.36883625311325724,0.5277085078076319,0.3313549461847224,0.1656475266252931,0.17843783491155915,0.508418203733907,0.1950226977127802,0.4540206072572994,0.4904844930454767,0.4608623371054592,0.5703644538815454,0.23927250328619762,0.6614263528160116,0.14834969925732905,0.3770298270648656,0.44155995751884136,0.6167722885837064,0.5215184369927509,0.5131090028782895,0.5979303818787112,0.09229490128613818,0.3860487835941776,0.27805831336833237,0.557390822953583,0.4869061048935365
LCX_returns,0.3656250063940117,0.22364632720049332,0.38724037924500626,0.27490652651158876,0.3034311561792686,0.3528434816265512,0.4196393999197376,0.40988128796728834,0.42552548148013264,0.3058584102589647,0.34506712115168525,0.2643000737659938,0.3482219506234487,0.39176314098942827,0.31875411050980584,0.34688254563712445,0.3282005234406592,0.28733200934383124,0.35792023582878335,0.21758685040667178,0.44595906510324756,0.38090164861891695,0.18199971877676208,0.23901868650579053,0.33411875113517603,0.2876084811123318,0.2855540938372328,0.42184531369618855,0.24084954228512534,0.39374693335032096,0.3909982608333657,0.2655334669755842,0.31928562481884615,0.44065882985687843,0.3464939575609708,0.3722593558619959,0.278583928820344,0.2952784698641988,0.3754979456315766,0.19842286792762873,0.3358080858094016,0.32858195431304854,0.35090316769474766,0.37824370872794,0.34969314512837296,0.23892198835251346,0.27961208229225265,0.2967829805534004,0.31463835445716587,0.20791903565667091,0.319449501575057,0.40463289695010213,0.39352586429407077,0.1466056496397421,0.3615509545656564,0.36314280476996585,0.22761728586008392,0.3206144278169023,0.3291825829992212,0.1958766310827883,0.4193755664861386,0.3685034082016161,0.12487572394399594,0.2748427304123145,0.2054082284213033,0.32258692119204196,0.25562075166675446,0.37611408713452915,0.1747160267266367,0.28065507305725956,0.19431550329407005,0.305662112917723,0.29981484662819363,0.24181428773998945,0.3660620716938375,0.35113782014682343,1.0,0.1895161710415851,0.38018044248908966,0.31060647776636624,0.2966311935203363,0.34657742282821985,0.32198260377084775,0.36376221120834934,0.2800063612157382,0.29273627498356103,0.24909773404029784,0.1947165632735056,0.028706272735537018,0.33799457256744264,0.3540077536309045,0.330315998989056,0.4095505182113768,0.23725777413679536,0.063290013852045,0.3499951719398232,0.2715670213272098,0.25654223717095825,0.4073379832883591,0.4266796433822366,0.33693629727463226,0.2654237151772006,0.38727560649449017,0.26277021372115666,0.2620006202426649,0.2661170587856826,0.32613194605906465,0.15346851317927382,0.3883565666847088,0.07368536527808275,0.372405302602795,0.3090811375222297,0.26884134148204786,0.3674596425479913,0.3339887103320283,0.3796297074455388,0.2607673213692258,0.18722705993441208,0.2554662002880955,0.3938185192507232,0.29109353239700586,0.24235474755818828,0.3477508070719365,0.3209528702638269,0.35763867301294955,0.3454520591409409,0.2620915820436434,0.36756866091990126,0.38067240453845286,0.3275920062089917,0.25124358370651406,0.4025433441548464,0.24411482314661564,0.2281208329487967,0.0988394708394273,0.4243330548191725,0.2933559061940625,0.244873129904217,0.24866438067484575,0.3319919121749971,0.30081551413431545,0.26243986826966514,0.3380247806738338,0.3885539897056514,0.3278233283981124,0.10521503731947116,0.29866719741860853,0.21338067966647925,0.3611015848437229,0.3277959066675153,0.22538738361960312,0.33702774298731253,0.28776905299248745,0.29112110459399276,0.2177816061493899,0.3694770395582209,0.29287428728844167,0.17412027550718717,0.14129064126306093,0.3590599300517693,0.13928435518612167,0.32144404078910804,0.32044759590015254,0.31201996201252047,0.3967833972822691,0.14249379803344586,0.4288252559635265,0.1330738548272689,0.2639651790478167,0.27598089111115043,0.4020231752335971,0.36484824289384316,0.34470199171335136,0.3866536878168929,0.10517391192282483,0.26076719101152596,0.18215063603073472,0.31573192278112655,0.2780173447310202
DLC_returns,0.31333831161086484,0.24486674998274452,0.3072475760451439,0.2567980493034604,0.2224149605065956,0.4239186845181432,0.3013865113208919,0.33079174743872336,0.3812075363055285,0.33914630364102527,0.31465937171117536,0.22345661970627675,0.35061649347129253,0.30201187767908716,0.2579715622982994,0.253557146986737,0.2661465754129571,0.24952411197560634,0.27203119343029314,0.2014041141536313,0.3558268983841114,0.2942139895530016,0.21178944367891975,0.26300088836394736,0.27195122728127563,0.26543225895229716,0.19590979612419013,0.3361689332776987,0.23259436202747039,0.3232888697284786,0.298925909525814,0.20417582560446013,0.27626309708577224,0.3337268541554618,0.272911685119894,0.34014656342588634,0.22089154634979827,0.2887520259555973,0.3082684084165928,0.2025162894646867,0.29350091687319674,0.23689181673822002,0.25874339343595154,0.32030340962913806,0.26955781773090026,0.19505920696103254,0.17924761357694738,0.24390865242607723,0.2490857861760878,0.19354048865269782,0.26627640859772433,0.3307416328197058,0.31157262115028145,0.161060366609948,0.296236111753122,0.3190471131952939,0.20425143855881084,0.22893818215009706,0.24889609276988175,0.2718413137274699,0.32627832968193715,0.31006049631468324,0.06247379841726459,0.24795854568951506,0.1309171517044308,0.2875919194702786,0.21945140465546348,0.30896409190281526,0.1144160643322045,0.22399760303349037,0.11573086957304092,0.29021129170532917,0.22551849640296312,0.17354283625216285,0.33455764956316447,0.29624664921913557,0.1895161710415851,1.0,0.29292657825423196,0.3059589333841231,0.23205055346690576,0.24601700415352837,0.2545277992808461,0.27489188169925066,0.3191517668522355,0.22213131998596183,0.2464481583577986,0.14663818454777539,0.02780566906463221,0.3234026655781707,0.3006887983331832,0.24954932747871994,0.2964990694259896,0.20012520924189356,0.08638626925077908,0.3266615189891013,0.279565928915796,0.27354307032114694,0.3166109227864603,0.3201493026600624,0.2508907967242826,0.24779116019200922,0.33033950811227575,0.24349111063689288,0.21154802355151625,0.23071315376128257,0.2190535802387967,0.07994487878597147,0.26759775688097515,0.10611255159659022,0.2714591018337786,0.3010856207748048,0.21938703793183426,0.21936372020221842,0.21669782053656253,0.3180378199486054,0.15785885808804925,0.133056011431906,0.1842918534331912,0.30434498370614543,0.2437272432023624,0.2051050028929786,0.3370342646326244,0.28653647611702115,0.2826977648091891,0.22486397339507355,0.14489607507290558,0.3051662391584956,0.3295798436541361,0.27671852458182505,0.2071741090298719,0.38567036003588495,0.27496195329137313,0.2497950541343885,0.16927593058976473,0.3645102682346999,0.1883288731045088,0.24091425343488046,0.18986399124744763,0.20455299942467056,0.21481860675170086,0.24779752799083485,0.3240267819433031,0.3503540401177632,0.27502019462806443,0.2293357498293004,0.21719784602065925,0.15909504570341243,0.25057260456258806,0.22276264719294142,0.21550580657800011,0.3005258217283525,0.2767936252576317,0.23580365062029063,0.17913516358927595,0.2567447813791568,0.2185821249890446,0.12489831777096586,0.09081172202858284,0.27028180964619963,0.12108027087467393,0.2669035276126792,0.22802320341999222,0.18773660373435117,0.30714010167362427,0.11231784891535344,0.371391003899339,0.1566489867191543,0.2969506759875355,0.2373011396815179,0.40282401836547804,0.3069685313047062,0.3054310424161228,0.31384287699025626,0.088470271006793,0.29409674314863044,0.18193376323797433,0.3442440641817141,0.20682476809387873
BAND_returns,0.6891907011527935,0.42738622485291133,0.6832649259411352,0.5110783296685101,0.5061385948321766,0.5793076278668764,0.6537777769994876,0.7035569183044849,0.759664268519885,0.536372202539585,0.6494522402451031,0.4230344629856093,0.5542550817778844,0.6486665431829887,0.5761693143636791,0.601474820919052,0.5723636948965533,0.5465445578566245,0.6518411451337016,0.4152062350419765,0.7606209524574814,0.46023018302670715,0.27906015555713365,0.3644577151531989,0.5972207723595779,0.4485881015500516,0.4376465900018897,0.7390675340120917,0.3629590145343409,0.7262548409573854,0.6531393599364598,0.4248601018035574,0.5299410470792785,0.7183799335189371,0.5638336481888137,0.6710962259604968,0.507032660154751,0.5765515341324426,0.6174900815121773,0.3790991077934986,0.5962410865416609,0.537983037097612,0.5666794329692509,0.5936035610724328,0.6460376818355635,0.549348825843466,0.3250938497601619,0.5614841962194426,0.525204747001439,0.3267449924013392,0.5316128080121866,0.6687888070012962,0.743263111094719,0.18051059583025597,0.6148093084881469,0.6537976591663035,0.330797439923921,0.44431282165574076,0.5069752330632488,0.41702693856312295,0.7481413668808528,0.6523207904561313,0.28463371797428094,0.5128740612018204,0.31207608849535834,0.5849610923829692,0.3257641899845411,0.6893459614601667,0.2022325296772917,0.3453717760281107,0.23744983484517615,0.42983809080528695,0.5193049208984944,0.3977795037724328,0.6574824069628625,0.5600361206675767,0.38018044248908966,0.29292657825423196,1.0,0.5918582080194691,0.47940255650071434,0.6341890442499262,0.5497891325082199,0.5977925903325589,0.5043993915034394,0.39620797961406307,0.46957840272142287,0.28244353772415187,-0.013016840127886618,0.6350414556913541,0.5649440873661293,0.6213239066764729,0.6231774762268234,0.4609132140204288,0.10836090641086629,0.478923710913724,0.6005191312423783,0.415479551028477,0.6351521543513867,0.7335491293463134,0.5629187221616998,0.48857300879583127,0.6591361367229039,0.4824104491884482,0.5054666936948858,0.40198313462334606,0.5446726056726703,0.2568436265291324,0.5453028062908475,0.1673182854886252,0.4736876571907035,0.6346275469645664,0.4195088856085555,0.5331732446700556,0.47517583686197,0.6387725855533178,0.32705505039847094,0.2334807197861598,0.3342842483337566,0.7117422772705617,0.4671000801068768,0.40204395321982844,0.6133398489075151,0.3895709811980292,0.6032124260742645,0.47165444016361713,0.44420669578917626,0.6396226335377939,0.6383578950817147,0.5532651530806664,0.5211378735872284,0.7535460960864429,0.42329512261736013,0.3335342544661083,0.16108764539687603,0.7188023623845158,0.4816430732363556,0.4099355182883493,0.4493978099581393,0.38059310600846674,0.4157300646397407,0.4729101058656344,0.5190135394703086,0.6678905434104284,0.5601126284094908,0.24463294250450643,0.41179317627078704,0.39149883105884403,0.47921587889930545,0.5466604199359162,0.3807564706427284,0.6086837812101514,0.4861310532671993,0.6351236705475588,0.36957406534940546,0.6409281133536155,0.4037631167539134,0.19697757002136415,0.17745605271406087,0.5962369744665976,0.22032884267429853,0.5581891292456073,0.5298361198990732,0.5729364973786656,0.6860857061083243,0.28204487455698596,0.65624075389524,0.23216818226516245,0.39337530114953445,0.4911677813165329,0.6837023829314944,0.6258702325654837,0.6405369710820006,0.7354113352419379,0.08939791412813287,0.4157457967773935,0.3179158562860914,0.6172805111855587,0.5499063274779862
MASK_returns,0.5765054893120797,0.330694626065343,0.5930882735272326,0.4619172212929763,0.4344406661396787,0.5268255620728439,0.5153005956259551,0.5528413675004318,0.6400643077590004,0.42002146913101696,0.5454599314638325,0.33723010913004725,0.46044130380681675,0.49670322580872445,0.5019153089500645,0.48429715110988675,0.4996517338062678,0.4358153552956131,0.5533687310952949,0.3440025659680323,0.6402333050539039,0.3851610775610831,0.2225261431924167,0.30391295591746803,0.47514728118760147,0.32057686318168904,0.367377770703305,0.6035786100427143,0.28078245964726783,0.5775192970284865,0.539828627269255,0.35150707883859117,0.44005882176698224,0.6341749802762265,0.5396704907802277,0.593934817422772,0.4236112238092487,0.5016887059989049,0.5149134174677105,0.3204117457546857,0.4731712053581303,0.40786108255896397,0.5094412983810396,0.5190281566167007,0.5544844992856154,0.412838105169167,0.25702420670985443,0.474792638038723,0.4380005402200632,0.2504169797000562,0.4380401800282255,0.5757196464320754,0.5885809570801672,0.20080335901927865,0.5258428822044268,0.5319247552826825,0.2693818234136142,0.34633740382582867,0.43389728274505635,0.33896032422773203,0.6023704921789305,0.5103795401399857,0.22734101183612895,0.39799921474783584,0.25719499013067965,0.5051858530207723,0.25924779213705634,0.5696328014490175,0.2042265821916001,0.2899950384134007,0.26338316294100234,0.3348673573247076,0.4555487236999587,0.3747003774974109,0.5620876857528005,0.46514302599053653,0.31060647776636624,0.3059589333841231,0.5918582080194691,1.0,0.3678948100076601,0.505423808056037,0.4569124428121596,0.4896870823605276,0.4105910359724479,0.30472751451017477,0.46414679702391043,0.20553949753174616,-0.016325822149679033,0.5210990641471541,0.48297532345410993,0.4914211991260991,0.49157871311737933,0.365160443054997,0.07603823275404668,0.3890397533448545,0.4554394116894419,0.3560552484626487,0.5238824036403094,0.6267863018542824,0.460236239893324,0.4148430693024524,0.5730932921997294,0.43342768289291134,0.49625538788022244,0.33150421530317575,0.4295656568159977,0.1886369282043578,0.42723617961856325,0.12788578359861838,0.3888384534998145,0.5522497330050159,0.3520630774089878,0.48275734912011403,0.41134247370376076,0.5252968180731332,0.27860958298328076,0.20668075339836273,0.31510316853510256,0.6184264022284175,0.41838401405821396,0.3563540177952187,0.5123933231445906,0.38843348328876837,0.49228072705189724,0.4593299402670373,0.37420477867346413,0.5243387940986716,0.5416210564083032,0.4649350141579097,0.3874156686332633,0.6167514778299822,0.3707249476918231,0.3105497543336606,0.16411557520220824,0.5927008508941082,0.408374762250354,0.3585367887552612,0.37036207909908053,0.264671135275651,0.4161724330298763,0.3700734142945898,0.42544105446626596,0.5467449806741211,0.43706698255326476,0.16898621913305487,0.3540289862430816,0.3110943571293744,0.39256757806818104,0.44119772283849773,0.3077286862912506,0.5166394004238529,0.4360677460834929,0.47043726744210335,0.38556242406680974,0.49960545119579874,0.30684374788239377,0.17596844197295997,0.16835638733336097,0.4896187449127902,0.1114721410475437,0.46608651216462266,0.3984938774246309,0.48905480856254807,0.564578199605756,0.23844047434187576,0.5678394883024115,0.16721927970807204,0.34555377059885894,0.41617730799073854,0.5450685272601402,0.4902879519357311,0.5202570371611794,0.5727301541261525,0.12475951558087237,0.40574402443377394,0.2961511939660559,0.5046609701139566,0.47578397346330786
HIVE_returns,0.458184195160368,0.3820889796474031,0.45818728136554404,0.4115352054155856,0.3013513519359597,0.4513522512457519,0.4162078922484811,0.4855153188812389,0.5374187720657073,0.3460585909053727,0.44467534612887133,0.3086552499316273,0.3936748994503964,0.4375983417668801,0.39791636711670647,0.42023520710959855,0.39981079469418435,0.4001211069091783,0.44588773089999856,0.26118934116974235,0.5416712104222203,0.39054227993454793,0.1790374164551065,0.27877280447672487,0.39727357142730435,0.2844850158632481,0.3664715378034306,0.48731306522815265,0.23346813024441376,0.4626955561216256,0.45096626221773456,0.27482260684161763,0.3723210852943497,0.5304168188892039,0.37345998050412554,0.4483496376183314,0.39726854823287394,0.3817525581844499,0.42890838799872166,0.32134261238256473,0.3818119723905156,0.3294906037323417,0.44246859337950134,0.440671522568641,0.44614871000749057,0.3893968311946939,0.2999313580517608,0.4617066752384564,0.4227625601432449,0.2852567375304198,0.4089948243348345,0.44906973189079646,0.48245118598103215,0.12192801533511669,0.40603852487679265,0.44369413264243207,0.19759541254025095,0.26291470988185395,0.38098068265000773,0.3115075074420158,0.4937314711549019,0.40760073593300755,0.17102698107153386,0.32469561700335037,0.22260679185309729,0.3914176375209199,0.2578322908204132,0.4844542664139746,0.14492657798997513,0.3073421064112524,0.20380115451905922,0.3256098948885579,0.4175197024778504,0.355683807682424,0.4960040219236465,0.3720298089084615,0.2966311935203363,0.23205055346690576,0.47940255650071434,0.3678948100076601,1.0,0.4024703817223526,0.41873587473299595,0.4279526094610445,0.36299191601476116,0.28486432892981617,0.3288467726524107,0.24808106339807692,-0.05803992189769535,0.40461360428366133,0.3787718471330574,0.4201182678445683,0.40389167946261334,0.35277493892577827,0.030755918119905523,0.36152797974125866,0.38062169109866234,0.3426761586268504,0.4435806361905385,0.5355634506971589,0.3690244196388227,0.29691591577322285,0.5258985536880104,0.3917862557309103,0.4140943127276126,0.26854104151786456,0.4093256085556233,0.21634260109707992,0.5214399696668841,0.10182757992145061,0.2623055519425078,0.42629959649992916,0.37298758768702067,0.4133483346411363,0.34506129739613095,0.4131975792083911,0.331091785155492,0.13704540387159045,0.2084853613690327,0.4939406048135554,0.39709498609565164,0.29321408465892873,0.39023939967229304,0.31277790567826663,0.4025596990370453,0.3752865679516991,0.3829548258734708,0.41358398101481697,0.44097964621928093,0.47065140411451123,0.3283525610055004,0.5004769618655042,0.3256232276244009,0.22094697027421806,0.13116025232863063,0.4780655382630939,0.3534789705790787,0.28798460900900963,0.4040991608961699,0.3160844165691631,0.37718291725071074,0.4287678084700814,0.34810319675395146,0.4313354200935502,0.342800089909143,0.2216981669428501,0.4751588086536409,0.2637276112755322,0.3558100721547383,0.5534408531674602,0.28998837465964117,0.4384002022747948,0.356685696667043,0.3304319518598772,0.27111800342153597,0.43383728719153963,0.262620172999641,0.13164228752760695,0.12059619431103961,0.41690338630320833,0.16319580955796503,0.5124047173340149,0.34631466213927764,0.4317557793717692,0.4989760949901673,0.23815516559320904,0.4629706588421127,0.16875336823435477,0.3315664340786525,0.31685350340172214,0.4493114206465568,0.41220628783946106,0.3986554029238704,0.4668566655215227,0.14689941823157385,0.2986266302985702,0.22822696264479983,0.40682465361608844,0.3856104299320427
BICO_returns,0.6006673850062797,0.40972399168883555,0.6485863526928498,0.4507103577602767,0.4277765634040928,0.5302126524114539,0.5548052089875141,0.6395189273349813,0.659285461364447,0.5008479119662584,0.5616161580816981,0.3786486547652362,0.505851263953312,0.5893291933146463,0.519937098734594,0.5260837987801168,0.5500111319793639,0.4755944072429162,0.5712102879350329,0.42024782329583565,0.6577843378558,0.47448615782646864,0.22352005411625706,0.3706536719291306,0.5117269965448358,0.40164933032787903,0.40424256614025306,0.6610570523472656,0.3445269196722215,0.6465987123241844,0.5997298727360973,0.3830472962320335,0.5165765366126832,0.6554855126870425,0.5346187710723739,0.6042921485880783,0.46898787241884227,0.5260232549835475,0.5732208196288906,0.3844298254540647,0.6071108547818465,0.4972110354418955,0.4843303129107499,0.5644131811843445,0.5862137142071617,0.49732945621682423,0.30197951791748984,0.5030605836099646,0.45720967242860333,0.2934551778322083,0.4567112136590588,0.6011086773339596,0.6571929259824876,0.14068570271859107,0.5454782912603526,0.5889619493498137,0.3267264223867987,0.4170894226392663,0.4798020954077288,0.37271979788848913,0.6590222822890096,0.5559749901680263,0.28085101189808115,0.48303993293269654,0.31393758805063887,0.5409644721127351,0.29313653558131914,0.5823861575588263,0.23798914494247317,0.3291726073570622,0.24303930398622173,0.4732385695576568,0.43320219215491407,0.33412201420371324,0.583311539905603,0.5536577318991744,0.34657742282821985,0.24601700415352837,0.6341890442499262,0.505423808056037,0.4024703817223526,1.0,0.4740665589667588,0.5684544606865534,0.48905381577669577,0.3859958791827093,0.4241913248986428,0.2951478365298195,0.04694235538571885,0.5838484705341641,0.5456393380215369,0.5375607321466463,0.5832664975014203,0.418187818106276,0.067069259545022,0.46939381635850363,0.516999271597492,0.4056139914998766,0.621966523476644,0.6300813992832084,0.48115562518669536,0.4793922045686156,0.57396064342989,0.3988305808912047,0.4390661409238826,0.4196730141508023,0.5124366990083737,0.23042668995260004,0.4802853762392615,0.16886676566539197,0.43840213361293606,0.585369847200237,0.39486346394053545,0.47724957933098194,0.44395716838455135,0.5940193525041009,0.2897489943120792,0.22286203327069667,0.306746069679998,0.6075442152750835,0.4411560282495788,0.34142414582760516,0.5288995480042638,0.3898038305325329,0.5956559588653413,0.45372417568575124,0.36577111043471205,0.6218653015450005,0.5608576179409174,0.47233838885335055,0.41821940924601,0.6601960697386918,0.43054891090355224,0.337197928572995,0.17106505574797712,0.6740550061491912,0.43729283197268953,0.39271283123469797,0.3995824204407246,0.3877424095681674,0.4090385893792092,0.3654678071822379,0.45318201258776075,0.5944658563965702,0.4768350559732546,0.1879349224271761,0.38288116940196637,0.29373416238400474,0.46829063613764943,0.49415555946238443,0.33635180208274074,0.5790368882098966,0.44459691519967737,0.5189454817835298,0.34194694720740815,0.6028603393315604,0.35451396554981734,0.1739849732472087,0.17418673064624918,0.5493722320690219,0.21865536349158016,0.45368490029858843,0.4930464267827411,0.4978767913303845,0.605126856259678,0.2358429231593451,0.6090366487464839,0.2034891008904504,0.35931319438910003,0.47044057562498104,0.6200825394848506,0.5654841783893539,0.5724370105761654,0.6630324667818268,0.06120848515187222,0.39570205920628043,0.273581649483194,0.5608232545140202,0.47066807906204583
STORJ_returns,0.5669827749379763,0.3404206541116872,0.5213698177560842,0.4512478746244867,0.4414290052021884,0.49722770022222695,0.4649656329809427,0.5506448380340436,0.6235603539366683,0.38965393025476514,0.5384271171623083,0.32285583624238556,0.40560757474608344,0.5165500977093167,0.44828437298628726,0.46374580172128094,0.4661323987136083,0.45068606887031304,0.5407520158956854,0.36301930966180984,0.6218871856625452,0.3826990943651489,0.2119086517603474,0.2801395688337486,0.42728351563552786,0.3468904965986791,0.462238181157601,0.565333183788856,0.2227687613697256,0.523603952068077,0.5010018500661981,0.28843492710758684,0.4226120185847605,0.6251620002249578,0.45615634149805284,0.5327242578285801,0.46235501377688276,0.4220449534187943,0.4437422641742726,0.3574657813102892,0.4696362301489771,0.3983399980161414,0.476603098066038,0.4885835766255217,0.4977675268438263,0.3817755276575657,0.24002288959435714,0.4524045085064365,0.42074782648398346,0.24938926346015738,0.44233622137657064,0.5385381065930561,0.5370224868876475,0.115654809765638,0.47951104861565025,0.48938168538673504,0.27024071705322883,0.37186796884934503,0.46836632572353276,0.3086434992094141,0.5678153165987115,0.46782128690378827,0.1928604366515588,0.3915917276556802,0.23928416371575187,0.4502521627770221,0.33024799640848373,0.5382992122621565,0.16076165511978285,0.2744270850860785,0.17083508251516036,0.3339650688133918,0.4087801327089404,0.3662034727998568,0.5346369324234385,0.43649191588843295,0.32198260377084775,0.2545277992808461,0.5497891325082199,0.4569124428121596,0.41873587473299595,0.4740665589667588,1.0,0.4816370964491372,0.4124483637736002,0.3071803614258437,0.3710803716750263,0.15966290095145338,0.007729649550068176,0.4774884401608463,0.46730383202338344,0.4114757344888968,0.4363119171045677,0.32656901026754176,0.08746428714405824,0.3946010934003245,0.4509052979109761,0.2893746467000957,0.516135218266752,0.6037457352580502,0.40689886706020784,0.36703257857663313,0.5713622714188801,0.4217566728987847,0.42067343440736976,0.3417732090818343,0.434076214527521,0.22292550364336386,0.45816581450522426,0.12100171423585815,0.3356662806972371,0.45111886559863357,0.39191699325164026,0.4526519771043222,0.3756471068830606,0.49572074800778043,0.27185132345103147,0.13310276409812702,0.22933885812248103,0.5779639714946674,0.4212867787467364,0.27426591357794156,0.43789115463570205,0.31928369173058313,0.46646296980224783,0.4248213211714533,0.4014993370308749,0.5208406683103971,0.5074684470484363,0.48876650351539686,0.4083649903013009,0.5753810904017413,0.3648287896076853,0.2877421335179185,0.12928472678252892,0.5473150821955856,0.34891448428349703,0.27207141169029453,0.4453994434364643,0.3195714933640158,0.36292949379930506,0.3878665108301728,0.39371697213324364,0.5065410900392339,0.44164302376358444,0.19223239958914579,0.3788193479265657,0.23886312409026134,0.39357322783750676,0.5179332826052476,0.3016912646374632,0.461425927256955,0.39627389349923275,0.44309582384056095,0.2989439542199714,0.5126860663524605,0.3414714562404173,0.12008053875228118,0.1380007546887279,0.48024541160465734,0.13949312443977596,0.4924535350237065,0.3599322816860752,0.4778497907180174,0.5670023124426218,0.23635113279880873,0.517864597499695,0.17366488612778344,0.38981234695867334,0.37407297745074,0.5468293517366289,0.5160870006521687,0.49176902166357633,0.5544125042547035,0.1106568814440303,0.2945901308742781,0.25255830476175584,0.4774251621409242,0.41288766024022966
XNO_returns,0.6325173060202124,0.3751255810818722,0.6059597747838943,0.43886960846222206,0.43998492449106125,0.5386220382372953,0.5149791730630122,0.5998411695790046,0.6624710305317502,0.45602386248963855,0.5984750406671194,0.3460807949790293,0.48541485790788924,0.5948962311120235,0.492392087973127,0.5128235355755063,0.5579466654366982,0.46455350815686014,0.5435802765375273,0.4354361145644187,0.6532007531907711,0.40991271056624784,0.24009633248728138,0.3712920600714766,0.4865945233771732,0.4214924460118344,0.3903162062932217,0.6329863519825312,0.33182518334871697,0.6194597068012736,0.5842163585655916,0.3696223109101076,0.5364745877314838,0.6240316168499622,0.489015720175729,0.5722484242115029,0.42508982455105937,0.4885647109450129,0.5644440559091201,0.3923736529857741,0.504870362640061,0.5024860906477012,0.4889560155948678,0.5629827878767378,0.5424901931455505,0.4153054572489135,0.31165016721147315,0.4554012134060466,0.4506660393588713,0.30030276058130795,0.41755174420290236,0.6119637530916556,0.630594676534739,0.14197094854769793,0.5472492434536952,0.5873229753987184,0.29467004529565866,0.399374307063419,0.47672380664469216,0.3937427548347583,0.6379529823115541,0.5327379242032548,0.2503968448703975,0.4192332004373281,0.3332570816933756,0.5133006807506217,0.35256726382129905,0.583529460713888,0.20478954404561145,0.32475211448207225,0.2707158570312243,0.4115799637518348,0.43230290381669884,0.39734476462603907,0.566151362682596,0.5339239657097442,0.36376221120834934,0.27489188169925066,0.5977925903325589,0.4896870823605276,0.4279526094610445,0.5684544606865534,0.4816370964491372,1.0,0.5046501318721893,0.3793899978786342,0.4544297923509639,0.27069485815107475,0.014540037448228646,0.5739359249939546,0.5417368185045909,0.5240775653110956,0.5329466655761417,0.41093954913089825,0.07963591258227899,0.4782489428573213,0.4899259227628673,0.5073331011397676,0.5808478652570361,0.6268143513126163,0.470041509652893,0.46898488722308207,0.5890051792317967,0.4180939940089351,0.40877053313367645,0.329466921639229,0.44425434881131465,0.19556060174816822,0.48996254713716714,0.1340292754522076,0.43018239487026083,0.5216654025906744,0.3757560022259066,0.47743992893999926,0.4247439659864317,0.5580170153673385,0.31562203987589776,0.20722549864562134,0.30230454855497774,0.6189997508810671,0.4698781353179322,0.40706805753285746,0.529745014773912,0.3821070934567012,0.5462601138882034,0.407151183110099,0.36315420113814284,0.5782843232074958,0.5960425373662778,0.4642905542475318,0.4128708471182769,0.6249811719870498,0.3799895327585632,0.3290737698548928,0.19666234944501626,0.6192395892757592,0.4348806696363334,0.44793928386597975,0.3990916493673261,0.368637284286961,0.409180511018266,0.409343986927904,0.4798469549258252,0.5812163274605141,0.4639100540003604,0.22418707706987084,0.3803375289836948,0.29692641512105544,0.4529882365717332,0.47288323557406176,0.3405660799988513,0.5684819542265532,0.4604011334037624,0.4759301526794099,0.35093980694940463,0.5845236368262107,0.3647796114928654,0.25525953988640004,0.18233748896853175,0.5335706018343102,0.2798570442650375,0.5031961337879879,0.4557578641128449,0.5000286531388,0.5918658311034755,0.25626673151042056,0.613042782091705,0.19833953856424363,0.38014258211858787,0.49225069261806725,0.607635189402795,0.5557104131498536,0.5413045912211778,0.6088411014861549,0.08166918053232135,0.37485771275564833,0.3236749885123229,0.5324132639368037,0.5011851219380118
WMTX_returns,0.5448018132546159,0.32637396580366407,0.5185224335169658,0.4054369907985933,0.39975568635990405,0.44095140672309435,0.44568233583792,0.5192685366325984,0.5651250435624124,0.43962528142125784,0.5042765942225879,0.33840846585104584,0.3949017761311882,0.4675763276415861,0.4295725293391355,0.3834100514662034,0.4731046900547772,0.39037285558629187,0.520547103460059,0.3205371759628465,0.547012923151449,0.37468568831694304,0.3192714186079159,0.42951915071554597,0.3826933498648267,0.34175681972652233,0.3383915173845619,0.5471181673750531,0.2883581218017907,0.5222081631399996,0.48463059546410076,0.33325432332853616,0.467540176272335,0.5612770644927514,0.493515995581803,0.49277723426524456,0.36090650577643835,0.40597356385326233,0.4668345279831621,0.3584262538683832,0.46733522179187115,0.39903537951162477,0.41776752328025013,0.4545522613859527,0.4689889990847555,0.33245675847081163,0.27249347925602774,0.39076373147944526,0.3814817409716717,0.3064965705563448,0.3756717178144385,0.5085681432549336,0.5391732075715019,0.14906911582544588,0.4858336298716984,0.5167601954612112,0.2948238925293254,0.30903040425602296,0.40236786167290833,0.3196727098206032,0.5337683710363331,0.4491819148708588,0.21899593813770474,0.38793367164827275,0.29612410300455466,0.4451027815870664,0.2573784926880887,0.5000773272123064,0.2127708687260489,0.30021544549760704,0.18271967776103779,0.3874973601051059,0.3214711379947881,0.28489198748068156,0.5011149737058134,0.4596320975520747,0.2800063612157382,0.3191517668522355,0.5043993915034394,0.4105910359724479,0.36299191601476116,0.48905381577669577,0.4124483637736002,0.5046501318721893,1.0,0.2813866825345715,0.3522504507555318,0.17884086448797853,0.03488596253334586,0.44066924430356946,0.474153714391891,0.42392844359760634,0.46987080215296606,0.3173994538887249,0.08487035080198961,0.4427982589371275,0.43479472728279694,0.38424866268057406,0.5083730358584959,0.5189283883534217,0.41733997661321526,0.34938227339882016,0.4879767626314258,0.3726297637285831,0.3278228745991299,0.3538017931021227,0.4117508105831203,0.19284992039625126,0.39348041336958567,0.1522019760916011,0.3448178331029118,0.49029765438610934,0.274498822429215,0.37455876322668546,0.3354052396698067,0.4679058032156872,0.2849793242919589,0.21481956308246158,0.25596913335170485,0.509323434875984,0.44243735310036153,0.3156312022794355,0.45240478213793867,0.2999365265764001,0.43761974818114946,0.35175515502809157,0.3403777023016953,0.5165770273441707,0.45958325934142774,0.4064321059060283,0.38065313701413966,0.5786565748113096,0.36597423143266855,0.33721392341774853,0.133020252910074,0.5625650336703248,0.34382597181961244,0.3441629639865583,0.3279663127208353,0.3226435105122891,0.32714696602893506,0.3016884463157009,0.46194863809812375,0.521095267612899,0.42998909297152593,0.25947733660786754,0.31715270331762113,0.25576983161655226,0.4084396639693127,0.37906230813909364,0.2926924039454324,0.4575184339024569,0.44244389380466886,0.449303450157981,0.24187229944868582,0.442237971024369,0.3116445240203105,0.1982911821338111,0.15852533841829192,0.4500391583508536,0.15696330432807243,0.4120989193281488,0.3706444453133743,0.3716525981809351,0.504167963882275,0.22421428969132876,0.5326084890214124,0.19599009646808413,0.44865202920648395,0.4137973724212103,0.49400566598335577,0.44857155585893044,0.4198988944111098,0.5493903509924634,0.022774372880003144,0.33247861799155226,0.23115846836131115,0.45376241415412505,0.43169383838122855
CPOOL_returns,0.371256779245628,0.2547534775817493,0.43646408735738706,0.27959422705488346,0.30866236334418873,0.3722193133737633,0.4382873049902651,0.4760074106764859,0.43182861376735227,0.36400272308539705,0.36882455125839175,0.2802867714762438,0.3458198680020838,0.3913701306403262,0.3597113862973372,0.33718806499671095,0.3498798078300496,0.3294846801239449,0.4241458550800037,0.2659749962827597,0.43279818468691555,0.39973810918309405,0.25767731601303495,0.25542931011146547,0.2899361668664811,0.3607416367128236,0.2603628773283767,0.46062587192882876,0.3536610513660114,0.39443912583503055,0.3905639039824467,0.27480787021772246,0.330479057625257,0.4252463032831051,0.35883928569692075,0.42663893296669864,0.29477287315985856,0.35319517890987334,0.40293415074154887,0.18024019918705322,0.36100529681460813,0.3014955495219107,0.3140434364099783,0.4115269886987083,0.39196938047817664,0.30835990069790353,0.3357737093149384,0.28058592434565327,0.28254549946484575,0.26483095173740206,0.3518105858983694,0.4769962053984369,0.39949658580772984,0.13046278484872698,0.36401717577726733,0.4068735302796698,0.2970510287089497,0.32116507036202985,0.2941967830406773,0.27791482464957923,0.44239625889632656,0.35236418987926504,0.16545196289579878,0.34517754323777733,0.19190183594613444,0.35217987462536565,0.3264519537721903,0.38055210499345976,0.18125838055591773,0.2664596400010769,0.1834210939342428,0.35952989970350235,0.33324474340814897,0.23354844115560783,0.3797311397959721,0.4132199472082808,0.29273627498356103,0.22213131998596183,0.39620797961406307,0.30472751451017477,0.28486432892981617,0.3859958791827093,0.3071803614258437,0.3793899978786342,0.2813866825345715,1.0,0.2646103734920403,0.18026949474268297,0.01457116969424958,0.412245614303515,0.3949362314735033,0.3327658756841412,0.4223529880990597,0.26923588640871704,0.05613130921157108,0.3322450146751119,0.37136549063548274,0.2600807836435568,0.41924705744293544,0.4043996962133538,0.2822656098219256,0.33165781355516044,0.39733234323448835,0.24243154426596006,0.25868869830505375,0.2776049456516385,0.3957015428931805,0.14224036905190304,0.2809869632197727,0.09575836841424548,0.34501674233518764,0.36781514884792393,0.22644588917361277,0.29999772676036407,0.3308737332404697,0.43753389204200815,0.2747629032265213,0.17408796592674913,0.3114538828747419,0.3688837979511174,0.25792308106048484,0.2242182152254072,0.38640010614936,0.30727653442372826,0.39051341726031097,0.30580144580506075,0.27217614015792874,0.4524012674416519,0.400881657748138,0.2789463736991923,0.26406827281159223,0.4187354162411878,0.25479255387703853,0.2232900627897669,0.16397027900857866,0.46025346256062144,0.28695267107698597,0.3177074416447514,0.25679215282173595,0.32977515572203175,0.2672535531823774,0.2781485799642623,0.3721014881276143,0.42389567398445954,0.3463586483024728,0.16099405154704108,0.23792477701302214,0.1821114103008313,0.4511300578073498,0.2750118581599281,0.20062282608505866,0.3871356185234422,0.29274817823956933,0.3480759150317457,0.19871847926932995,0.4246456049460022,0.231408518783083,0.19476582035319284,0.1952604706122496,0.35318755914229905,0.17620798227730775,0.3245060985391453,0.33893572504203096,0.30418135939308893,0.36677259494125963,0.14837471052056755,0.4109878412256869,0.1451337051820885,0.27079858478280583,0.32863052617430316,0.39958986059588514,0.36261499125138175,0.36326755059952903,0.4127015571799874,0.11003813404552423,0.2585344296998296,0.2028319398080685,0.34974823420777895,0.2885203687428796
REQ_returns,0.5139959476575274,0.30478857272930315,0.4948548864290109,0.39785148119830804,0.38445516001541313,0.4488437423575513,0.41874904636369537,0.4899616889541891,0.5463870601845061,0.34982614460601436,0.48250091089631053,0.2640970905293639,0.40007655069539655,0.45747904236554804,0.445851891588795,0.41560811229473915,0.45040516450142043,0.4237935904760826,0.44797673145032274,0.3242412530950042,0.5454452255073947,0.3312721453028868,0.1877927565692342,0.27417618705871233,0.3998572278916082,0.29959369745812553,0.340765745139633,0.5186683247544076,0.23706481759331172,0.49082747769512935,0.4644006747428292,0.311305392250174,0.4056547117798742,0.5574086887030447,0.39361836625037516,0.5591109013724758,0.3241506966232796,0.4271826826656772,0.4338304270624058,0.28698253145063457,0.434923388835203,0.3988879208732688,0.47210273969005123,0.43182887633762573,0.41389250937304867,0.3560385927285212,0.20532682110152248,0.4104234788859981,0.37674351190673183,0.26067535775646167,0.3582147243932819,0.49636890007493706,0.5191313923565958,0.11177355842171578,0.48552778908404637,0.4454923922414214,0.22521833735254715,0.2822360356486767,0.35874048776879824,0.299393746483883,0.5280902228614599,0.45192119165222006,0.21321632185442133,0.31650042086658603,0.2567558932939036,0.4035510538463521,0.21932703401870135,0.4813345211865679,0.16812810631367126,0.23921215230490012,0.16690395114499137,0.3098502819117195,0.36315149849184425,0.3329990308099339,0.48909587655284686,0.4196304957025148,0.24909773404029784,0.2464481583577986,0.46957840272142287,0.46414679702391043,0.3288467726524107,0.4241913248986428,0.3710803716750263,0.4544297923509639,0.3522504507555318,0.2646103734920403,1.0,0.19299295390848403,-0.01164794198742734,0.4396522164248955,0.4343371957869445,0.3850679383686622,0.41880413803649746,0.3413523158025859,-0.023956567712807488,0.3599023505340403,0.40255712355754936,0.32299329661654114,0.5123532889482322,0.5172157704343457,0.38459026441515803,0.3234364433557072,0.4930884661830892,0.33439522982630343,0.3145253824916226,0.27174522700888615,0.38053589906936003,0.21073969938999287,0.4221376707337552,0.11750871574779626,0.2804227798200939,0.46507460818249546,0.33986582655587855,0.380673756322438,0.28534264237708273,0.44028752826644973,0.19303548524997136,0.1519317159064974,0.23651242550705207,0.5345030593041752,0.3528649869646299,0.36898967800591626,0.42441336485033765,0.32339909849921433,0.44963218914645703,0.3550560499882934,0.3076002675148149,0.42455305768887497,0.4522353584635199,0.4017924445009469,0.3355899783244769,0.5367273712104668,0.3294370265465338,0.22163608146075092,0.11367794697230443,0.49428673293953546,0.3392042543027972,0.3141703459960844,0.3317588257261669,0.2810619028376009,0.2778992623742461,0.35944385274890117,0.3250966381592938,0.45291725010760714,0.4169420412944293,0.16923082598797412,0.27652654027851964,0.2754584514638526,0.34851086898964084,0.4128477335790229,0.2644460030417114,0.4542444942794501,0.3807571535187431,0.3894159196101864,0.33208542876022307,0.4669146237510563,0.28301418559841257,0.16705435935580443,0.08316498985814848,0.42950724233490245,0.12657227336676175,0.4333310120731371,0.36455195337054996,0.4088758368285792,0.47052700224057703,0.19312594085918686,0.500027717782813,0.18997715448721256,0.2582362420009527,0.38228409537382363,0.46539616126465594,0.4705099779478653,0.4308335053592361,0.4947338135224807,0.07794694624678115,0.2906299523853999,0.2837297509163128,0.48155554590731,0.39958313977069526
HONEY_returns,0.30666841299116937,0.17226228221418946,0.2928565019596062,0.2304996481155989,0.24343736321015713,0.26633338538196116,0.3156583550955291,0.2726943066318309,0.3216809546046475,0.25460125877146556,0.25283125467347867,0.14988587067040124,0.2750404002841691,0.28843808887249583,0.2512183650799479,0.21360926165139552,0.20096869692887304,0.2063450318104513,0.268645837112858,0.20903795089484667,0.3153133941820334,0.267791980030839,0.1398541382080483,0.21687585547933166,0.27583168761952653,0.15724240996259442,0.21165669467237666,0.3028049784033544,0.22255207257757306,0.30416688472498943,0.26273397812895133,0.2229569684156456,0.23174529982852926,0.2894402686442062,0.28524023075102145,0.26814113440782295,0.24089036336519312,0.3133442267901013,0.25475995594584194,0.22333972512478137,0.2953307229334531,0.28351420406580863,0.26739878749500756,0.28808348951385215,0.227745029923709,0.31000797577016975,0.14866247273682687,0.2950759393269617,0.24794758694782212,0.17550048729645487,0.1848486538883375,0.2760915658633194,0.28159201774899806,0.058582569827646085,0.2998187459240761,0.25632786319920614,0.180163099784951,0.19517832166047622,0.21732079188370285,0.14077606921486444,0.2973693596515811,0.23496865023266883,0.11859949031356817,0.22734759615430292,0.15694477131051865,0.28274296466032256,0.20638452249270395,0.2707300347760524,0.13113842411242257,0.15959962472592312,0.06809273759923885,0.2286567397391718,0.19443332107677722,0.1829852785958418,0.2759599882416924,0.2594617829911988,0.1947165632735056,0.14663818454777539,0.28244353772415187,0.20553949753174616,0.24808106339807692,0.2951478365298195,0.15966290095145338,0.27069485815107475,0.17884086448797853,0.18026949474268297,0.19299295390848403,1.0,-0.00781676082411197,0.3007179190106159,0.27000813981635247,0.2904618432809703,0.3155275860822262,0.17344319556677995,0.009019367042365525,0.2627267885841809,0.18968337174191927,0.272286708264144,0.2666347308887055,0.268182367463246,0.19327293886618518,0.1458789379123682,0.2574610944644981,0.1853975980266892,0.262503531017578,0.2022676713119039,0.23499950884743104,0.13109042940420976,0.24054393615702116,0.16748467029213526,0.2846534693485012,0.2309375042241487,0.12920040013823914,0.226406440279386,0.21044317633917084,0.32252652354038747,0.17049416219675545,0.14545198307492824,0.18323614748848432,0.29361996369623994,0.20854216138254253,0.24920633879630238,0.24304490734476336,0.20487081070798469,0.24584057948293292,0.21640537617809194,0.1858908192893634,0.26693993137081184,0.2848696100707506,0.19324069744166508,0.13694715255946585,0.29488527332523323,0.23480002547994008,0.13481549171202223,0.0707175381709764,0.28780492328931623,0.22721484516477694,0.2111813622503148,0.18379108882220554,0.17952036839199134,0.22019158016981744,0.22567647312703604,0.2156989198272211,0.2610427107321177,0.23045513502988238,0.17561831861034757,0.20678705645763715,0.16522615210791727,0.19569587549556455,0.2159749967829067,0.21206729250259088,0.317576253340449,0.26185646266552737,0.24360436949581477,0.19886104858718515,0.30010332955175884,0.17345942604402995,0.10051569859968419,0.14221267157156545,0.2576125949341075,0.0948651671966621,0.2305788917363347,0.19932885554334204,0.20938699924625742,0.26549299315101266,0.05150963506432846,0.3215360913163383,0.10864660170537618,0.20730463868180454,0.1843688889737134,0.2812780311197579,0.2546834447490322,0.24379808011640283,0.29730826635312535,0.10217759268011076,0.23039571181977006,0.09669995499844851,0.2810366936534243,0.20979202674793507
STIK_returns,-0.0068630023551286435,0.023320295339215757,-0.02166855474294457,0.01183753962188045,-0.018690226414964,0.013357569687598804,-0.022467544090745712,0.016749778856300763,-0.01190544063328457,-0.012277021966580369,-0.018930395194603204,0.032495539907498094,-0.011856518638458418,0.014258339619359335,-0.024533018099760707,-0.027967449570879873,-0.030569702495812603,0.02818116272572028,0.002130540833646479,0.060388283367085606,-0.03140838828914668,-0.0026407578668897823,0.12474391812583906,-0.038893932862432375,0.029649854385250012,-0.007184274527519889,-0.12199608653862928,0.024929592112415133,0.04535865163558773,-0.0048713916662790485,0.007597903817247654,-0.0009451864439712361,-0.018069809591918364,-0.02139534605042874,0.00880815235606312,-0.017047654482273005,-0.030996203886133052,-0.05633585311899698,-0.006165312045716587,0.08771300402740108,-0.002072867466944297,0.012068607514906954,-0.004471760240315848,0.01300356564936749,0.0049084980335974936,-0.022722113729982393,-0.0014425943312122423,-0.01630480117021564,-0.002190498285514152,0.07806116108197926,0.02365008077442916,-0.0044067178765385615,-0.006327343407343657,-0.02418446168820759,-0.05745631974066082,-0.047259745637069236,0.004394411422480998,-0.022338590193321142,0.006137924177516351,0.0028710283325832507,-0.0013977468080585364,-0.0045456041906571576,0.03342338489415568,0.02957893538305197,-0.10518528142677981,0.055679070509566345,0.06865425825812883,-0.04342099516947426,0.05388537692188563,0.008781066504365585,0.07644887659194366,0.027320386904311187,-0.03643469222049093,0.018083337645174134,-0.029550587648122805,0.00876923455032599,0.028706272735537018,0.02780566906463221,-0.013016840127886618,-0.016325822149679033,-0.05803992189769535,0.04694235538571885,0.007729649550068176,0.014540037448228646,0.03488596253334586,0.01457116969424958,-0.01164794198742734,-0.00781676082411197,1.0,0.05390534159884597,-0.022543745267366515,-0.0027803075735030112,0.01028854159647212,-0.057808197920549545,0.0616600718234091,0.05397435530600578,-0.017428718576032454,0.021933576325128393,-0.014281212936384992,-0.01283154156211093,-0.013540235667910447,0.03255051300242014,-0.001171870382582569,0.04524248358280521,-0.006512167018931457,0.004877177031895216,0.04892316894240245,0.034773730757830794,0.006710704826843531,0.005524014042194354,0.028992573799485718,-0.028568473611850716,-0.06842975955667673,0.05660003935797444,-0.04626620271756341,-0.02212435317553842,0.07972936890884212,0.02345951949164767,0.017481733810345634,-0.018562468564194648,-0.10072244449106067,-0.001983886849298112,-0.038443919480789374,0.03241896673221798,-0.011751594299890875,0.019693501461437626,0.018549158144781103,0.028756423554941284,-0.005764537153059649,-0.030904602085718123,-0.007137335045173659,-0.017819831400594205,0.034045538713379016,0.042300586345241024,-0.012298789151199665,0.002974242509142995,0.15552467749236756,0.02067503804579692,-0.002951800319685211,0.06395556365802495,0.016490783598409654,0.03200462628959539,-0.006793059765317973,0.008738283583070477,-0.019808003622592617,-0.07511072539036473,0.011972969409592863,0.025076136268963795,-0.005826268524852532,-0.03608435674692067,0.023536172625638972,-0.02576342545934066,-0.002778560115992481,-0.005946049654579373,0.002094414564801187,-0.008334721187781736,-0.011370284696215835,0.07965229574077337,0.027490890507673182,0.0378552317984892,-0.005571590642041809,0.00998602408608412,0.02139844824594223,0.021532514976276337,0.016930119214037906,-0.030654938519635803,0.01598675355064974,0.020178691795507336,0.009173609908481935,0.01794277862360463,-0.030858823532150255,-0.05912309325503271,0.026892856563843846,-0.0011350645979674846,0.01973094379702773,-0.012698578022694612,-0.08634186662214059,-0.019502162553276924,0.005728430075273465
FLUX_returns,0.6292367018853495,0.3995331715137215,0.6217216306449667,0.47603784964895307,0.45989145437086004,0.542528023158522,0.544140037191249,0.6544142744467032,0.7030055658457414,0.5049455769198175,0.6046994663574113,0.38669601545970766,0.4805752692348192,0.5858395259399986,0.5284708736151253,0.5553505994900417,0.5553933651302245,0.519326214233462,0.5840166557928537,0.43259799194699006,0.6751587108911216,0.48094205295018905,0.2544853131563171,0.3674386432798027,0.5260669477324001,0.4392188187823826,0.3765667438869122,0.7023609141187054,0.40005926261279595,0.6603948155282054,0.5947554799685427,0.39959551398457305,0.504547799048479,0.657931969259636,0.5381603114578074,0.6154798580495123,0.41775504702563904,0.5331855219337426,0.6733820522354159,0.35971365263688987,0.5812379584096513,0.5212885605084294,0.4992538758890121,0.573103637861483,0.596709731821844,0.4504836121526351,0.31213768593363544,0.49006189357442465,0.48100971736604414,0.3237189022669557,0.4813127035788037,0.6104271557412566,0.6837286335792448,0.15376880075158114,0.5862038874439066,0.5778989185491934,0.3121214293947092,0.4011302231948727,0.5038787647008457,0.3974814801925445,0.6805746417625536,0.5524387703730285,0.24767616300980355,0.45283684732800333,0.3038482782455479,0.5201832485980281,0.3376396218387966,0.601667134241463,0.2383801595983004,0.33035036665283474,0.23872305663843232,0.46487874854682815,0.4444496029255375,0.3582620526253001,0.5863446021574001,0.5595787969672648,0.33799457256744264,0.3234026655781707,0.6350414556913541,0.5210990641471541,0.40461360428366133,0.5838484705341641,0.4774884401608463,0.5739359249939546,0.44066924430356946,0.412245614303515,0.4396522164248955,0.3007179190106159,0.05390534159884597,1.0,0.5120233114413237,0.5416764425286121,0.5712787687188764,0.4026550621229425,0.11274756728650814,0.47323316516740416,0.5594165297900444,0.395856980684713,0.646328170590074,0.6451122751465603,0.47953709706672204,0.5004104317080481,0.6012947187491169,0.4210168981959374,0.4164042347192835,0.45302153473803014,0.5103948089826493,0.2591727605374758,0.4990435564313572,0.1509997154344815,0.48979774312442026,0.54554325937324,0.38908755275226614,0.4738776471632974,0.39634179053423285,0.595831503192925,0.3053263070749577,0.22774950932746424,0.3499067089854571,0.6129369819003908,0.41512294575870007,0.35581270197212467,0.5536684322078421,0.3812158607732421,0.5623597467578513,0.5275326060429424,0.3977536760049655,0.6166858422938791,0.6246022697886391,0.4879889451798588,0.45327106144700297,0.6832947034674287,0.4259788595014089,0.3120852067347243,0.18949601275761704,0.6839841365147076,0.47808594727148535,0.42609779460280545,0.36889673065578454,0.38827675188033905,0.39625879541912884,0.4299177161311188,0.4810740703994521,0.6225774621782205,0.5172407858256396,0.22685037889922152,0.37119914694381156,0.28695718609598264,0.4869834956758743,0.4564715661618431,0.36214645947107427,0.5998433663533029,0.44497355087301804,0.5139415580220509,0.32475066793427737,0.6092120160449619,0.38120250074775425,0.20244859819033104,0.1568361237243611,0.5554117221155586,0.18942165656234886,0.49804933736419527,0.49703104495019856,0.4994755109368845,0.6052020730247347,0.22720153685664607,0.6167196373394892,0.22650204071123187,0.4101954879808787,0.5010782975577026,0.6604369633284223,0.5741045444218332,0.57027686461445,0.6757389462934335,0.10399936240859907,0.3947778202525276,0.2816016477061117,0.5626378294814406,0.5166484359539638
RPL_returns,0.5614658561863533,0.3395334928977218,0.6415806562713553,0.4260949715641975,0.43148901569293613,0.4932641894267639,0.5499965072538405,0.5933946641954524,0.6341797021760534,0.48887778333428916,0.5404744598242149,0.3622065594583385,0.5342657182695005,0.5304476743514466,0.491654975410818,0.4737215723249968,0.5333322668145566,0.4686734861383053,0.5742651837151406,0.3764816471175031,0.60429319563513,0.4630338902766938,0.2510383932198978,0.3468784607274059,0.44557825759166847,0.3903189604791696,0.41395416848147076,0.6454386455174573,0.3209851593629269,0.585597175173481,0.5596996782725207,0.3722937017791797,0.4843354633549439,0.6221481456899146,0.5229341433689518,0.5699106736989832,0.38387625599206177,0.530221455725944,0.5591388182007524,0.3765515578441084,0.516891700542722,0.5351144300699986,0.4417972459770671,0.5322089878007717,0.5489495170647607,0.49544066795178254,0.26407368912537255,0.45883862501147465,0.44600351222135826,0.32721260235840066,0.42036588648015866,0.5980356136579662,0.5945283482797733,0.19280530666511483,0.5530433526536471,0.6290764808094027,0.3101322717192863,0.4559260407684659,0.441806431856924,0.4004618742652712,0.6318308241334429,0.5485658215644315,0.277055826186861,0.446596266812666,0.2896383084543304,0.5270698277240687,0.3327029239291662,0.5505158861293123,0.19085711947656273,0.3078282445633677,0.24523158256988167,0.4396476349598297,0.39097858044609163,0.2904376385548176,0.5566071355426053,0.6044319369828568,0.3540077536309045,0.3006887983331832,0.5649440873661293,0.48297532345410993,0.3787718471330574,0.5456393380215369,0.46730383202338344,0.5417368185045909,0.474153714391891,0.3949362314735033,0.4343371957869445,0.27000813981635247,-0.022543745267366515,0.5120233114413237,1.0,0.4570473611254764,0.639884368124221,0.4127092261867747,0.08604597603846298,0.45035935184399656,0.49973627214436733,0.37177205816178777,0.6343299204170972,0.5975902129873077,0.46598255964652446,0.4351901666527692,0.5474782253869627,0.4122734356330313,0.4116025619820091,0.38443301394068646,0.4259083329030357,0.21988826864030458,0.44851362887850665,0.17735306701469844,0.43647378106181595,0.5577232581206062,0.3391265688185803,0.4619672086883225,0.39711212772972193,0.5505184724440546,0.26796963279306923,0.2055922188271277,0.2998242082340943,0.5588973101909043,0.41573708304389523,0.3641999754536104,0.5626103556949144,0.34334993457335017,0.5628926227060063,0.40295444242979034,0.35850993707477896,0.5724582656684982,0.5433389604392667,0.4390459129609059,0.4451330806859244,0.6185327018129271,0.42760493834694996,0.346035247219312,0.1273006380555651,0.6246388965130192,0.4106155181991212,0.37706438546598003,0.3834396241998804,0.392748493495544,0.3784459095086949,0.3473765485979315,0.5110642637173114,0.528951915278351,0.48220160131646667,0.21335223500412714,0.3432502774099448,0.268779928073317,0.4740257020014386,0.43107281090479843,0.3151355052448226,0.5353494412079807,0.4690704263699973,0.49125668153957563,0.3371709077214603,0.5396599411535388,0.32531213974363843,0.17882935232682223,0.17752905913355013,0.4995079372170391,0.1695139641110143,0.4595273852160184,0.4585047268313732,0.4734190486006139,0.5834911554618704,0.20302068221199504,0.6542879037475935,0.18063197033598666,0.3370188387902628,0.45144895910921173,0.5971969200942584,0.518119939929517,0.5548927724508138,0.5900877036360469,0.0567180663697955,0.37215505442658847,0.26739223718884636,0.5340598130011294,0.4618021122675715
YGG_returns,0.5668247365142394,0.398644245589923,0.5844672226168554,0.42526001596215074,0.423838903524896,0.49161702966317966,0.571527854528384,0.5949754125905063,0.630678294981769,0.44322587730097424,0.5256341999479354,0.3199947383243065,0.46888305263604324,0.5574465278211618,0.49423735835600174,0.5062745480773215,0.49790237829377604,0.4382084879422493,0.5700953995352687,0.349325979711765,0.6307070829699659,0.3900529931582536,0.2699248373770649,0.3310509311234916,0.5267500366677972,0.3561565073500048,0.3313717301360681,0.6288382707050965,0.30333263688781714,0.5762795022451108,0.5371639260598915,0.3496711776230054,0.44533474658153055,0.5999052761074527,0.4780733215171844,0.582529291462851,0.45047119561714744,0.48780469521073694,0.5164464191349492,0.3101077758188287,0.48902837396941073,0.4470909802647161,0.5136759655441939,0.5045765792938419,0.5999585717228286,0.506484631068199,0.2819651518298217,0.4341428494095682,0.4212370520549754,0.2707896262341481,0.4711223212258652,0.5562779737920266,0.6306903140638478,0.14963053711428173,0.5210373777720579,0.5343352147661574,0.2695267569754567,0.3566735935826183,0.4533541665331871,0.36306297323334197,0.6039684266630938,0.544317584566224,0.20190789674085016,0.4893805632780971,0.30397653354062876,0.47254547191264124,0.3366698266797142,0.5434765794177168,0.22961332903472936,0.3184871500887636,0.2111837853718529,0.39229769468781256,0.45404655000841476,0.32682504268878765,0.5598619509634915,0.5115120891583133,0.330315998989056,0.24954932747871994,0.6213239066764729,0.4914211991260991,0.4201182678445683,0.5375607321466463,0.4114757344888968,0.5240775653110956,0.42392844359760634,0.3327658756841412,0.3850679383686622,0.2904618432809703,-0.0027803075735030112,0.5416764425286121,0.4570473611254764,1.0,0.5272387146893789,0.3635936246950278,0.08272172480260165,0.4027239668626364,0.4961447847263063,0.3764588343052287,0.6093796499620469,0.6118251963306068,0.47692394955514955,0.42213991067752077,0.5753779396563165,0.3978421813642055,0.4271662564311084,0.30208705791385715,0.46879938932716086,0.2602727218278677,0.4495383512671445,0.13790261151070787,0.4211422477523425,0.5180480036593187,0.3109971871683266,0.41088094655760304,0.35111851205264866,0.5893094505733633,0.29849922344253776,0.18837186997384026,0.26658118322312047,0.5756447507053084,0.39940269900341685,0.35101516006548705,0.5201847364683588,0.3790634116487977,0.5168631026744929,0.46743068756331,0.3998199197159096,0.5165186419364727,0.5415939915745648,0.4295235076750367,0.42064800997653695,0.5918063011922507,0.3734185336126925,0.31545969656519035,0.10886015612071248,0.5829799169285332,0.3991448108330784,0.3644961977880832,0.37489708693552215,0.3207504261256476,0.36889564048723383,0.33379051021863354,0.4356222381754822,0.5796382511458165,0.5083178313873498,0.21510988734560532,0.3368830481588447,0.27190036023638703,0.4362506177772504,0.42405254472382203,0.3505203618176145,0.5594024275716788,0.4320002311242994,0.5117800827471147,0.2813337853771382,0.5492056447892397,0.34570178050998923,0.17187246001328269,0.20363379038886492,0.4842832266977727,0.21193681701700082,0.42474250452960205,0.4195026625033672,0.46022956312668734,0.5500213045565343,0.24994786578374964,0.5457226234352592,0.16214333143961696,0.3616973304665547,0.3995219740321586,0.5698141015180148,0.5592069117912631,0.5287573778717953,0.6061189024557765,0.08696830046924812,0.37656260651402756,0.2539555985927919,0.5157452864767028,0.43044622090292584
SSV_returns,0.6062970951277447,0.3852209157712826,0.7004032715409536,0.4346952130132905,0.4374205915279548,0.5297823587014809,0.6434857226495131,0.6480468667748727,0.6727455085880059,0.5019962030579892,0.5658293645178379,0.4078231467614154,0.5519709519075385,0.5902656707435103,0.5308629555314504,0.5402740492734149,0.5311380505218124,0.4717194916038031,0.5832562507811386,0.3886612011703804,0.6296784113730141,0.46168950014435445,0.2234407831783962,0.3561533680083835,0.5282304090799835,0.4241913361264647,0.4354619897636884,0.6833170904660164,0.4101484132590695,0.6361150035374359,0.6516171831785007,0.37667135065879415,0.4818214996783414,0.6192557155325265,0.5415730140133492,0.5916522575202557,0.44079751759310876,0.6125077787480999,0.5595311465695324,0.3945333485122146,0.5239815852624706,0.49910049945571017,0.4797889931908833,0.5720323360098789,0.5945768395142066,0.53218293060282,0.2637435166594486,0.49635219291810206,0.4601103000216846,0.3719858727200149,0.47584228292541053,0.6289390714560665,0.6198518867933573,0.19740989064057024,0.5762392960191315,0.6373880450350302,0.33303648930312474,0.4838079419598224,0.4911734919522335,0.44492432825132233,0.6432315247429595,0.6286023969036618,0.24843205934995682,0.48145054361875705,0.3174227579172724,0.5862261090866536,0.3301713960795855,0.5852130335625046,0.24037290388537813,0.31909264649576236,0.2631835857282227,0.47196597801676293,0.4180651461594153,0.33883596132918264,0.5779737411272076,0.652529006287629,0.4095505182113768,0.2964990694259896,0.6231774762268234,0.49157871311737933,0.40389167946261334,0.5832664975014203,0.4363119171045677,0.5329466655761417,0.46987080215296606,0.4223529880990597,0.41880413803649746,0.3155275860822262,0.01028854159647212,0.5712787687188764,0.639884368124221,0.5272387146893789,1.0,0.3524996809698179,0.061885947340573955,0.4385618787634956,0.5299431008099134,0.40744194675318884,0.6591949257231782,0.6297084393732051,0.5178853820118244,0.5023817642071507,0.5723415783758107,0.4454925088053408,0.4299762828341976,0.47115412432465664,0.48962488869101983,0.23596555735982544,0.4871328473376419,0.23628889474022793,0.4609504465203153,0.5653391754460204,0.3142050320715751,0.47814672775527955,0.44449507176379704,0.6173590826994514,0.2885566877048553,0.2188269009410983,0.30335153949305693,0.6046966171701038,0.4384278064872756,0.3566004974990603,0.5895355388404498,0.3684152331035546,0.5614336699937612,0.4524631677740721,0.3787655014284199,0.5659378345439396,0.5667955893226019,0.5046733896375403,0.45234925444403673,0.6552315528108318,0.4371838336096491,0.3779944259256588,0.19198761574802697,0.6744449818745618,0.46500116924033874,0.4529181271969237,0.3829088175168481,0.37883355625150356,0.4054972014571901,0.3669465172088173,0.5367786870425468,0.6070838315374347,0.53844065600789,0.18583507984086983,0.37601106312091837,0.27858231693383884,0.47813414154860895,0.46689623494002735,0.31428290073822746,0.5914852976780222,0.48836842159720284,0.5206442390379089,0.3469220719461847,0.620021818029451,0.33793455730018024,0.19665523937132778,0.1844421414984494,0.5368991789467389,0.1602740107776392,0.4691106125294331,0.4725536125290237,0.49252308716973386,0.5857764967262304,0.2272367662651196,0.6700429375365632,0.23345009662964294,0.35709567157171807,0.4684480182850131,0.6432326661800436,0.5387922066960109,0.5613361794676104,0.6581876017808024,0.06548976486287847,0.414644931677414,0.2635248615913783,0.5582546799954746,0.4554804949349737
XVG_returns,0.47132304642618217,0.25868560709878097,0.45022700322796944,0.328486418000229,0.3249200942787564,0.3471821885404808,0.40368738315159625,0.4731465636555972,0.49955953401834713,0.3663959928247738,0.4002617994695004,0.27075192913572466,0.3647029621973943,0.4321165391779437,0.38123526302425315,0.3592963180792044,0.42630157175531513,0.3610180602609931,0.4703937600502707,0.32324801018469207,0.4633774988056056,0.314618677079866,0.147696134890404,0.26631223922150343,0.33470641458748207,0.3268783990893428,0.2721332865203883,0.47955564585541555,0.30594627064394053,0.46371372449736564,0.4061406833497739,0.2580031884535851,0.5472255521311671,0.4848095717101798,0.3603012972960502,0.5004379163718572,0.27924194128915075,0.3549265643746834,0.478792629184875,0.23357709403793492,0.3993763195388025,0.3739227179695022,0.3695724112798466,0.40847659150110327,0.3739977511075183,0.3381749508615065,0.3150403377559605,0.3361534938138412,0.3492683991118819,0.2687091484611625,0.3535030079208963,0.43856210497323533,0.44939947676776276,0.13138121524129273,0.42512889318959113,0.4125013392851071,0.21131159824745047,0.28819037354686666,0.36346103293629545,0.22953539556641012,0.4850149807112966,0.37488541009867193,0.16198878886132922,0.30953088678595253,0.17181956493096426,0.3536518242299701,0.24528116534309596,0.4328014593978479,0.09785341297141409,0.2465645785126829,0.17937387790315407,0.2899550364814739,0.26905048906033124,0.22664524902232483,0.4462942450655845,0.37758396617872764,0.23725777413679536,0.20012520924189356,0.4609132140204288,0.365160443054997,0.35277493892577827,0.418187818106276,0.32656901026754176,0.41093954913089825,0.3173994538887249,0.26923588640871704,0.3413523158025859,0.17344319556677995,-0.057808197920549545,0.4026550621229425,0.4127092261867747,0.3635936246950278,0.3524996809698179,1.0,0.10908515724097508,0.35411749807976706,0.3644202482943325,0.2726448451259765,0.4257627522453265,0.46963857678974297,0.3557801953294512,0.31163325621189447,0.4069219807894564,0.2723311479583639,0.29776256582238725,0.2385235673312508,0.3727825073854029,0.1702882897454105,0.3436342114024592,0.07737194741358898,0.3051264325364851,0.4299091338504752,0.2616040291677425,0.31022869749006593,0.3297596883286337,0.4225508855956039,0.17150127524771946,0.21788183114495752,0.21580854751939996,0.45488490226326794,0.2799397789231798,0.2465082269062962,0.3936681248444107,0.2601024710377106,0.3803968212034519,0.30657194325846415,0.25983094620303276,0.411457955672881,0.41320094815608416,0.35752462352153214,0.30246508608460326,0.5076974419768521,0.29118468246210194,0.20089609856391522,0.13850369220773695,0.48718003190506226,0.28428292934060645,0.2409692196138906,0.28148612124860534,0.23355152024623518,0.26160732252999397,0.28015978867275326,0.31364980778123963,0.41621126512889856,0.35010167433082745,0.18424369178064065,0.26709379786815357,0.16743538283271245,0.3432109918221397,0.3630407267084239,0.25711201403543865,0.39031795237585415,0.3534830110907203,0.36847762076869445,0.23216970706225143,0.4167946321841844,0.217761639280244,0.2073722768998722,0.136879687471971,0.35720122423034,0.22934965934764143,0.3349248448385014,0.3536482311405447,0.37075741499139614,0.4426509914976764,0.1537849931789224,0.4397233692545844,0.13435083724542118,0.2670377349486639,0.3378520658319839,0.45275132077570207,0.42168370929283266,0.38180844264147773,0.4782978627049329,0.04387627315700462,0.2688623961865428,0.33307094307556234,0.4202180262525453,0.42128931939483466
ORBR_returns,0.09204171195164804,0.06137208022299628,0.07488604824591928,0.06983267653916045,0.0658249160989625,0.10315511638381056,0.07762201269018558,0.08853485165632058,0.11852869677216757,0.05415498772689068,0.07368520550566067,0.03303998408430787,0.09571120869480018,0.07817621783903995,0.049031566898229274,0.0590299623261389,0.11165696205561967,0.0691652879974483,0.0781673388347603,0.0619290750791588,0.09745533927736406,0.08174871720260177,0.0443355084626826,0.0644111135745753,0.08130557909738172,0.06623047624522185,0.070538610705752,0.12159538130837841,0.09471364294169042,0.12155946737915492,0.08004450017757604,0.11579055082471616,0.040537649270784064,0.09986689551744132,0.06177174742098662,0.05399683722140482,0.05054603238820499,0.07727831144119918,0.0975965399009884,0.06316027902464137,0.0810510107618421,0.05746784181982432,0.04482213510500976,0.11243628675022069,0.09940463677798143,0.04370661292476816,0.03791387271380252,0.05080203596505031,0.07443304643654536,0.0840585869096365,0.07713895595176716,0.0921409037683837,0.0964966227472174,-0.010240539800908676,0.08989467017305745,0.09137856935785867,0.11083272412413173,0.0197232325411741,0.10175489037311156,0.11257765026544757,0.0966058289197818,0.11931578670555447,0.061897564681697125,0.058320010120073186,0.04036598346360942,0.08465627707784104,0.029229431203758042,0.07398770632626667,0.08452962506093616,0.05446983086176869,0.05164102259050383,0.13736415824400222,0.10275830722683177,0.08724882437553615,0.12404753960246473,0.06006589058356526,0.063290013852045,0.08638626925077908,0.10836090641086629,0.07603823275404668,0.030755918119905523,0.067069259545022,0.08746428714405824,0.07963591258227899,0.08487035080198961,0.05613130921157108,-0.023956567712807488,0.009019367042365525,0.0616600718234091,0.11274756728650814,0.08604597603846298,0.08272172480260165,0.061885947340573955,0.10908515724097508,1.0,0.20229451304524051,0.06431081791162152,0.09288149648409397,0.07653276382699048,0.0818516093485851,0.06192005024171702,0.10724447907325657,0.10223041696440649,0.10999696321199617,0.04401779493463946,0.08842427748988795,0.05111717662828887,-0.0073413422080082546,0.09610354674317954,0.06314301144363049,0.0951989719594888,0.0705530497256516,0.048330555404658325,0.07807929319616357,0.08611550658588872,0.07187817878854982,0.1070985232719197,0.13315853149091972,0.022459403423804928,0.1007629882878406,0.08790128969268489,0.03543347319589132,0.08574368494459693,0.08285076869169135,0.11031444192345424,0.07040658500401946,0.06930903507896997,0.11640878308994713,0.07594997070012095,0.07107417149376266,0.11527941957332839,0.09204931959063212,0.11948656786162204,0.0542043818846319,0.010639546195603412,0.09493476441736325,0.08238767483283455,-0.041123026373174616,0.08436650532912089,0.13521816733801983,0.06668130659557722,0.07600544679859882,0.12477622158129359,0.08602562367583853,0.048204333799852644,0.023570969222706253,0.03194720146857025,0.040804923704331586,0.07920474889197876,0.0356131842834847,0.02926941382362185,0.07974439418354151,0.03305418224945473,0.03725403125598324,0.06827763830352708,0.09242017341200981,0.06477847616079259,-0.08087266380483549,0.04994955354712732,0.07197656079598305,0.0024495507202433172,0.0713035301569953,0.09356926644801294,0.09824438337129465,0.08905974134360625,0.07375204192063925,0.08306121946073218,0.09412879706574961,0.025857570770814572,0.08073280545214685,0.12295100097221973,0.08787653445428821,0.0923135401065239,0.10847224438784034,0.09907900993807561,0.09899499729380165,0.09049299323914985,0.0692883926937526,0.06907515141144663
VVS_returns,0.5306438579410108,0.3490188737592051,0.5131646372573163,0.38267224739985367,0.39637183919323354,0.48297898453515975,0.47823085294327666,0.5360856886265496,0.6061125372882459,0.3816453853699719,0.5115036055102257,0.35125538336048007,0.4456174439879377,0.46285810476027156,0.4159134266676205,0.444680499692881,0.42695851718569006,0.3800151747224196,0.48578014928856583,0.36242463204687003,0.5598694049127907,0.3883786110037573,0.2433397949580606,0.3622819069503362,0.4171781112987454,0.31597398045112446,0.31675431382324787,0.5769746835594126,0.29166394320479827,0.5802736989629389,0.4846672652765517,0.30938940307049184,0.4934499421580214,0.5439998532392972,0.49718360185856003,0.5172234857745917,0.37493064269472454,0.44257982395551565,0.4784630515709463,0.3328990837285746,0.4487139941504942,0.44385845159655124,0.4327352264798816,0.5208902434815207,0.4666349157448503,0.3331168577949928,0.22908934570253908,0.4116582581714941,0.4275411556396442,0.3036371963279421,0.4068360453880548,0.49616490590312784,0.5325687216021826,0.1753734905973417,0.47959112962131056,0.4707311395106235,0.2730361046827322,0.35343654042437406,0.3975968880122472,0.31202234785616934,0.5559551717037283,0.46190233091478267,0.19573117349715433,0.3367119180162659,0.2268624467186095,0.4855036395107042,0.32890935915966846,0.4944809721542877,0.16079363437279523,0.3358624599713758,0.2503318636424768,0.41312149978674945,0.3454563324709696,0.29613065121202337,0.5034932471321055,0.44243689684159593,0.3499951719398232,0.3266615189891013,0.478923710913724,0.3890397533448545,0.36152797974125866,0.46939381635850363,0.3946010934003245,0.4782489428573213,0.4427982589371275,0.3322450146751119,0.3599023505340403,0.2627267885841809,0.05397435530600578,0.47323316516740416,0.45035935184399656,0.4027239668626364,0.4385618787634956,0.35411749807976706,0.20229451304524051,1.0,0.40146694739466493,0.4122271552128215,0.5402180616271864,0.5297773022191055,0.3947160053172986,0.3600672534956031,0.48508039014415627,0.3745622713378852,0.3538601958151868,0.35365195330215315,0.39841086959071603,0.18320761231451368,0.44222421852876886,0.13456168691816725,0.379265217179316,0.45937224910220703,0.35721183669177475,0.4615389140109718,0.39663142967325055,0.45326701074306774,0.24543868998764806,0.1666089577348775,0.26208402871993347,0.5146839296681845,0.44868263204602166,0.2866241242048179,0.4027888327921373,0.3313846875710826,0.4518117418564435,0.3859693839562396,0.34267814104149913,0.49906923444179746,0.4693532158399004,0.40102212321455866,0.32674680458979016,0.5632003556894787,0.5079055536382605,0.32801190124535906,0.16094934881187206,0.5426675473844348,0.37601408552631876,0.3479594803809311,0.3516716468374378,0.370781513835697,0.37814696243936924,0.35241886493090174,0.4587929386754477,0.5169122520124293,0.42758962230949366,0.24632310837346025,0.3530712587373434,0.24758133904804655,0.42209607969057517,0.4040360144845436,0.2813456050281576,0.48301390380573117,0.4295162752761234,0.3960666927703652,0.2452278307453794,0.49622588161869974,0.32468345418078276,0.12123315666379927,0.15065266334267213,0.4119699336420081,0.20218411280026266,0.4381923759160095,0.4061121539699531,0.4670393672874222,0.5109455561105403,0.1668234436419947,0.5474034051753267,0.1618178404411185,0.38472093828496845,0.36512818479663484,0.4749349933397483,0.4418634359468356,0.44017193062280124,0.5177987995877927,0.19523071553016394,0.3250554402781569,0.2719569227250522,0.44752575549860796,0.39409568026016534
XVS_returns,0.5736721997621609,0.3672519301058316,0.5730755030134379,0.4528037094587785,0.4381083921789301,0.5220469179861575,0.5005984566879825,0.5600739580614765,0.6213471031545392,0.44074426999587024,0.550630731734051,0.3643829134573401,0.4295441223690178,0.552676374197874,0.47944520665789814,0.41764581488329455,0.5027180778696159,0.4170839921503431,0.5395095373017382,0.3470881797899086,0.6002885735774518,0.3921354966874792,0.23392400143189282,0.29513671514243545,0.4468881165661199,0.36417703942371116,0.37554587727119443,0.5967813901541805,0.31199425402315817,0.5779671100464431,0.5412800949451394,0.3615379106103507,0.43536435154176245,0.5829875208393832,0.46589776010171435,0.556062884156401,0.4185572050911779,0.48036394584097447,0.5249589711292019,0.3506095581866804,0.4805156561620517,0.44232641381682625,0.47138427220301693,0.5119882189305479,0.5020614957222422,0.4686417828334088,0.28908283107198357,0.4569219655321284,0.48474363803039905,0.2870459165539134,0.4630636018695704,0.5592625915763842,0.5740550668104021,0.20570056458251237,0.5170716245222512,0.515997986031033,0.2782841958856825,0.3163025483941645,0.4827147530760587,0.44062362966223956,0.5723467790295541,0.522563195917054,0.20729744658876162,0.43335245753819956,0.31650501983288987,0.438691961865922,0.31541459481440787,0.5657701632135306,0.19388526429044192,0.3255074264695006,0.21039824365970244,0.38153243517878027,0.4266485443641797,0.3491144683177504,0.565190272473809,0.486462235778177,0.2715670213272098,0.279565928915796,0.6005191312423783,0.4554394116894419,0.38062169109866234,0.516999271597492,0.4509052979109761,0.4899259227628673,0.43479472728279694,0.37136549063548274,0.40255712355754936,0.18968337174191927,-0.017428718576032454,0.5594165297900444,0.49973627214436733,0.4961447847263063,0.5299431008099134,0.3644202482943325,0.06431081791162152,0.40146694739466493,1.0,0.3602795443070362,0.5371015325552436,0.5821826397918041,0.46092036867102143,0.38957611898645267,0.5432255880931705,0.38488032223605817,0.441576654603143,0.32221279117716556,0.44840950533856727,0.24827876297758938,0.4687617464377227,0.11628682261924657,0.3597149161299193,0.508270955375119,0.39240024911773824,0.43046535224627974,0.3673474018596869,0.5375287952100035,0.2535203771674432,0.14693789070044608,0.275141960309282,0.5688592796049808,0.366055210725519,0.3391685349400956,0.5140525301054133,0.28237197490751265,0.48716957641832087,0.387737218802913,0.3810696185062812,0.5243298985642258,0.5266439892760005,0.4638777807708808,0.49169068371070257,0.6157136375535266,0.3729358278793381,0.26180396108419973,0.18020093659723088,0.6023207586092464,0.38149467759318095,0.3699902485098588,0.39152581756313193,0.32441134855665,0.36173333274412794,0.37245515643649896,0.4427705570880848,0.5684214736454593,0.4079377502621597,0.20451508603499405,0.35514681850899016,0.27390229054106735,0.3857659208793954,0.42369612320763433,0.2688901986418473,0.5214246223762459,0.3983721077175582,0.43256958632083375,0.3039530447587148,0.5325780095950764,0.31133478342206905,0.18140665085767685,0.2301024922076835,0.4594961470798078,0.17394377762898205,0.4804080173240224,0.4156027535027778,0.45654005067250697,0.5788706264409836,0.2446921689087075,0.5529210167367506,0.1820428268785524,0.3593075831865693,0.4148344414102897,0.5598483434611425,0.5114093709704532,0.5094223385493588,0.6308652444349592,0.1132731519986269,0.3730262908967228,0.28734276927103464,0.5081752488372817,0.47054015679655664
KUB_returns,0.44673613887647423,0.30700114793222155,0.4351396821987168,0.3202058408259616,0.32794573227726675,0.4393478386728239,0.36786436903243686,0.43777896705480396,0.5023696266634566,0.36806511819004817,0.4371007530283863,0.2583537842443934,0.3973760523622972,0.3863678594501926,0.34994565551458473,0.39042396655790584,0.37848046783969047,0.40658955377729233,0.4141639239841252,0.29677893266600375,0.4819154512327654,0.3521946754435633,0.2448915873905158,0.3406148781579785,0.3831354161512784,0.2874785475714632,0.31828019458744167,0.4632847608375371,0.2669383512380161,0.43459886672588777,0.4013844517678451,0.34703219404973423,0.37135494619888115,0.44445260818296467,0.3527561121014869,0.41847379759463327,0.35306053569528206,0.36417331231229916,0.3788262726240949,0.2921401398094545,0.3917829604385187,0.32223072108153294,0.35443245202583584,0.5091871945259306,0.39246066493610937,0.32064927014311545,0.22918926034337198,0.3935759496156248,0.36601299099360507,0.2780587056347648,0.35372943054866224,0.4385582851864014,0.44550697501661374,0.14394204502617772,0.4065690406117307,0.39026917973105946,0.25297736669142257,0.25599553592295843,0.3394257567385302,0.3269130310147539,0.488578671651631,0.39667965392669563,0.13508658188312808,0.32594475401386513,0.25548290303895166,0.3599252296975359,0.27476335137093727,0.4276784629565502,0.19030161096922216,0.24323548833919983,0.19535847531679995,0.3054567365053785,0.3352220708040326,0.2595206399795191,0.43029997108693746,0.3978176641632865,0.25654223717095825,0.27354307032114694,0.415479551028477,0.3560552484626487,0.3426761586268504,0.4056139914998766,0.2893746467000957,0.5073331011397676,0.38424866268057406,0.2600807836435568,0.32299329661654114,0.272286708264144,0.021933576325128393,0.395856980684713,0.37177205816178777,0.3764588343052287,0.40744194675318884,0.2726448451259765,0.09288149648409397,0.4122271552128215,0.3602795443070362,1.0,0.42192001743044316,0.4525864359578968,0.3201769917481918,0.30148231182423035,0.3953794420187467,0.32916037603381243,0.3054408350020497,0.3066666150989222,0.366616203147496,0.1900450528591847,0.4141273656921137,0.19639108362923163,0.30572636196345926,0.40726053428423753,0.2764761184741305,0.35022443636378797,0.3143000839099003,0.42293606125238986,0.2711497302851835,0.1588738405231004,0.28649834082064274,0.4534442788562379,0.34409292562371996,0.2768653143260999,0.4115687990772009,0.3080104137920245,0.3872415486529732,0.3436710141659918,0.30051565918846995,0.44837507913412117,0.41506743354813197,0.37090564898237965,0.31211602327381716,0.4652340526287498,0.32679196763144835,0.27797026738262487,0.1333716012782992,0.46896788355812663,0.3383522582595868,0.3549794741255014,0.3350688356597722,0.2501079689695033,0.35354706821068727,0.3151176785361239,0.35791622043467075,0.4027350458801743,0.3655164837084851,0.1937612185765473,0.3275009376290054,0.30453021515448186,0.36750003872679576,0.32151354662268444,0.25860000410508055,0.4020263043407294,0.37426357425037876,0.3792575797670736,0.2585536669711079,0.3619569788879817,0.25682570979386987,0.21279354675484,0.21386278845474008,0.37516265494232875,0.22158495067835735,0.39789940514339556,0.297149877762633,0.36516597416354335,0.4388037181939978,0.16439418309388826,0.47640989022023233,0.14872158304798455,0.341754328126825,0.38483802474844825,0.43861224098214696,0.3641902970274172,0.36972259172674043,0.4502525852017842,-0.010596584375480785,0.34876432693571724,0.19601502876945975,0.38443810368498965,0.3516003187573993
ILV_returns,0.653588147074295,0.41388383299424386,0.7045192377521324,0.49597883154257266,0.525320411753686,0.5770687917049706,0.6330596126894873,0.7336394175997487,0.7163691833821457,0.5278660541111477,0.6083097338667558,0.3954077653146269,0.5488589660126229,0.6384208158047368,0.5614251735256326,0.5622809266110739,0.5588810368703978,0.5083987754092187,0.6190238360066947,0.4355756152398657,0.7265001704411657,0.5333932605627749,0.29299804643823524,0.3984557384668308,0.5354546651514543,0.4607069309246299,0.5292669353255144,0.7403060232481774,0.3931080072405468,0.6893521949749837,0.646526070103468,0.40603497114647613,0.5585911214858138,0.7104004266975628,0.5753107640107947,0.6699234945236877,0.46743416336368887,0.5987597692239272,0.6381200833693388,0.36755489225365656,0.6067462332017366,0.5249783496690139,0.5568048566443804,0.6093169518409911,0.6363918327415389,0.4782355138116599,0.30464393846551574,0.517002117159169,0.49178686305131725,0.34163088805508407,0.5289261674217459,0.6636516639114348,0.7318926789767705,0.19447335558514242,0.630033453193296,0.645989549122038,0.3647955244442986,0.47650482110868414,0.5433336196242466,0.3900395537302693,0.6995250633839336,0.6496941523778094,0.25248908414815013,0.4878999717836409,0.35019102115409173,0.570772851544717,0.43896203073609663,0.6293453501075622,0.2614866978870101,0.3316351978967674,0.2707776594799074,0.5491862087861169,0.4553021473357746,0.36886699071689144,0.6286332738780575,0.6496720365430764,0.4073379832883591,0.3166109227864603,0.6351521543513867,0.5238824036403094,0.4435806361905385,0.621966523476644,0.516135218266752,0.5808478652570361,0.5083730358584959,0.41924705744293544,0.5123532889482322,0.2666347308887055,-0.014281212936384992,0.646328170590074,0.6343299204170972,0.6093796499620469,0.6591949257231782,0.4257627522453265,0.07653276382699048,0.5402180616271864,0.5371015325552436,0.42192001743044316,1.0,0.6631834615787185,0.5339353986039009,0.5007213807925285,0.667355584278065,0.45654886588902865,0.46801980746447347,0.48050563348597336,0.49933890320899277,0.24221003146021375,0.5409593968816281,0.2500413984433758,0.493531713441348,0.5996433134736416,0.3875187507549268,0.4971510931899002,0.42394514855411547,0.64055610142155,0.34945025778439015,0.21488184917703282,0.33747784337432263,0.6605220024786431,0.47702366351469405,0.3814680572750852,0.6051207911491485,0.39941103123127913,0.6111347313619562,0.5218706155253957,0.4069268817331142,0.629215351524645,0.621081598536739,0.5458508224314598,0.44613776695309554,0.7209345206251235,0.46176023780919806,0.3610853761977521,0.18171564182045474,0.7157739883285529,0.4910576077026597,0.4469094130218094,0.44391304621621913,0.43084587448287615,0.4384232966924126,0.40549445321848365,0.5668626674285003,0.6398656803499447,0.5660416352148906,0.25565026359010606,0.40798299662785,0.30074503089367205,0.5217074551781969,0.5225409086825896,0.40082163090397116,0.6617176976587887,0.4955734247822596,0.5346861043814953,0.38070289743762203,0.623459209861395,0.388419476202084,0.2287573847008611,0.1941878154684416,0.5726665774750476,0.21974512967934637,0.49698392826683563,0.4875224206552553,0.5191963703625629,0.6453934067641226,0.25697096379300005,0.7005888615525329,0.1662716968864644,0.4040784312751396,0.46048137494777164,0.6605612593593301,0.6125820177749112,0.5857629389910645,0.6844558710231603,0.12795757188802018,0.43595816217960776,0.2942550072153354,0.595499351575917,0.4960034922889582
ICX_returns,0.7474613563719069,0.4411587945004485,0.719682392745534,0.5631777943973123,0.5239631559202901,0.6398911194865773,0.6396451415659495,0.7307866125180363,0.8466973478679654,0.5542230585105543,0.7396994902009638,0.4448885414467907,0.5697361932420631,0.6707364525741487,0.5907327000476126,0.6933623336513977,0.6248406678243069,0.5263224860329697,0.7067241289276899,0.44982637134762055,0.8384780376193358,0.5064401130905418,0.30432260019813545,0.40034881755062174,0.5871388374215203,0.45251676163637694,0.49300187051014827,0.7664864817907951,0.36129803192868865,0.721259272037085,0.6719820203663098,0.4277499208582677,0.5668819787379406,0.794928496857758,0.6194520988498137,0.7293305161532304,0.562984904322507,0.5789355002253531,0.645345007328791,0.4293282854295755,0.619346793892309,0.5733043515042033,0.6602319100465234,0.6301443177557239,0.7071967035331006,0.5172781285530006,0.36865849127280037,0.6295086830463245,0.5956276289487544,0.3517634462025772,0.5637146198681863,0.684551925412035,0.7443179662796203,0.19767557715079548,0.6498664463915204,0.6500346880854472,0.3301961642895988,0.4340172707865893,0.5477530759650282,0.4270073165380526,0.7949440160154104,0.647449904087416,0.3073445353661849,0.47954450111807084,0.3765367136647919,0.5943065929045768,0.3517362090222066,0.7516276358268836,0.23594563740163949,0.41173350541831355,0.2444837376404517,0.4509925540926353,0.583737733845561,0.4839642521777874,0.775471118556593,0.5903211349026903,0.4266796433822366,0.3201493026600624,0.7335491293463134,0.6267863018542824,0.5355634506971589,0.6300813992832084,0.6037457352580502,0.6268143513126163,0.5189283883534217,0.4043996962133538,0.5172157704343457,0.268182367463246,-0.01283154156211093,0.6451122751465603,0.5975902129873077,0.6118251963306068,0.6297084393732051,0.46963857678974297,0.0818516093485851,0.5297773022191055,0.5821826397918041,0.4525864359578968,0.6631834615787185,1.0,0.5596706375471504,0.5121604074064656,0.7580300152422269,0.559171717385022,0.5401318351215642,0.4135669501993671,0.5557857796437339,0.3865642003129885,0.6734216430838625,0.17052438773752804,0.4506553590552652,0.6786635939575705,0.5209055682981055,0.6022915022349292,0.48453080879442023,0.6606099646694491,0.3730103921348082,0.25385421379822626,0.34032219128688534,0.794933651955108,0.5827838877971604,0.42072334949326656,0.5938264609958653,0.42476599003765575,0.6317090504058064,0.5680947407743739,0.548664208796151,0.6643599664315437,0.6452452579728739,0.6380431318755154,0.5053498124927407,0.772143206761869,0.45646204534469664,0.3483361665086787,0.21652184725056947,0.7565518881067347,0.49446560596520095,0.46833370049282375,0.5240217503555401,0.3933863286464484,0.5637600321450003,0.5462754969231152,0.5379987699538397,0.6907811184867872,0.5944147652134809,0.24919615140510934,0.5317672110090221,0.37294508944744986,0.5399856737208849,0.6125015487158152,0.3971018707034974,0.643627980323929,0.539462869526299,0.5581242671353686,0.3930243871558358,0.6372723330742174,0.4495035816110397,0.22775113827810511,0.19147959355242095,0.6046741826668031,0.21119243405266439,0.6554006429990382,0.4982878817423933,0.6672065735349534,0.7675573045802825,0.2957302917230067,0.6983525321083294,0.21583366456433328,0.4697491715900301,0.5171464302550343,0.6935841820509662,0.6559282582710989,0.6417710367476257,0.7340083938644824,0.10025489531682005,0.41734589107105974,0.31508047752166796,0.6319372050228232,0.5818927007640055
UMA_returns,0.5461922433577718,0.3350086476259737,0.5616130978186157,0.38579960790900486,0.3852437236001095,0.46703980781149806,0.5337872387278118,0.5352159033261162,0.5827003454471994,0.4201451535981226,0.5151754252611469,0.3315512168369935,0.43299865158579953,0.5168720133130362,0.4557128367129376,0.46007372658496587,0.47814897023519826,0.406029911015649,0.5113753317866612,0.37684561243309406,0.578968147657356,0.3553190459752207,0.247474159547092,0.2994031321816251,0.4383246078083066,0.32222123065195757,0.3506849870121864,0.5703436908750347,0.26242020995540255,0.5650325941487992,0.5502739844043472,0.3041745425507386,0.42238611591035746,0.5584212425042174,0.47366238388820336,0.5183309598769564,0.41256831617509293,0.46262290694846636,0.47347709441575914,0.2990442259386054,0.48530670211575105,0.42982318572581196,0.43897455141903385,0.4595389065467877,0.5115348291875553,0.3951286539509533,0.2529194789585784,0.4105884793197768,0.40710398969840433,0.2728847837143063,0.41029945158239106,0.5130342844087964,0.5554741894134637,0.15480028996471387,0.4882841350672923,0.4904494487438005,0.25846658664148175,0.31865877838080975,0.40552488785288293,0.34810660861980947,0.5542999412724187,0.49196686696022,0.20861148747570102,0.3768528497354345,0.2595609126780805,0.4732241606202172,0.2534432725456185,0.5069253240687834,0.1695672277876664,0.3016664436133254,0.18597348516076057,0.3545531077013169,0.4072196609281091,0.28652027655924417,0.5043760351280233,0.4614807293917928,0.33693629727463226,0.2508907967242826,0.5629187221616998,0.460236239893324,0.3690244196388227,0.48115562518669536,0.40689886706020784,0.470041509652893,0.41733997661321526,0.2822656098219256,0.38459026441515803,0.19327293886618518,-0.013540235667910447,0.47953709706672204,0.46598255964652446,0.47692394955514955,0.5178853820118244,0.3557801953294512,0.06192005024171702,0.3947160053172986,0.46092036867102143,0.3201769917481918,0.5339353986039009,0.5596706375471504,1.0,0.39531757578721444,0.5178663193495199,0.3585742274309731,0.3736659893349576,0.3166549839761636,0.39888034803657135,0.19136557008225522,0.399103465425997,0.15271150084951324,0.35903357505459954,0.48609182982304405,0.30688966695502695,0.4006822575198012,0.37327860057927537,0.4769088140357687,0.24020818236049635,0.17968727224995332,0.2891368098758133,0.550407538142292,0.42007997443066913,0.3369735580739947,0.4610224659205944,0.31416299666414854,0.4943143562553454,0.40299227692719775,0.3352133585439618,0.47281928100340925,0.6363799563562091,0.4267386723157115,0.4147434928699805,0.5829969580165374,0.3503544714389221,0.3280628301298792,0.1137965407699439,0.5506059202928439,0.3686639899037259,0.34783263508839224,0.36439999139432505,0.2782325443054785,0.3575264716451139,0.3376177383574024,0.39569646999661245,0.5099052940248691,0.43384394123963166,0.18593158736320084,0.3229444999100639,0.22799642781741783,0.3802241905102793,0.43000474431035746,0.29647690848226804,0.5081535483924787,0.4231531904605539,0.49036263217804665,0.28200722344121165,0.482931990124783,0.31762845604656587,0.15302223896928407,0.12199196789571752,0.4838796980101332,0.19544098822869532,0.4080901835145593,0.41796525886166996,0.4068027827082625,0.5328293690262784,0.23361050465953193,0.5500222440266473,0.15110254443694693,0.3256278782857401,0.37779279891651,0.5636872995692165,0.4698411650374393,0.4875544975462655,0.5505663848359339,0.03503063803387934,0.32440783675266566,0.2321888411354295,0.48796634796402305,0.4460877340746088
PHA_returns,0.5026114462675496,0.2872525868894673,0.5061680691998857,0.3637325097041563,0.35339369091296646,0.42339808261276773,0.4451104299197975,0.50009117690813,0.5259949497195913,0.412147613552284,0.42778101943189834,0.2801336423783819,0.3742872691818411,0.46915454600909323,0.4377444435412711,0.45884455141048774,0.4468442115486928,0.40566798950124033,0.46173452224154987,0.3341954586695341,0.5204213065693917,0.4102738286892521,0.19999114183913452,0.28791181153423295,0.4306566787499958,0.33669983476719795,0.30030150827251756,0.52277075085236,0.29926988075546496,0.4823599377445297,0.4747799598690676,0.30754791457478026,0.38104283431768465,0.5135499787499824,0.4144775023659915,0.4590557347182602,0.3417507118811916,0.42325064202236423,0.4509083061063006,0.25971753380894624,0.41461615713616873,0.39406337653563217,0.37577675879874234,0.4396492234707494,0.5527241898789175,0.3616236201797419,0.24480117108851682,0.3752420707109161,0.3649451858084687,0.32450930548133733,0.4108878915215274,0.4702251375387319,0.4998230641901236,0.1375794082320787,0.43600274004952944,0.4951036032096482,0.26513919947446973,0.3394073287974537,0.38009124923796733,0.29670478240912235,0.5175845486966869,0.44096869241348696,0.1621674478170038,0.3544786905957311,0.2437688039459127,0.41799858786559285,0.25279315558634946,0.44642015043667665,0.18448156236924682,0.2518005607200049,0.17990845121731813,0.3964305928828587,0.33569658562134047,0.266232873024776,0.4426093956451877,0.42705540281803767,0.2654237151772006,0.24779116019200922,0.48857300879583127,0.4148430693024524,0.29691591577322285,0.4793922045686156,0.36703257857663313,0.46898488722308207,0.34938227339882016,0.33165781355516044,0.3234364433557072,0.1458789379123682,0.03255051300242014,0.5004104317080481,0.4351901666527692,0.42213991067752077,0.5023817642071507,0.31163325621189447,0.10724447907325657,0.3600672534956031,0.38957611898645267,0.30148231182423035,0.5007213807925285,0.5121604074064656,0.39531757578721444,1.0,0.4521071933659883,0.32350879482574396,0.3371282810876152,0.3746998082263486,0.3718420458005044,0.1492154444969119,0.3421935634046601,0.14472551539511938,0.3908170603283199,0.45276648936362995,0.2728375918205556,0.3597879008718443,0.3211509520864931,0.446980350513709,0.22487815929918467,0.16809321635657984,0.25495098850865106,0.44803521643894,0.339163894285291,0.31247051140152127,0.4392331439394423,0.31648111419789765,0.47381507719799265,0.36928530945174254,0.28955585684418206,0.5281682547340555,0.45235150891183884,0.36423286901695273,0.35833075300651124,0.516963906048442,0.2961982088066499,0.2782675517034177,0.14193588433450352,0.5426693540196924,0.5295864205300859,0.36371308776769384,0.3094864636464126,0.3120666722955653,0.32984537971821093,0.2659478904285241,0.3366280159107691,0.4969799527450576,0.38574348052417545,0.05273112676816686,0.2430818475761632,0.22950255318798798,0.41230366308659416,0.3348746515841168,0.29203807530973497,0.41587003140579465,0.3576640146641714,0.4532563557984044,0.2517335447700335,0.4483014899098077,0.28817250961078084,0.12781678380762465,0.1427663112919595,0.44822554439272927,0.17347193313679618,0.3549483312211282,0.4298574717459857,0.36273660770501953,0.4513692314027427,0.1726195963438521,0.48737829765280516,0.2080646439212545,0.3076564413185379,0.3757509938440054,0.5023378361956532,0.4586931305434344,0.43940672857561264,0.5290939529463837,0.03530347296278911,0.29311065047994034,0.23831415481489693,0.44266417406925834,0.4131389090394994
WAXP_returns,0.6529624002949499,0.4091796003592793,0.6584237762050312,0.5402764709164997,0.4914289214945695,0.6798942249194052,0.5930573092113165,0.659903810361735,0.758188268761271,0.5001283707415369,0.6457793377170505,0.3990562262340791,0.4905503880288859,0.5805244425281247,0.5223489856150352,0.5885987982490126,0.5702670934296661,0.4906294471075703,0.6287199708699333,0.4041150369698186,0.7629927301177843,0.47568237496774846,0.263399884349212,0.3564142639713896,0.5113497358768079,0.3781439086509658,0.4943144700021408,0.6984815724130918,0.3192115463574165,0.6409322636515574,0.595776905080441,0.3834451111896147,0.4989047710467294,0.755460725286006,0.521412168856375,0.6329719132760531,0.5558870291986507,0.5384145011761222,0.5667581469267303,0.4211632065869826,0.5502076145892005,0.4618993828598047,0.6231256145610333,0.5964523458555164,0.6501235145500726,0.47173234517429796,0.30581713111921044,0.5783723762469153,0.5229525605071774,0.3416780364242851,0.5756877189228079,0.6366529676274149,0.6914083739967307,0.14602304729193016,0.5631408179521173,0.581142105140254,0.2992993362158231,0.4196506583299991,0.5113038975601067,0.403121698384308,0.6826097765700577,0.5869449404246506,0.23757046122808903,0.4385634251501744,0.33722020992250584,0.533956149334028,0.3526930449935442,0.6789453244400534,0.21121574352308067,0.35149389992198776,0.26060063020548063,0.4385710600180183,0.5436352627815464,0.5109690651519057,0.6806619474632662,0.5498512726170227,0.38727560649449017,0.33033950811227575,0.6591361367229039,0.5730932921997294,0.5258985536880104,0.57396064342989,0.5713622714188801,0.5890051792317967,0.4879767626314258,0.39733234323448835,0.4930884661830892,0.2574610944644981,-0.001171870382582569,0.6012947187491169,0.5474782253869627,0.5753779396563165,0.5723415783758107,0.4069219807894564,0.10223041696440649,0.48508039014415627,0.5432255880931705,0.3953794420187467,0.667355584278065,0.7580300152422269,0.5178663193495199,0.4521071933659883,1.0,0.5448436144142517,0.46912178933220905,0.37296926279161796,0.5202441632481418,0.3090515842199597,0.6514024304003964,0.18252725765358765,0.4209834642664144,0.580842986597944,0.47923894017075713,0.5807031342531475,0.4369326634164853,0.5826485619047207,0.3596773364367996,0.20540806332368797,0.3129329524105951,0.7109115869282121,0.5373790674027482,0.3878262489376826,0.5362176537059171,0.4209165041068471,0.5473855237494742,0.5505717650113802,0.5851122777873243,0.5831084724635863,0.6178612889564806,0.5909059638236065,0.43234859453272445,0.6929058007515804,0.4265527539675219,0.3284864264101461,0.16446103717638802,0.689307827762952,0.4515658249470095,0.39417442550090304,0.4972823423899928,0.39119437015745623,0.5769986256596026,0.5927197112641223,0.5125366694309892,0.6141483350867124,0.48220880588051535,0.24285892804542328,0.5258413904587711,0.33902300213983927,0.4718296558038358,0.6047096913127388,0.3128642703320487,0.6012384741492007,0.49123770963828844,0.5166081646315869,0.3476628832490957,0.5816629631053593,0.38800433118746214,0.18122702458687465,0.20785460564463307,0.5444898301400526,0.24479686597361347,0.6880564312457217,0.45418902980384057,0.6073243411475887,0.7273833781822935,0.3288984840902278,0.6386574999469777,0.24614226327171967,0.4422315740604802,0.45424847067877083,0.6456231241381017,0.6008731742129582,0.5663735186044065,0.6657108703934844,0.16728567896598112,0.4177771117115785,0.27769857399736225,0.5656522049923548,0.4919978302582864
PUNDIX_returns,0.4866110864770559,0.26906035746810825,0.4641379456896282,0.42167996488772513,0.32145124215171494,0.5099180413574621,0.41543871568614443,0.48979317918770515,0.542080844237961,0.36949564197570905,0.4751199449788681,0.3063084251101267,0.3811598411035267,0.44034723117140234,0.388965653768097,0.46027230092729504,0.39748121422534793,0.3566510760249999,0.4762701278422809,0.2837158138581761,0.5554061059871257,0.35822449399117806,0.24038731798676682,0.25279714204167686,0.39152945019849184,0.28840224436531914,0.3606939432082887,0.5194752781658413,0.22049908968636978,0.47522280165330055,0.4179560239274718,0.2328726398256752,0.34692092103233957,0.509120343627702,0.39796258746465146,0.4403918997984446,0.4109380533306341,0.40922696212748655,0.4297414892972052,0.31960804537574894,0.3766471690147481,0.31627343325533985,0.4608079816748651,0.4383190293952766,0.44291062583682617,0.34638678970394793,0.22710182248135372,0.4303989880106003,0.36483395244804173,0.22819446128182233,0.35965417640909675,0.43873217038858536,0.48266084599243564,0.12640646274298264,0.40664977688178566,0.4237360632825888,0.2565582883266942,0.2732670625853754,0.3399539694456927,0.3189342308344751,0.5018474963659203,0.4333237513042123,0.23311684536709634,0.330244097952133,0.16845858153190454,0.44676316346635536,0.2665769053502958,0.5132312021218248,0.16183457001286802,0.24631643696804792,0.2484996858540288,0.2954574378155366,0.39862450491731605,0.3680285882555327,0.5174456591664519,0.40768447173148115,0.26277021372115666,0.24349111063689288,0.4824104491884482,0.43342768289291134,0.3917862557309103,0.3988305808912047,0.4217566728987847,0.4180939940089351,0.3726297637285831,0.24243154426596006,0.33439522982630343,0.1853975980266892,0.04524248358280521,0.4210168981959374,0.4122734356330313,0.3978421813642055,0.4454925088053408,0.2723311479583639,0.10999696321199617,0.3745622713378852,0.38488032223605817,0.32916037603381243,0.45654886588902865,0.559171717385022,0.3585742274309731,0.32350879482574396,0.5448436144142517,1.0,0.367575683924825,0.29012347946489797,0.3722331137594086,0.3114303734032951,0.518161073315001,0.14888402290380565,0.30277446610167436,0.4254754614367193,0.3513475278711327,0.560117056201848,0.32843071741525676,0.4079917321580502,0.24219876660525272,0.15259651341547145,0.2635089083517398,0.5363709931618681,0.3914179538006988,0.28924946360816706,0.38534104407989417,0.30621002873962605,0.412311743968715,0.4195048846631547,0.41872473287017525,0.4297506126615424,0.45508227414429125,0.4868445536467022,0.32117618938150644,0.5151360882693343,0.31969681234810854,0.23870949425093702,0.16605713513884415,0.5148827096811596,0.3554254481522938,0.2640834141143635,0.40170647942452287,0.2516941199011332,0.42299752585777795,0.40578169631527455,0.38799086258190185,0.44232528516111885,0.35278734082522467,0.1561302976216471,0.43387281863732763,0.22804201725532997,0.3454350669012936,0.4409612210211277,0.29099243559809,0.40983650674538824,0.3834135050800981,0.3424271909204995,0.27027920886754253,0.4055238044011859,0.298715939988333,0.15894326714261542,0.13858836945159345,0.44015156568066355,0.17904236830441972,0.5153571824145136,0.33121400563225983,0.5149746139852954,0.5125806973320008,0.17835985095287188,0.4247060909354758,0.17086951956746904,0.32024866697484144,0.340766909080188,0.46579701564663434,0.4338103249386995,0.3937758668266045,0.48208431584630396,0.09543385927731586,0.2949385323439698,0.22243844587177208,0.4147940359079107,0.36535949880020624
POWR_returns,0.46662021563890793,0.2610349920107511,0.4701164300405577,0.47785573847332036,0.35716520105221505,0.49112580825436924,0.45964635835747,0.4889661703697877,0.5509670222829457,0.3523650562034858,0.45209080352366837,0.29895205572453953,0.37572992811799777,0.4970519718395912,0.39773910985525335,0.4338691737060093,0.40683937958763305,0.329256632717435,0.48001719534059445,0.3168157576010336,0.5148448450374062,0.33850285656009244,0.1869292974520114,0.24105390446769626,0.41989297093948463,0.3664485082511525,0.36004039043021313,0.4986458940844271,0.25001914068884284,0.49530000334659346,0.43736319540527085,0.27249201083028873,0.37935631725709673,0.5354612919389301,0.4148911121786151,0.47213046862226543,0.4084492424767043,0.3916559135575165,0.41669898163974184,0.3575288388534759,0.3937122384354153,0.3528551664846635,0.5078660189360882,0.4249948261171567,0.4039375883561897,0.464345191461568,0.19799313102991395,0.42634243174761094,0.38612896519648965,0.22576036397150342,0.5138125241045276,0.4293957311306433,0.45577411452541516,0.17216174494578354,0.4093646814873684,0.4293909915933754,0.22036780751683535,0.3125120401301325,0.3470209812078984,0.3153628424907714,0.476825666093682,0.4546707283336293,0.20055922525096218,0.3186964600778435,0.2247483062546652,0.37036210059059077,0.2805866599652069,0.4835581637282146,0.15425126974156766,0.29274964014256266,0.19910363555075403,0.31837858134008273,0.4341101129746959,0.3345184446212582,0.48921777722740073,0.4255532471546425,0.2620006202426649,0.21154802355151625,0.5054666936948858,0.49625538788022244,0.4140943127276126,0.4390661409238826,0.42067343440736976,0.40877053313367645,0.3278228745991299,0.25868869830505375,0.3145253824916226,0.262503531017578,-0.006512167018931457,0.4164042347192835,0.4116025619820091,0.4271662564311084,0.4299762828341976,0.29776256582238725,0.04401779493463946,0.3538601958151868,0.441576654603143,0.3054408350020497,0.46801980746447347,0.5401318351215642,0.3736659893349576,0.3371282810876152,0.46912178933220905,0.367575683924825,1.0,0.28337393833186975,0.3648173795301562,0.2432977459767697,0.4103799127833881,0.14594802323271477,0.27787263184977135,0.3984630829700526,0.39647732290200904,0.46277909540355017,0.3622516306912487,0.4882569777483932,0.25253305637766676,0.14313500306322216,0.19030037141437153,0.5294222568070511,0.3852497879051794,0.27206247085655044,0.3938817604602893,0.27225712365701893,0.38938994348982847,0.39249821506730515,0.3490188095207339,0.45113298065878543,0.4451195432401839,0.4546130610855927,0.35989670176333016,0.49720666295899085,0.2933359091246165,0.22242466567970248,0.11959872978143302,0.4988966277295435,0.3224903571091249,0.30855413150989763,0.358219298442146,0.26637161021390127,0.3778136786872055,0.3672289788354495,0.33680108821735216,0.4542200575053031,0.34325364097544875,0.14840174417107224,0.3979863005745541,0.25628538019438535,0.3679724337534298,0.5031333902871664,0.22964880062427923,0.45492484234486497,0.33980919232254864,0.3677296166920837,0.24482578300147528,0.44688787538820657,0.3304843866375695,0.11445368013618279,0.12886675236168846,0.4158075520587485,0.10939075179634332,0.4661939589941748,0.3503451859027856,0.46678976077147255,0.498997509014167,0.24825984282469327,0.4430855376980373,0.12032411806577466,0.35161808987605964,0.36296784956584655,0.4744350128531789,0.43321437535744745,0.41286275994427046,0.4668568848492112,0.10534194883106042,0.3640186011808013,0.20916184322709036,0.3917317632748003,0.35852142028265355
ACX_returns,0.42076005414616086,0.24531883828375778,0.4755094523274943,0.3445793992981837,0.34778948683834127,0.372715363274651,0.381668847041418,0.45996861663039323,0.4726804269017869,0.3319116476980007,0.388558970810406,0.309788960511701,0.334167381785338,0.3891036251259782,0.36663423291767566,0.3923743137568614,0.34858290924733587,0.3459920026469929,0.41817383040312317,0.27579033217871146,0.4568047438828582,0.39609352578533197,0.15934926246979866,0.2584911133599924,0.31759970937524523,0.34285334578543736,0.2934860277812716,0.4950970281508945,0.331380109076547,0.4396781372107218,0.4561831168168925,0.2793753102311554,0.3215027291762041,0.42287642917693025,0.4303580660387385,0.3887902087364237,0.30349018936494926,0.41584216757766995,0.35359415003851136,0.24764688985023922,0.37345933368876755,0.33856567940919885,0.30892571278943093,0.4416660613009898,0.3998714036825236,0.31638035121250496,0.19762479020251372,0.32785754372973835,0.32153822890579237,0.25856902043746643,0.2910401695524056,0.4175681927271502,0.43028393077570054,0.10558148129883342,0.4058044496640334,0.45291110274880664,0.4043630885209312,0.37638187462833284,0.3296488729445024,0.26695975734123667,0.45959147865505634,0.39918018207503936,0.15074710172299316,0.2819943427535252,0.23467422198944715,0.3597788338790743,0.21062903974637573,0.39215557325563233,0.15001752479370203,0.30419152638983077,0.18382195762214568,0.36437914407817823,0.2670508441898056,0.22734781662383657,0.416122545709687,0.424814782347958,0.2661170587856826,0.23071315376128257,0.40198313462334606,0.33150421530317575,0.26854104151786456,0.4196730141508023,0.3417732090818343,0.329466921639229,0.3538017931021227,0.2776049456516385,0.27174522700888615,0.2022676713119039,0.004877177031895216,0.45302153473803014,0.38443301394068646,0.30208705791385715,0.47115412432465664,0.2385235673312508,0.08842427748988795,0.35365195330215315,0.32221279117716556,0.3066666150989222,0.48050563348597336,0.4135669501993671,0.3166549839761636,0.3746998082263486,0.37296926279161796,0.29012347946489797,0.28337393833186975,1.0,0.31168863052914,0.14924261945766495,0.3181003443764206,0.14432225931670656,0.34999188213181137,0.39175486404771387,0.22280937361139314,0.3243120226456979,0.32243314333583006,0.4052364122069334,0.19400991090686193,0.1368266542151519,0.2831578070677641,0.43955129217363437,0.3121292257189073,0.2488921363276348,0.3969371932907904,0.2692073984632341,0.4103457093205584,0.369132023103248,0.2589551487989518,0.41888404230763204,0.39464630804842643,0.32558275163085565,0.31125874270329695,0.4610602522583265,0.3499227846536302,0.28406159399665853,0.10978961479650036,0.5046254825830531,0.3479523281282825,0.2796665102218502,0.26235575298039504,0.3146745348405007,0.2621399963990646,0.23321590402620168,0.3602889962396615,0.4032967358892327,0.3759221086191896,0.14342693565086462,0.23681972045298308,0.2077536472963771,0.36107031899440245,0.2811659611730168,0.26529114017407346,0.4140633630027904,0.38086693839095104,0.33235614307007755,0.2491654976452552,0.4271653276023593,0.280905404477614,0.07683109740318335,0.09517681092385792,0.3880594406801128,0.09379559815480927,0.3186099290864772,0.31980397083622614,0.36458340344888346,0.3945172983309968,0.16552618100575306,0.5035792577328122,0.12289266238266452,0.2694509701827417,0.27883729010304964,0.4267070997625421,0.34427080725361087,0.3737552953175912,0.44539931559498447,-0.005386580761406567,0.2667786172582728,0.17505603286810023,0.3451297297245341,0.3159999031913771
SPELL_returns,0.5635305710792122,0.3590853771283197,0.5439348081347587,0.41128605187625916,0.3960016736133673,0.4367218482956361,0.48981387265287246,0.573130397176457,0.6038955578924968,0.420088828677454,0.4966461570031529,0.3107137308420727,0.41867307246103574,0.5058114254649556,0.47146403822373023,0.466777351410796,0.4472858070532391,0.41659884324367,0.5373341141893321,0.309701853248695,0.5628504326457894,0.407130679524673,0.2213260992825057,0.32136748270887,0.4496303837550085,0.3438707793058427,0.38366562875312415,0.5962549138955516,0.29086327826953245,0.5784472659634909,0.5100251490117048,0.3441276387702481,0.4628967622441067,0.5610945680879268,0.44336396273752365,0.5431225963257412,0.31202749797456564,0.43273842755279085,0.5448141893657927,0.28483549257578394,0.491637572315595,0.4187367884779113,0.43393721508794875,0.4526894272445111,0.5166821482040339,0.46288423123836775,0.3229472327394493,0.41694132343368,0.3883066941580215,0.31613340371255044,0.39874065299969635,0.5542501207445161,0.5497820317940876,0.1199178349244212,0.5004413965850456,0.5153799032796048,0.2729514001004294,0.3115827386985118,0.39592537084756263,0.3127460726596433,0.5751574451977572,0.49371525131741933,0.22576214938052694,0.3978388067998397,0.2825890354336491,0.45697595334765406,0.31876619562187936,0.5107898361067572,0.17137509616264668,0.29556112425107844,0.3007611273216228,0.34335704998914446,0.35750196615139723,0.25031479142635493,0.5171112911637481,0.4823795231210278,0.32613194605906465,0.2190535802387967,0.5446726056726703,0.4295656568159977,0.4093256085556233,0.5124366990083737,0.434076214527521,0.44425434881131465,0.4117508105831203,0.3957015428931805,0.38053589906936003,0.23499950884743104,0.04892316894240245,0.5103948089826493,0.4259083329030357,0.46879938932716086,0.48962488869101983,0.3727825073854029,0.05111717662828887,0.39841086959071603,0.44840950533856727,0.366616203147496,0.49933890320899277,0.5557857796437339,0.39888034803657135,0.3718420458005044,0.5202441632481418,0.3722331137594086,0.3648173795301562,0.31168863052914,1.0,0.20373453075424275,0.4265958513070623,0.15510015794509158,0.3847625622524908,0.5193135696459089,0.29209145028669237,0.3917498549219365,0.33558304267544814,0.472838733882527,0.3802053379738471,0.2657604790224783,0.32827389895077497,0.5339112870362958,0.38453109418956444,0.2655488901821571,0.4403732624363343,0.3398511379097234,0.4740676773996463,0.4226476461643825,0.413283362156839,0.5128534706298539,0.4970858349538118,0.4495334062296811,0.4063018034467858,0.6009811816786659,0.3416705473749304,0.27133985673747923,0.11706510985210893,0.5729638418980962,0.36165546956773276,0.30593210587757746,0.36882741575252725,0.3198212231622569,0.3465220217668489,0.33823454184658885,0.3932224183725153,0.5207492783568387,0.42495044201874665,0.23374615552043942,0.3017419799843205,0.2667207424575078,0.397903312726512,0.43130180267089446,0.31340041099649735,0.511979369100918,0.40679526669879346,0.43713858283353835,0.2918251279414287,0.5228328915246895,0.26749478052042003,0.20150875503102506,0.17395742429631061,0.4548070855407902,0.19771976646755962,0.43451660317166757,0.41049238697473045,0.4465183702018517,0.5227223910407625,0.20692379473031197,0.5541261628128041,0.20429796879114065,0.3535868105176175,0.39190665958207327,0.5508724343346894,0.4896984571746396,0.5163158152063267,0.583928125841705,0.0687912142741227,0.32824080601491035,0.2656786773066656,0.462773448288932,0.4234724936108907
KEEP_returns,0.26088308512168557,0.16140367080956428,0.2127655812582688,0.23177777136371477,0.16473423042358262,0.28186948343685564,0.24585067153373252,0.27992736364655285,0.3050543721533116,0.17473238408147368,0.28331704107584676,0.1769596288843423,0.21979469156663126,0.2609165038867778,0.22280984599174822,0.24578248916342715,0.17805134608852574,0.18103696025208194,0.29132817539470596,0.16523444457633263,0.2895436310669021,0.19400689072298002,0.1345192676210444,0.13031652565857846,0.221507199706415,0.12471254852932367,0.18296380523069247,0.29018245903853795,0.1432305198593068,0.275786027909522,0.2407270828565335,0.18122764732028784,0.18605520394590022,0.3111416768232793,0.21214406665894323,0.2666279028518432,0.2651965359235929,0.2302336426181972,0.24800020771317202,0.17608008170897765,0.22553241097975557,0.2263905277509,0.5387755025309487,0.20233768197383234,0.23225836468777597,0.2540230265115261,0.15760417100831092,0.25812581847499744,0.2226549277368956,0.08590338758766586,0.21786403403272955,0.28023567518187453,0.2647287800891563,0.07116588933546171,0.23162087608019694,0.20542783921239943,0.07831345664840597,0.13309899568557504,0.17437595861511088,0.18445323269491257,0.2890340923656666,0.22997131621333386,0.13936951304420253,0.2157736785949555,0.14742443995677124,0.19374882509165162,0.12170778894799182,0.26546330763644493,0.07808784475368083,0.1103969447512655,0.08742585865324994,0.1718062363389375,0.19274979257144081,0.2006949319043109,0.2839647281471305,0.22831508605469356,0.15346851317927382,0.07994487878597147,0.2568436265291324,0.1886369282043578,0.21634260109707992,0.23042668995260004,0.22292550364336386,0.19556060174816822,0.19284992039625126,0.14224036905190304,0.21073969938999287,0.13109042940420976,0.034773730757830794,0.2591727605374758,0.21988826864030458,0.2602727218278677,0.23596555735982544,0.1702882897454105,-0.0073413422080082546,0.18320761231451368,0.24827876297758938,0.1900450528591847,0.24221003146021375,0.3865642003129885,0.19136557008225522,0.1492154444969119,0.3090515842199597,0.3114303734032951,0.2432977459767697,0.14924261945766495,0.20373453075424275,1.0,0.30943225471063857,0.05780812808167652,0.16759292197505746,0.2620175532412342,0.1980172670186734,0.2065406014407909,0.1407714126089902,0.23202959200527132,0.13490914644712984,0.09364126444702121,0.1078891638304631,0.28297117258587423,0.20113350907044175,0.18212465882422307,0.2197432779314206,0.14042960927375736,0.25875903790061533,0.23283724355178392,0.22399448485309065,0.24521255678485326,0.22004531049583506,0.2226698198677191,0.18842140947053138,0.2830189669857245,0.19152613922436568,0.16528208013682977,0.1260361664701028,0.2603238126534547,0.17620377542807486,0.12290549834425127,0.17882998812831893,0.20497985611512062,0.25048432978504087,0.26092931559539145,0.20157932055646838,0.21426796070265042,0.16059708655460975,0.038899626828355766,0.263607372347086,0.15308799129217177,0.2256775675779126,0.21994576883577338,0.19748512735100282,0.26386794992324486,0.204463430183289,0.22575388244235553,0.1772556428617443,0.2246824773700608,0.15647374060714156,0.165833711346388,0.10550847554341009,0.21338809811868362,0.10452238338866253,0.27332559014320684,0.18431504507951768,0.20321096373640404,0.28229449491551784,0.09845435612114697,0.2351179441011124,0.04331132852581126,0.2167947468754888,0.1713011855368689,0.2591221040749245,0.25992705517600195,0.19435757823242716,0.2738796338636938,0.04476074323105514,0.18616183067646688,0.057553944069360534,0.2686989427369108,0.18949436828274774
BORA_returns,0.5552651662043262,0.32723256817578145,0.499728257953672,0.4926324221563216,0.41546424836647705,0.5394875522260608,0.4917862402203096,0.5317598059895434,0.6504832493508396,0.40763719553853234,0.5496189442599754,0.34915666014835095,0.42162146376997006,0.49972741099458,0.458807547486492,0.5090085010827878,0.4838858123267619,0.4371070444062487,0.528467789621605,0.33377478348535317,0.6457166259705485,0.3752351288525726,0.2018000722729509,0.33567962817150493,0.4484929410239022,0.34264075592763077,0.43300504769244536,0.5812829956777837,0.24200590501305572,0.5618738949259323,0.5173883606583356,0.290980733946259,0.46391213219909777,0.6077536767299611,0.4497126144200175,0.5508125145238494,0.4717731144789229,0.4445624199020883,0.46921233082400843,0.3695693911226833,0.47353396398407677,0.38548446854943647,0.5264481492391603,0.4999236313401277,0.5403535515945921,0.3918248324260774,0.29922245944594156,0.5257210862881563,0.48133614184429385,0.30223248628883076,0.4898268136573466,0.512892836053634,0.583372776754757,0.1652180370513406,0.49274165457755537,0.4865427326144036,0.24374572927048946,0.3646839365177228,0.4326078768009916,0.32699743868745496,0.5992036291585178,0.5097283574317143,0.2247207796939472,0.35726953832679104,0.31803491231753844,0.42074465015686974,0.28128943113957516,0.5762455167785535,0.14887010788419316,0.30318436326768267,0.22395930635107866,0.33726167782975375,0.49979538573969606,0.40452352610035053,0.599798792056722,0.4418053387190275,0.3883565666847088,0.26759775688097515,0.5453028062908475,0.42723617961856325,0.5214399696668841,0.4802853762392615,0.45816581450522426,0.48996254713716714,0.39348041336958567,0.2809869632197727,0.4221376707337552,0.24054393615702116,0.006710704826843531,0.4990435564313572,0.44851362887850665,0.4495383512671445,0.4871328473376419,0.3436342114024592,0.09610354674317954,0.44222421852876886,0.4687617464377227,0.4141273656921137,0.5409593968816281,0.6734216430838625,0.399103465425997,0.3421935634046601,0.6514024304003964,0.518161073315001,0.4103799127833881,0.3181003443764206,0.4265958513070623,0.30943225471063857,1.0,0.19559939011824157,0.33538144573580736,0.5406317873435049,0.4427287549743525,0.48866527696953244,0.3692134587099122,0.460714966907191,0.31537870243229066,0.19828909613979465,0.26139195229657197,0.623346482958706,0.4609282329851936,0.33196186814484047,0.454173027568856,0.34633896691978217,0.45702709704010736,0.4767991821183681,0.49969508979438493,0.4895406473057405,0.48076459570288727,0.515803800232322,0.38343791871715527,0.5971453849068689,0.3831971118827213,0.2428530595504072,0.163364868136273,0.5620499735565426,0.3508027260360485,0.347750210498586,0.4258028889095131,0.31753196539753775,0.4813835278495653,0.5938738263040995,0.45714833543131794,0.5200693141793417,0.4136677550477216,0.20666952957410795,0.6623990272631726,0.3328750601505895,0.3933018864532281,0.5242754016598505,0.30090125728811096,0.5168351856020863,0.43214941758455133,0.4093812090653181,0.3213229233245559,0.4959814622305284,0.3411968039784137,0.2022610161227147,0.21527233134348192,0.4500743365001954,0.224856538893903,0.680050980927348,0.36168751602540355,0.5367750349821374,0.6185962748009263,0.2553859672707908,0.5173789409942725,0.20630215521495418,0.36823219301831933,0.372373921964524,0.5102482358033384,0.5478546485629704,0.48986385227133655,0.5569499891303661,0.14004146815120128,0.34355573092048897,0.280959788302875,0.4880174346495016,0.41786070188314217
MYTH_returns,0.19955080917059428,0.0788206647180972,0.19060484600071415,0.14132287532571045,0.16706087183880522,0.15234965697329456,0.15152065113352992,0.16627897655449636,0.19391520543931476,0.12535111866975762,0.18944446332223944,0.09404895374326218,0.12016473407280666,0.12956494443699385,0.12436960877849483,0.15597296210191788,0.14326397727219836,0.14553662118779856,0.15582638071418067,0.11025918266402207,0.19322040833971746,0.14398729343496575,0.08618034212977554,0.16285284464272112,0.15635417077532468,0.16036951429506896,0.13505237695134242,0.19955770423987404,0.13908383166001706,0.1657869929811992,0.1698844818860642,0.12286160514970858,0.13261116081466393,0.21304777144813494,0.1518395787153132,0.18564618196654298,0.1595075851370649,0.20417398016689525,0.15890682684806454,0.11771821571298595,0.15335356759312885,0.13223860806917073,0.16421591651730053,0.14764372745060708,0.1745388315914261,0.1488316692188836,0.04029749507395407,0.1505802193494601,0.13510622477061038,0.10265331731151832,0.14024828716328716,0.1869540847467373,0.20751175974540068,0.06310692160667476,0.13138296516455283,0.18548614940390892,0.057906552447002366,0.17917740455486822,0.16221715888990632,0.12659242553001865,0.19555449918743684,0.224002058164098,0.08069653600458077,0.12408958244264118,0.18451768575459018,0.1361949659436779,0.18682302305562673,0.18710906319006163,0.1130294889540593,0.056413493162778106,0.08011556913042904,0.1540705129465037,0.10174019989315619,0.06352652515202681,0.14096128329759777,0.1910906318207018,0.07368536527808275,0.10611255159659022,0.1673182854886252,0.12788578359861838,0.10182757992145061,0.16886676566539197,0.12100171423585815,0.1340292754522076,0.1522019760916011,0.09575836841424548,0.11750871574779626,0.16748467029213526,0.005524014042194354,0.1509997154344815,0.17735306701469844,0.13790261151070787,0.23628889474022793,0.07737194741358898,0.06314301144363049,0.13456168691816725,0.11628682261924657,0.19639108362923163,0.2500413984433758,0.17052438773752804,0.15271150084951324,0.14472551539511938,0.18252725765358765,0.14888402290380565,0.14594802323271477,0.14432225931670656,0.15510015794509158,0.05780812808167652,0.19559939011824157,1.0,0.1656454711625737,0.09471792354883819,0.07455807047622214,0.15045199807439552,0.10638737276260929,0.18307427292176712,0.08542803014899897,0.13245832014451236,0.1178037238562028,0.19709367468699796,0.1597877265807715,0.08028261701798856,0.1491534433681238,0.060007478983678524,0.15477010028310118,0.11597307343036366,0.1439361964209048,0.1536720359244143,0.17766009604956576,0.1456623003640226,0.10648418363086258,0.17759624994619033,0.10567678720377024,0.09986496298440983,0.004142367909300213,0.21891273000291048,0.16613018651452205,0.12239925392541376,0.08261873093398626,0.13766254167208852,0.13293329676245913,0.10914615615885767,0.14041503344927234,0.14435480254961874,0.18362928336175977,0.059075380134986706,0.12182662193865526,0.08395367521896337,0.11940003968513604,0.11017253810908309,0.10561906915221814,0.18790353628003947,0.19067721984877017,0.164059450043417,0.10556441734437992,0.13639947998928853,0.11225186380830793,0.022925933284069413,0.16470295642947644,0.16140599959896532,0.05309173005238553,0.14803272953543495,0.13134766909983722,0.12826924607104215,0.18439117769073426,0.08266592128602132,0.218952672552058,0.04504888093434189,0.10140692975058851,0.09242487568095081,0.17750053520921746,0.17935060518514329,0.17084538409731487,0.1909361365192946,0.011662069592567477,0.11911034310444092,0.06923088241094903,0.19297156699262374,0.07777021188647745
CGPT_returns,0.47008027237746564,0.35950191759090433,0.494975494142529,0.3172397927795303,0.3943923675483365,0.4181985705098358,0.5014797709795298,0.49198963859125167,0.52114359090847,0.40756475611954124,0.41737757472899945,0.3042921023758589,0.4144712514056104,0.4863374060796649,0.40631058831543243,0.38144647761169204,0.4039410601206776,0.3932091083764355,0.4807482628691383,0.2791330902444481,0.5147899666382287,0.4444514281157817,0.21672356943939702,0.2764507678316502,0.3941217138669726,0.32708416610320157,0.3030173915181178,0.5347277935318688,0.27285170671126213,0.4998936353046433,0.45832481081319265,0.31456532799690706,0.41693504833500383,0.4956474085101962,0.33928136187644486,0.4382066644670748,0.29052499708594265,0.4135909436587552,0.44295461301677524,0.27521836764371843,0.44110133027359993,0.4169600901537955,0.3689032677012927,0.42566449007087176,0.4574304376065082,0.34742078062264115,0.26440580220112253,0.3624770822590744,0.31938215040882273,0.27048811512689375,0.3489795069157947,0.5123708473104838,0.5282691090397678,0.11412036312868934,0.4476254688275969,0.4660889104829724,0.27475017376845723,0.4241016242902975,0.42270415973666187,0.28376627492424394,0.4962817084682235,0.44713548299928324,0.14782295805060588,0.34179312306298554,0.26880957069127254,0.40973345263854366,0.3041884911472545,0.4548210289486092,0.15384626426513076,0.27373776571179903,0.1890592178615147,0.4421190720114129,0.2711830599796608,0.24718924006934725,0.44925132426146963,0.4417841026441414,0.372405302602795,0.2714591018337786,0.4736876571907035,0.3888384534998145,0.2623055519425078,0.43840213361293606,0.3356662806972371,0.43018239487026083,0.3448178331029118,0.34501674233518764,0.2804227798200939,0.2846534693485012,0.028992573799485718,0.48979774312442026,0.43647378106181595,0.4211422477523425,0.4609504465203153,0.3051264325364851,0.0951989719594888,0.379265217179316,0.3597149161299193,0.30572636196345926,0.493531713441348,0.4506553590552652,0.35903357505459954,0.3908170603283199,0.4209834642664144,0.30277446610167436,0.27787263184977135,0.34999188213181137,0.3847625622524908,0.16759292197505746,0.33538144573580736,0.1656454711625737,1.0,0.4380588566316681,0.24420259261700666,0.36539061127086964,0.34285816945435704,0.48521832031463014,0.24416117844769286,0.22787564565064666,0.31116771376260804,0.46237350839611197,0.28014939777688164,0.3190038934507808,0.4157709641405542,0.3887098590820452,0.4539212821010142,0.4357058885252038,0.22087629254748925,0.48560369620950816,0.4853205892650881,0.3975898078979673,0.34624465040057306,0.4997122049366753,0.33449283083617865,0.24123151804968132,0.10277279504147468,0.49730718534824736,0.3301733494430608,0.3246521242182753,0.2597679482279399,0.3551036736369262,0.2987546846751493,0.2679420500597378,0.3940741768860292,0.44672629860670127,0.38134011889089703,0.18038534064064307,0.268300943235804,0.2259831784497738,0.3772363424886796,0.2749431332256888,0.32500736750839415,0.4663951378692602,0.3786646200818856,0.4005037835574207,0.2890023385519818,0.49107813175475445,0.29533899908320005,0.18219093180502366,0.21055300582786682,0.4339490173415143,0.17146004633735004,0.2855816060273236,0.4099604940426702,0.31547813632408467,0.4426819845564397,0.1516565538914585,0.48542916864335856,0.19708834056382976,0.315182950763555,0.3479795281139493,0.4867085908152942,0.45879795776187876,0.4544513719799796,0.5261210120855573,0.09149650678643287,0.3411998879714829,0.233033394475151,0.4265090408207423,0.3450466438323248
AUDIO_returns,0.6463069982502514,0.36191176922396767,0.646749414284569,0.4919782204824552,0.4757554119745326,0.5380083184609562,0.5719700198034188,0.6443463063410321,0.6895243298037175,0.4620804103460531,0.5989118419753281,0.3878940928902858,0.5112803888906172,0.5936598745508985,0.5408815410067173,0.5330831331588072,0.5455785459662705,0.5143296860716234,0.6053100024814546,0.4056812181052163,0.6872990402206259,0.4224195546521936,0.28685912176973966,0.36324847918444514,0.5036956726229129,0.37232538132098947,0.3975628256841748,0.6937996272129999,0.270571084514212,0.6474525209935379,0.6168676499692691,0.3862979045674813,0.49706151459283043,0.6644591072283926,0.5197330433487263,0.6179146579992849,0.4228727513061887,0.509450833152524,0.5610048291284673,0.37475372046130684,0.5937602684807408,0.49809810532136584,0.5166961363991014,0.539881312320527,0.6188416717135298,0.4842565488724885,0.32388277615264466,0.507379133777325,0.4835865136655609,0.3165997401689549,0.4704456591220422,0.6264080322815597,0.6694186650976791,0.17860357059287174,0.5734345317718985,0.5944290054642564,0.322377267303516,0.39627023967415775,0.5259575724403314,0.371327854061874,0.708229370609164,0.5700786796040178,0.21896174085486783,0.426621357524525,0.3261571941666622,0.553367935446874,0.2934466988848648,0.5996042265941304,0.1870314874644559,0.3601651330327394,0.19451506451237816,0.3980179464228802,0.4533210982416244,0.35021231173298106,0.6111035395953388,0.5254515175199592,0.3090811375222297,0.3010856207748048,0.6346275469645664,0.5522497330050159,0.42629959649992916,0.585369847200237,0.45111886559863357,0.5216654025906744,0.49029765438610934,0.36781514884792393,0.46507460818249546,0.2309375042241487,-0.028568473611850716,0.54554325937324,0.5577232581206062,0.5180480036593187,0.5653391754460204,0.4299091338504752,0.0705530497256516,0.45937224910220703,0.508270955375119,0.40726053428423753,0.5996433134736416,0.6786635939575705,0.48609182982304405,0.45276648936362995,0.580842986597944,0.4254754614367193,0.3984630829700526,0.39175486404771387,0.5193135696459089,0.2620175532412342,0.5406317873435049,0.09471792354883819,0.4380588566316681,1.0,0.39089088866959226,0.44215006278535185,0.42807838858765473,0.584725809395184,0.2956522911659886,0.15842911949884209,0.31680607693441304,0.6564896283524082,0.4307594760371572,0.38232035793576186,0.5429830692147766,0.39898968676465635,0.5832850532303827,0.44802240976077057,0.3949749312292298,0.6176465572803586,0.5958641576536827,0.47764282950099923,0.4436603521640551,0.6898814031312385,0.4074889114542011,0.33174532487199376,0.15077147097448532,0.650250499337023,0.40927212116250283,0.3960800394451303,0.4356707410536024,0.3291832425854674,0.40238087261813626,0.42948371849209344,0.47784573883771775,0.5768742816699807,0.48328241264067845,0.24040923842814113,0.43530868624263597,0.3318280500584524,0.46678936978605756,0.4683392090641766,0.3320276699181206,0.6031700833342645,0.42703365064709825,0.5256547136639071,0.3537712535589993,0.5818377913370179,0.3521483295884944,0.17775235399601336,0.17405798671333395,0.5374030087197355,0.2031917841186907,0.5158931063488255,0.4953118714440482,0.4851992928818095,0.6343096028375304,0.24856449235810327,0.6366234451256346,0.20665310088044808,0.37066136803329813,0.4623781888988379,0.6394270441280955,0.5478662217189351,0.5812067197396015,0.6557323114663303,0.07434560957934723,0.4187149108842703,0.3228284824609921,0.554466865189118,0.5063894227262702
ARDR_returns,0.4189724214517047,0.24880493441008175,0.39645120613799695,0.4583334229089297,0.29015687519962524,0.4281569914943821,0.33565766025692406,0.40963492986530364,0.5008530419191092,0.30088050879657874,0.42321494467727905,0.28196416453486484,0.3247954059388893,0.3803237096580992,0.340783072836991,0.36816755520429134,0.35992893856104996,0.30643143297718817,0.38567189131726237,0.2553526507004358,0.48083753396923684,0.3133456994548104,0.14653482697964293,0.21688085262607024,0.3167508879911042,0.2676265788804957,0.40856580590525743,0.4318361139086733,0.19760130702263384,0.42040467656255776,0.35173454830408113,0.23276498543484084,0.32956352190057786,0.48255917738198106,0.33916040869032055,0.4102832125899919,0.3702572195234363,0.3206639233147443,0.4011106098938133,0.36126054359546755,0.3541434114369304,0.33478511476909106,0.4199680876538158,0.36074808384965906,0.3633697440970747,0.29721556064549587,0.2342685324140275,0.3809178311047468,0.3447042449859876,0.2145595832074279,0.3922581574756969,0.3800562493239547,0.40628315772172097,0.17698429621087294,0.35631736434842265,0.3890605444924649,0.2225269262136384,0.237505089494543,0.3243645736691323,0.29071224560395326,0.4236451672280758,0.3291465768999606,0.16211761332819136,0.28922664431802747,0.1835529163798282,0.3183529358720567,0.22119087744892765,0.4541740188512047,0.1320073864325641,0.200442229189261,0.1235285222251399,0.23036890947754993,0.47720674901428756,0.3798654680720417,0.44795540666408634,0.3106549969495653,0.26884134148204786,0.21938703793183426,0.4195088856085555,0.3520630774089878,0.37298758768702067,0.39486346394053545,0.39191699325164026,0.3757560022259066,0.274498822429215,0.22644588917361277,0.33986582655587855,0.12920040013823914,-0.06842975955667673,0.38908755275226614,0.3391265688185803,0.3109971871683266,0.3142050320715751,0.2616040291677425,0.048330555404658325,0.35721183669177475,0.39240024911773824,0.2764761184741305,0.3875187507549268,0.5209055682981055,0.30688966695502695,0.2728375918205556,0.47923894017075713,0.3513475278711327,0.39647732290200904,0.22280937361139314,0.29209145028669237,0.1980172670186734,0.4427287549743525,0.07455807047622214,0.24420259261700666,0.39089088866959226,1.0,0.3990191469953168,0.3022256336347013,0.3554882400346202,0.18585869160100651,0.13414825636970765,0.20287193248784505,0.49516135182475435,0.41733153849960264,0.2236055615429029,0.3186454750364936,0.2402138845431383,0.39077300189416503,0.3854610784122368,0.3699488421737096,0.3884371277284294,0.3916566627195726,0.44628000037767274,0.305763979918927,0.42689428592113837,0.2721735859030319,0.1613006285004031,0.1248284294998376,0.4073480797448562,0.2719493313702019,0.29001852774159453,0.39948768468701157,0.2202876795066588,0.36780821820523757,0.36349290870726064,0.2987214039576676,0.37521929245391106,0.29912279011894405,0.12053075996867503,0.35803418043871876,0.2605756137480545,0.28748260322796587,0.4307905182023927,0.20079415497417374,0.38205186156176857,0.2826158085548243,0.30213292476312487,0.2520951799241565,0.3777969472013931,0.21603039554975662,0.11651183682640144,0.10134616229118781,0.3582653160175981,0.12977825551961183,0.44936528775775675,0.2863779459852415,0.46119904029331715,0.46805522744065503,0.23306664751404324,0.4109691752371489,0.1159520935301006,0.2705344399440064,0.327220165011783,0.39627485626242964,0.3773732979773986,0.3707627766712745,0.421532858113073,0.11048905228504498,0.23382950488711798,0.23922428274556407,0.34866101085180934,0.37381186921417214
LSK_returns,0.513140730563756,0.31203400488807975,0.5139800594351098,0.4360816224354971,0.3604484762298141,0.5892760120973207,0.44402624616519554,0.5487510668749566,0.5970689306098751,0.3634969662213372,0.5530708895060481,0.33704765125533975,0.40987952715837533,0.4869029665376937,0.4368127866646154,0.45016777368607674,0.4370329173388052,0.4137857934536655,0.4926120985693636,0.3438075930104557,0.5874775065029932,0.3776115024937202,0.22910776197901492,0.2911850443703383,0.3905077678527266,0.3002359687212872,0.4520649281199497,0.5490409787845318,0.2675981053326398,0.5026884153198204,0.5281736317819891,0.3064847460986924,0.4026635327241185,0.5734851599612251,0.46624114912728787,0.5209286122254243,0.4140652400750149,0.4947724122957768,0.48395853114803233,0.32701921671137074,0.43833957254503914,0.379091961386309,0.4784336207412586,0.44709681438467697,0.5033135457813298,0.32396542517654603,0.24005898873583087,0.474128930565457,0.4448032828812911,0.23283243787712526,0.4351294068586956,0.4762206021540655,0.536817945215114,0.06835676369247551,0.44481361952804244,0.4845407733661438,0.31084493160558746,0.3332674995240149,0.3832163456826258,0.32170990636922336,0.5656670787670999,0.46959937599591245,0.2091937161642558,0.35359416614209277,0.2503755347556315,0.5891701176864573,0.2719778242447307,0.5582135192104041,0.1572995924282665,0.25681730257951146,0.3567698453602024,0.36409257575545156,0.4351852547725287,0.37931495790058295,0.5269111211279964,0.4605587679350761,0.3674596425479913,0.21936372020221842,0.5331732446700556,0.48275734912011403,0.4133483346411363,0.47724957933098194,0.4526519771043222,0.47743992893999926,0.37455876322668546,0.29999772676036407,0.380673756322438,0.226406440279386,0.05660003935797444,0.4738776471632974,0.4619672086883225,0.41088094655760304,0.47814672775527955,0.31022869749006593,0.07807929319616357,0.4615389140109718,0.43046535224627974,0.35022443636378797,0.4971510931899002,0.6022915022349292,0.4006822575198012,0.3597879008718443,0.5807031342531475,0.560117056201848,0.46277909540355017,0.3243120226456979,0.3917498549219365,0.2065406014407909,0.48866527696953244,0.15045199807439552,0.36539061127086964,0.44215006278535185,0.3990191469953168,1.0,0.3447589501144826,0.48155826691033343,0.24829159091123604,0.18691942012137694,0.2475207700466987,0.5863983366918496,0.42945986567542116,0.3352783236268928,0.4492568761858959,0.31866224784649844,0.45715426345820054,0.4384850795469721,0.41260584150221424,0.4591670663701851,0.4858580628498266,0.555410429734635,0.3516578477215904,0.5557639605433033,0.3379823691826006,0.2834141185919495,0.17673372140972476,0.5875612532568801,0.41438615897163167,0.31752373591302924,0.47645868541795927,0.29853374206246663,0.4596797713633298,0.44068066166831,0.4003513497364669,0.48106472985277815,0.3700027144052194,0.18196229340395992,0.4429178113642041,0.2276474367271747,0.41336334175579575,0.5037917896870914,0.2635795456600088,0.4454219749320134,0.4131942124210937,0.4028546424690241,0.3189657356478771,0.4596208449289275,0.33120409649303967,0.19522296066570377,0.1170885892819398,0.4829633921257225,0.12171656378435627,0.4989200643265488,0.3913710474848004,0.6278242889442245,0.5632396559428696,0.24080222572074084,0.5191592282051027,0.19149823639428412,0.3405890684554267,0.3744881433948128,0.47874774193445924,0.4715589166181242,0.4468644954895724,0.5067532129619028,0.11597415622534644,0.32818646513209915,0.2476428389514747,0.4353601985058983,0.4073428730564676
VELO_returns,0.4678132993540799,0.2720720042996771,0.47061534118611226,0.3645324957052423,0.3194623786355357,0.4410000861616629,0.4471172302961991,0.4708518572767681,0.5226453308785441,0.37771374210251785,0.44012985614792705,0.3154227125505605,0.36964804315788347,0.4509474891463128,0.3740366644709814,0.3823017884524872,0.4195957939079663,0.38024042409143055,0.429074203490088,0.3009122480869868,0.5127341608624963,0.3596975163456917,0.18577379547620435,0.3035289445925509,0.3776279159393084,0.3530674579694827,0.3262975470019823,0.52438455102853,0.2845840354615452,0.46874559161901425,0.4683736058460673,0.32362802932617457,0.4216835101963459,0.5006291162680861,0.41569634324325716,0.47376163379319175,0.3068383648020699,0.3823808743021323,0.42833568027309565,0.2464268631007348,0.41560154882374367,0.3878200750538208,0.3857929301270451,0.4597234742007371,0.40218100311709315,0.33678795671645095,0.2828183044271884,0.3435245574381807,0.35671936414977595,0.2718044537077553,0.3574989782705259,0.4682138332219633,0.4372365903914606,0.14232581552011536,0.4064347064866074,0.4547262475990119,0.2652415730544339,0.34765021001718155,0.36919378013232657,0.276472661278973,0.4700250151171619,0.4370391832234025,0.18753634790829796,0.3494163605573248,0.26165116933337146,0.40872825419648406,0.25968587691025014,0.4591673055706984,0.16682178411099666,0.2535576757820047,0.16983916139668462,0.3235851462718593,0.31993611960141466,0.30610717475289667,0.42860706899649964,0.4110217756673091,0.3339887103320283,0.21669782053656253,0.47517583686197,0.41134247370376076,0.34506129739613095,0.44395716838455135,0.3756471068830606,0.4247439659864317,0.3354052396698067,0.3308737332404697,0.28534264237708273,0.21044317633917084,-0.04626620271756341,0.39634179053423285,0.39711212772972193,0.35111851205264866,0.44449507176379704,0.3297596883286337,0.08611550658588872,0.39663142967325055,0.3673474018596869,0.3143000839099003,0.42394514855411547,0.48453080879442023,0.37327860057927537,0.3211509520864931,0.4369326634164853,0.32843071741525676,0.3622516306912487,0.32243314333583006,0.33558304267544814,0.1407714126089902,0.3692134587099122,0.10638737276260929,0.34285816945435704,0.42807838858765473,0.3022256336347013,0.3447589501144826,1.0,0.4298229409810216,0.2416936990805595,0.14228173995733448,0.2744110395003808,0.45753411637774133,0.3269031800872179,0.24117309378266163,0.3980668592090858,0.27467751936563145,0.4104423435453596,0.3317077769637848,0.27613840024388786,0.4424199849014304,0.43639535234300736,0.3755059313081675,0.3169580867411507,0.5033213957586664,0.3297711691156338,0.24723895895563047,0.11732068150130928,0.5242106841557256,0.28459502574038115,0.31926304859168514,0.2925476456371428,0.23375053980977145,0.3017240854269919,0.2699596732945792,0.41907847389320896,0.506875477122927,0.3655964237508239,0.18032374175847843,0.28821244016024505,0.27977529740953877,0.3636254573412819,0.38421021998064153,0.25183216805300446,0.45136216538835827,0.35337621518701995,0.33920422669834077,0.26051260391390924,0.45298710318668056,0.2534470528386821,0.15064406745491551,0.14337831255578548,0.3962151330327061,0.19490830718429222,0.336629602710237,0.3558034542484437,0.38461046572081287,0.43419389204310865,0.15514185993109128,0.45852944968764,0.15004643391766023,0.3272640875522768,0.3478957660258414,0.4736564423585801,0.38665156879104995,0.4069768309008447,0.4822360667138606,0.041784663564593594,0.32058365856125604,0.23668573194000178,0.3867365281781117,0.3515928472381878
CHR_returns,0.6484779041567423,0.40461412581533385,0.6528485062979954,0.4448730858387578,0.4660771849222583,0.5307568382351049,0.5942286677560713,0.6742335582491028,0.7105071353060676,0.5445057040584753,0.6242060390013983,0.34966809123431203,0.5013222878489421,0.615652753447288,0.5515967125496507,0.5282129828846488,0.5375861042762806,0.49463199269080965,0.6066878571011718,0.47169360413448774,0.7042306659870087,0.4863627569932344,0.270463802216239,0.3711820336020761,0.5037147354873787,0.45205949170783627,0.385982711533343,0.6949443970381212,0.37845689438286517,0.6594711169463907,0.6211166288008406,0.4193649656180236,0.5213087344164786,0.6421060502895632,0.5361110165442534,0.6185506791000316,0.48194766323089505,0.5197696035996825,0.6002904846343141,0.35275230304450855,0.5771288096366196,0.5070554811521332,0.5296482479566929,0.5852923785069991,0.6042706721791486,0.5121349176773938,0.33754543215078464,0.4585880196884751,0.44983142643032975,0.3103317908205674,0.5043046203663653,0.6348325176862376,0.6606676592050458,0.19408105535754436,0.5920012892786752,0.5854133339967847,0.31338138262000925,0.4328350714411007,0.5570687555654389,0.3785628589198643,0.6702987042204573,0.6357454688388893,0.21949972679451726,0.439893779033293,0.3021019201285872,0.5371424089356599,0.36846773554860845,0.6133918932843713,0.19815823041164035,0.36471089233086956,0.21286752303938397,0.46652492363459963,0.4410311095829806,0.34252786887580383,0.6214595702826647,0.5621849617768429,0.3796297074455388,0.3180378199486054,0.6387725855533178,0.5252968180731332,0.4131975792083911,0.5940193525041009,0.49572074800778043,0.5580170153673385,0.4679058032156872,0.43753389204200815,0.44028752826644973,0.32252652354038747,-0.02212435317553842,0.595831503192925,0.5505184724440546,0.5893094505733633,0.6173590826994514,0.4225508855956039,0.07187817878854982,0.45326701074306774,0.5375287952100035,0.42293606125238986,0.64055610142155,0.6606099646694491,0.4769088140357687,0.446980350513709,0.5826485619047207,0.4079917321580502,0.4882569777483932,0.4052364122069334,0.472838733882527,0.23202959200527132,0.460714966907191,0.18307427292176712,0.48521832031463014,0.584725809395184,0.3554882400346202,0.48155826691033343,0.4298229409810216,1.0,0.32065007329529266,0.2583960598274365,0.3616242164919259,0.6441661828007907,0.42603491908616825,0.33069914694149516,0.563906615475036,0.41747873890958925,0.5575948766069303,0.4513155242516704,0.391448702188632,0.6042160101095263,0.5819375360540868,0.4717374263454021,0.438583680546689,0.6945943335440965,0.4068392293069858,0.31944772019480067,0.18438536577630046,0.6863269049812178,0.4473895093772662,0.4673891024998536,0.39895298016804953,0.38042406551822483,0.39511316917006994,0.38147363162894987,0.48594916040013636,0.6095121192185355,0.5138538869787974,0.2249313820565436,0.3923978538841228,0.32071509318647057,0.4967411599213653,0.4613351913145291,0.3490747341946568,0.6242644181157592,0.4782627786170574,0.5382353143002696,0.33890320261446066,0.5958777269045411,0.3936850848876207,0.22965891593113985,0.21971094710964895,0.5526281444124721,0.18038653547434755,0.46082089463231785,0.4957891176479461,0.47208077743756804,0.5939299035424637,0.23139398774824357,0.6236591729607261,0.15029547139972294,0.4281542079738289,0.4528809459401681,0.6853446667143173,0.5634439290994714,0.5893036515871607,0.6960072624439088,0.08519777474289891,0.4582268953645169,0.2930687597164482,0.6145044549706075,0.5000795223997992
XPR_returns,0.3362478158122935,0.20380564222531852,0.33036104500237357,0.24204944238988096,0.22816151508686858,0.3145568844929797,0.29698285599892044,0.3405585989743809,0.3740666115469995,0.28508151944427884,0.2870708126820742,0.24308046292403881,0.25787692243658356,0.3130786117162323,0.25542483784035885,0.3017128192787301,0.2874584360407889,0.23497313846559142,0.343828060610341,0.11355972656273884,0.3677175292791892,0.3174143407557117,0.23142715043284887,0.2258089676370757,0.2449885134667539,0.295996331081396,0.2126979686231784,0.35089365766115815,0.23033141068338253,0.335011159424466,0.30822746227645276,0.2184360203011317,0.2684776071155691,0.3603095465630841,0.2856911857573434,0.3267523960633063,0.22679600835423136,0.27588167138747294,0.2620561123565277,0.18524444501263673,0.26305388738019797,0.2359098884483391,0.2583856405314704,0.3187719486855004,0.3225880811361664,0.21079298708362132,0.19642403158434188,0.27520622393136035,0.26133624592008653,0.18056971492217888,0.30697231712353945,0.3270681315410548,0.36436406095240526,0.05025502670902324,0.3035421901275009,0.3014757904980842,0.1951117421753302,0.17909088049240496,0.2556415153641948,0.19001117374632118,0.35389663740919985,0.2930874212682978,0.15291161611949597,0.18590003063632832,0.21794255355554384,0.2654060696152046,0.16063225327457803,0.3271452073886304,0.21112472788869724,0.28545688450251855,0.31813908943796043,0.22941342386944252,0.2834083725471847,0.18792885156300043,0.3277713022702276,0.28707893485109254,0.2607673213692258,0.15785885808804925,0.32705505039847094,0.27860958298328076,0.331091785155492,0.2897489943120792,0.27185132345103147,0.31562203987589776,0.2849793242919589,0.2747629032265213,0.19303548524997136,0.17049416219675545,0.07972936890884212,0.3053263070749577,0.26796963279306923,0.29849922344253776,0.2885566877048553,0.17150127524771946,0.1070985232719197,0.24543868998764806,0.2535203771674432,0.2711497302851835,0.34945025778439015,0.3730103921348082,0.24020818236049635,0.22487815929918467,0.3596773364367996,0.24219876660525272,0.25253305637766676,0.19400991090686193,0.3802053379738471,0.13490914644712984,0.31537870243229066,0.08542803014899897,0.24416117844769286,0.2956522911659886,0.18585869160100651,0.24829159091123604,0.2416936990805595,0.32065007329529266,1.0,0.14659543362675853,0.22299504288556168,0.3416075441114993,0.26397033328462094,0.1944997130563665,0.26468751371772414,0.21421874247446762,0.30616500312034867,0.23258155432169803,0.278344154338213,0.34609114528573415,0.3244419107781149,0.2544556725291341,0.2284983589131316,0.3445610003600657,0.2131996872620653,0.18350188602056375,0.03992575064455856,0.36520040203558907,0.24510777223988517,0.15931416897303155,0.23624323665701658,0.2159399951622496,0.231274185239625,0.1824639231012679,0.3055989081287906,0.34463984594003366,0.27607710020937976,0.1779667282794142,0.22715734364617554,0.3473020071992402,0.2676657501969741,0.3035835690347144,0.20345124562872927,0.31107666422505764,0.27182665075347767,0.26055356187820916,0.19403921308567978,0.29027510351675423,0.20075080944735124,0.06276745797507638,0.13626920541997734,0.2907197306158774,0.14874801595190962,0.31644282791798806,0.27385596184266287,0.2693427236046491,0.3261618086332534,0.12230853394235948,0.34347160146797545,0.10179483601143627,0.2694057761332888,0.2251897769203127,0.31749905191761196,0.31518198904191763,0.2756121945765129,0.32449315374502874,0.03992766846247681,0.18323343917492255,0.13802660692583246,0.2876675864241467,0.2924800036861984
ABT_returns,0.2081647581837274,0.1317385078827978,0.2114622066570514,0.16130685092291325,0.15374226794016352,0.15859090405318502,0.18954841038004427,0.2366714653088722,0.2325013583599873,0.21508138063464777,0.1808295287905631,0.18399430846405487,0.1760964546683711,0.2036310266225446,0.19569247050871436,0.19422700960170544,0.22184645817061682,0.16271899523448957,0.21871903132350892,0.14527118576899237,0.23064387364536695,0.2007016960640768,0.10549021609297501,0.20990691331834452,0.14761659763813276,0.13445221237790012,0.1417202631508626,0.23891937777437824,0.15892082282426662,0.23478147934133495,0.216390739425698,0.1813642903344513,0.21824666762698774,0.20967598873449844,0.2083131961468616,0.22393192802149522,0.19020376624443014,0.1974032921501042,0.2331571615942499,0.12310755164644441,0.19162062907615038,0.17655162946679276,0.1993214163102306,0.2112492059632869,0.19454359978669863,0.18040779903943546,0.14477391916897306,0.13869250181502382,0.1333347418175303,0.21511789953097693,0.1418475965928604,0.22058856142271138,0.21389878954171687,0.009334774647269723,0.25369778495415074,0.20989911130980357,0.10972813021923142,0.20491985201596624,0.1782281092656358,0.1272543151893563,0.2372250684399625,0.22452543619183743,0.07977402888868787,0.21403122005056835,0.13602581857085666,0.16925370598223202,0.15783335451716737,0.19075698440166003,0.16370098673927141,0.11670016967394951,0.13728627870051116,0.22640244075951035,0.16065733362355755,0.12624025396664731,0.22584630353087737,0.22789973296366628,0.18722705993441208,0.133056011431906,0.2334807197861598,0.20668075339836273,0.13704540387159045,0.22286203327069667,0.13310276409812702,0.20722549864562134,0.21481956308246158,0.17408796592674913,0.1519317159064974,0.14545198307492824,0.02345951949164767,0.22774950932746424,0.2055922188271277,0.18837186997384026,0.2188269009410983,0.21788183114495752,0.13315853149091972,0.1666089577348775,0.14693789070044608,0.1588738405231004,0.21488184917703282,0.25385421379822626,0.17968727224995332,0.16809321635657984,0.20540806332368797,0.15259651341547145,0.14313500306322216,0.1368266542151519,0.2657604790224783,0.09364126444702121,0.19828909613979465,0.13245832014451236,0.22787564565064666,0.15842911949884209,0.13414825636970765,0.18691942012137694,0.14228173995733448,0.2583960598274365,0.14659543362675853,1.0,0.15876585184007075,0.2250752525636506,0.16784415780098252,0.14118949644285558,0.1811422486193581,0.11577013974386514,0.2193842622299595,0.19960693297912704,0.17746369113012334,0.19704228046331873,0.15993324659396996,0.15533980610701853,0.18054714945443134,0.23064716328214768,0.1605566550669706,0.15269244490667036,0.05466279686828292,0.2359544011425051,0.19144355641960362,0.10119151888063588,0.13633841295411264,0.21039361518423694,0.15865409242934012,0.133383761170856,0.22062575060974268,0.2075730690815568,0.16744247630162767,0.08744692765914408,0.14445187432296502,0.07799967670598976,0.22342987906615192,0.15528729365644584,0.14127309308697072,0.24420083496168737,0.21580752121415098,0.16275498051309992,0.1350733373337372,0.2153067408013953,0.11942449581943049,0.20465748777168793,0.07546164507344483,0.18840914231749759,0.12809685962801742,0.19411747523863027,0.18222198920055707,0.1656636622871472,0.1928072318849268,0.051076024368487884,0.23459186844527255,0.054283360929637196,0.20617623621598016,0.1881937055570079,0.25660393221237143,0.1618787842335931,0.20016359732904948,0.2503364974002799,0.00878289094555129,0.13465978082085267,0.13139778126383195,0.16276232116595293,0.19960577106355937
HEART_returns,0.3835157152177571,0.2434097307001044,0.367497161489423,0.32815882932671814,0.2138599899537175,0.3291452507913727,0.3344908511230546,0.3750479628700534,0.4068947403905728,0.2740611905520168,0.35174240744629515,0.27803284883691287,0.30679507923278865,0.2981684546612901,0.28954212070952845,0.3087868392834074,0.335324466931882,0.3268183265115584,0.3459303864726639,0.1812804516701167,0.38332144558645975,0.31799708560229506,0.20781416446950385,0.21275995468578063,0.31191671733706017,0.32596726901023043,0.23378972935487916,0.3913736103144867,0.21056493837902066,0.35973753328491426,0.3844264104071343,0.24447192669539505,0.27575365850050476,0.3768399922748328,0.33839879438723264,0.38290544060290727,0.28371887411206514,0.30255257872072633,0.3509094188061395,0.19159552909749727,0.3241561673247542,0.3261768532993895,0.2329910217872664,0.34236557590012073,0.31167969741899426,0.24223161153035597,0.27347152647132245,0.26327329575038794,0.2574981737138575,0.23260113724166198,0.28186284992950483,0.3979548344879683,0.33839140122364564,0.11139745170832548,0.3256805183991967,0.36308798012326315,0.17823037694071386,0.1935305007351749,0.30517622708126635,0.2606475707281353,0.37662828456174074,0.28295370256233743,0.15138965428665946,0.2394053038073526,0.21761296178899986,0.2888144963991805,0.22498484544319808,0.35660132044682885,0.10922680106989935,0.17556992768058544,0.12385688254012235,0.2775420378825673,0.23322021186083852,0.1796034405799157,0.37068185401888915,0.296275102541208,0.2554662002880955,0.1842918534331912,0.3342842483337566,0.31510316853510256,0.2084853613690327,0.306746069679998,0.22933885812248103,0.30230454855497774,0.25596913335170485,0.3114538828747419,0.23651242550705207,0.18323614748848432,0.017481733810345634,0.3499067089854571,0.2998242082340943,0.26658118322312047,0.30335153949305693,0.21580854751939996,0.022459403423804928,0.26208402871993347,0.275141960309282,0.28649834082064274,0.33747784337432263,0.34032219128688534,0.2891368098758133,0.25495098850865106,0.3129329524105951,0.2635089083517398,0.19030037141437153,0.2831578070677641,0.32827389895077497,0.1078891638304631,0.26139195229657197,0.1178037238562028,0.31116771376260804,0.31680607693441304,0.20287193248784505,0.2475207700466987,0.2744110395003808,0.3616242164919259,0.22299504288556168,0.15876585184007075,1.0,0.3589860889446816,0.23564647993588095,0.21126884995941322,0.32971695291925274,0.249688493796469,0.34173357533306337,0.29042224204131506,0.20016355921323473,0.3058249177431404,0.36013420258188583,0.29205737668217935,0.2311813895734114,0.37616366552374747,0.2180180369558238,0.23208054081761145,0.08105318755535822,0.35759198693337857,0.2294092724622487,0.26101614442556464,0.19152728092031646,0.2860152226428458,0.17159557633273576,0.2440886635323113,0.3311088312032465,0.3368852015234154,0.26203757099736114,0.1404929058056309,0.2307338923926506,0.19279117403013768,0.31579036815972705,0.2611243523394383,0.12236002793505876,0.3471268973867315,0.3000568917061354,0.31027228838209253,0.15617383298385354,0.36327114777306124,0.17422670830848563,0.14850612027696183,0.13295428607059295,0.3213773857222863,0.13368915288139757,0.273520996678884,0.23525859369552782,0.2784038317791825,0.367634545780302,0.12742499214697123,0.3696926725941455,0.11087921368903987,0.2427770535205556,0.2015393055177337,0.32649463844850557,0.3057131841983007,0.3606869665291267,0.3701034184898754,0.046737635489001984,0.231588489091296,0.1606823145681387,0.28528137213476235,0.2844595189497007
IOST_returns,0.7155789881282768,0.4117116055766307,0.688601481997838,0.5644309587571297,0.5366700980194057,0.6266482071048851,0.6057499771099657,0.6869757567885444,0.8194471999267954,0.5326010855071265,0.7263561722190213,0.4052925383053313,0.5656473069182085,0.6552814007472355,0.5859524583441088,0.6279277389542226,0.5922819899539491,0.5065375239265126,0.6662257601620064,0.45175479602382795,0.8128797448116871,0.4651684528115324,0.28202861521443534,0.38254275247265357,0.562483243970657,0.4274348199644543,0.5100480529548381,0.7218550508844638,0.35135104979953663,0.7103009122682705,0.6494015066793815,0.38799122866950775,0.5555324479337986,0.7696777637320543,0.5948494210933869,0.7068628989100855,0.5485560501478355,0.561642242750643,0.6105794018711858,0.43853261443865954,0.6081469016143021,0.5391065284806165,0.6217777175396403,0.6033699655007659,0.654230641129455,0.5025742056135054,0.38188339591521014,0.6061050957100045,0.5357667323715184,0.3305634550112145,0.5494861603357583,0.6712996370096288,0.7223527699368272,0.1657643445707936,0.619674718415493,0.6308363760668638,0.326219211024837,0.44627072828837094,0.5192058582114066,0.42701932745445864,0.75000570456232,0.60857562359344,0.2910077441979766,0.44873130573430736,0.3181069614262819,0.5720282855579635,0.3317661249796434,0.7384431824790726,0.2229278597066437,0.3608350800629419,0.21871682249379726,0.40864873167566224,0.5362493665052886,0.4368602029439246,0.709979480399628,0.5637523290582044,0.3938185192507232,0.30434498370614543,0.7117422772705617,0.6184264022284175,0.4939406048135554,0.6075442152750835,0.5779639714946674,0.6189997508810671,0.509323434875984,0.3688837979511174,0.5345030593041752,0.29361996369623994,-0.018562468564194648,0.6129369819003908,0.5588973101909043,0.5756447507053084,0.6046966171701038,0.45488490226326794,0.1007629882878406,0.5146839296681845,0.5688592796049808,0.4534442788562379,0.6605220024786431,0.794933651955108,0.550407538142292,0.44803521643894,0.7109115869282121,0.5363709931618681,0.5294222568070511,0.43955129217363437,0.5339112870362958,0.28297117258587423,0.623346482958706,0.19709367468699796,0.46237350839611197,0.6564896283524082,0.49516135182475435,0.5863983366918496,0.45753411637774133,0.6441661828007907,0.3416075441114993,0.2250752525636506,0.3589860889446816,1.0,0.5341893830455184,0.40434734230836183,0.5625248042481326,0.4113840701828241,0.6152438047558393,0.5478079326333696,0.5206599794557001,0.62958818051705,0.6377586264501792,0.6279489366815326,0.48352118092440993,0.7503723505826079,0.47004591560739684,0.3514537706472619,0.16870926702296396,0.7344962443781011,0.4604189085403623,0.447447926912232,0.502000928512246,0.38759019613724,0.5050151053671376,0.5158931549873428,0.4943134278436178,0.6268357359046609,0.5408943878653063,0.2329819414944127,0.5320873340160266,0.3580371154348094,0.5055083485163502,0.5777868433658596,0.362371742930662,0.606575640523504,0.5212091369377788,0.5432955208975535,0.4166721828622063,0.6145041530842725,0.42499019028219015,0.22441784193510586,0.18399958975529102,0.5797639899305356,0.14661907411446676,0.6504244542825746,0.48682476006194997,0.6493261050607158,0.7445851573983349,0.32445538113603295,0.6728991999403524,0.18553149859914814,0.4508809177170572,0.46058095721792786,0.6615124913973813,0.6356323910729199,0.6082319019622425,0.6907414713953802,0.13538618452747833,0.4281575530951383,0.3536964211927597,0.6078284600513821,0.597594463121091
SNT_returns,0.5502113193654414,0.32591286069806463,0.47696591597239907,0.38587800216589857,0.37612422452014976,0.47914250752620885,0.42062607905320565,0.495080069604353,0.587826110449472,0.37805978901362564,0.5076720700252931,0.33256638540791394,0.39260300789265185,0.4354088916399642,0.4042349703060553,0.46677493021423,0.4495330392589004,0.37358715888356725,0.452457199913132,0.3222015504401986,0.5657530476764958,0.31493671454276617,0.1907276574213672,0.3331882384281094,0.39290381062243995,0.2985269037395261,0.482728617085764,0.5562466550748407,0.2113197347800786,0.4814787967890671,0.5524726988339247,0.3168822679566584,0.43209447015381336,0.5620262841522777,0.4586983697601212,0.48841389188445383,0.4373655586073047,0.420890947446025,0.41787115453610085,0.359978312548142,0.4105611535883059,0.42977111818862224,0.43767936314686184,0.40338643019431314,0.4239016493281081,0.36731179497291205,0.19338423902841181,0.48718320103457513,0.4257130900683715,0.27472484241493217,0.27778759719739404,0.4754144288081682,0.5252811124376208,0.14514838642028707,0.46395591798843566,0.4660231301856739,0.22622010646142407,0.27638105166108123,0.40704273399910124,0.28525140191840453,0.5226010300210056,0.432087033004954,0.18105993392640435,0.309211256160124,0.32291210754070804,0.4128489279466991,0.20939780467094077,0.5137897461012739,0.16538218534647103,0.2538824449586366,0.2273316615467247,0.30363420332349345,0.3884659841719942,0.3768576731672855,0.49435825617751966,0.4252726651004988,0.29109353239700586,0.2437272432023624,0.4671000801068768,0.41838401405821396,0.39709498609565164,0.4411560282495788,0.4212867787467364,0.4698781353179322,0.44243735310036153,0.25792308106048484,0.3528649869646299,0.20854216138254253,-0.10072244449106067,0.41512294575870007,0.41573708304389523,0.39940269900341685,0.4384278064872756,0.2799397789231798,0.08790128969268489,0.44868263204602166,0.366055210725519,0.34409292562371996,0.47702366351469405,0.5827838877971604,0.42007997443066913,0.339163894285291,0.5373790674027482,0.3914179538006988,0.3852497879051794,0.3121292257189073,0.38453109418956444,0.20113350907044175,0.4609282329851936,0.1597877265807715,0.28014939777688164,0.4307594760371572,0.41733153849960264,0.42945986567542116,0.3269031800872179,0.42603491908616825,0.26397033328462094,0.16784415780098252,0.23564647993588095,0.5341893830455184,1.0,0.30339540210075516,0.44112861713882573,0.2632001893757583,0.4011653588202907,0.4368897179822534,0.39676206396275643,0.4823972804170501,0.448172056802491,0.443417770270734,0.3991036274241172,0.5228884395948041,0.37153573380776106,0.2977890809720083,0.13232624255644942,0.5119768366422377,0.33268324345749617,0.3485919649809051,0.35727866242069484,0.3189241301050924,0.40364484623164165,0.4249931392800529,0.43950930148835,0.45656681341422767,0.35657888200713456,0.22738240368445123,0.3506409943225106,0.23856476630057122,0.40559011162402636,0.4633979521378726,0.2689986489934743,0.5492613452226375,0.4226338872474824,0.3608510044976568,0.2940573687365007,0.40224689643904415,0.33292271841257826,0.1506524476045305,0.11468765387203385,0.41624708598983595,0.22548421152228162,0.48992464084365867,0.3735730538799801,0.4935929359004617,0.5272936421400902,0.2216062842208844,0.5267103167877472,0.1712606429993842,0.347330815656995,0.3561838495319459,0.454488731157733,0.4436564027642225,0.3976574623351487,0.4875947541118753,-0.002219557062758979,0.28311518775970856,0.19553058882574692,0.4036150786335986,0.36012238489445436
PROM_returns,0.4034073710786294,0.21957869577066855,0.3994475824192461,0.3407168265480417,0.3142884026029409,0.36751958133144935,0.3453879930752519,0.39979711224270037,0.4353315516241045,0.3362549012607075,0.3648697535678427,0.17737251497847992,0.3180087459933521,0.34774218658087497,0.31530095383325485,0.33372505024368887,0.3923628228024459,0.31736281558551055,0.3490910283609576,0.30069324736937114,0.4215629169553756,0.31624972673678753,0.24478763785473173,0.23718012228419627,0.32723267629002956,0.2078382185461373,0.2477017978420307,0.4157277642794112,0.19986001848479923,0.40654462867716823,0.3727989835515916,0.27542882421801845,0.3292099336649258,0.42399693539925126,0.31900811447229277,0.3600982854057094,0.27408503929845784,0.3645300667044091,0.36798473226855044,0.31419620739530596,0.3667554511958522,0.3210468324870827,0.32953122548417557,0.3568075324737149,0.34685898659709496,0.3121234941048238,0.20622406144999908,0.3009014730271721,0.3239481550978471,0.20590876913392156,0.2847886902422908,0.36381713926782544,0.415709647472268,0.12527821000981723,0.38210613549187905,0.39075594616034043,0.17929398403275698,0.21277004188251067,0.3169454057579967,0.2831785868972462,0.4249362134582067,0.34290743723178224,0.11731802800254261,0.26214050978491965,0.20084402642403196,0.3208590316121099,0.19855156004255856,0.4094599250893472,0.1298847846725514,0.24966393311260893,0.14993959973603185,0.2618268632129262,0.2742324545369425,0.27443234628660523,0.3940555908358937,0.337919224901635,0.24235474755818828,0.2051050028929786,0.40204395321982844,0.3563540177952187,0.29321408465892873,0.34142414582760516,0.27426591357794156,0.40706805753285746,0.3156312022794355,0.2242182152254072,0.36898967800591626,0.24920633879630238,-0.001983886849298112,0.35581270197212467,0.3641999754536104,0.35101516006548705,0.3566004974990603,0.2465082269062962,0.03543347319589132,0.2866241242048179,0.3391685349400956,0.2768653143260999,0.3814680572750852,0.42072334949326656,0.3369735580739947,0.31247051140152127,0.3878262489376826,0.28924946360816706,0.27206247085655044,0.2488921363276348,0.2655488901821571,0.18212465882422307,0.33196186814484047,0.08028261701798856,0.3190038934507808,0.38232035793576186,0.2236055615429029,0.3352783236268928,0.24117309378266163,0.33069914694149516,0.1944997130563665,0.14118949644285558,0.21126884995941322,0.40434734230836183,0.30339540210075516,1.0,0.358912354995141,0.23829936095611198,0.36074635028604,0.32485979967360046,0.26025274806575116,0.3970115426156941,0.39195100031361196,0.3577213886118431,0.26427607076818277,0.4274515158229072,0.23924410094935994,0.1928287203888429,0.11233773832579849,0.3989247164449866,0.2828549076050771,0.28934173238500205,0.3387434277227891,0.19686424968489077,0.29967620159008046,0.2506917855202653,0.3088538908100492,0.37944138931111004,0.30325552383059073,0.1244832820172672,0.26027377251353995,0.23993630355535642,0.3002434281511861,0.3469200763663483,0.28717776425032643,0.4166299290405631,0.30380844002512847,0.39735706595218234,0.2994154314764691,0.3664505039891678,0.24247157409961836,0.10232428348654442,0.14650211379112416,0.41571655582359845,0.10380016323883119,0.3322747482773826,0.33860545891239774,0.3327101072090281,0.39950253621520726,0.19518174680622197,0.3907041214606633,0.10243586258650175,0.19459204244111486,0.32542860913668653,0.36518534149337156,0.40611511758510527,0.36315767952531636,0.4018852365239775,-0.039493328855432455,0.2558144736770161,0.2121294173164933,0.3718126479568135,0.3597620299836732
LQTY_returns,0.5957270163517849,0.4372533838297299,0.6025918747002011,0.40846184432907945,0.45912169358030036,0.5289546006432773,0.5192253208892879,0.6047858648304116,0.6243658626087822,0.500046058061303,0.5347344665474474,0.3741184375136304,0.5043205540402896,0.534150482247174,0.5044835954875125,0.4633892497098291,0.49766734771672555,0.47944609387890064,0.5484897316160391,0.40098484601218654,0.6235160638442614,0.4436225726357395,0.24732958942483246,0.3367986812867226,0.4337923739389123,0.39487894149003,0.36271498601517793,0.6728451363728716,0.3272043136957467,0.6064791242772057,0.6024458856906649,0.36691057725951226,0.49381329037290556,0.5892760483694399,0.5387091080424307,0.5685966726990898,0.3825851959153266,0.5575014808285427,0.5334920405906601,0.29910654008520215,0.4961490373134148,0.4512285900626577,0.47124673764783415,0.5262558185000268,0.5270531114166777,0.5003527983292714,0.26972402479182944,0.4625027516621985,0.4411819921014929,0.32747760454821134,0.4240611831984204,0.5873375044563824,0.621252887553373,0.19333446037831625,0.5343486510955975,0.5811088649167605,0.3271820691661333,0.42099132083458596,0.5077414363490982,0.33536969742646294,0.6177188950847223,0.5418571180649029,0.23604988633400958,0.456216242440865,0.26509237156535953,0.5078271753752404,0.3208010994904636,0.5388860552046891,0.20309994886123056,0.3140617461349135,0.20932189478929872,0.4201549705204079,0.4095598864675287,0.34291101333029816,0.5627879850680186,0.5429739744022556,0.3477508070719365,0.3370342646326244,0.6133398489075151,0.5123933231445906,0.39023939967229304,0.5288995480042638,0.43789115463570205,0.529745014773912,0.45240478213793867,0.38640010614936,0.42441336485033765,0.24304490734476336,-0.038443919480789374,0.5536684322078421,0.5626103556949144,0.5201847364683588,0.5895355388404498,0.3936681248444107,0.08574368494459693,0.4027888327921373,0.5140525301054133,0.4115687990772009,0.6051207911491485,0.5938264609958653,0.4610224659205944,0.4392331439394423,0.5362176537059171,0.38534104407989417,0.3938817604602893,0.3969371932907904,0.4403732624363343,0.2197432779314206,0.454173027568856,0.1491534433681238,0.4157709641405542,0.5429830692147766,0.3186454750364936,0.4492568761858959,0.3980668592090858,0.563906615475036,0.26468751371772414,0.1811422486193581,0.32971695291925274,0.5625248042481326,0.44112861713882573,0.358912354995141,1.0,0.3338136460057174,0.5436260383883196,0.42351903228918447,0.33902481454477623,0.5417283042552612,0.5593761371788556,0.411351118227613,0.48050243868130416,0.6391896932709009,0.473892239785788,0.3586817925084364,0.1566917155297061,0.6445466353252354,0.40661573522735195,0.3875365015969253,0.3821945057292026,0.39137811787326654,0.37637536440577185,0.3933801036938551,0.5475030154314646,0.5573828984382986,0.4918821076544017,0.2521239282198642,0.31467691215236454,0.2626791351094514,0.45643074421175706,0.37739958750149144,0.36338033131570413,0.529267526258107,0.4957193919420728,0.49352452292632865,0.31245980238169363,0.5328157855351164,0.3015551193224798,0.1799208597053674,0.1546055244536543,0.5107979691538018,0.16972776041830318,0.4441149366891322,0.4304553040470754,0.44606212231698733,0.5736093088962078,0.22383737743482587,0.6087494971048258,0.19707118935671122,0.3926928420807788,0.42729051648934147,0.5927158622491359,0.5315805531947141,0.5455022539851941,0.611210747317882,0.07129441269707093,0.381752308736418,0.2673320909278328,0.531902944446148,0.45229950322260254
AGI_returns,0.388536633856753,0.28760165979461855,0.43113306053171313,0.3507568702188585,0.30509789050127367,0.43181783207461355,0.4125104036966021,0.4191805566333083,0.45070165268667156,0.36983492888152913,0.38317093846803824,0.22631743695320386,0.3548026173282964,0.3764481366061506,0.39672494373192246,0.3308547608669389,0.38495327950040764,0.4239744328442977,0.39350451921210383,0.28155082706987683,0.44256833006860824,0.37080517870567975,0.13654223314326963,0.24723487825166285,0.38650834250977273,0.3017927833266985,0.26497185755512553,0.46627140801107214,0.19176674051149387,0.4065130354773929,0.4072888328226745,0.23715993927465542,0.3566661625754644,0.4647621897183473,0.40179558682109817,0.4017530839748358,0.3128794524554162,0.339452512804883,0.3858840312557693,0.2586884666389189,0.3675554363986042,0.28310868055487376,0.34972186781900594,0.42147738175064875,0.3931865729049182,0.30003689297569003,0.23991809214036083,0.34447639427461874,0.31848677640931833,0.2231785884624537,0.32931702876397356,0.4335409969515284,0.4266788601346453,0.11111889905871825,0.42439077533305253,0.3628490819840335,0.3068289784872821,0.26384262795863767,0.3537000345911624,0.2526695889503082,0.46271434488402036,0.37276898972174455,0.12815205378618802,0.2846170287981661,0.18401293061761143,0.3225642539200068,0.2888754826379633,0.4095593716860665,0.16998090995330983,0.2642881537622963,0.18573716176003777,0.30704494042073954,0.31006900110863284,0.27090407635450603,0.41590006333884155,0.37109331645566834,0.3209528702638269,0.28653647611702115,0.3895709811980292,0.38843348328876837,0.31277790567826663,0.3898038305325329,0.31928369173058313,0.3821070934567012,0.2999365265764001,0.30727653442372826,0.32339909849921433,0.20487081070798469,0.03241896673221798,0.3812158607732421,0.34334993457335017,0.3790634116487977,0.3684152331035546,0.2601024710377106,0.08285076869169135,0.3313846875710826,0.28237197490751265,0.3080104137920245,0.39941103123127913,0.42476599003765575,0.31416299666414854,0.31648111419789765,0.4209165041068471,0.30621002873962605,0.27225712365701893,0.2692073984632341,0.3398511379097234,0.14042960927375736,0.34633896691978217,0.060007478983678524,0.3887098590820452,0.39898968676465635,0.2402138845431383,0.31866224784649844,0.27467751936563145,0.41747873890958925,0.21421874247446762,0.11577013974386514,0.249688493796469,0.4113840701828241,0.2632001893757583,0.23829936095611198,0.3338136460057174,1.0,0.4000079773388474,0.4318447787344918,0.26548482315240307,0.3647207930448079,0.49494040151663826,0.3447198324017686,0.2121832562690541,0.45098410438031283,0.2676739937432102,0.24267915092478864,0.0744889447058754,0.45912899635819954,0.2939966196699499,0.29720576826489276,0.27065371157485396,0.30719909133949863,0.23854116677917483,0.30852557804069,0.32626479764566374,0.3918269237325091,0.2555948686246126,0.16618083012008458,0.26322000089106606,0.23060272368483462,0.3955805636846604,0.3360029116590763,0.22038286054864842,0.4120419527841658,0.29676810536595055,0.2979370768910807,0.2688212844434628,0.4243023209975385,0.18929254069063722,0.17180126911576427,0.14091233976457185,0.40240399856489595,0.21410233159469977,0.36733553330665736,0.30033042310393393,0.3467184933894905,0.39843580208286067,0.1432862248148747,0.40512429840535596,0.14834963153159106,0.2469361718911837,0.29656714194614764,0.467856254111552,0.3842154157429266,0.4016150353373007,0.43872292898731385,0.09964395387568468,0.2680936693331924,0.1559578776013526,0.3741133788133198,0.2813350958866131
FIDA_returns,0.5852705188030941,0.3580133297249267,0.6496274920478047,0.44523480565396767,0.46231571929108395,0.5320259494203587,0.5511743214556986,0.6569477561653121,0.647403915321639,0.47745623230273204,0.5644876390048862,0.40104376811512665,0.5038533787534745,0.53806879206825,0.5376104622448513,0.4969605836665109,0.5196197517400015,0.4767873000429905,0.5545373063404917,0.35929166600998236,0.6358024180888762,0.45161415997385457,0.22680969570477327,0.40043216637187956,0.5230572911372795,0.41739064070823195,0.4022873653000945,0.6529883075596726,0.31723861456062735,0.639562196747302,0.6184898458722974,0.38418902653255443,0.5136757555032979,0.6534040411235442,0.5288048323202565,0.5843509367999067,0.43238485637629887,0.5404307689184884,0.5154422612447161,0.34489709364060617,0.5272513435223457,0.49461263420805157,0.4865049086807337,0.5408146413297911,0.5766578537613324,0.4538668567935842,0.28317424021305415,0.46508565108147404,0.44084490775399693,0.3069646391906924,0.4248340814145548,0.5979282723372655,0.6183380171839679,0.16891740448892034,0.5725249683691663,0.580459871843054,0.3914339181583855,0.39307862715124137,0.46132522041964513,0.3622737974352905,0.6437330865076634,0.5437089806562486,0.21745591184871677,0.4794518269257829,0.30979551026518126,0.5731737463367256,0.34161033198636537,0.5680027043179636,0.22243914482736238,0.3110771234059852,0.2154050091930599,0.49945562106503133,0.4307906938256193,0.2846026178733574,0.6690988630856151,0.5400591492671726,0.35763867301294955,0.2826977648091891,0.6032124260742645,0.49228072705189724,0.4025596990370453,0.5956559588653413,0.46646296980224783,0.5462601138882034,0.43761974818114946,0.39051341726031097,0.44963218914645703,0.24584057948293292,-0.011751594299890875,0.5623597467578513,0.5628926227060063,0.5168631026744929,0.5614336699937612,0.3803968212034519,0.11031444192345424,0.4518117418564435,0.48716957641832087,0.3872415486529732,0.6111347313619562,0.6317090504058064,0.4943143562553454,0.47381507719799265,0.5473855237494742,0.412311743968715,0.38938994348982847,0.4103457093205584,0.4740676773996463,0.25875903790061533,0.45702709704010736,0.15477010028310118,0.4539212821010142,0.5832850532303827,0.39077300189416503,0.45715426345820054,0.4104423435453596,0.5575948766069303,0.30616500312034867,0.2193842622299595,0.34173357533306337,0.6152438047558393,0.4011653588202907,0.36074635028604,0.5436260383883196,0.4000079773388474,1.0,0.44221023936339926,0.3690803399416542,0.6014760660301801,0.5738213016254925,0.4668470104566022,0.46401541221155784,0.6576123505790668,0.3712058979903156,0.3757859444731364,0.1235732608330909,0.6412121444687982,0.4453032493084064,0.39023063292447446,0.4307876586665156,0.41264627087978273,0.388184766062655,0.3506189967747379,0.48502794889273193,0.6317705162376525,0.477517577713428,0.17705609678621453,0.33798769631792247,0.29672315790507947,0.4766030623680725,0.4689491206503157,0.3313358184335106,0.5667037051953268,0.42203832410055053,0.4857600890123567,0.33636007991051015,0.5678432995000866,0.320822225229197,0.16955786299684997,0.16443644371353106,0.5403249021519543,0.18732643514603461,0.4524456163667496,0.5050777061795433,0.4617894322611303,0.6062987375749939,0.23143768014012275,0.6112737357375442,0.1937550841145484,0.3743921070772122,0.4880581725240265,0.6175862106198073,0.538725682818748,0.5625408390257391,0.6223902643399244,0.04568675976412693,0.3921832932480777,0.32491959689054534,0.5039440656213836,0.4786674427811229
IQ_returns,0.4466762420699237,0.3356660408707271,0.4973576213925376,0.4992518101523003,0.35855761773184597,0.5115615989522689,0.42406546303450116,0.5231115091714137,0.5888222819174269,0.3852310946368856,0.4701219225802668,0.28254677328256894,0.35994831737600996,0.45421829796917873,0.41079291991043143,0.5102825990490076,0.42396537387913263,0.40446420287259566,0.49738542630211513,0.3177786915926015,0.5565068256542102,0.41646764515977497,0.18536949791228702,0.2665822724645349,0.43793928574431296,0.31446139484350727,0.33768638028914033,0.5372556111749877,0.26598270612993896,0.4975756516251063,0.45636382957021193,0.3032810873934223,0.40549608808786075,0.5496958362965894,0.41004012935980944,0.43743674189689163,0.547712066599424,0.41839303065407984,0.4538238938428191,0.3456751825918009,0.41474332703335415,0.33346882632151753,0.4333095043293654,0.45562231260904773,0.4472988210000687,0.3711532656617586,0.19498226753622958,0.48778020946742245,0.4094229201954283,0.28649269794895593,0.4558330883924099,0.46198407941141173,0.49531498073965063,0.136837279376132,0.40210533752112676,0.4417970024689354,0.2399319002860767,0.3099221372668648,0.3574634879000203,0.30629706224731496,0.5529079169140775,0.4561253155942918,0.1809896842413708,0.34246874775669467,0.2430485864005295,0.3773807030866975,0.3343812967951679,0.49109444524289564,0.15615678402559904,0.28837316627147147,0.23246577542805005,0.3808707390067216,0.42119063637560117,0.3615306068769874,0.5054475365821991,0.45721824031560193,0.3454520591409409,0.22486397339507355,0.47165444016361713,0.4593299402670373,0.3752865679516991,0.45372417568575124,0.4248213211714533,0.407151183110099,0.35175515502809157,0.30580144580506075,0.3550560499882934,0.21640537617809194,0.019693501461437626,0.5275326060429424,0.40295444242979034,0.46743068756331,0.4524631677740721,0.30657194325846415,0.07040658500401946,0.3859693839562396,0.387737218802913,0.3436710141659918,0.5218706155253957,0.5680947407743739,0.40299227692719775,0.36928530945174254,0.5505717650113802,0.4195048846631547,0.39249821506730515,0.369132023103248,0.4226476461643825,0.23283724355178392,0.4767991821183681,0.11597307343036366,0.4357058885252038,0.44802240976077057,0.3854610784122368,0.4384850795469721,0.3317077769637848,0.4513155242516704,0.23258155432169803,0.19960693297912704,0.29042224204131506,0.5478079326333696,0.4368897179822534,0.32485979967360046,0.42351903228918447,0.4318447787344918,0.44221023936339926,1.0,0.4490164331777932,0.4585228322838409,0.5434456509012494,0.44968111942756017,0.3463670070218884,0.5029324959817553,0.32181859751492575,0.2649500157512887,0.1511064032896949,0.508768982931587,0.4057343975232796,0.32740813326726786,0.36451620705821536,0.35332938717720774,0.41125991587950306,0.4466511495984622,0.3894406782921259,0.4289377071496504,0.36107686221747803,0.15856521019727468,0.3737823069286023,0.24702907037311872,0.41973755102067845,0.44613080150043066,0.27902536157008534,0.5008773438594368,0.3506691602708274,0.37543249520855154,0.28542772777444303,0.48614214154772944,0.2873676014567459,0.19490587507776047,0.10997410759594851,0.520300220201141,0.18240900705166269,0.49845611987946536,0.34677892231487556,0.4052864761840076,0.5445685316765615,0.2367338371130836,0.4674157460986734,0.11774460470619276,0.3221723823401746,0.351540829010997,0.4959154753985883,0.441355410516166,0.44941201869437825,0.4892162678811408,0.10421845240688742,0.3467452684560416,0.24678002236411875,0.44286832162799805,0.35209335174573375
MVL_returns,0.4466067752059929,0.23838581039923212,0.4321376971709155,0.3722677358892,0.32607834445446365,0.42555457692978094,0.33907777567728353,0.4521803975893205,0.5215959615883797,0.2883886266457282,0.43066687231504464,0.29708757594580926,0.33519688474003156,0.3730212151025123,0.3421554787871168,0.3892579175517337,0.36613130629581353,0.3375547939255008,0.42756521364555494,0.2522250337074651,0.5184660460918256,0.2995737591581035,0.16481387430875014,0.26910623380825843,0.32253477377111694,0.3187655049520696,0.36820914610601535,0.44741285564489575,0.2112712932310009,0.4023371593458725,0.3708462574056165,0.23784387408147506,0.36391736761340276,0.5365192361198045,0.3711405188985274,0.41493029469614157,0.46482199085951603,0.3396475786549394,0.36062024766366246,0.3303204418211736,0.3554893803450019,0.28713598209458663,0.42418356741891994,0.3816276720903767,0.4303711618586941,0.3716792544894323,0.219471576649338,0.45698942360371997,0.3871445288713063,0.24275979668590333,0.471342675739379,0.3977356102220277,0.4256162258216034,0.14804357715199049,0.3691930936636358,0.3914493670036139,0.24798056662745344,0.25670531117303946,0.3473684922344848,0.24131319658536401,0.4468482684976115,0.4067931174314965,0.16589374575057972,0.28323552490987597,0.2175176727010146,0.3735086390453845,0.249657481725952,0.4491358703942978,0.16077423653212947,0.2699717357768908,0.17201227931073385,0.2800860950952471,0.42559486515680084,0.3707529555323421,0.5033746649822859,0.3845649078517674,0.2620915820436434,0.14489607507290558,0.44420669578917626,0.37420477867346413,0.3829548258734708,0.36577111043471205,0.4014993370308749,0.36315420113814284,0.3403777023016953,0.27217614015792874,0.3076002675148149,0.1858908192893634,0.018549158144781103,0.3977536760049655,0.35850993707477896,0.3998199197159096,0.3787655014284199,0.25983094620303276,0.06930903507896997,0.34267814104149913,0.3810696185062812,0.30051565918846995,0.4069268817331142,0.548664208796151,0.3352133585439618,0.28955585684418206,0.5851122777873243,0.41872473287017525,0.3490188095207339,0.2589551487989518,0.413283362156839,0.22399448485309065,0.49969508979438493,0.1439361964209048,0.22087629254748925,0.3949749312292298,0.3699488421737096,0.41260584150221424,0.27613840024388786,0.391448702188632,0.278344154338213,0.17746369113012334,0.20016355921323473,0.5206599794557001,0.39676206396275643,0.26025274806575116,0.33902481454477623,0.26548482315240307,0.3690803399416542,0.4490164331777932,1.0,0.38745381469636997,0.4195139176854917,0.41415418062032877,0.3430154051701944,0.4375855685893327,0.2875191792599055,0.2288100152731463,0.13827667771905175,0.46494136765072513,0.33278581079587266,0.31217673306105037,0.34975664908031556,0.27247280365675997,0.42614011392929324,0.45950594657150085,0.34824197379551,0.4143891659173988,0.2628017410799249,0.17425552153877027,0.4503891215729818,0.2417609471550424,0.34414003328588566,0.46235360569489437,0.2073115141570225,0.36148203034135346,0.3469073201791209,0.32516187538872454,0.2584831313845292,0.36706257226025074,0.2885551873262867,0.09555903689329637,0.1465440556319323,0.3608389456095526,0.15162187255159543,0.6150434427655483,0.29279546524036515,0.44450600824196457,0.49102660006074367,0.22820327512779534,0.43056352106870216,0.18197559431112928,0.3182644484851607,0.33034001948784536,0.41596565057816126,0.33737356192903595,0.3649630287853528,0.4159798770715456,0.22201762014862086,0.24043323073818174,0.13954494820072177,0.37506808873217184,0.3368089364074479
GLMR_returns,0.6592626984149202,0.38392844573895873,0.6459068688891427,0.4538024239620304,0.529643536115852,0.5665389729435317,0.5871013263644197,0.6879605505919075,0.7075699681515505,0.5102161198414467,0.5834836764908037,0.3685790961034878,0.5264358635013855,0.6565150893348292,0.5266050308111406,0.5357194252910117,0.5424357325584346,0.49586674075566245,0.6582866140984622,0.43784931764592977,0.6798975726987376,0.47546097433815077,0.3298949636871586,0.3991464770257969,0.5317092096119048,0.4070500017212937,0.4433696282595969,0.7227565769684938,0.32237463739847505,0.6507158742867272,0.6293694832617875,0.48094085662241404,0.5350541104210049,0.6664314668973963,0.5448301836815721,0.6253100654779845,0.4523786770496993,0.5491488840967209,0.6189758870434359,0.3787905063711851,0.5927762372516295,0.5514264731456787,0.5138896530829163,0.5938954832538472,0.5881728590124213,0.46656217259361565,0.3087267843514338,0.5182847665649621,0.48523503755791175,0.32604126758465546,0.46145564045564313,0.6480582648899788,0.679405460925625,0.20421163590564348,0.6074996815203841,0.6072511400812909,0.3339144779419303,0.41340406870824725,0.5081916058460597,0.37420826834586524,0.6950348402326002,0.5584351199768169,0.21109442313738602,0.47019028072847985,0.33349286400639144,0.58232522728125,0.3561333297743158,0.602975749126445,0.1934132174359476,0.39110657158692785,0.22831822300879742,0.4568325036616552,0.4378651817300729,0.3845264144295217,0.6230781893979193,0.5979893538420454,0.36756866091990126,0.3051662391584956,0.6396226335377939,0.5243387940986716,0.41358398101481697,0.6218653015450005,0.5208406683103971,0.5782843232074958,0.5165770273441707,0.4524012674416519,0.42455305768887497,0.26693993137081184,0.028756423554941284,0.6166858422938791,0.5724582656684982,0.5165186419364727,0.5659378345439396,0.411457955672881,0.11640878308994713,0.49906923444179746,0.5243298985642258,0.44837507913412117,0.629215351524645,0.6643599664315437,0.47281928100340925,0.5281682547340555,0.5831084724635863,0.4297506126615424,0.45113298065878543,0.41888404230763204,0.5128534706298539,0.24521255678485326,0.4895406473057405,0.1536720359244143,0.48560369620950816,0.6176465572803586,0.3884371277284294,0.4591670663701851,0.4424199849014304,0.6042160101095263,0.34609114528573415,0.19704228046331873,0.3058249177431404,0.62958818051705,0.4823972804170501,0.3970115426156941,0.5417283042552612,0.3647207930448079,0.6014760660301801,0.4585228322838409,0.38745381469636997,1.0,0.5804632054739236,0.4947484276686037,0.4524318433096856,0.6974876646639014,0.43135115660019463,0.35986151388566934,0.19663345966936738,0.699535954915389,0.4964803621062576,0.41027076004285595,0.43004202296626065,0.3885687377556169,0.4189045362537923,0.42117132282314446,0.4826235254412285,0.6314003933593625,0.5264670117148014,0.19598309600053015,0.40082033086999336,0.34823322350751823,0.5077393037337357,0.4936459318188738,0.3799074498321289,0.6000908521863323,0.4659636424609924,0.5228117782830884,0.3665279602535675,0.5817228219725469,0.3644397581596444,0.19285844106753477,0.22585830620497832,0.5455209788871644,0.1812103841946437,0.4701196479301411,0.6858480237624824,0.5076813858041004,0.629935381675917,0.2559120614886533,0.6343008577190596,0.21150430216291818,0.37557446154003615,0.5998991049327146,0.6378266485078614,0.5969119397608882,0.5820572872600086,0.6849435610114452,0.04565911455088361,0.4205676948019678,0.2819111134040832,0.5686482818332981,0.49115337468238
RLC_returns,0.6370312099653896,0.38726628108541666,0.6427963135790608,0.5545554975292784,0.4842418231276032,0.5779686805449018,0.5892786775632998,0.6469673648867126,0.704172491454607,0.46636623591064735,0.6114112508009343,0.38882827000896736,0.5091206828267565,0.5936611393627556,0.5881302771599989,0.5220541779836566,0.580762987260232,0.5290712163355933,0.5882657440097614,0.42702554173026797,0.7031137431000264,0.5008325302753383,0.28781317064544304,0.359894487887283,0.5398065096412415,0.4342721023387543,0.3982934890838956,0.673684259582697,0.32143140425193223,0.6561853367995515,0.5866318530426536,0.4033353206550379,0.5099287789390622,0.6875138821021092,0.5383789801815406,0.590107092402662,0.5050853168864441,0.5272800567635143,0.5579789062173618,0.39887118935164756,0.5804439596266654,0.46873564101862775,0.4951713605082878,0.606358643349321,0.5815120254087741,0.4495597418239324,0.3053323100508243,0.5529244249420318,0.5113091388364847,0.3332619520712675,0.4765204809114561,0.6451105887144029,0.6702382161574432,0.2165550555426843,0.5788707967281426,0.5884703358440291,0.30701365701013267,0.378792335214203,0.515990352913577,0.4081246886382144,0.6666403825470296,0.5972036645532683,0.2612506705651981,0.4299187438362704,0.3041735950921753,0.5130940255474323,0.3541692391727273,0.6276279760542807,0.2037804202578119,0.3637236278174411,0.25034383323036175,0.46806227705277964,0.4370923122438412,0.3169828776152169,0.6174973445792078,0.5355868223603012,0.38067240453845286,0.3295798436541361,0.6383578950817147,0.5416210564083032,0.44097964621928093,0.5608576179409174,0.5074684470484363,0.5960425373662778,0.45958325934142774,0.400881657748138,0.4522353584635199,0.2848696100707506,-0.005764537153059649,0.6246022697886391,0.5433389604392667,0.5415939915745648,0.5667955893226019,0.41320094815608416,0.07594997070012095,0.4693532158399004,0.5266439892760005,0.41506743354813197,0.621081598536739,0.6452452579728739,0.6363799563562091,0.45235150891183884,0.6178612889564806,0.45508227414429125,0.4451195432401839,0.39464630804842643,0.4970858349538118,0.22004531049583506,0.48076459570288727,0.17766009604956576,0.4853205892650881,0.5958641576536827,0.3916566627195726,0.4858580628498266,0.43639535234300736,0.5819375360540868,0.3244419107781149,0.15993324659396996,0.36013420258188583,0.6377586264501792,0.448172056802491,0.39195100031361196,0.5593761371788556,0.49494040151663826,0.5738213016254925,0.5434456509012494,0.4195139176854917,0.5804632054739236,1.0,0.5067202968420764,0.42374424947895206,0.6992617903770604,0.41212544042174254,0.3483138703899117,0.12958542365388723,0.6707269175483109,0.442881090007563,0.44026105607409666,0.43838211690780104,0.40716561080540864,0.40511819199895555,0.4336240540692845,0.503356609725884,0.584528838640182,0.4906700857713053,0.23152847800380982,0.3753507514270479,0.2746650461112424,0.44958905045369735,0.5266373930643409,0.3480579151923885,0.5906882783349914,0.45037846143930743,0.5081923947869186,0.3962528923454279,0.5925613575199649,0.38787151541603443,0.18142350646620942,0.16928895049059145,0.6584290551259062,0.22334728529025508,0.490161002033927,0.47822375465026196,0.5036915169258485,0.6115881016338586,0.2507412636565332,0.6234860591260534,0.190701075300807,0.39747045437185224,0.4937126222639738,0.6755979175331565,0.5998207301488208,0.590528779016872,0.6639565395696071,0.10158405718716694,0.38938562576960356,0.2932217183181411,0.5605186725831428,0.50469621308608
ONG_returns,0.5563723112741266,0.35470967610469595,0.5572487238120087,0.4887681003629808,0.4093610359316588,0.5591902158320369,0.4694073674655593,0.5854967992387291,0.655536453119164,0.4135290907426868,0.6339081962240217,0.3345270021408088,0.4710174926877415,0.4850371710380557,0.47781897273612794,0.48288055129429974,0.4786850377922981,0.4239713178798608,0.5262599569162804,0.39466997819423194,0.6305066094228325,0.38454571658116066,0.17964921907110762,0.30722243135655064,0.42129962879376415,0.3546632435283657,0.6144664282608523,0.5479170649348761,0.3275914295458968,0.5624582474178925,0.5007055328659875,0.3185774678841414,0.4194349498585935,0.6072161463600849,0.44274967805019905,0.5512885421463478,0.4701493459054015,0.4638783305841986,0.4956467033057145,0.346184278363403,0.4635842438667565,0.4499575172907083,0.5113770042775345,0.43863365184622183,0.4867323800389499,0.37408856788427924,0.3240060706080091,0.5068824028635023,0.42065398727166686,0.26100658969097756,0.4727712905883897,0.5233421742101207,0.5655325630632757,0.14017858862414323,0.4749904598347828,0.5143065712360452,0.2803307412058423,0.3461649800769231,0.3988396489502229,0.3922636501027684,0.5635691312035052,0.4847734050762188,0.23035440656784756,0.3836015850344061,0.2902818425604004,0.4602272296409207,0.27884112382740794,0.7416510269175827,0.1571306157907979,0.2787945658113143,0.21113934052662395,0.33352958637818536,0.4708776111257703,0.39387439512755434,0.5749683343083082,0.46291518336857285,0.3275920062089917,0.27671852458182505,0.5532651530806664,0.4649350141579097,0.47065140411451123,0.47233838885335055,0.48876650351539686,0.4642905542475318,0.4064321059060283,0.2789463736991923,0.4017924445009469,0.19324069744166508,-0.030904602085718123,0.4879889451798588,0.4390459129609059,0.4295235076750367,0.5046733896375403,0.35752462352153214,0.07107417149376266,0.40102212321455866,0.4638777807708808,0.37090564898237965,0.5458508224314598,0.6380431318755154,0.4267386723157115,0.36423286901695273,0.5909059638236065,0.4868445536467022,0.4546130610855927,0.32558275163085565,0.4495334062296811,0.2226698198677191,0.515803800232322,0.1456623003640226,0.3975898078979673,0.47764282950099923,0.44628000037767274,0.555410429734635,0.3755059313081675,0.4717374263454021,0.2544556725291341,0.15533980610701853,0.29205737668217935,0.6279489366815326,0.443417770270734,0.3577213886118431,0.411351118227613,0.3447198324017686,0.4668470104566022,0.44968111942756017,0.41415418062032877,0.4947484276686037,0.5067202968420764,1.0,0.3799770124924594,0.6133807273735359,0.34624265615500127,0.26738976362525024,0.1886756371613411,0.571332949431624,0.3582786132410027,0.31744951327282084,0.46860915349029536,0.3062958031312144,0.4252623665119035,0.48528601533764837,0.4219758934994555,0.48657234209464184,0.3890531730094154,0.1894644200640471,0.44572584623581657,0.28784163208653557,0.4094450420502958,0.6050334735797465,0.27547780385674336,0.5118989579773361,0.42483261075433754,0.41921573068486,0.3195369248620885,0.47835754636525696,0.3429620987363532,0.2029231453718129,0.16708860709653797,0.48736281294528044,0.13939342398816604,0.5247889731344743,0.39025734743016727,0.5227283792587015,0.5988043934559041,0.30341031761634984,0.5298342466670151,0.19641573928492076,0.349258655626515,0.3761158198516481,0.5100814466841608,0.4908249140667908,0.4819925896303613,0.5423909205473918,0.12390100875602893,0.33918193668859326,0.28431583251558223,0.48519819949604065,0.4974175673229972
TRB_returns,0.4948397966395715,0.30265948099439716,0.4891550366361437,0.34965128061450296,0.37618044889495134,0.37669443860702845,0.46245462831817125,0.5028862680458357,0.5387869820760255,0.39783300168452035,0.4457382590682249,0.36011813308219687,0.37343773379814804,0.4504074532788696,0.39021673314313643,0.4098951714118428,0.423508690757758,0.40080434062145587,0.44138904483305996,0.3368954950428302,0.5016319476633261,0.32604614750883987,0.19394631213722735,0.2329407750069968,0.3993832316502057,0.296022349807205,0.30653395941934375,0.5072911903371868,0.2151670866016608,0.5158378714898384,0.48089350076496107,0.27738325266535524,0.3793112304541785,0.5016014112348987,0.4335675078176267,0.4683191126945845,0.3567592033150778,0.39335564830088715,0.39567386448926206,0.2810108836304158,0.385124599098641,0.3969805616809672,0.39978205326333466,0.4217924418582955,0.4546959449502416,0.3830175332343685,0.20722619581904986,0.3997110376998304,0.3729592336114153,0.3188252565676023,0.3694408838193248,0.46885376286744024,0.4858263860930917,0.17660276402084202,0.4471220290895855,0.45211191471462325,0.2826831840500242,0.301373483664915,0.41404028878102533,0.3065767587630339,0.5005957995540967,0.41387089736113897,0.19219420747684388,0.3750671537453067,0.25367160460347654,0.43139209957307784,0.20885974636380536,0.4139747049785988,0.207065953191337,0.2529874353165284,0.15585846271246068,0.3458776338903683,0.34464734031729205,0.2902885015687307,0.47803660964279043,0.42069555586735,0.25124358370651406,0.2071741090298719,0.5211378735872284,0.3874156686332633,0.3283525610055004,0.41821940924601,0.4083649903013009,0.4128708471182769,0.38065313701413966,0.26406827281159223,0.3355899783244769,0.13694715255946585,-0.007137335045173659,0.45327106144700297,0.4451330806859244,0.42064800997653695,0.45234925444403673,0.30246508608460326,0.11527941957332839,0.32674680458979016,0.49169068371070257,0.31211602327381716,0.44613776695309554,0.5053498124927407,0.4147434928699805,0.35833075300651124,0.43234859453272445,0.32117618938150644,0.35989670176333016,0.31125874270329695,0.4063018034467858,0.18842140947053138,0.38343791871715527,0.10648418363086258,0.34624465040057306,0.4436603521640551,0.305763979918927,0.3516578477215904,0.3169580867411507,0.438583680546689,0.2284983589131316,0.18054714945443134,0.2311813895734114,0.48352118092440993,0.3991036274241172,0.26427607076818277,0.48050243868130416,0.2121832562690541,0.46401541221155784,0.3463670070218884,0.3430154051701944,0.4524318433096856,0.42374424947895206,0.3799770124924594,1.0,0.5271098164736917,0.3416939649170563,0.21587893448601575,0.1587948801057451,0.5061965725424717,0.3427011695887323,0.2948810790748094,0.3659984827829625,0.25426220152509493,0.31252807006135047,0.30260997339031587,0.37967722099365225,0.4678472517776065,0.34153840269443214,0.1820947851491305,0.25747867630700255,0.21638469894134715,0.3663613794560648,0.33978463689048816,0.3099527049242768,0.41834254143106403,0.3515270851622039,0.41842719649294713,0.2570268085389279,0.4465036050084715,0.27864718369791325,0.1284176107974689,0.07892681585568344,0.4027972453081471,0.15627119579725957,0.3621037956538094,0.39280865795507214,0.41953248561519596,0.4972434829153486,0.21514877527595383,0.47023016093365744,0.1692230322566222,0.27063153107482346,0.3586576467264124,0.4817669823073364,0.4514625117380824,0.4499404208759068,0.5437753102293283,0.025911806380664978,0.2680654995183727,0.2579500138103043,0.4360526686231482,0.36428827961379806
DENT_returns,0.7884285082307934,0.4660504772367099,0.7543280420598617,0.5464301691093179,0.5756457202374671,0.6441544948984925,0.6675244355282446,0.7843681587422384,0.8478740953780605,0.6283270568328352,0.7511146660031999,0.4387754399593582,0.5982989145777652,0.6926895325331466,0.6342536865859967,0.6259251625602658,0.6501133490631434,0.5862841044144159,0.6977997380741497,0.5120479042441314,0.8280915256814698,0.5275544696840178,0.28915880117088144,0.4354222214900633,0.5941957421502752,0.4732854925816206,0.49857226582437425,0.8168138988195405,0.38174324444689717,0.8316558150860839,0.7097812594484322,0.44446740391434403,0.6280545832181066,0.7668858217101022,0.6453635154228656,0.7378510505195508,0.5047037847699095,0.6277164189686771,0.7218072916861412,0.36627592277514376,0.6568134670834761,0.6175331316061367,0.6167779768305643,0.6760460886821411,0.6795052213821782,0.5392224465697282,0.36685478709805625,0.5844533440457437,0.5629376765246827,0.3881667818055402,0.5397240834645998,0.735863252087784,0.8109715195294396,0.22027167826473826,0.6708776916840742,0.6919237175887071,0.378890291380174,0.4566054381416129,0.6151153234804618,0.4203469216921758,0.7817398406182899,0.6656597288938699,0.2566220699079913,0.5049957324913529,0.34591404420261573,0.6256268013482044,0.3521102785678749,0.724827923412838,0.21176322182117918,0.41610994008386126,0.2301571715875592,0.521680267403658,0.5056231202983926,0.40691501119525236,0.7213469247852227,0.6557914442619667,0.4025433441548464,0.38567036003588495,0.7535460960864429,0.6167514778299822,0.5004769618655042,0.6601960697386918,0.5753810904017413,0.6249811719870498,0.5786565748113096,0.4187354162411878,0.5367273712104668,0.29488527332523323,-0.017819831400594205,0.6832947034674287,0.6185327018129271,0.5918063011922507,0.6552315528108318,0.5076974419768521,0.09204931959063212,0.5632003556894787,0.6157136375535266,0.4652340526287498,0.7209345206251235,0.772143206761869,0.5829969580165374,0.516963906048442,0.6929058007515804,0.5151360882693343,0.49720666295899085,0.4610602522583265,0.6009811816786659,0.2830189669857245,0.5971453849068689,0.17759624994619033,0.4997122049366753,0.6898814031312385,0.42689428592113837,0.5557639605433033,0.5033213957586664,0.6945943335440965,0.3445610003600657,0.23064716328214768,0.37616366552374747,0.7503723505826079,0.5228884395948041,0.4274515158229072,0.6391896932709009,0.45098410438031283,0.6576123505790668,0.5029324959817553,0.4375855685893327,0.6974876646639014,0.6992617903770604,0.6133807273735359,0.5271098164736917,1.0,0.5402587958624335,0.3903593986913145,0.1917486049401292,0.8135072142825818,0.5122306188241369,0.44471577406573115,0.4767024654313769,0.4173537111883383,0.4601910076252319,0.4945179112687621,0.5710610044960778,0.7177125742364037,0.5773938586956766,0.2675707067308085,0.42120051501661204,0.3410777489319095,0.5345321182645322,0.5821129225227516,0.4205491337405736,0.6794022318492354,0.578050344955095,0.6082734482367145,0.42826835203396535,0.6590945120059256,0.47286062616377683,0.20617380512217878,0.19474508635282559,0.6253588867012305,0.21430455521584602,0.5788192499829339,0.5824813172584759,0.6111407790216925,0.7150326388899549,0.2721702779741106,0.7277199256639756,0.22833510944137053,0.47399235717388966,0.5215131773834162,0.7486644113987249,0.6876020238163688,0.6706188126027934,0.7874227709879341,0.09978093038255564,0.4535783397184464,0.31575970603772285,0.6962889783540283,0.6714770134820611
ELON_returns,0.4753818318360444,0.42903880213360274,0.4629363352910677,0.34796462750946944,0.36177217193814737,0.39223805551898405,0.40986070985892825,0.4363072589002612,0.5123040054100454,0.3797119815183262,0.4657874803615962,0.2751372793890181,0.39438715083626535,0.40431421652717653,0.3771109428296438,0.356658504746647,0.3659377742710449,0.34412892979518434,0.4728957696753638,0.3399688359300236,0.4920915491750904,0.3970705965451231,0.20695009622745575,0.3102025615276453,0.3260627595281856,0.27027081764355776,0.3230276311786414,0.5238577023255023,0.2607394576163504,0.5303194172767006,0.4433875272029913,0.2975784882697727,0.4019110192670997,0.44522262099167026,0.4252030338438544,0.5013209279797612,0.28769353497045635,0.39206940977664945,0.39863391262961345,0.2583221878577339,0.3981243071411323,0.3910872001831093,0.3556852895235487,0.40980382215101024,0.40868916307491576,0.3967666146302809,0.1591960901718187,0.38960802387425975,0.33632810801102614,0.3116121095183913,0.315340015257667,0.43678410104758447,0.48133723151521585,0.1498906860689205,0.3934591806739178,0.47257766058541106,0.1975605312155375,0.3949755175527811,0.40268175319954785,0.3098581939383815,0.4407813549817342,0.4016019937022929,0.17548448444343065,0.29465123065343174,0.20803658016146032,0.2909931450893913,0.3084433340062991,0.40822139840961136,0.14705900040846995,0.26719952879687864,0.1037575888782044,0.3323583438584551,0.2981297964846919,0.26613275050885904,0.47727008437203894,0.4064272155170428,0.24411482314661564,0.27496195329137313,0.42329512261736013,0.3707249476918231,0.3256232276244009,0.43054891090355224,0.3648287896076853,0.3799895327585632,0.36597423143266855,0.25479255387703853,0.3294370265465338,0.23480002547994008,0.034045538713379016,0.4259788595014089,0.42760493834694996,0.3734185336126925,0.4371838336096491,0.29118468246210194,0.11948656786162204,0.5079055536382605,0.3729358278793381,0.32679196763144835,0.46176023780919806,0.45646204534469664,0.3503544714389221,0.2961982088066499,0.4265527539675219,0.31969681234810854,0.2933359091246165,0.3499227846536302,0.3416705473749304,0.19152613922436568,0.3831971118827213,0.10567678720377024,0.33449283083617865,0.4074889114542011,0.2721735859030319,0.3379823691826006,0.3297711691156338,0.4068392293069858,0.2131996872620653,0.1605566550669706,0.2180180369558238,0.47004591560739684,0.37153573380776106,0.23924410094935994,0.473892239785788,0.2676739937432102,0.3712058979903156,0.32181859751492575,0.2875191792599055,0.43135115660019463,0.41212544042174254,0.34624265615500127,0.3416939649170563,0.5402587958624335,1.0,0.31627077670307574,0.12121080739429099,0.4689122635067725,0.2895097287804137,0.31565851791975913,0.3118679829468875,0.3339502370861354,0.3046556776729843,0.34900114513110697,0.47136006258243796,0.4186242943987417,0.39070717177951,0.24399469529330534,0.30876465553235566,0.1511971972924863,0.3056145728029833,0.33690309424798615,0.2956445943954328,0.449504501652891,0.4821077084904949,0.33212948741445325,0.23389988906945958,0.43619458372720105,0.2396258777155562,0.1681296854120155,0.13445989110970277,0.36724344874869763,0.18695581917780793,0.38353746714699577,0.32569780921440145,0.3888834207218654,0.4406342777910186,0.15028890407671996,0.5160006154698217,0.10684264959570336,0.3327522102482865,0.3038828966199144,0.43690412672010065,0.3887300677484244,0.3677702020783897,0.47507620554484636,0.10364469641944983,0.3487584071070354,0.24136626275182105,0.46484865406012854,0.4007862131047373
LON_returns,0.37415140804406943,0.28272744246825204,0.3782246580416683,0.2543440944993735,0.29499484891174343,0.33679364466314926,0.3362022721741031,0.38687868596780345,0.394999000714415,0.3069762068464841,0.3371860186019956,0.23503308271463097,0.29543205305223774,0.3451613568379435,0.33577776342170645,0.284022464388798,0.27698420744202623,0.30730161325711397,0.3540080696681631,0.22800278383223785,0.37142701130091976,0.31407621675243674,0.17632119905206595,0.25582824793747355,0.30830867076089125,0.25622220278956,0.21127455275290138,0.4047331826248189,0.23683732736464694,0.3528727211969647,0.36842520975926524,0.20160268624762773,0.33357949521770136,0.37565347330684806,0.3306285433537104,0.33721234468827976,0.2548003904111304,0.37868864443141076,0.29099964498233627,0.2358916659324037,0.33986204767994704,0.30985958898683524,0.2903120047460974,0.3251614493321934,0.34587789703473343,0.31094222781946423,0.1577802075346285,0.30140461718259154,0.3000007262905643,0.2426718893117166,0.21305911231891178,0.35276655488658143,0.34029489130850776,0.08813798558497152,0.34765925726157687,0.3675656045493096,0.1947637326903136,0.2564142915206012,0.30278398434885767,0.24499225676570635,0.3720469350037011,0.3290367393712482,0.1255198895458751,0.3048998401700244,0.14340524967890275,0.3265828442312332,0.2598298384292611,0.33581893034610727,0.1328112584691693,0.1817775435848331,0.13501241389604524,0.324855499689234,0.26458600588051123,0.19410834166368496,0.35443940360561277,0.31535126236853867,0.2281208329487967,0.2497950541343885,0.3335342544661083,0.3105497543336606,0.22094697027421806,0.337197928572995,0.2877421335179185,0.3290737698548928,0.33721392341774853,0.2232900627897669,0.22163608146075092,0.13481549171202223,0.042300586345241024,0.3120852067347243,0.346035247219312,0.31545969656519035,0.3779944259256588,0.20089609856391522,0.0542043818846319,0.32801190124535906,0.26180396108419973,0.27797026738262487,0.3610853761977521,0.3483361665086787,0.3280628301298792,0.2782675517034177,0.3284864264101461,0.23870949425093702,0.22242466567970248,0.28406159399665853,0.27133985673747923,0.16528208013682977,0.2428530595504072,0.09986496298440983,0.24123151804968132,0.33174532487199376,0.1613006285004031,0.2834141185919495,0.24723895895563047,0.31944772019480067,0.18350188602056375,0.15269244490667036,0.23208054081761145,0.3514537706472619,0.2977890809720083,0.1928287203888429,0.3586817925084364,0.24267915092478864,0.3757859444731364,0.2649500157512887,0.2288100152731463,0.35986151388566934,0.3483138703899117,0.26738976362525024,0.21587893448601575,0.3903593986913145,0.31627077670307574,1.0,0.08661335318031095,0.4000001563404192,0.29248014784395127,0.27902063608569044,0.1960932971756368,0.28375482393745155,0.21863251823779917,0.19724250246442093,0.36625010605655867,0.32239287195323996,0.29168213056514397,0.1009029140549178,0.18776363007602356,0.09007799322360435,0.2827507574202377,0.2533253030670923,0.14913243963589007,0.35545158425230133,0.32638892920142576,0.2650701977046551,0.21397041141267575,0.2999724271956715,0.21263981278287042,0.10653171883104673,0.11812858456786764,0.27908507999682186,0.13284626136403263,0.28521343096635593,0.2899633719895882,0.3036230291578411,0.3517375668947642,0.10841493125060589,0.40222510860225685,0.14918250839313774,0.24613596869058937,0.27031105461856203,0.35966538770913564,0.28202364319674134,0.33587238056163854,0.37881328173903595,0.057115380294157664,0.272328540203404,0.09316002474846564,0.31994924860661406,0.24198593308433652
BMX_returns,0.18403250794993392,0.07671178503230354,0.17538658315842162,0.1105087574413139,0.07736445533600224,0.16116190276651152,0.16768527497446264,0.22632724244345734,0.20406768956117946,0.17990591878411255,0.2067322301466337,0.18595162563061365,0.2016956627580638,0.20146663417856903,0.19757072754720173,0.16179088030738542,0.15507308671871575,0.12369301955935776,0.15626837321998843,0.20420259151663467,0.19056271367145947,0.1694662577166506,0.12352990761257358,0.08094752325773946,0.1435347036397846,0.0957632519475028,0.1362919865161065,0.18576140474360348,0.13776978684185442,0.16755345734788873,0.13722353349168356,0.11473251758325298,0.18026100097439327,0.18157531713326122,0.12538411841973984,0.17110056627276776,0.126819741448945,0.13896486106992387,0.24266053629537418,0.0986472681791796,0.12837972148814514,0.1592597564361679,0.19120373200489368,0.17425303217251661,0.144841021928639,0.07033776281037271,0.13379327023176832,0.1338337098878896,0.16715122771741067,0.07176566113490862,0.12117947482163018,0.13534408466054318,0.13593802758933213,0.07863132651104561,0.17381581906016716,0.15079997326051423,0.07506935811187482,0.10430400967109223,0.12773823043414187,0.17283634826637495,0.15597441882492072,0.14467192245778512,0.02188825302598448,0.10690152027673996,0.11884629953472792,0.15077750720490882,0.08809925040957843,0.21813950890845754,0.055200101055459194,0.10055064220938621,0.137856265120614,0.15744084855226861,0.09814947192769362,0.11376210788420674,0.1807029700843512,0.20398578182643518,0.0988394708394273,0.16927593058976473,0.16108764539687603,0.16411557520220824,0.13116025232863063,0.17106505574797712,0.12928472678252892,0.19666234944501626,0.133020252910074,0.16397027900857866,0.11367794697230443,0.0707175381709764,-0.012298789151199665,0.18949601275761704,0.1273006380555651,0.10886015612071248,0.19198761574802697,0.13850369220773695,0.010639546195603412,0.16094934881187206,0.18020093659723088,0.1333716012782992,0.18171564182045474,0.21652184725056947,0.1137965407699439,0.14193588433450352,0.16446103717638802,0.16605713513884415,0.11959872978143302,0.10978961479650036,0.11706510985210893,0.1260361664701028,0.163364868136273,0.004142367909300213,0.10277279504147468,0.15077147097448532,0.1248284294998376,0.17673372140972476,0.11732068150130928,0.18438536577630046,0.03992575064455856,0.05466279686828292,0.08105318755535822,0.16870926702296396,0.13232624255644942,0.11233773832579849,0.1566917155297061,0.0744889447058754,0.1235732608330909,0.1511064032896949,0.13827667771905175,0.19663345966936738,0.12958542365388723,0.1886756371613411,0.1587948801057451,0.1917486049401292,0.12121080739429099,0.08661335318031095,1.0,0.2269681321504623,0.1501870752787573,0.1577686106565097,0.14145092407131965,0.07386429128850504,0.1487396747292566,0.16204502038678814,0.1716433691795378,0.16613790278460913,0.15557269531093568,0.07828519119620979,0.09590999902930318,0.07698555071012496,0.14172009148355402,0.1151806082554416,0.057956742631553766,0.1364426585804713,0.12464738114605509,0.14560493497290225,0.09028953609763497,0.18146788112496262,0.10959989096451457,0.12016483644277383,0.008303543118403128,0.1539073932994338,0.026782351560779072,0.14604670888171872,0.16384075363381417,0.1470171590017151,0.1793941335790227,0.026540744804935134,0.19554920986685018,0.09180117565398442,0.15695285907728676,0.13439910461038562,0.15796197362754585,0.15283098859225464,0.15993456143156543,0.20823721438333068,0.06755003036451405,0.1350802204508681,0.09747656631290826,0.1962376540880929,0.12274671983070505
CELR_returns,0.7332389053485809,0.44280276160023907,0.7574466232133268,0.5127528531146669,0.5445948438208189,0.6510595360204185,0.6546090878217546,0.7651207289552442,0.8090467001389541,0.5717029566838184,0.6841060506003374,0.47154507993919337,0.5580178204250168,0.6843557187559824,0.6130406098636866,0.6240187698548834,0.6420158991362502,0.5569111240219224,0.7019675056887644,0.49315947228767093,0.7996952570421243,0.5052690529084849,0.2854808228437523,0.4413823589487061,0.5967985770121478,0.489750040504866,0.44130130121485756,0.8373516151931966,0.4048447439254734,0.7446261185172119,0.7313341716909583,0.43360859349573216,0.6165057288030139,0.7533475657141484,0.6516809554309838,0.7234773470167732,0.4992819925359957,0.6442328479492875,0.7080684165996785,0.3561718959632493,0.6564021971396804,0.5817525242656002,0.5857445994616485,0.6860258228288907,0.6703711997280398,0.518922779843912,0.34108216777598016,0.569542296694536,0.5497758423083966,0.3738016381717526,0.5417184085620868,0.7324010474100073,0.7577600951834081,0.22072629141619549,0.6743445966144791,0.6841051444652559,0.40187675642953274,0.4613707190208433,0.5869473340485372,0.43040862471680835,0.7754153428569183,0.6779096315487793,0.27042104275980344,0.5442207648360293,0.34775896937272927,0.6572528680532342,0.3598943942394148,0.7085791501453508,0.2194567942736899,0.3963535057639823,0.29441212965976604,0.5112800240118802,0.49871975118968526,0.3780248265182389,0.7101966442912722,0.6673997770778527,0.4243330548191725,0.3645102682346999,0.7188023623845158,0.5927008508941082,0.4780655382630939,0.6740550061491912,0.5473150821955856,0.6192395892757592,0.5625650336703248,0.46025346256062144,0.49428673293953546,0.28780492328931623,0.002974242509142995,0.6839841365147076,0.6246388965130192,0.5829799169285332,0.6744449818745618,0.48718003190506226,0.09493476441736325,0.5426675473844348,0.6023207586092464,0.46896788355812663,0.7157739883285529,0.7565518881067347,0.5506059202928439,0.5426693540196924,0.689307827762952,0.5148827096811596,0.4988966277295435,0.5046254825830531,0.5729638418980962,0.2603238126534547,0.5620499735565426,0.21891273000291048,0.49730718534824736,0.650250499337023,0.4073480797448562,0.5875612532568801,0.5242106841557256,0.6863269049812178,0.36520040203558907,0.2359544011425051,0.35759198693337857,0.7344962443781011,0.5119768366422377,0.3989247164449866,0.6445466353252354,0.45912899635819954,0.6412121444687982,0.508768982931587,0.46494136765072513,0.699535954915389,0.6707269175483109,0.571332949431624,0.5061965725424717,0.8135072142825818,0.4689122635067725,0.4000001563404192,0.2269681321504623,1.0,0.5154199059796821,0.4720201068843701,0.4695551277291186,0.4409713214032162,0.4709522966574407,0.45086412200363374,0.5635372970329964,0.7068759151605454,0.5737118313263322,0.24282658728853196,0.4352767728686163,0.3376317364625033,0.5392512169518175,0.5497725791243037,0.3915627157991664,0.6515784442655318,0.543600924787945,0.5821944578161085,0.39691154712371496,0.6278938881568156,0.4128511884619033,0.2058887267061393,0.23296827472903175,0.6147734057237781,0.2365978046269884,0.5591826527093264,0.5515471183614661,0.6127029989281374,0.7017730415226169,0.29928695677966216,0.730661642405741,0.2472953515740099,0.48326970059732177,0.5428695192722871,0.7554436702652234,0.6589715123956538,0.6525466910947734,0.7701100081387368,0.10922088811061743,0.4414045101327778,0.30134184346353016,0.6620829241009603,0.5706461371648406
POND_returns,0.4405428473218748,0.3035411912414253,0.4919921538007754,0.34830326228636294,0.3276099539385834,0.42629302267216324,0.4305568259146763,0.49665636852873024,0.5336982501449495,0.37391225239974907,0.4510386224601952,0.29551309568991485,0.3667057517724356,0.4722252524957213,0.4189553418134004,0.4346058614730298,0.3953297568991368,0.37746470532637666,0.4357649565810655,0.3437025235993952,0.49288986003496277,0.4028553871373,0.2658186016796266,0.2907140666981359,0.3894935047136596,0.29073572668699427,0.3093995589491494,0.4843553923879163,0.30913060234593265,0.47095394547107866,0.45223554884870915,0.31878647664998033,0.3815743031541985,0.4847871006406568,0.4143803129760631,0.44646133822549067,0.3181180724634822,0.41794003304894206,0.4399461110449933,0.2551094847656762,0.4211655517077772,0.3711886017239503,0.37691740587286476,0.4395962420829709,0.5278152048441216,0.3661470303958553,0.1747341325903807,0.39565916585282157,0.3970954482398059,0.24119619329296169,0.349074200735334,0.45506111667237675,0.5008446055886075,0.13426344888888592,0.43483419618126495,0.43413670392742915,0.23932496692580135,0.26565233037045355,0.31344443427229063,0.27950047528156013,0.5092355716645657,0.4404232283034822,0.22506153416080435,0.35530498686162154,0.25655903103575645,0.4443628323323544,0.30987707362239975,0.4379772070001446,0.1795213698238994,0.2703761425609301,0.21136135340280288,0.3759926432451613,0.3264715619695779,0.28958027055906405,0.4491114087548305,0.3813731438715958,0.2933559061940625,0.1883288731045088,0.4816430732363556,0.408374762250354,0.3534789705790787,0.43729283197268953,0.34891448428349703,0.4348806696363334,0.34382597181961244,0.28695267107698597,0.3392042543027972,0.22721484516477694,0.15552467749236756,0.47808594727148535,0.4106155181991212,0.3991448108330784,0.46500116924033874,0.28428292934060645,0.08238767483283455,0.37601408552631876,0.38149467759318095,0.3383522582595868,0.4910576077026597,0.49446560596520095,0.3686639899037259,0.5295864205300859,0.4515658249470095,0.3554254481522938,0.3224903571091249,0.3479523281282825,0.36165546956773276,0.17620377542807486,0.3508027260360485,0.16613018651452205,0.3301733494430608,0.40927212116250283,0.2719493313702019,0.41438615897163167,0.28459502574038115,0.4473895093772662,0.24510777223988517,0.19144355641960362,0.2294092724622487,0.4604189085403623,0.33268324345749617,0.2828549076050771,0.40661573522735195,0.2939966196699499,0.4453032493084064,0.4057343975232796,0.33278581079587266,0.4964803621062576,0.442881090007563,0.3582786132410027,0.3427011695887323,0.5122306188241369,0.2895097287804137,0.29248014784395127,0.1501870752787573,0.5154199059796821,1.0,0.3033887710206984,0.3029385243514478,0.29540314503129617,0.29009654917046046,0.34182259861141895,0.37703571376823075,0.4472323386447738,0.3571170024471511,0.08185899411587567,0.2863549835861393,0.2638794131554004,0.3541952775605567,0.32952912802900775,0.2246578748967574,0.44141623047552875,0.33161819882377613,0.38260588192682965,0.28045185495329644,0.4474352071884505,0.2567502939563404,0.1838227864448923,0.1299541917147664,0.4495536436655165,0.15987829755743468,0.3608780389213519,0.37047581840135924,0.3959746556901318,0.47239744586435384,0.13948300832160035,0.46035503595842703,0.18236390914944273,0.2882058357818871,0.3873953104154648,0.4732427251089975,0.41076692797434533,0.44587112180992244,0.49306917743308165,0.025926081066045773,0.3238750340268003,0.20620119411712737,0.4000929858144996,0.43451316137436236
XRD_returns,0.438653716608734,0.3434569680266007,0.43157476659883315,0.3299758814062476,0.3175150999284266,0.3893337479851773,0.4221951250490523,0.4327570094930461,0.48272320076196273,0.3602611588447538,0.4256784039771817,0.3258775960289065,0.38368738102420996,0.4201004779249638,0.3757341212147639,0.41355528334315717,0.39479211432244987,0.3587355264687221,0.38946881009537226,0.34398631579868466,0.4622486306165221,0.37574308403839674,0.22565918903943913,0.24191727048679626,0.389083136824456,0.3392801115868841,0.23752402846826898,0.4828971243499069,0.22082938924404893,0.4212937959815548,0.41004211828920745,0.2685909462415255,0.39076135699606135,0.47477530658953054,0.3807016571522853,0.41178828291632863,0.3315561130276143,0.3462685155822678,0.46442606766142774,0.2522350359371603,0.3520220589927704,0.35460375954591894,0.35989807982728217,0.3856182108943644,0.426492431914852,0.3279505858153749,0.2734642241476103,0.4011493546359383,0.4101683918476734,0.240614232161904,0.35167284417764905,0.4137532793844202,0.41483526047329145,0.14926055015102424,0.41602918374612946,0.4450670587098405,0.23323402367745924,0.29781374350915196,0.37413120852767673,0.3288722016002574,0.4647126567128814,0.442267572046348,0.0966706099594857,0.3165678781879104,0.2278367672291608,0.3737575849370608,0.29600028418174273,0.42404990299873324,0.17408134049283197,0.23630237254709213,0.13059188189692106,0.3437778443752767,0.3410038142257823,0.30715828650832766,0.4158096233692136,0.4059201549910624,0.244873129904217,0.24091425343488046,0.4099355182883493,0.3585367887552612,0.28798460900900963,0.39271283123469797,0.27207141169029453,0.44793928386597975,0.3441629639865583,0.3177074416447514,0.3141703459960844,0.2111813622503148,0.02067503804579692,0.42609779460280545,0.37706438546598003,0.3644961977880832,0.4529181271969237,0.2409692196138906,-0.041123026373174616,0.3479594803809311,0.3699902485098588,0.3549794741255014,0.4469094130218094,0.46833370049282375,0.34783263508839224,0.36371308776769384,0.39417442550090304,0.2640834141143635,0.30855413150989763,0.2796665102218502,0.30593210587757746,0.12290549834425127,0.347750210498586,0.12239925392541376,0.3246521242182753,0.3960800394451303,0.29001852774159453,0.31752373591302924,0.31926304859168514,0.4673891024998536,0.15931416897303155,0.10119151888063588,0.26101614442556464,0.447447926912232,0.3485919649809051,0.28934173238500205,0.3875365015969253,0.29720576826489276,0.39023063292447446,0.32740813326726786,0.31217673306105037,0.41027076004285595,0.44026105607409666,0.31744951327282084,0.2948810790748094,0.44471577406573115,0.31565851791975913,0.27902063608569044,0.1577686106565097,0.4720201068843701,0.3033887710206984,1.0,0.2910218090886278,0.2759827215922454,0.27662951736603003,0.3058102617691906,0.35866032449814517,0.4377213562759068,0.338953993325567,0.17344186725754962,0.3333633248822363,0.22316645196876136,0.3520422225612709,0.3101753942553055,0.24961506469446113,0.4099239332606556,0.3683123035878877,0.33372426725361276,0.26229013864073797,0.43405073995545473,0.2155722692503465,0.18653405280340324,0.18241858711736145,0.37497040546441385,0.1487758856831134,0.3500177777268834,0.34200392773782656,0.32856006906456786,0.45940386603275907,0.25058594885908964,0.4178034886861681,0.17488981844044502,0.3047402443675734,0.40778150764643256,0.4151238343607889,0.356438419081153,0.39513312117484756,0.4553536303451647,0.0619687564626381,0.2781439497240151,0.17530447297568147,0.3911432663733195,0.3402804159105107
ARK_returns,0.4581961784890633,0.27586878926274755,0.47787515334269004,0.4019694880466971,0.34258862416457025,0.42926839611895373,0.43711408734142726,0.46900174600839933,0.5146692985353829,0.3432816447625718,0.4595054248264774,0.3043176590548753,0.3876209256441023,0.4289910171908059,0.3912230391079862,0.3791449531655132,0.3884960961765517,0.3760449740949497,0.4189072072836521,0.29109871161430073,0.5043627916331541,0.3336918801933291,0.22918798895601594,0.25183646184553476,0.3700866495654171,0.21209416754191987,0.5119828535535893,0.4929183617944553,0.2005980271311811,0.47369033116737597,0.4133105289863307,0.2572830576994357,0.35791257054726355,0.4884171669396775,0.39362971822895515,0.4467900700029393,0.33549018281176796,0.40052294662821386,0.39422578762787763,0.29097721749525507,0.39650223395592205,0.3337850760827073,0.43465256120584084,0.40506865109615425,0.4497816052227887,0.31895752178255343,0.17898679941334775,0.4105220989998238,0.3905897894901315,0.25553202079385146,0.4100804558411599,0.4164059299800381,0.46219831413558154,0.14476007181787634,0.4255788087650049,0.41792827083803763,0.23688970237162968,0.2748738454114456,0.31557832314603507,0.2983388009853605,0.45174739948369075,0.42360625009372105,0.19382790987555717,0.3749227148196209,0.25558055169966154,0.40524442170827174,0.23055203348561532,0.4819678513844151,0.1917541828795721,0.2605659521359556,0.14227976219052965,0.28213982765178625,0.441710781472709,0.3430754643473063,0.5205798825131863,0.4001249741076112,0.24866438067484575,0.18986399124744763,0.4493978099581393,0.37036207909908053,0.4040991608961699,0.3995824204407246,0.4453994434364643,0.3990916493673261,0.3279663127208353,0.25679215282173595,0.3317588257261669,0.18379108882220554,-0.002951800319685211,0.36889673065578454,0.3834396241998804,0.37489708693552215,0.3829088175168481,0.28148612124860534,0.08436650532912089,0.3516716468374378,0.39152581756313193,0.3350688356597722,0.44391304621621913,0.5240217503555401,0.36439999139432505,0.3094864636464126,0.4972823423899928,0.40170647942452287,0.358219298442146,0.26235575298039504,0.36882741575252725,0.17882998812831893,0.4258028889095131,0.08261873093398626,0.2597679482279399,0.4356707410536024,0.39948768468701157,0.47645868541795927,0.2925476456371428,0.39895298016804953,0.23624323665701658,0.13633841295411264,0.19152728092031646,0.502000928512246,0.35727866242069484,0.3387434277227891,0.3821945057292026,0.27065371157485396,0.4307876586665156,0.36451620705821536,0.34975664908031556,0.43004202296626065,0.43838211690780104,0.46860915349029536,0.3659984827829625,0.4767024654313769,0.3118679829468875,0.1960932971756368,0.14145092407131965,0.4695551277291186,0.3029385243514478,0.2910218090886278,1.0,0.26793641922407274,0.3783551413957013,0.4019967184872727,0.33163621652114395,0.42405897951674965,0.36099740313254114,0.14045182734889994,0.4050442060597191,0.25936895555916645,0.3446008315309737,0.4343932208114771,0.30042867675746016,0.4057513969471292,0.32688866053630294,0.35604567452270103,0.2736218125114649,0.41695811026449753,0.27935269284437636,0.09901488341831943,0.12989173403053478,0.4243652560569624,0.16944943865026021,0.4610223699574141,0.34538194586625487,0.43907790976627203,0.516140273961536,0.3536576577760135,0.4151057831709879,0.12835987361410986,0.2894474818408536,0.32541879102958876,0.4246737391158747,0.4165516935583782,0.40069564723998297,0.4655471396577582,0.10984017102569048,0.33592505810256695,0.21475543374529496,0.38185765785512754,0.3564389667867307
0x0_returns,0.4162139497015326,0.3031441883054541,0.4033229550626393,0.31039152326226044,0.3195656881046212,0.38614742764798,0.33312207894695467,0.4459035557048459,0.43163245280717505,0.34916738441277734,0.36821249018686975,0.28973424519346985,0.31963145855179315,0.3688962091362428,0.34915103835436684,0.32154432416916134,0.3584621439063966,0.34979967963071507,0.397807489443735,0.25413228327652937,0.43098211109581797,0.35675073184329154,0.23093384138192075,0.32211057602019194,0.337320451995196,0.3505984377098303,0.2822846773392114,0.4480474138496868,0.26156787166499235,0.4059959947777502,0.4047814942786386,0.2762425375334679,0.32181666124208,0.4227886607211146,0.3498525024847607,0.3784428880062988,0.28312538623681743,0.36364723974275054,0.3848023213668938,0.23407185990170346,0.3268473582090239,0.3365741631776576,0.32675259222914566,0.3710922287368496,0.36962456229915375,0.3165062862180704,0.21436624845871263,0.3158736083586029,0.3075971134128469,0.24626388718855285,0.3262150584933831,0.4410783633361049,0.40689160651624523,0.1365905675662762,0.3623227753306295,0.3704996866994831,0.24361591749585712,0.29778669301052924,0.3374326036150059,0.2798334937479944,0.43250331324294383,0.37458926243400875,0.16218642632625388,0.2826282204400075,0.212194932602552,0.33399095099948056,0.3601237421530181,0.3644369995454073,0.19488755223648185,0.276723421650408,0.17268334355314668,0.4083169517026145,0.2768466572503076,0.19649629280777467,0.41000254053569696,0.3817396161560957,0.3319919121749971,0.20455299942467056,0.38059310600846674,0.264671135275651,0.3160844165691631,0.3877424095681674,0.3195714933640158,0.368637284286961,0.3226435105122891,0.32977515572203175,0.2810619028376009,0.17952036839199134,0.06395556365802495,0.38827675188033905,0.392748493495544,0.3207504261256476,0.37883355625150356,0.23355152024623518,0.13521816733801983,0.370781513835697,0.32441134855665,0.2501079689695033,0.43084587448287615,0.3933863286464484,0.2782325443054785,0.3120666722955653,0.39119437015745623,0.2516941199011332,0.26637161021390127,0.3146745348405007,0.3198212231622569,0.20497985611512062,0.31753196539753775,0.13766254167208852,0.3551036736369262,0.3291832425854674,0.2202876795066588,0.29853374206246663,0.23375053980977145,0.38042406551822483,0.2159399951622496,0.21039361518423694,0.2860152226428458,0.38759019613724,0.3189241301050924,0.19686424968489077,0.39137811787326654,0.30719909133949863,0.41264627087978273,0.35332938717720774,0.27247280365675997,0.3885687377556169,0.40716561080540864,0.3062958031312144,0.25426220152509493,0.4173537111883383,0.3339502370861354,0.28375482393745155,0.07386429128850504,0.4409713214032162,0.29540314503129617,0.2759827215922454,0.26793641922407274,1.0,0.2871675907473188,0.31100705155515385,0.37945000048520616,0.3417441204570504,0.3102868468431858,0.1661625715177663,0.2775565046335923,0.23391468291322415,0.37641214591512684,0.3186249859234412,0.21322462027158304,0.4039658314014895,0.3546022266146925,0.31737282268724454,0.197799120232719,0.38445129454454835,0.26594078170680996,0.17951008459134715,0.09807448707016765,0.3604307975449584,0.1336146177873199,0.3486268336688349,0.3179521459607563,0.280613743754175,0.3547556025564936,0.14708732463989316,0.4258359540837304,0.11715690934897413,0.3200164752234951,0.28665267299616126,0.3928731325300161,0.343881333950592,0.3777546283485308,0.43775245459138395,0.07046873478708456,0.2564848620246109,0.23473835450017147,0.34666477870844614,0.30571876075152427
ORBS_returns,0.4738510110899931,0.2708556654452403,0.46421568321792467,0.4084328773252362,0.35083054813166625,0.44756649088323214,0.3571920467985644,0.43001803067559846,0.5492559584230869,0.34819266786368275,0.471046769070418,0.27571107234091835,0.3374838047991413,0.4043183114432408,0.3703237404650534,0.4989548499704046,0.4216863288172286,0.3342090397337431,0.47018908515703967,0.2836431550695929,0.5557746191374228,0.31531931216332226,0.20784810412416255,0.24669046618172438,0.37352741807748174,0.2514151423559299,0.34070449320600626,0.487925498834178,0.2340785343807307,0.4539099402759309,0.4174971267507027,0.25232964230241295,0.3829960746879916,0.540310854739026,0.4138568643956879,0.4476299845208887,0.38500785442323127,0.3878439884204154,0.39764317079542394,0.3275282923081456,0.41053901793800046,0.3479170980445427,0.5035064774921069,0.4013959477845867,0.44465553215445813,0.33465462918787464,0.2050867327723477,0.4546222695495424,0.379205994537039,0.2667840169035505,0.4220526050546596,0.43161327660236787,0.4645817755259143,0.1663368996147656,0.40560099354211543,0.38198451447984016,0.25589245955309065,0.3088163862510151,0.3711912281492031,0.28174186642770893,0.4565234197245354,0.4129666127783783,0.1627271250876907,0.3180382177494665,0.21626761166446565,0.37879234469850975,0.2639791776898061,0.49510699621146514,0.12529457547983766,0.2741527634369078,0.15013494194176172,0.3521561730556592,0.44924425632345144,0.3981931677895368,0.49220777173293556,0.36451323419639964,0.30081551413431545,0.21481860675170086,0.4157300646397407,0.4161724330298763,0.37718291725071074,0.4090385893792092,0.36292949379930506,0.409180511018266,0.32714696602893506,0.2672535531823774,0.2778992623742461,0.22019158016981744,0.016490783598409654,0.39625879541912884,0.3784459095086949,0.36889564048723383,0.4054972014571901,0.26160732252999397,0.06668130659557722,0.37814696243936924,0.36173333274412794,0.35354706821068727,0.4384232966924126,0.5637600321450003,0.3575264716451139,0.32984537971821093,0.5769986256596026,0.42299752585777795,0.3778136786872055,0.2621399963990646,0.3465220217668489,0.25048432978504087,0.4813835278495653,0.13293329676245913,0.2987546846751493,0.40238087261813626,0.36780821820523757,0.4596797713633298,0.3017240854269919,0.39511316917006994,0.231274185239625,0.15865409242934012,0.17159557633273576,0.5050151053671376,0.40364484623164165,0.29967620159008046,0.37637536440577185,0.23854116677917483,0.388184766062655,0.41125991587950306,0.42614011392929324,0.4189045362537923,0.40511819199895555,0.4252623665119035,0.31252807006135047,0.4601910076252319,0.3046556776729843,0.21863251823779917,0.1487396747292566,0.4709522966574407,0.29009654917046046,0.27662951736603003,0.3783551413957013,0.2871675907473188,1.0,0.47828420738322064,0.3609423966818415,0.42242319519559834,0.4326281312619033,0.16920381873064616,0.4004091061679514,0.21022927065422717,0.3825826020656617,0.4398472955887231,0.2517485125312365,0.41048977528936315,0.34578598976713254,0.32915407665600116,0.299025112347189,0.4032454322297506,0.29641909494471674,0.17035122774010264,0.11455384652198665,0.3825532531817311,0.13716054742148023,0.5399021322188894,0.30800417438324207,0.46126481869995456,0.5088126026809867,0.24908705662036312,0.4532989408460445,0.13427187695422485,0.3251148156948433,0.32450309993709825,0.4269347100556901,0.4094183847951488,0.3830339589626531,0.47179766675284485,0.10954499118824497,0.3180695721131292,0.23438520650838077,0.3793562784071471,0.349318863853011
DKA_returns,0.4633741392469865,0.34966743885483986,0.43022080376936805,0.3993618723344524,0.33705556402991566,0.47722451714015707,0.37448714901855745,0.44367802125376515,0.5549236258794561,0.3327572525789264,0.4771474432572958,0.27686094497060726,0.35451806423534865,0.3839252541432616,0.36297112315217667,0.38730954958241076,0.39861569075758824,0.3868537997929923,0.41921402663309115,0.290248766419235,0.5373501098838217,0.31920937046778736,0.17005733653295066,0.23404418111641218,0.324037259595289,0.2905853349902425,0.3952965794342307,0.474310606946986,0.18990866562916178,0.48773186961186454,0.43008893222856365,0.3000100273770758,0.33539628432957275,0.5073671290751633,0.37252224540408363,0.42812221220501384,0.40990288098375494,0.36388907972268963,0.4250576014933139,0.2907397525485847,0.3784214509518023,0.3507090593203429,0.4705527671064946,0.3928296775777906,0.41330854249403653,0.3317972213538738,0.17551006335626776,0.47382058660655196,0.3944591295972066,0.2742039933455787,0.4176776138955658,0.40639011544336595,0.4568846960830114,0.1261138101076858,0.39920729451471976,0.3659879462805676,0.2030421605827901,0.2905681175618858,0.3557622228641475,0.27845822145491805,0.45690971292537613,0.42216435446303463,0.179895173981764,0.3229515602901914,0.2503460712470964,0.3595128373538435,0.25438826239337137,0.500297426800466,0.11350632417395087,0.2809665390677401,0.14877238786163308,0.29767412655754166,0.41500663577684865,0.406113009107968,0.5128463689749129,0.34149643526865664,0.26243986826966514,0.24779752799083485,0.4729101058656344,0.3700734142945898,0.4287678084700814,0.3654678071822379,0.3878665108301728,0.409343986927904,0.3016884463157009,0.2781485799642623,0.35944385274890117,0.22567647312703604,0.03200462628959539,0.4299177161311188,0.3473765485979315,0.33379051021863354,0.3669465172088173,0.28015978867275326,0.07600544679859882,0.35241886493090174,0.37245515643649896,0.3151176785361239,0.40549445321848365,0.5462754969231152,0.3376177383574024,0.2659478904285241,0.5927197112641223,0.40578169631527455,0.3672289788354495,0.23321590402620168,0.33823454184658885,0.26092931559539145,0.5938738263040995,0.10914615615885767,0.2679420500597378,0.42948371849209344,0.36349290870726064,0.44068066166831,0.2699596732945792,0.38147363162894987,0.1824639231012679,0.133383761170856,0.2440886635323113,0.5158931549873428,0.4249931392800529,0.2506917855202653,0.3933801036938551,0.30852557804069,0.3506189967747379,0.4466511495984622,0.45950594657150085,0.42117132282314446,0.4336240540692845,0.48528601533764837,0.30260997339031587,0.4945179112687621,0.34900114513110697,0.19724250246442093,0.16204502038678814,0.45086412200363374,0.34182259861141895,0.3058102617691906,0.4019967184872727,0.31100705155515385,0.47828420738322064,1.0,0.38490399236334294,0.36615995413508273,0.326389382809924,0.1504396454788631,0.49540261660075996,0.2611227421408901,0.3339352508774155,0.456532740131676,0.211530468353936,0.43017894861608924,0.36138443943400955,0.31649595891169013,0.2620071205602858,0.37307496817014624,0.32538275623643853,0.20030982729647817,0.1207440786309773,0.32945700292642377,0.1432399783767696,0.6242324973759339,0.3081297954588939,0.4292029338099462,0.530335264550622,0.25047182191309497,0.4067938045312823,0.20974143609388388,0.31541390651841467,0.35366002315389106,0.4192460868642441,0.3978657379432581,0.373606997873868,0.4237311478029965,0.12882798698621908,0.3333365146905081,0.2007117879972315,0.35069070793503493,0.40987261230232214
WILD_returns,0.49950768076437047,0.4152313976492329,0.5442745096957506,0.40619164992226264,0.43083417993988066,0.49383246156610056,0.5154240683820384,0.5522876903765328,0.5490959496466523,0.4687097538560153,0.5110622460540247,0.3755250453789009,0.4591119652262209,0.46905676904997745,0.43559127245155155,0.37160123386538074,0.44316034235636126,0.38953033215171956,0.4633533961616146,0.33938600374553934,0.5504091772047074,0.4221599545039299,0.2466857320001895,0.3386719719197638,0.3582592154065815,0.34018752401162355,0.3401089483053615,0.6310532582176602,0.3471433648593406,0.5546590732113599,0.5420484119150621,0.3509154169015541,0.48432490289781527,0.5254873216772287,0.5060131423034911,0.5254723584144565,0.34063704140331363,0.47151938115632486,0.4338245801836741,0.32131105675598093,0.4204870710925241,0.4136321399598011,0.41010848464452204,0.4867057842163125,0.4970556276797396,0.4175605355240551,0.2562488891215421,0.4467314757843662,0.42920496140087044,0.33047836145471293,0.3891161925338773,0.5310034130257022,0.5747390087409707,0.21792874065378362,0.4482294102417744,0.5296614170863011,0.32222569237880927,0.39510512004674553,0.4344934013407912,0.3695593092176347,0.5397211940812869,0.4692202062847929,0.22486010801519693,0.39806848916009485,0.2663849140044719,0.4978524063795626,0.3157961379208624,0.5058280339406848,0.20698946133511553,0.2763714175379037,0.2714092739654676,0.42215964646557785,0.4080543617318955,0.29864732381963544,0.5347921037117661,0.49924368655867063,0.3380247806738338,0.3240267819433031,0.5190135394703086,0.42544105446626596,0.34810319675395146,0.45318201258776075,0.39371697213324364,0.4798469549258252,0.46194863809812375,0.3721014881276143,0.3250966381592938,0.2156989198272211,-0.006793059765317973,0.4810740703994521,0.5110642637173114,0.4356222381754822,0.5367786870425468,0.31364980778123963,0.12477622158129359,0.4587929386754477,0.4427705570880848,0.35791622043467075,0.5668626674285003,0.5379987699538397,0.39569646999661245,0.3366280159107691,0.5125366694309892,0.38799086258190185,0.33680108821735216,0.3602889962396615,0.3932224183725153,0.20157932055646838,0.45714833543131794,0.14041503344927234,0.3940741768860292,0.47784573883771775,0.2987214039576676,0.4003513497364669,0.41907847389320896,0.48594916040013636,0.3055989081287906,0.22062575060974268,0.3311088312032465,0.4943134278436178,0.43950930148835,0.3088538908100492,0.5475030154314646,0.32626479764566374,0.48502794889273193,0.3894406782921259,0.34824197379551,0.4826235254412285,0.503356609725884,0.4219758934994555,0.37967722099365225,0.5710610044960778,0.47136006258243796,0.36625010605655867,0.1716433691795378,0.5635372970329964,0.37703571376823075,0.35866032449814517,0.33163621652114395,0.37945000048520616,0.3609423966818415,0.38490399236334294,1.0,0.5147018790154494,0.4399082510138581,0.21166148197325824,0.3330833588691141,0.24356201099411556,0.452179139633318,0.38692589732835875,0.3290610436606353,0.5378287375665339,0.5031366828667817,0.3967566460905956,0.29135144594172446,0.4742065328477644,0.323465336010089,0.1902558725683844,0.1719505800077754,0.4471700739561357,0.312976107441127,0.45143254822699147,0.3670597695433718,0.40740908813046217,0.5132707649227888,0.2048779340572805,0.5761004975050763,0.18439988281640263,0.3882400260490647,0.375580680739041,0.511514846093205,0.45449635212794554,0.4462365706770541,0.5531073370511388,0.09457145241125976,0.3387378149103651,0.2509554837564403,0.45590713404308525,0.438995680036926
JOE_returns,0.6486451229084619,0.3807460060948695,0.6864699855416518,0.46215459075982346,0.49665439191677174,0.5720418607786216,0.6179283462859797,0.6861711744952989,0.7086876441377522,0.5142266574838072,0.6201331741137897,0.41520979336964603,0.5429821504972906,0.6200365746468653,0.5628284497632268,0.5895491942403537,0.5674483278820943,0.4858406696080264,0.6176715160132792,0.42512718891235857,0.7111718436865034,0.443033963072036,0.2993123148980242,0.40091198750474516,0.5759446413808988,0.455278109434147,0.42038090299934666,0.720049857066199,0.3318961406794917,0.6776679255622181,0.6482206841255403,0.38445458145186934,0.5204576507439616,0.6726630933758757,0.5848892265940957,0.6313503879709166,0.4655901689807179,0.5173789713614126,0.5749974947956568,0.35338406456544186,0.6150944941290087,0.4853819565416459,0.5299731642023903,0.586920349690159,0.6259251711310252,0.47156911727543527,0.3161347958899486,0.5093037377998193,0.48972028025494707,0.33268409250601233,0.4469427503532653,0.6663048659045752,0.6911241150578705,0.22355223028285956,0.6115795967024976,0.632027713206284,0.4209600755822363,0.39128565857806213,0.5211407804049775,0.3567512206883911,0.6535815972048928,0.5839352322300307,0.2536891183250717,0.4856464550223976,0.33001999467054083,0.5586430902774039,0.3287577380529765,0.62492481386331,0.25682736543231127,0.39585375929159233,0.2308907780625792,0.47939717889558386,0.46481941692488843,0.353792593927232,0.6265245713531618,0.5692757006794109,0.3885539897056514,0.3503540401177632,0.6678905434104284,0.5467449806741211,0.4313354200935502,0.5944658563965702,0.5065410900392339,0.5812163274605141,0.521095267612899,0.42389567398445954,0.45291725010760714,0.2610427107321177,0.008738283583070477,0.6225774621782205,0.528951915278351,0.5796382511458165,0.6070838315374347,0.41621126512889856,0.08602562367583853,0.5169122520124293,0.5684214736454593,0.4027350458801743,0.6398656803499447,0.6907811184867872,0.5099052940248691,0.4969799527450576,0.6141483350867124,0.44232528516111885,0.4542200575053031,0.4032967358892327,0.5207492783568387,0.21426796070265042,0.5200693141793417,0.14435480254961874,0.44672629860670127,0.5768742816699807,0.37521929245391106,0.48106472985277815,0.506875477122927,0.6095121192185355,0.34463984594003366,0.2075730690815568,0.3368852015234154,0.6268357359046609,0.45656681341422767,0.37944138931111004,0.5573828984382986,0.3918269237325091,0.6317705162376525,0.4289377071496504,0.4143891659173988,0.6314003933593625,0.584528838640182,0.48657234209464184,0.4678472517776065,0.7177125742364037,0.4186242943987417,0.32239287195323996,0.16613790278460913,0.7068759151605454,0.4472323386447738,0.4377213562759068,0.42405897951674965,0.3417441204570504,0.42242319519559834,0.36615995413508273,0.5147018790154494,1.0,0.5484370181879217,0.26400945825338235,0.37482862545516343,0.3324533779770234,0.4644472019850687,0.4675536306129142,0.3733460754561971,0.5776375085333749,0.47240524943083195,0.5302605723375851,0.33454857110582814,0.625412618381091,0.36499582184140517,0.17947650047537697,0.15947699690559639,0.5264421255813051,0.216551774667811,0.49802588711288914,0.46754784376632047,0.5125602591603006,0.6171234098918403,0.24685381952574184,0.6457566664221022,0.21135454811437346,0.44892259139036905,0.5015256838111111,0.6290177664895277,0.5943472610544185,0.5973875654808138,0.6678080282837601,0.10338770869006728,0.38247269720547233,0.33007732126521,0.5881128981693695,0.48564460843811924
BNT_returns,0.5477221954752471,0.3243105789538987,0.6113557985885432,0.349119798245989,0.4254128103197831,0.46232177032266336,0.5083425490651026,0.5713959000115753,0.5989782862128288,0.42623799631583226,0.49783649803656616,0.3134800775831028,0.45834206900686103,0.5631386170587384,0.4388768153125369,0.5167026656283256,0.45983326419833415,0.4118224659938831,0.5059756083034119,0.3498831940581039,0.6084278109452373,0.43662172288210677,0.24688632998047155,0.310633646122142,0.4304083196244159,0.3400656664543562,0.32711239758638616,0.597258994480082,0.314619952335555,0.5610989287369553,0.5396734584190029,0.34080599245335436,0.4587491494387259,0.5620852932827115,0.4676179137897675,0.5399415808324215,0.3682820914556686,0.4562715486837526,0.49460927772987473,0.2755739005902421,0.4958863154107065,0.43145054031055363,0.42672373525667084,0.466776541494227,0.5036483368669644,0.39723954417870844,0.26571433717955933,0.4112125674194256,0.41010259924450215,0.2606556475141474,0.37185940786950417,0.5435528660973703,0.5670317202409091,0.1600198051158712,0.5156488142006583,0.5204551433785349,0.27150290570644264,0.35142186096018585,0.429072434462027,0.3017521475510846,0.5749704939296382,0.495357856225832,0.19528472821229242,0.3913630036222147,0.2306055979451715,0.47510614096026327,0.27445630871320836,0.5151645070469205,0.16672375334793893,0.30839316272003836,0.18876920294761193,0.38394699408113137,0.35268309113661717,0.29597710476812084,0.501763018514216,0.487258231503498,0.3278233283981124,0.27502019462806443,0.5601126284094908,0.43706698255326476,0.342800089909143,0.4768350559732546,0.44164302376358444,0.4639100540003604,0.42998909297152593,0.3463586483024728,0.4169420412944293,0.23045513502988238,-0.019808003622592617,0.5172407858256396,0.48220160131646667,0.5083178313873498,0.53844065600789,0.35010167433082745,0.048204333799852644,0.42758962230949366,0.4079377502621597,0.3655164837084851,0.5660416352148906,0.5944147652134809,0.43384394123963166,0.38574348052417545,0.48220880588051535,0.35278734082522467,0.34325364097544875,0.3759221086191896,0.42495044201874665,0.16059708655460975,0.4136677550477216,0.18362928336175977,0.38134011889089703,0.48328241264067845,0.29912279011894405,0.3700027144052194,0.3655964237508239,0.5138538869787974,0.27607710020937976,0.16744247630162767,0.26203757099736114,0.5408943878653063,0.35657888200713456,0.30325552383059073,0.4918821076544017,0.2555948686246126,0.477517577713428,0.36107686221747803,0.2628017410799249,0.5264670117148014,0.4906700857713053,0.3890531730094154,0.34153840269443214,0.5773938586956766,0.39070717177951,0.29168213056514397,0.15557269531093568,0.5737118313263322,0.3571170024471511,0.338953993325567,0.36099740313254114,0.3102868468431858,0.4326281312619033,0.326389382809924,0.4399082510138581,0.5484370181879217,1.0,0.19971801376856677,0.32516062264002704,0.24303334534808063,0.4305390641768849,0.3716438902414045,0.32096459836881797,0.49485665975337506,0.4290965764889102,0.41452466014756045,0.2591418039612141,0.5159429387275278,0.3367439582329682,0.19768984879673654,0.1191140099102002,0.45736354528528406,0.15050478926148783,0.4087524924750156,0.3724102287515986,0.4529229863724491,0.5188530808614902,0.16348221121042367,0.5654353550110052,0.20130702036280884,0.3634864921593411,0.35773450846168,0.5308676407311282,0.5181227043319983,0.47668542168263894,0.543852245195893,0.05658795549072421,0.2919949309984423,0.25149182389910296,0.46459545210503705,0.40783266380682404
H2O_returns,0.24021139784325748,0.19058787794873544,0.2481042431272612,0.20305686005580284,0.1306098745716583,0.2303203752893592,0.20330529872144207,0.2528654765259952,0.26918318352883697,0.21932138814783195,0.25231693961446755,0.17530858719517542,0.2349968542493893,0.21691016499497848,0.22732056017929753,0.2066262221479212,0.26278955621081534,0.20778889243749157,0.21669695465238528,0.14149243872113856,0.26635642456865016,0.19695187841662198,0.14781072747484117,0.1681141908747452,0.20246446034955767,0.17999634333944167,0.20554724470393812,0.27487092269091046,0.15064315109867618,0.2600981405641261,0.21813229444306084,0.17233292076364073,0.18189581771218666,0.2795963582870947,0.19611394854028327,0.2483900610633903,0.1828593890056021,0.20970667311152721,0.19332995711018597,0.1323420409406859,0.21955422631454494,0.19266316113226775,0.19661583251992387,0.23027765361747368,0.19787726809509348,0.1765164844566643,0.12518653739664784,0.207101189154235,0.23829129738209537,0.16163062603451814,0.18273047420120272,0.24156274618668216,0.23096868064505638,0.0858771550176441,0.2295006075254204,0.25688818855203144,0.13729437277960854,0.18870121665687303,0.24485299388841958,0.14509782207077615,0.23454555912284747,0.22680784320096958,0.07451336643205461,0.15869298888544184,0.1707421082542128,0.19074340859907443,0.1526312852878247,0.22904904610145185,0.13038342445878523,0.14347837379782805,0.10984224361880457,0.17521638619750116,0.18901812270088975,0.16627653585294766,0.24267850065224164,0.2459768523112056,0.10521503731947116,0.2293357498293004,0.24463294250450643,0.16898621913305487,0.2216981669428501,0.1879349224271761,0.19223239958914579,0.22418707706987084,0.25947733660786754,0.16099405154704108,0.16923082598797412,0.17561831861034757,-0.07511072539036473,0.22685037889922152,0.21335223500412714,0.21510988734560532,0.18583507984086983,0.18424369178064065,0.023570969222706253,0.24632310837346025,0.20451508603499405,0.1937612185765473,0.25565026359010606,0.24919615140510934,0.18593158736320084,0.05273112676816686,0.24285892804542328,0.1561302976216471,0.14840174417107224,0.14342693565086462,0.23374615552043942,0.038899626828355766,0.20666952957410795,0.059075380134986706,0.18038534064064307,0.24040923842814113,0.12053075996867503,0.18196229340395992,0.18032374175847843,0.2249313820565436,0.1779667282794142,0.08744692765914408,0.1404929058056309,0.2329819414944127,0.22738240368445123,0.1244832820172672,0.2521239282198642,0.16618083012008458,0.17705609678621453,0.15856521019727468,0.17425552153877027,0.19598309600053015,0.23152847800380982,0.1894644200640471,0.1820947851491305,0.2675707067308085,0.24399469529330534,0.1009029140549178,0.07828519119620979,0.24282658728853196,0.08185899411587567,0.17344186725754962,0.14045182734889994,0.1661625715177663,0.16920381873064616,0.1504396454788631,0.21166148197325824,0.26400945825338235,0.19971801376856677,1.0,0.16330692135556124,0.1529725016337539,0.19425324667335805,0.17629840123791266,0.21642550276058303,0.2294420901173011,0.22819544156770652,0.18314625314058,0.11265454100430333,0.24283687203471838,0.12106618077016397,0.06053953363975559,0.13085000406241815,0.1955328606829774,0.08501540091115818,0.20210270147386525,0.13476152417139314,0.2094146660402459,0.24208080914239638,0.1719829780546414,0.24078754333855604,0.04461556342045618,0.19187215544151306,0.140115458117451,0.23219922421648154,0.203177677818961,0.18389556997890727,0.21964553444810117,0.04966584085440865,0.08680233283149974,0.14857490757352515,0.2674967358813983,0.20296253624728924
MLK_returns,0.3995713097226452,0.2932170484016927,0.4022051602787682,0.36149730313165757,0.30421543051604866,0.4289328095219517,0.40333410045076545,0.4081513066862849,0.503441029475472,0.33278690358951113,0.42591496997365075,0.2486809182078799,0.37522337198751293,0.40254965999821096,0.32527126723253214,0.4091128012285894,0.3707183803111818,0.313661550597889,0.4222739237314585,0.26067840321917357,0.4928727575658861,0.3677752178152658,0.17898031297997896,0.26896285674916115,0.35208639532845043,0.2472769020495317,0.35630647266979554,0.4344549839848332,0.18647675570933975,0.4009411135463658,0.41296836858206537,0.214908663720965,0.32747200417656863,0.47811086648734635,0.3595574138998076,0.4271326347167848,0.4098606353284864,0.3525572151768768,0.3939648616998256,0.3231528492097487,0.37451480715010144,0.2927032106327362,0.4510028991923379,0.3471437146429547,0.39692421829616237,0.31441095724443247,0.24325131738240913,0.44704127712176756,0.3513014029820965,0.23951284865558647,0.3983370013727648,0.41801516163338087,0.43876466719506335,0.14126363613727663,0.3535911189710132,0.3952226326370692,0.15710299646574766,0.2720908306582646,0.308064234409773,0.2892649895470491,0.43864260420566514,0.39818591091314204,0.19997551003242797,0.28856846538068837,0.2318085199430288,0.3527759957923438,0.24358964918820544,0.4787246770102738,0.13651054412088878,0.27270746661217304,0.2062072975415324,0.25937453627634094,0.38098316827240164,0.3247032915932736,0.49710853870169075,0.3398428910079381,0.29866719741860853,0.21719784602065925,0.41179317627078704,0.3540289862430816,0.4751588086536409,0.38288116940196637,0.3788193479265657,0.3803375289836948,0.31715270331762113,0.23792477701302214,0.27652654027851964,0.20678705645763715,0.011972969409592863,0.37119914694381156,0.3432502774099448,0.3368830481588447,0.37601106312091837,0.26709379786815357,0.03194720146857025,0.3530712587373434,0.35514681850899016,0.3275009376290054,0.40798299662785,0.5317672110090221,0.3229444999100639,0.2430818475761632,0.5258413904587711,0.43387281863732763,0.3979863005745541,0.23681972045298308,0.3017419799843205,0.263607372347086,0.6623990272631726,0.12182662193865526,0.268300943235804,0.43530868624263597,0.35803418043871876,0.4429178113642041,0.28821244016024505,0.3923978538841228,0.22715734364617554,0.14445187432296502,0.2307338923926506,0.5320873340160266,0.3506409943225106,0.26027377251353995,0.31467691215236454,0.26322000089106606,0.33798769631792247,0.3737823069286023,0.4503891215729818,0.40082033086999336,0.3753507514270479,0.44572584623581657,0.25747867630700255,0.42120051501661204,0.30876465553235566,0.18776363007602356,0.09590999902930318,0.4352767728686163,0.2863549835861393,0.3333633248822363,0.4050442060597191,0.2775565046335923,0.4004091061679514,0.49540261660075996,0.3330833588691141,0.37482862545516343,0.32516062264002704,0.16330692135556124,1.0,0.25969973630435766,0.30945686435830644,0.41916692094591423,0.2437148888179766,0.38562595127915944,0.3334516736057662,0.30451390075365675,0.2555744417511399,0.3556664247589011,0.27325131563468236,0.12653661616496395,0.17708844547587033,0.34435403114777385,0.09551865722861265,0.5728330912506275,0.28619553955922644,0.4541708886320772,0.4890352338225337,0.24275327630609075,0.3518094580353929,0.10349136626620582,0.29068040289909497,0.2678029652319499,0.39113997634372016,0.3770230318041371,0.3724263390607296,0.40456071144961936,0.12970619511672044,0.3006917643424884,0.23747387210584267,0.36347440044190193,0.3037296485650597
AL_returns,0.32598733466522417,0.2152695727233428,0.32136774103770666,0.2954308448412528,0.20214247214130746,0.2869097274743984,0.26796598131508553,0.30152683902219457,0.3508872804700832,0.28793014857945126,0.3283707767456133,0.2271764450342859,0.29027758433460377,0.3104774217783296,0.2590786281493818,0.2969931931862671,0.32752128656402313,0.2774213673861921,0.30463677976814535,0.16796619095956558,0.3747118493250731,0.31453497324331553,0.14246285337177447,0.21597865222035778,0.30544338550856104,0.2821043925240063,0.23621462458995635,0.34544539943142066,0.20386729043038065,0.3259183302875968,0.29295594183006546,0.21768045084602555,0.252684583795759,0.366607887322121,0.23704614153345865,0.31073021259151967,0.23291145422755513,0.23656094569510933,0.2867954980458858,0.24042670305503436,0.2549622756594354,0.2483277099182838,0.30337508435432986,0.32805957462135726,0.3167562090802195,0.2731858186665456,0.1676157149797137,0.2907980971931981,0.32313232435690914,0.16506170409598667,0.2720204452139165,0.32387759488586576,0.35799849031733955,0.1287870598820228,0.2737773242699107,0.32317347779337624,0.15357851595838987,0.14260887208117323,0.17145937189387817,0.2154053013690995,0.35408730766209284,0.2970318316748896,0.08363355241285951,0.18206633919642756,0.2050993730659016,0.25789037977094204,0.14725177760139022,0.34238545187657393,0.13799567723629436,0.20964320720441182,0.18706145412678296,0.16590140225104205,0.2640492218383544,0.23608772061718494,0.34980838051744767,0.2886939445448958,0.21338067966647925,0.15909504570341243,0.39149883105884403,0.3110943571293744,0.2637276112755322,0.29373416238400474,0.23886312409026134,0.29692641512105544,0.25576983161655226,0.1821114103008313,0.2754584514638526,0.16522615210791727,0.025076136268963795,0.28695718609598264,0.268779928073317,0.27190036023638703,0.27858231693383884,0.16743538283271245,0.040804923704331586,0.24758133904804655,0.27390229054106735,0.30453021515448186,0.30074503089367205,0.37294508944744986,0.22799642781741783,0.22950255318798798,0.33902300213983927,0.22804201725532997,0.25628538019438535,0.2077536472963771,0.2667207424575078,0.15308799129217177,0.3328750601505895,0.08395367521896337,0.2259831784497738,0.3318280500584524,0.2605756137480545,0.2276474367271747,0.27977529740953877,0.32071509318647057,0.3473020071992402,0.07799967670598976,0.19279117403013768,0.3580371154348094,0.23856476630057122,0.23993630355535642,0.2626791351094514,0.23060272368483462,0.29672315790507947,0.24702907037311872,0.2417609471550424,0.34823322350751823,0.2746650461112424,0.28784163208653557,0.21638469894134715,0.3410777489319095,0.1511971972924863,0.09007799322360435,0.07698555071012496,0.3376317364625033,0.2638794131554004,0.22316645196876136,0.25936895555916645,0.23391468291322415,0.21022927065422717,0.2611227421408901,0.24356201099411556,0.3324533779770234,0.24303334534808063,0.1529725016337539,0.25969973630435766,1.0,0.2523425176231666,0.28765225333840727,0.20453848184801282,0.3244955214681657,0.2741440241532333,0.34505752626858655,0.19987949247342743,0.28435742187672597,0.18209640605916094,0.0862148080677838,0.1385796487846733,0.29338960478622766,0.15420317940608483,0.3186302725329874,0.27825310688787547,0.2467332551844175,0.3756605135556359,0.18290661273402897,0.3129832929187152,0.14094289538954588,0.19812467003961706,0.262564176895496,0.2723951622996161,0.2896222481210459,0.3287906350253959,0.33104950036454606,0.04996554692245645,0.25490247477954336,0.153250638261813,0.30767862244729527,0.2754772906027196
CFG_returns,0.5110841391567305,0.32600997150304645,0.504513826650266,0.3681199495269422,0.3551050924902897,0.42272996234557636,0.4606467716157405,0.5531446957460421,0.5825869444137755,0.4306151998967196,0.47427752868494,0.31428168562379266,0.42107995639437396,0.4818161711575717,0.425170341291974,0.41683392523940604,0.46082672850193684,0.37414461699316587,0.4873168875090696,0.37928382881897943,0.5515378048891904,0.4482510527258311,0.2610336530178296,0.3282457058021878,0.39251788197579235,0.3069371964833767,0.34941476338515765,0.564019780502499,0.3184542755166527,0.5121459464595677,0.48504246951908386,0.2782088899716886,0.4517938536923852,0.532539882332603,0.46245998330611016,0.501755950288542,0.4099532636024894,0.4127306241244615,0.4823814123881953,0.274502905432048,0.409150224928491,0.4213273552199271,0.42947720837578574,0.5175830387306642,0.5110891628691536,0.3782619487333521,0.3050768363638493,0.4140246210341322,0.40396211676245564,0.31834010225186826,0.46349801342640945,0.49285602284471736,0.5033389961509901,0.1364365322588181,0.4986550502744209,0.4807485099509516,0.2956171784323791,0.3278045444576178,0.40440994226246185,0.3170389618342704,0.5391152281117209,0.45315462487641467,0.17761220249333343,0.3958320507300813,0.30283784933127167,0.41360390676312053,0.3022640158029688,0.45897923753131686,0.1408515409706204,0.30155223853029833,0.15734124282687215,0.3731255775893577,0.3777725063235496,0.31914402742505493,0.49387881773547165,0.4873170121236393,0.3611015848437229,0.25057260456258806,0.47921587889930545,0.39256757806818104,0.3558100721547383,0.46829063613764943,0.39357322783750676,0.4529882365717332,0.4084396639693127,0.4511300578073498,0.34851086898964084,0.19569587549556455,-0.005826268524852532,0.4869834956758743,0.4740257020014386,0.4362506177772504,0.47813414154860895,0.3432109918221397,0.07920474889197876,0.42209607969057517,0.3857659208793954,0.36750003872679576,0.5217074551781969,0.5399856737208849,0.3802241905102793,0.41230366308659416,0.4718296558038358,0.3454350669012936,0.3679724337534298,0.36107031899440245,0.397903312726512,0.2256775675779126,0.3933018864532281,0.11940003968513604,0.3772363424886796,0.46678936978605756,0.28748260322796587,0.41336334175579575,0.3636254573412819,0.4967411599213653,0.2676657501969741,0.22342987906615192,0.31579036815972705,0.5055083485163502,0.40559011162402636,0.3002434281511861,0.45643074421175706,0.3955805636846604,0.4766030623680725,0.41973755102067845,0.34414003328588566,0.5077393037337357,0.44958905045369735,0.4094450420502958,0.3663613794560648,0.5345321182645322,0.3056145728029833,0.2827507574202377,0.14172009148355402,0.5392512169518175,0.3541952775605567,0.3520422225612709,0.3446008315309737,0.37641214591512684,0.3825826020656617,0.3339352508774155,0.452179139633318,0.4644472019850687,0.4305390641768849,0.19425324667335805,0.30945686435830644,0.2523425176231666,1.0,0.41327738854548457,0.30432095238806706,0.44507446674007684,0.433106876999612,0.43621221186732834,0.3018738463828095,0.44406411210287566,0.351938732319667,0.2032848328519931,0.18210586560833858,0.43039069191822055,0.19413553535258485,0.4674301861578712,0.39675530373272777,0.39136371665644887,0.5012883772432303,0.21376442615709512,0.5126590519487421,0.10987743069179023,0.39232732053940295,0.40133899745151563,0.5012270199834098,0.45672878361120767,0.4115493765994192,0.5313072315181308,0.06979562893831417,0.2981070927867289,0.246164711858577,0.42766895524415044,0.3919092253247666
STEEM_returns,0.5583956284487595,0.32032026447829537,0.515199818247638,0.5090137223855475,0.4220504738766565,0.5197501080433043,0.45230425885187336,0.5536557688196878,0.6098957407415456,0.4067560060024562,0.5527059305455428,0.32890319768913473,0.4107351040831657,0.49233789509586834,0.4432066142824336,0.4610425147167427,0.4889513075992403,0.3973117686590404,0.49071040796197046,0.32724461236460406,0.6154153950517999,0.3509320263888651,0.16805072279520303,0.2831074141930302,0.41323356087659024,0.36011186394027295,0.5343564145430263,0.5468546612141818,0.26500262412496367,0.5419002975116338,0.49709383829493264,0.3514812007819259,0.41155020070591547,0.5939958553779622,0.4477677923091172,0.5251208968501743,0.4575294653503313,0.4382407035244925,0.4854097131483369,0.40181952313120717,0.43550655568654423,0.44017724242848094,0.5001530833220519,0.4556413069124615,0.4902134975535357,0.3641801000665444,0.27066492627092764,0.5124590417190699,0.42005379241640306,0.2804202500712507,0.5076128897903778,0.4984144916359453,0.5386663861391865,0.10656887014195866,0.4548456791262354,0.4883641310480006,0.22531812584678879,0.35346747369085285,0.420698663897619,0.29220796000144345,0.5569104481891015,0.4717990787911551,0.22030135232871684,0.37320706100927037,0.27739823160839544,0.4524847220727535,0.2781600913624092,0.5847718573884009,0.14369554466195145,0.2908399523789768,0.22094100737606645,0.34736939852324616,0.47890400560080815,0.38885909506531474,0.5617075781877475,0.4499245383837778,0.3277959066675153,0.22276264719294142,0.5466604199359162,0.44119772283849773,0.5534408531674602,0.49415555946238443,0.5179332826052476,0.47288323557406176,0.37906230813909364,0.2750118581599281,0.4128477335790229,0.2159749967829067,-0.03608435674692067,0.4564715661618431,0.43107281090479843,0.42405254472382203,0.46689623494002735,0.3630407267084239,0.0356131842834847,0.4040360144845436,0.42369612320763433,0.32151354662268444,0.5225409086825896,0.6125015487158152,0.43000474431035746,0.3348746515841168,0.6047096913127388,0.4409612210211277,0.5031333902871664,0.2811659611730168,0.43130180267089446,0.21994576883577338,0.5242754016598505,0.11017253810908309,0.2749431332256888,0.4683392090641766,0.4307905182023927,0.5037917896870914,0.38421021998064153,0.4613351913145291,0.3035835690347144,0.15528729365644584,0.2611243523394383,0.5777868433658596,0.4633979521378726,0.3469200763663483,0.37739958750149144,0.3360029116590763,0.4689491206503157,0.44613080150043066,0.46235360569489437,0.4936459318188738,0.5266373930643409,0.6050334735797465,0.33978463689048816,0.5821129225227516,0.33690309424798615,0.2533253030670923,0.1151806082554416,0.5497725791243037,0.32952912802900775,0.3101753942553055,0.4343932208114771,0.3186249859234412,0.4398472955887231,0.456532740131676,0.38692589732835875,0.4675536306129142,0.3716438902414045,0.17629840123791266,0.41916692094591423,0.28765225333840727,0.41327738854548457,1.0,0.21205626882996612,0.49045736642526216,0.4273037668258375,0.39475004113971923,0.31488982584970526,0.4703113804076974,0.32008132168195225,0.10053365694870274,0.12968074167560184,0.461693822379246,0.20406620788527802,0.5436805981799406,0.39390725962691553,0.5109073068312275,0.601493677779922,0.26035766621149636,0.5089653027366633,0.15223935925211854,0.3191779542075284,0.41035555041935307,0.5031300280962995,0.4805441667881272,0.4506635049897259,0.5175639186008267,0.10362283919627957,0.2908401565368049,0.25558232052686375,0.46762441407429683,0.4679541696899736
AGLD_returns,0.3658007073612025,0.29918443416301105,0.36678783897066936,0.2657376151996586,0.3189326887428389,0.29809716534987135,0.3344513893073048,0.36832809882621065,0.41127210117342244,0.3282696289007275,0.3303448320641049,0.21877417954381775,0.3840389894252749,0.3569317485053625,0.35775398170071443,0.3148071722502407,0.3237581575060605,0.29128114349431194,0.3653452479458941,0.2353856219487787,0.38539474974726956,0.3261960586328764,0.2346414022919993,0.2585755048541574,0.33389549181974043,0.19503868476668904,0.25774805031049175,0.4306868908938376,0.17056182789393648,0.38691168180665764,0.3761448973722792,0.22651892248315186,0.32169034149443543,0.38747456616397524,0.3328745402542219,0.3718901745316565,0.2508976567418922,0.3350053225038902,0.37369890710430165,0.19868333862908255,0.3854652566935389,0.3284263587634495,0.3370388006250344,0.32248511023952814,0.36428801413712,0.32053765759653685,0.11463078881444652,0.2694475937999853,0.2916084867704822,0.20480199924373957,0.2508616445621288,0.39505587598063086,0.39437870314696183,0.19456983316636206,0.35712231713270676,0.38379367683904286,0.19106808074212453,0.28076285592190153,0.32459900685865317,0.18375134509446978,0.3913097478776637,0.3410766582330794,0.11305118022397517,0.3517465736188957,0.18565956866388075,0.3310632107556246,0.2224145871635819,0.3474395728902709,0.1245864701304122,0.18741622460007545,0.10975990206329919,0.24237948312874527,0.2880482134843785,0.2529266054325529,0.3735253931421944,0.3925804288977112,0.22538738361960312,0.21550580657800011,0.3807564706427284,0.3077286862912506,0.28998837465964117,0.33635180208274074,0.3016912646374632,0.3405660799988513,0.2926924039454324,0.20062282608505866,0.2644460030417114,0.21206729250259088,0.023536172625638972,0.36214645947107427,0.3151355052448226,0.3505203618176145,0.31428290073822746,0.25711201403543865,0.02926941382362185,0.2813456050281576,0.2688901986418473,0.25860000410508055,0.40082163090397116,0.3971018707034974,0.29647690848226804,0.29203807530973497,0.3128642703320487,0.29099243559809,0.22964880062427923,0.26529114017407346,0.31340041099649735,0.19748512735100282,0.30090125728811096,0.10561906915221814,0.32500736750839415,0.3320276699181206,0.20079415497417374,0.2635795456600088,0.25183216805300446,0.3490747341946568,0.20345124562872927,0.14127309308697072,0.12236002793505876,0.362371742930662,0.2689986489934743,0.28717776425032643,0.36338033131570413,0.22038286054864842,0.3313358184335106,0.27902536157008534,0.2073115141570225,0.3799074498321289,0.3480579151923885,0.27547780385674336,0.3099527049242768,0.4205491337405736,0.2956445943954328,0.14913243963589007,0.057956742631553766,0.3915627157991664,0.2246578748967574,0.24961506469446113,0.30042867675746016,0.21322462027158304,0.2517485125312365,0.211530468353936,0.3290610436606353,0.3733460754561971,0.32096459836881797,0.21642550276058303,0.2437148888179766,0.20453848184801282,0.30432095238806706,0.21205626882996612,1.0,0.36480355809634163,0.2733404309492255,0.3226026698392013,0.24091121245927075,0.33648095361522146,0.23386864704470117,0.13596892454329548,0.10541407464992342,0.3991828050103944,0.16146524297920115,0.2847667294646986,0.3289881522670649,0.29784250042417626,0.3794565476927932,0.14081143420171882,0.40006762593191286,0.12153287060988763,0.23787409075883115,0.29400512735322376,0.37854783764283395,0.3692080713949921,0.3556520514515964,0.3829681187216988,0.08273216547366018,0.21351278738080096,0.2117065677612335,0.3983972147624112,0.2715085593012412
SLP_returns,0.6520013609617167,0.42790526355509867,0.6297213871230448,0.5410460609777977,0.4601163678440454,0.5779772139256023,0.5667990030708231,0.6443859029496313,0.6914776644249674,0.47645500449854117,0.6038487447955936,0.3493465033754335,0.48150866882743026,0.5948001171065239,0.5004988356914646,0.5277078909688235,0.575263400651878,0.47128441736807364,0.5845297995711973,0.4276205829244849,0.6866289638754216,0.46791092662008243,0.24808646669361725,0.40352040873246176,0.5201360129291324,0.4100537992216061,0.46448694919909866,0.7071687164945669,0.318030673997094,0.6722353483047413,0.6178343523680561,0.42436964883532824,0.523359376721593,0.6590455193324966,0.525661961431884,0.6208041168916748,0.46409274593721195,0.5441769631407133,0.5993243648342997,0.36412667141160626,0.5482706891335786,0.5400173029488478,0.5215141878420865,0.5573468961667278,0.5823306573653041,0.5246114698858002,0.3294141515517562,0.4681680366409542,0.46785660303104154,0.3206621346055182,0.44306205417300215,0.6297371968365132,0.6866190286957657,0.1460186311551964,0.5775731366957574,0.6071695395323062,0.29023843731501486,0.39553629118862693,0.4693443531495868,0.37271069895295256,0.6820655593164309,0.6150229844034445,0.2540217456155596,0.4541817061492359,0.3631022832068733,0.5396331879424436,0.34285318698788875,0.5910627674741051,0.18980819029497242,0.3917456981633936,0.25432017947036667,0.4356845071222467,0.44372942481829764,0.3483528421485897,0.6014448463246338,0.5571390000679988,0.33702774298731253,0.3005258217283525,0.6086837812101514,0.5166394004238529,0.4384002022747948,0.5790368882098966,0.461425927256955,0.5684819542265532,0.4575184339024569,0.3871356185234422,0.4542444942794501,0.317576253340449,-0.02576342545934066,0.5998433663533029,0.5353494412079807,0.5594024275716788,0.5914852976780222,0.39031795237585415,0.07974439418354151,0.48301390380573117,0.5214246223762459,0.4020263043407294,0.6617176976587887,0.643627980323929,0.5081535483924787,0.41587003140579465,0.6012384741492007,0.40983650674538824,0.45492484234486497,0.4140633630027904,0.511979369100918,0.26386794992324486,0.5168351856020863,0.18790353628003947,0.4663951378692602,0.6031700833342645,0.38205186156176857,0.4454219749320134,0.45136216538835827,0.6242644181157592,0.31107666422505764,0.24420083496168737,0.3471268973867315,0.606575640523504,0.5492613452226375,0.4166299290405631,0.529267526258107,0.4120419527841658,0.5667037051953268,0.5008773438594368,0.36148203034135346,0.6000908521863323,0.5906882783349914,0.5118989579773361,0.41834254143106403,0.6794022318492354,0.449504501652891,0.35545158425230133,0.1364426585804713,0.6515784442655318,0.44141623047552875,0.4099239332606556,0.4057513969471292,0.4039658314014895,0.41048977528936315,0.43017894861608924,0.5378287375665339,0.5776375085333749,0.49485665975337506,0.2294420901173011,0.38562595127915944,0.3244955214681657,0.44507446674007684,0.49045736642526216,0.36480355809634163,1.0,0.5111285785256355,0.4847967002647364,0.34592704065325186,0.6095405630601095,0.3712645670570369,0.22742562159268087,0.22178490033179785,0.5391347392546738,0.2608877199536895,0.4930499247303953,0.4755347232453448,0.49994858494097705,0.6095075721550172,0.22733102005557598,0.6324946917838318,0.19125560839435923,0.3887115369023663,0.4610289661959315,0.6459042373117976,0.5530290343743144,0.5628694998257225,0.6807078241087118,0.05168163889962607,0.4299767538389297,0.2922245186627661,0.5530235162505016,0.4937094748805084
BONE_returns,0.538932315294345,0.4873636879797988,0.511685907859741,0.4018399741285009,0.409920404248151,0.4405407692232569,0.4550119359555129,0.4791057150957396,0.5600533980074025,0.4662688467669279,0.5530892353593335,0.35680848052898356,0.4500059898109303,0.4755141119241208,0.43213748615167624,0.4291669622594587,0.45461171383634996,0.43524827476398054,0.4743645487003348,0.33751676291152816,0.5483222523516408,0.4218255303910683,0.22224117540117885,0.3482279272032159,0.45207912982125587,0.3757968545225454,0.34298901095793377,0.5798449194834809,0.2679610618851193,0.5671376875643236,0.48899866041024576,0.36426031451402074,0.48240661212542635,0.5103191862934989,0.4693097129519245,0.5013010879665234,0.38678935706673606,0.46826990430047766,0.48993897295634736,0.3397901769040043,0.4104114432151,0.43591416354475987,0.43084744980180606,0.4718752822992629,0.4668651945716001,0.45706315823373495,0.22438892905043117,0.426255623825622,0.42005019249910414,0.2688543722105564,0.3896560941270093,0.5065669154262907,0.5472083081356292,0.16753090564829942,0.46740235376636236,0.5124152754437898,0.22587508287297145,0.3711405706888233,0.42161529236405676,0.3033161893728709,0.5208358408365524,0.4553813494222262,0.22737020094727559,0.3415151832857115,0.27490438386721205,0.42645072728609873,0.25516316990734533,0.5063401692423646,0.13948561649235783,0.32055301611147863,0.23652357774542349,0.36615580112373897,0.3738326540981854,0.3103707811127883,0.5385440167407856,0.44770588048970805,0.28776905299248745,0.2767936252576317,0.4861310532671993,0.4360677460834929,0.356685696667043,0.44459691519967737,0.39627389349923275,0.4604011334037624,0.44244389380466886,0.29274817823956933,0.3807571535187431,0.26185646266552737,-0.002778560115992481,0.44497355087301804,0.4690704263699973,0.4320002311242994,0.48836842159720284,0.3534830110907203,0.03305418224945473,0.4295162752761234,0.3983721077175582,0.37426357425037876,0.4955734247822596,0.539462869526299,0.4231531904605539,0.3576640146641714,0.49123770963828844,0.3834135050800981,0.33980919232254864,0.38086693839095104,0.40679526669879346,0.204463430183289,0.43214941758455133,0.19067721984877017,0.3786646200818856,0.42703365064709825,0.2826158085548243,0.4131942124210937,0.35337621518701995,0.4782627786170574,0.27182665075347767,0.21580752121415098,0.3000568917061354,0.5212091369377788,0.4226338872474824,0.30380844002512847,0.4957193919420728,0.29676810536595055,0.42203832410055053,0.3506691602708274,0.3469073201791209,0.4659636424609924,0.45037846143930743,0.42483261075433754,0.3515270851622039,0.578050344955095,0.4821077084904949,0.32638892920142576,0.12464738114605509,0.543600924787945,0.33161819882377613,0.3683123035878877,0.32688866053630294,0.3546022266146925,0.34578598976713254,0.36138443943400955,0.5031366828667817,0.47240524943083195,0.4290965764889102,0.22819544156770652,0.3334516736057662,0.2741440241532333,0.433106876999612,0.4273037668258375,0.2733404309492255,0.5111285785256355,1.0,0.4454909647427292,0.2644290667447364,0.45642141566542876,0.3579594671734344,0.20846703579233988,0.19575523570827472,0.4358522118524214,0.19899485958945815,0.4830479030366503,0.36392687497125165,0.42876798839049224,0.5156001279116631,0.19730352768970408,0.5456716750861387,0.17202571128578384,0.40383601806143454,0.4055257040702874,0.47518892968268467,0.45436415816183484,0.45874720371667776,0.5068419839430818,0.03121657533525065,0.3259950495629093,0.24880111621875742,0.48628033215894034,0.469081011591492
API3_returns,0.5709997743254783,0.34164221694740965,0.5688231246403818,0.37724848864215754,0.40678032112923945,0.44992350479148985,0.5132176244324206,0.5853324873497194,0.6076104882226565,0.4716559573136394,0.5237851593224907,0.3062876478748138,0.48049588457765474,0.5217379100680299,0.4697541489126366,0.5020809196298458,0.5132662994457482,0.44104796484679387,0.5340360438029719,0.3830541207821546,0.5931355502717172,0.37773832460481094,0.24864116194492583,0.31275215948718915,0.49438466170911527,0.35950293935933886,0.35314625239628394,0.5826032799384379,0.2916919836301678,0.5765803724596639,0.5682559367254003,0.3261396455662198,0.43481358515514285,0.5661832683683888,0.4630913740594556,0.5255977732322916,0.3743370931185611,0.45230260704063846,0.5080679867327516,0.31758353330737293,0.5015165431680708,0.44021420462766914,0.4350861794755302,0.4935048976000733,0.5184049662541397,0.4403645827354117,0.2831006966728653,0.4275629535220313,0.3999145942171809,0.2636903265755283,0.4129957731869462,0.5836044974182738,0.5918259544052784,0.16804737058740796,0.5150560522704422,0.5057408715449719,0.258960349810086,0.36615168386688046,0.4316449165742875,0.354058976310246,0.5922290734102961,0.48671737941792836,0.19319481811189435,0.3985075971421754,0.23023271924460106,0.48817548333240735,0.2748091235339649,0.5480208668766656,0.16294337223569666,0.2700934244347081,0.16025497945941616,0.3856794639421798,0.3648453336170121,0.2895143323748978,0.5284793699925037,0.4740973391254039,0.29112110459399276,0.23580365062029063,0.6351236705475588,0.47043726744210335,0.3304319518598772,0.5189454817835298,0.44309582384056095,0.4759301526794099,0.449303450157981,0.3480759150317457,0.3894159196101864,0.24360436949581477,-0.005946049654579373,0.5139415580220509,0.49125668153957563,0.5117800827471147,0.5206442390379089,0.36847762076869445,0.03725403125598324,0.3960666927703652,0.43256958632083375,0.3792575797670736,0.5346861043814953,0.5581242671353686,0.49036263217804665,0.4532563557984044,0.5166081646315869,0.3424271909204995,0.3677296166920837,0.33235614307007755,0.43713858283353835,0.22575388244235553,0.4093812090653181,0.164059450043417,0.4005037835574207,0.5256547136639071,0.30213292476312487,0.4028546424690241,0.33920422669834077,0.5382353143002696,0.26055356187820916,0.16275498051309992,0.31027228838209253,0.5432955208975535,0.3608510044976568,0.39735706595218234,0.49352452292632865,0.2979370768910807,0.4857600890123567,0.37543249520855154,0.32516187538872454,0.5228117782830884,0.5081923947869186,0.41921573068486,0.41842719649294713,0.6082734482367145,0.33212948741445325,0.2650701977046551,0.14560493497290225,0.5821944578161085,0.38260588192682965,0.33372426725361276,0.35604567452270103,0.31737282268724454,0.32915407665600116,0.31649595891169013,0.3967566460905956,0.5302605723375851,0.41452466014756045,0.18314625314058,0.30451390075365675,0.34505752626858655,0.43621221186732834,0.39475004113971923,0.3226026698392013,0.4847967002647364,0.4454909647427292,1.0,0.2434282842069941,0.5231477764255239,0.28796378388041666,0.21155427092555998,0.14133496268815351,0.5078022239683001,0.1822792007643315,0.4009255069471599,0.46616659260772225,0.43536314209939847,0.5442285964641398,0.20841545251767649,0.5426880280268345,0.12160593448904147,0.3272415540076161,0.40968945357043784,0.5409738448226707,0.49426051302172486,0.5369091558776059,0.5971649276333238,0.001146978545224696,0.37883246997052117,0.24700344206471586,0.5117638181809894,0.428446372534118
AUCTION_returns,0.38738957600329943,0.22419753773344855,0.3794290325059773,0.3045726452544759,0.31059231170026685,0.31970163845231137,0.3354413536348139,0.36850316199619326,0.42912912771085704,0.2602611615987574,0.3461880313794693,0.2110062238900659,0.3415558616317168,0.4152103335712872,0.37008086208315427,0.29881342523919935,0.35815505464815856,0.2954282124859388,0.3402111478838879,0.2659213415421666,0.4107322933167805,0.29199241664592646,0.21786850436697203,0.2538657119836113,0.2947065681962033,0.21833568773761608,0.2429631838206113,0.3887069625462498,0.17442832057504462,0.3785932052607351,0.3324645855967892,0.22438805152151708,0.32085861207362865,0.43779312226609235,0.3260386818330836,0.38786127636136936,0.26619756864976896,0.3443802866025807,0.34529936308267917,0.256683319457437,0.42061335410008843,0.27435603233784567,0.33871508942738743,0.3768837626311995,0.32563795549579116,0.24360237211396862,0.1889221259858881,0.36242723091722023,0.31155609699856746,0.13525215925566475,0.2617896578929394,0.42922821131313343,0.3851731782897918,0.18102891217764944,0.34989569985223085,0.354068524110505,0.3002448714960527,0.2646855972957971,0.31899825209660865,0.24421385780645719,0.38618342418334994,0.3541848232197892,0.15447589322654945,0.23436673363091906,0.18579155946529427,0.3329583688733786,0.18010226790252062,0.3772577824796031,0.168507657448581,0.1862127315220207,0.16278149306897644,0.26277406076222015,0.3049243558573664,0.2636751489917867,0.3918866069550467,0.36883625311325724,0.2177816061493899,0.17913516358927595,0.36957406534940546,0.38556242406680974,0.27111800342153597,0.34194694720740815,0.2989439542199714,0.35093980694940463,0.24187229944868582,0.19871847926932995,0.33208542876022307,0.19886104858718515,0.002094414564801187,0.32475066793427737,0.3371709077214603,0.2813337853771382,0.3469220719461847,0.23216970706225143,0.06827763830352708,0.2452278307453794,0.3039530447587148,0.2585536669711079,0.38070289743762203,0.3930243871558358,0.28200722344121165,0.2517335447700335,0.3476628832490957,0.27027920886754253,0.24482578300147528,0.2491654976452552,0.2918251279414287,0.1772556428617443,0.3213229233245559,0.10556441734437992,0.2890023385519818,0.3537712535589993,0.2520951799241565,0.3189657356478771,0.26051260391390924,0.33890320261446066,0.19403921308567978,0.1350733373337372,0.15617383298385354,0.4166721828622063,0.2940573687365007,0.2994154314764691,0.31245980238169363,0.2688212844434628,0.33636007991051015,0.28542772777444303,0.2584831313845292,0.3665279602535675,0.3962528923454279,0.3195369248620885,0.2570268085389279,0.42826835203396535,0.23389988906945958,0.21397041141267575,0.09028953609763497,0.39691154712371496,0.28045185495329644,0.26229013864073797,0.2736218125114649,0.197799120232719,0.299025112347189,0.2620071205602858,0.29135144594172446,0.33454857110582814,0.2591418039612141,0.11265454100430333,0.2555744417511399,0.19987949247342743,0.3018738463828095,0.31488982584970526,0.24091121245927075,0.34592704065325186,0.2644290667447364,0.2434282842069941,1.0,0.3034876540450744,0.23641923691756267,0.09426720098329755,0.13044307264296318,0.34888288430981573,0.06358128992529477,0.3202702358059266,0.3150817570821503,0.32998743045366563,0.4078095200650754,0.173786598954145,0.3921479407987833,0.14113483913970207,0.22971676192074336,0.2587465672666736,0.34069725145301316,0.3597951736049841,0.32446960463445834,0.3862593479550055,0.06002938648069799,0.2420178791159242,0.1953986904666015,0.36121019921723624,0.3071990719326361
VANRY_returns,0.6338681611987413,0.4347697198982625,0.6559705154026562,0.5344670357320394,0.4471798890554561,0.524256119690725,0.5669598829713435,0.6468098749922122,0.71359531987916,0.4743159573101361,0.5771321348755941,0.3619108122279729,0.4976703209144015,0.6045415677352376,0.5228195620956234,0.5991039089984338,0.5437456057989647,0.5182550520197904,0.5530302546714048,0.3881458240784717,0.6755754824284225,0.47668799103685655,0.25039542266236725,0.33218377449345265,0.5420995443577322,0.41087652104257255,0.3941054096726895,0.6584512141799487,0.31846773399020356,0.6953748649042579,0.5932742982160509,0.38034942779183095,0.5147772506472781,0.6648684440384588,0.5049353496727967,0.5982607135103569,0.4579553865152367,0.5154794847641416,0.5829814713450893,0.36550726763997216,0.5271008421176354,0.5044007516289585,0.4715862620161355,0.5796132873055825,0.6080214914426035,0.5001125385444559,0.3031726846386773,0.5024649093651501,0.48223446526785985,0.31155054157279005,0.4322656936917535,0.6534087974511297,0.6611311262958588,0.1526354467807024,0.5746658807791096,0.5833805454158504,0.3139561862580558,0.4216482146222735,0.5259718966389927,0.38045779718480566,0.6499062813692472,0.5645249530404848,0.23066740329684648,0.4560765268225067,0.34960087801014894,0.5474243635126853,0.3625762554082138,0.5755764868400296,0.21115546566719492,0.35451917209189854,0.22722089532036446,0.48628895248501525,0.41972493155975077,0.35939864567441254,0.5922683428042221,0.5277085078076319,0.3694770395582209,0.2567447813791568,0.6409281133536155,0.49960545119579874,0.43383728719153963,0.6028603393315604,0.5126860663524605,0.5845236368262107,0.442237971024369,0.4246456049460022,0.4669146237510563,0.30010332955175884,-0.008334721187781736,0.6092120160449619,0.5396599411535388,0.5492056447892397,0.620021818029451,0.4167946321841844,0.09242017341200981,0.49622588161869974,0.5325780095950764,0.3619569788879817,0.623459209861395,0.6372723330742174,0.482931990124783,0.4483014899098077,0.5816629631053593,0.4055238044011859,0.44688787538820657,0.4271653276023593,0.5228328915246895,0.2246824773700608,0.4959814622305284,0.13639947998928853,0.49107813175475445,0.5818377913370179,0.3777969472013931,0.4596208449289275,0.45298710318668056,0.5958777269045411,0.29027510351675423,0.2153067408013953,0.36327114777306124,0.6145041530842725,0.40224689643904415,0.3664505039891678,0.5328157855351164,0.4243023209975385,0.5678432995000866,0.48614214154772944,0.36706257226025074,0.5817228219725469,0.5925613575199649,0.47835754636525696,0.4465036050084715,0.6590945120059256,0.43619458372720105,0.2999724271956715,0.18146788112496262,0.6278938881568156,0.4474352071884505,0.43405073995545473,0.41695811026449753,0.38445129454454835,0.4032454322297506,0.37307496817014624,0.4742065328477644,0.625412618381091,0.5159429387275278,0.24283687203471838,0.3556664247589011,0.28435742187672597,0.44406411210287566,0.4703113804076974,0.33648095361522146,0.6095405630601095,0.45642141566542876,0.5231477764255239,0.3034876540450744,1.0,0.3270938513775178,0.19489258480545266,0.16833630649279907,0.5654770562964164,0.19000565199477146,0.456383604700352,0.4628339076847552,0.5049443005552559,0.6178462631959784,0.257184891978948,0.6039671491189917,0.25215203254184304,0.38333276395660687,0.44818139683135844,0.5977821674640169,0.5611895524677185,0.586156283692834,0.6683187779675371,0.1419921961438842,0.40449809331122655,0.33824904957143936,0.554982487267654,0.45841285158638473
XYM_returns,0.43278625538664717,0.2501624856499933,0.4157610624574232,0.3268811385770845,0.29894601335215004,0.3449438668445358,0.3592626231347568,0.42018547178840326,0.47983758368320784,0.3508629631450683,0.49619761009333113,0.248675253495971,0.327894852367358,0.39797867726534547,0.3582971146754352,0.3559570399597615,0.315752325329982,0.2877315489683445,0.3951763378411186,0.264298023492451,0.46537035761769247,0.2984235488808155,0.2058876823747993,0.2748931864330666,0.2998460513558398,0.2859401464828701,0.28771361346684565,0.44111306562608094,0.1723776493969852,0.42536171363999026,0.3561932048836562,0.27095552255186334,0.34866745711679603,0.41160145193192355,0.3654899796731088,0.40119294087880364,0.32808766624365776,0.32690970340983105,0.3836826397431184,0.3041760642513373,0.3604837600869641,0.3920670658389763,0.32976542863074365,0.385090600212239,0.3855590199121195,0.2797852379805973,0.18853773128835594,0.400170316455101,0.3765597398998658,0.18736648872490955,0.3596913887554175,0.3603954006267519,0.4747238494797748,0.09486263635396851,0.3393153957718722,0.3362419443411298,0.19402155971171334,0.19749795261681352,0.3149573475762907,0.1709572423843612,0.4340477230477659,0.3605683626379477,0.19526687023582207,0.196255005484723,0.21122501356041143,0.3786459004081111,0.16901371219287709,0.4489189469237881,0.12022003675152763,0.2926470898454134,0.16862321726079588,0.2623260306644702,0.30142489107809506,0.2267197090688117,0.3947089337962989,0.3313549461847224,0.29287428728844167,0.2185821249890446,0.4037631167539134,0.30684374788239377,0.262620172999641,0.35451396554981734,0.3414714562404173,0.3647796114928654,0.3116445240203105,0.231408518783083,0.28301418559841257,0.17345942604402995,-0.011370284696215835,0.38120250074775425,0.32531213974363843,0.34570178050998923,0.33793455730018024,0.217761639280244,0.06477847616079259,0.32468345418078276,0.31133478342206905,0.25682570979386987,0.388419476202084,0.4495035816110397,0.31762845604656587,0.28817250961078084,0.38800433118746214,0.298715939988333,0.3304843866375695,0.280905404477614,0.26749478052042003,0.15647374060714156,0.3411968039784137,0.11225186380830793,0.29533899908320005,0.3521483295884944,0.21603039554975662,0.33120409649303967,0.2534470528386821,0.3936850848876207,0.20075080944735124,0.11942449581943049,0.17422670830848563,0.42499019028219015,0.33292271841257826,0.24247157409961836,0.3015551193224798,0.18929254069063722,0.320822225229197,0.2873676014567459,0.2885551873262867,0.3644397581596444,0.38787151541603443,0.3429620987363532,0.27864718369791325,0.47286062616377683,0.2396258777155562,0.21263981278287042,0.10959989096451457,0.4128511884619033,0.2567502939563404,0.2155722692503465,0.27935269284437636,0.26594078170680996,0.29641909494471674,0.32538275623643853,0.323465336010089,0.36499582184140517,0.3367439582329682,0.12106618077016397,0.27325131563468236,0.18209640605916094,0.351938732319667,0.32008132168195225,0.23386864704470117,0.3712645670570369,0.3579594671734344,0.28796378388041666,0.23641923691756267,0.3270938513775178,1.0,0.08352036814750566,0.10843786667711432,0.3395640897658753,0.15712448108663424,0.3598754126863176,0.27992457814011756,0.35682783696295955,0.41308426757249717,0.1482767266461326,0.39717006020502765,0.11848186701169153,0.28680636019538736,0.24958914998213172,0.3984450605111575,0.39332782628428725,0.31898529028012795,0.3911466432680257,0.046678662160796164,0.28590346424186275,0.19570390918613897,0.3581378822285652,0.3895135769692695
PRO_returns,0.22330591117773513,0.16558000379557825,0.1688833067971228,0.12428737913455314,0.12437031520626486,0.19068926573742812,0.16446771209001443,0.18787311479393817,0.21947913203906474,0.16638051180943852,0.18542304376727797,0.16852459324360736,0.21149197222224858,0.2012974509312297,0.16769462616610792,0.18457140288433585,0.1409200958462834,0.19472095626291125,0.18207819409053325,0.1452843903771925,0.20634412130134025,0.18477238756788564,0.10042063777148504,0.13046027930896817,0.20005813935588707,0.1592034301859367,0.14959026630402636,0.20646376154178575,0.2103032801603493,0.19512235400236463,0.20373014643813558,0.1751153101444458,0.19589219418295958,0.21694008843812693,0.1919948675561918,0.21166190780864302,0.15207337956014763,0.17920099920102756,0.20482533157494515,0.106156670935484,0.19218710350594886,0.17729176239077174,0.2237729613722331,0.20873261859608863,0.18855529746995578,0.16030045884919,0.15177619649466634,0.13808945773352677,0.13292767164050184,0.13696666020743595,0.14106709660596403,0.21999107368925666,0.20359004105872444,0.09753658527102346,0.19422489962065706,0.19167679299107782,0.11410207095353912,0.12877989673178683,0.13906087094589287,0.12022827756636985,0.19453922397884574,0.18257774166714258,0.05164432533355093,0.18068338066137254,0.08805101552933246,0.14719116654306097,0.1455648431050484,0.21244035859304644,0.06299084379782606,0.09539760814080067,0.13454310054008686,0.14680450297731237,0.15503705121670813,0.14359355456882408,0.2184318423001403,0.1656475266252931,0.17412027550718717,0.12489831777096586,0.19697757002136415,0.17596844197295997,0.13164228752760695,0.1739849732472087,0.12008053875228118,0.25525953988640004,0.1982911821338111,0.19476582035319284,0.16705435935580443,0.10051569859968419,0.07965229574077337,0.20244859819033104,0.17882935232682223,0.17187246001328269,0.19665523937132778,0.2073722768998722,-0.08087266380483549,0.12123315666379927,0.18140665085767685,0.21279354675484,0.2287573847008611,0.22775113827810511,0.15302223896928407,0.12781678380762465,0.18122702458687465,0.15894326714261542,0.11445368013618279,0.07683109740318335,0.20150875503102506,0.165833711346388,0.2022610161227147,0.022925933284069413,0.18219093180502366,0.17775235399601336,0.11651183682640144,0.19522296066570377,0.15064406745491551,0.22965891593113985,0.06276745797507638,0.20465748777168793,0.14850612027696183,0.22441784193510586,0.1506524476045305,0.10232428348654442,0.1799208597053674,0.17180126911576427,0.16955786299684997,0.19490587507776047,0.09555903689329637,0.19285844106753477,0.18142350646620942,0.2029231453718129,0.1284176107974689,0.20617380512217878,0.1681296854120155,0.10653171883104673,0.12016483644277383,0.2058887267061393,0.1838227864448923,0.18653405280340324,0.09901488341831943,0.17951008459134715,0.17035122774010264,0.20030982729647817,0.1902558725683844,0.17947650047537697,0.19768984879673654,0.06053953363975559,0.12653661616496395,0.0862148080677838,0.2032848328519931,0.10053365694870274,0.13596892454329548,0.22742562159268087,0.20846703579233988,0.21155427092555998,0.09426720098329755,0.19489258480545266,0.08352036814750566,1.0,0.08073455313457248,0.2145263745914614,0.10366725326882827,0.17318097697923576,0.13024208213317767,0.1557988701288013,0.18291297227922307,0.03727606685127862,0.24217398185606848,0.024268782158031847,0.1709384079305882,0.13412835942731002,0.23045330759720004,0.12198458213261203,0.18788510062235536,0.2216840536876523,-0.033452014732401884,0.17371582524599072,0.15226154690145066,0.17677597833343467,0.1712159836084015
PCI_returns,0.21242208025271966,0.13731851247107207,0.22547330595008833,0.18515418840045875,0.12899809274239418,0.16888901479304017,0.21797429289733003,0.175104443223172,0.1957462302410258,0.18535901127423013,0.1752702690679925,0.15422806924467908,0.16740173544989798,0.21468872313699924,0.14556534552348996,0.10435168093277764,0.17025581961318756,0.17339318182734098,0.17940001469918654,0.1288376667601566,0.18791830489551453,0.1392486573620547,0.1437678666532822,0.15274643029580814,0.10960883757480094,0.1265980760634071,0.1528829402467165,0.22106051314374228,0.1277111684720343,0.2102946998384693,0.17248519118329672,0.1882354338234199,0.16639118515153628,0.21248144867693936,0.14817901528284222,0.1988684077016941,0.19265571883828536,0.13713992337649483,0.182649630237238,0.10882379412797936,0.15752272123576685,0.14710844869737125,0.17637191813799355,0.18484947012672803,0.21768638533000106,0.1164062625909185,0.123393528612744,0.17940208444748815,0.17686942566987396,0.121609741534019,0.20202062339347418,0.1962733471059678,0.21001145883878833,0.07867096347322959,0.16037349185748762,0.17212813402177443,0.08839161586847792,0.15941602041954916,0.16741217074740863,0.16896499551105035,0.22382137169859023,0.2063937019439775,0.05269497012410457,0.17291933695921055,0.18062535537234406,0.1637339257539535,0.14506842556313276,0.19219843559930086,0.14436122969606915,0.12989043616267337,0.10351631288067045,0.12383630509833705,0.18463602147748573,0.1036369074516204,0.19606554569826756,0.17843783491155915,0.14129064126306093,0.09081172202858284,0.17745605271406087,0.16835638733336097,0.12059619431103961,0.17418673064624918,0.1380007546887279,0.18233748896853175,0.15852533841829192,0.1952604706122496,0.08316498985814848,0.14221267157156545,0.027490890507673182,0.1568361237243611,0.17752905913355013,0.20363379038886492,0.1844421414984494,0.136879687471971,0.04994955354712732,0.15065266334267213,0.2301024922076835,0.21386278845474008,0.1941878154684416,0.19147959355242095,0.12199196789571752,0.1427663112919595,0.20785460564463307,0.13858836945159345,0.12886675236168846,0.09517681092385792,0.17395742429631061,0.10550847554341009,0.21527233134348192,0.16470295642947644,0.21055300582786682,0.17405798671333395,0.10134616229118781,0.1170885892819398,0.14337831255578548,0.21971094710964895,0.13626920541997734,0.07546164507344483,0.13295428607059295,0.18399958975529102,0.11468765387203385,0.14650211379112416,0.1546055244536543,0.14091233976457185,0.16443644371353106,0.10997410759594851,0.1465440556319323,0.22585830620497832,0.16928895049059145,0.16708860709653797,0.07892681585568344,0.19474508635282559,0.13445989110970277,0.11812858456786764,0.008303543118403128,0.23296827472903175,0.1299541917147664,0.18241858711736145,0.12989173403053478,0.09807448707016765,0.11455384652198665,0.1207440786309773,0.1719505800077754,0.15947699690559639,0.1191140099102002,0.13085000406241815,0.17708844547587033,0.1385796487846733,0.18210586560833858,0.12968074167560184,0.10541407464992342,0.22178490033179785,0.19575523570827472,0.14133496268815351,0.13044307264296318,0.16833630649279907,0.10843786667711432,0.08073455313457248,1.0,0.11567745545727871,0.12359177761637678,0.19451709425105204,0.14527038440122395,0.1150465576703864,0.16978379415905173,0.11764570665314393,0.17807878513898978,0.1741800495253929,0.1384825191276171,0.18932146378626274,0.15852063139173556,0.1955195909851075,0.14804525089548523,0.2234990234104205,0.00969758044730478,0.19583746871220106,0.09180596219256244,0.208714465242202,0.1561099103500116
NMR_returns,0.5691058837732041,0.4245526007610341,0.597889685311034,0.502697062714547,0.4564914962409132,0.5230262318835642,0.5175893158043294,0.6175215146665768,0.6355226827988468,0.46488722896600626,0.5671744413566978,0.3561577583140947,0.44974646614269065,0.5354248347745317,0.49963712756627565,0.491971939114004,0.5242935973409576,0.49528152411794724,0.5487403753439671,0.3955445501086414,0.6358967690882453,0.47648329328461925,0.27266331654726644,0.32772978260112345,0.48723677732946524,0.3826850576831278,0.3925519215517057,0.632099914194712,0.3213800891807883,0.5948540932571338,0.5655069333231072,0.3750280277700743,0.4891104179727252,0.6145537342724353,0.4757623322539359,0.5522527899863217,0.42108262962563175,0.47766854646248524,0.538872223728398,0.3558333128893029,0.5472373434236325,0.4691939325182573,0.4641349230714354,0.528931735698138,0.550912519771857,0.43035533009319665,0.2971728763759025,0.458311106250275,0.4003501190333628,0.2654520487419042,0.4462881742727834,0.5747617359516975,0.6188306547530731,0.14875642748701937,0.5182103849697018,0.5487417826553527,0.28772228788544785,0.3516704711509167,0.42786102155437883,0.3686902535807466,0.6209393060858773,0.5216282549172485,0.20341167834524718,0.43617636204057936,0.28400669143277674,0.49856458891684236,0.3256301943115898,0.5609498851076604,0.21016299824701198,0.30931963680943053,0.25269905565403633,0.4137036182038273,0.41385036449002005,0.36629769120163813,0.5527638977404158,0.508418203733907,0.3590599300517693,0.27028180964619963,0.5962369744665976,0.4896187449127902,0.41690338630320833,0.5493722320690219,0.48024541160465734,0.5335706018343102,0.4500391583508536,0.35318755914229905,0.42950724233490245,0.2576125949341075,0.0378552317984892,0.5554117221155586,0.4995079372170391,0.4842832266977727,0.5368991789467389,0.35720122423034,0.07197656079598305,0.4119699336420081,0.4594961470798078,0.37516265494232875,0.5726665774750476,0.6046741826668031,0.4838796980101332,0.44822554439272927,0.5444898301400526,0.44015156568066355,0.4158075520587485,0.3880594406801128,0.4548070855407902,0.21338809811868362,0.4500743365001954,0.16140599959896532,0.4339490173415143,0.5374030087197355,0.3582653160175981,0.4829633921257225,0.3962151330327061,0.5526281444124721,0.2907197306158774,0.18840914231749759,0.3213773857222863,0.5797639899305356,0.41624708598983595,0.41571655582359845,0.5107979691538018,0.40240399856489595,0.5403249021519543,0.520300220201141,0.3608389456095526,0.5455209788871644,0.6584290551259062,0.48736281294528044,0.4027972453081471,0.6253588867012305,0.36724344874869763,0.27908507999682186,0.1539073932994338,0.6147734057237781,0.4495536436655165,0.37497040546441385,0.4243652560569624,0.3604307975449584,0.3825532531817311,0.32945700292642377,0.4471700739561357,0.5264421255813051,0.45736354528528406,0.1955328606829774,0.34435403114777385,0.29338960478622766,0.43039069191822055,0.461693822379246,0.3991828050103944,0.5391347392546738,0.4358522118524214,0.5078022239683001,0.34888288430981573,0.5654770562964164,0.3395640897658753,0.2145263745914614,0.11567745545727871,1.0,0.16095921825847992,0.4714909784893143,0.47515647826289414,0.4682185764331875,0.5659994938199047,0.27002519806895187,0.5808675089595506,0.15481303304870792,0.36490685934910216,0.4474062196184657,0.589970421691892,0.5651220006581971,0.5457665264530908,0.6075133890956951,0.04563229810882358,0.35883372839893946,0.2711516865552296,0.5340512476058327,0.4634026497329808
BTRST_returns,0.19310710197211758,0.13796509945390162,0.23313977548887505,0.13359319089611185,0.16988526772447238,0.23863348254381309,0.2226887210945652,0.1980308165302277,0.1874413374215994,0.19541903277578548,0.14460805598439883,0.21169870157143417,0.1771511801189767,0.20334883054131273,0.17555914528994765,0.155761757678039,0.19479036192380775,0.15024668073407849,0.1862779337504491,0.10238633978399612,0.21375992071927183,0.17042415678148934,0.060542052627174846,0.12691096136930163,0.1319250106409082,0.0731408894138172,0.10995108999494783,0.23092867824803318,0.11541297310599899,0.2020347890565854,0.2172174200874394,0.23574443764459876,0.23694435660223748,0.19644198016149167,0.1819953721330294,0.23672089526869863,0.19512784666108302,0.15943456075591586,0.17345948580393392,0.1076524038936112,0.181204433188747,0.16105283575513574,0.17694966378916505,0.24938209245035148,0.21953909774354136,0.15671512773109914,0.10896212560540902,0.1872741446162968,0.21249518304574663,0.16426937081404555,0.1326147754290339,0.20829982787432502,0.23774114588270387,0.006803852256048513,0.1581870907365827,0.20334932544804574,0.1086473087057873,0.14791646066058797,0.1748433135646326,0.12488997634464914,0.23961531507656708,0.19485338100729674,0.04128810481832799,0.19185378072781956,0.13929999042225355,0.17945048920734616,0.1260523170381244,0.16819934782331958,0.04999401085441333,0.04696404969429487,0.20267572819180782,0.16368587003632382,0.18004438847149848,0.16379766124396974,0.19845223861403652,0.1950226977127802,0.13928435518612167,0.12108027087467393,0.22032884267429853,0.1114721410475437,0.16319580955796503,0.21865536349158016,0.13949312443977596,0.2798570442650375,0.15696330432807243,0.17620798227730775,0.12657227336676175,0.0948651671966621,-0.005571590642041809,0.18942165656234886,0.1695139641110143,0.21193681701700082,0.1602740107776392,0.22934965934764143,0.0024495507202433172,0.20218411280026266,0.17394377762898205,0.22158495067835735,0.21974512967934637,0.21119243405266439,0.19544098822869532,0.17347193313679618,0.24479686597361347,0.17904236830441972,0.10939075179634332,0.09379559815480927,0.19771976646755962,0.10452238338866253,0.224856538893903,0.05309173005238553,0.17146004633735004,0.2031917841186907,0.12977825551961183,0.12171656378435627,0.19490830718429222,0.18038653547434755,0.14874801595190962,0.12809685962801742,0.13368915288139757,0.14661907411446676,0.22548421152228162,0.10380016323883119,0.16972776041830318,0.21410233159469977,0.18732643514603461,0.18240900705166269,0.15162187255159543,0.1812103841946437,0.22334728529025508,0.13939342398816604,0.15627119579725957,0.21430455521584602,0.18695581917780793,0.13284626136403263,0.026782351560779072,0.2365978046269884,0.15987829755743468,0.1487758856831134,0.16944943865026021,0.1336146177873199,0.13716054742148023,0.1432399783767696,0.312976107441127,0.216551774667811,0.15050478926148783,0.08501540091115818,0.09551865722861265,0.15420317940608483,0.19413553535258485,0.20406620788527802,0.16146524297920115,0.2608877199536895,0.19899485958945815,0.1822792007643315,0.06358128992529477,0.19000565199477146,0.15712448108663424,0.10366725326882827,0.12359177761637678,0.16095921825847992,1.0,0.21532436830059,0.14534000541839664,0.15224721702989819,0.21173001323330137,0.08253185460722648,0.23158469329654371,0.07520241106728043,0.10152274745420099,0.15169833190343734,0.2402334833940031,0.18181691299181088,0.1779709508607323,0.23960937406243515,0.012958933317805756,0.19370605858028384,0.12126753513618109,0.2002729275644586,0.13434927616598966
MED_returns,0.5572389860328957,0.3852286748883692,0.5281788086325504,0.5310310202929067,0.39366055609594625,0.57710728057913,0.4451202789992895,0.5132472368179563,0.6405524959390725,0.419191795022997,0.5540530155312557,0.354826114325691,0.41998947919544216,0.491491605578234,0.4484994343156329,0.5207289887446455,0.4836726964786932,0.4808236095446866,0.5258713281806199,0.3270220534209702,0.6305549847800801,0.39824320524820095,0.23992613544440902,0.34335343526992945,0.4361781046887318,0.3724040020592675,0.42965248167981535,0.5680295138873507,0.23642942079122564,0.5451389619285844,0.493887987620565,0.32116845936660876,0.44589412782909765,0.6467916913611745,0.46151862604460925,0.5262472263017004,0.5431391133801824,0.4418662609605685,0.4732368809519834,0.4002774988055733,0.4474965978922707,0.3688581306923159,0.567696933911907,0.5066983984740615,0.4799211943304648,0.4260420352470268,0.28375486827036916,0.5442197254638217,0.4572394143220087,0.31653780973111484,0.48520676653938816,0.5224455574769877,0.5607192593515311,0.16150084681298274,0.5175699573923497,0.49354018425026935,0.2913200639198171,0.35142151765548096,0.43345944023433636,0.35198972217298574,0.5739877055291476,0.48159005324486204,0.2585107430946525,0.3664530508273552,0.3145375149593929,0.4203814879402858,0.2841598736241406,0.5718898434387235,0.16879279847638143,0.3332636070134215,0.221098973588703,0.3571405318318731,0.5278379209833869,0.4588670127466457,0.5982732537559147,0.4540206072572994,0.32144404078910804,0.2669035276126792,0.5581891292456073,0.46608651216462266,0.5124047173340149,0.45368490029858843,0.4924535350237065,0.5031961337879879,0.4120989193281488,0.3245060985391453,0.4333310120731371,0.2305788917363347,0.00998602408608412,0.49804933736419527,0.4595273852160184,0.42474250452960205,0.4691106125294331,0.3349248448385014,0.0713035301569953,0.4381923759160095,0.4804080173240224,0.39789940514339556,0.49698392826683563,0.6554006429990382,0.4080901835145593,0.3549483312211282,0.6880564312457217,0.5153571824145136,0.4661939589941748,0.3186099290864772,0.43451660317166757,0.27332559014320684,0.680050980927348,0.14803272953543495,0.2855816060273236,0.5158931063488255,0.44936528775775675,0.4989200643265488,0.336629602710237,0.46082089463231785,0.31644282791798806,0.19411747523863027,0.273520996678884,0.6504244542825746,0.48992464084365867,0.3322747482773826,0.4441149366891322,0.36733553330665736,0.4524456163667496,0.49845611987946536,0.6150434427655483,0.4701196479301411,0.490161002033927,0.5247889731344743,0.3621037956538094,0.5788192499829339,0.38353746714699577,0.28521343096635593,0.14604670888171872,0.5591826527093264,0.3608780389213519,0.3500177777268834,0.4610223699574141,0.3486268336688349,0.5399021322188894,0.6242324973759339,0.45143254822699147,0.49802588711288914,0.4087524924750156,0.20210270147386525,0.5728330912506275,0.3186302725329874,0.4674301861578712,0.5436805981799406,0.2847667294646986,0.4930499247303953,0.4830479030366503,0.4009255069471599,0.3202702358059266,0.456383604700352,0.3598754126863176,0.17318097697923576,0.19451709425105204,0.4714909784893143,0.21532436830059,1.0,0.3742429120207374,0.566726015140126,0.6147808272038415,0.2746742813815313,0.5398500179582572,0.23647492591788133,0.4046115808956182,0.39891693841248327,0.5094499735899966,0.48592187190756453,0.4837510749016011,0.5214959959509363,0.15709432302924192,0.34762791314843156,0.26461477919741705,0.475752832880131,0.45462655832290466
MOVR_returns,0.5161588623362674,0.29482565568101865,0.5149733350432925,0.35318554389962376,0.440881580458598,0.4229939907764541,0.48674277311673136,0.5418571108081515,0.568933323059367,0.4041608102741205,0.4625888025986514,0.26587603771634216,0.46094370109472393,0.5143567799261105,0.459276448021744,0.4116094742024866,0.4816765049314754,0.4154209575582863,0.48096308568502866,0.3401385558627113,0.5239689669793293,0.41125714052434637,0.31603164334381095,0.3365170207329011,0.4129166051829021,0.3304238136246279,0.3243398309522937,0.5924472251567658,0.23383560768736814,0.5382854830707348,0.5177560751331078,0.31868585977515435,0.4413594328364406,0.537704181120225,0.41904393321000155,0.5037654520320127,0.32163322343647527,0.48358729791522426,0.5529178423259254,0.30876479650946287,0.42652632588854555,0.49635026472719074,0.4210702622995632,0.4513082507909089,0.47511911683938773,0.40425925136981816,0.2675015404543578,0.3977774027529342,0.3998341398484681,0.21788711493027368,0.3643337161141352,0.5293201809356554,0.563320951907953,0.12109791862997762,0.45408302566921444,0.48311133375996823,0.3043763750571619,0.3670070148434164,0.39224152274614627,0.28003360920944864,0.5690363192192719,0.4421243642533355,0.11612354097772797,0.3915773649986143,0.23720671496344506,0.4427488800995224,0.21978752601195356,0.46815738180860295,0.1264279545417994,0.28785607802641483,0.16750538725891537,0.3738203517361848,0.3429204698968698,0.27845520162061166,0.48147534478777587,0.4904844930454767,0.32044759590015254,0.22802320341999222,0.5298361198990732,0.3984938774246309,0.34631466213927764,0.4930464267827411,0.3599322816860752,0.4557578641128449,0.3706444453133743,0.33893572504203096,0.36455195337054996,0.19932885554334204,0.02139844824594223,0.49703104495019856,0.4585047268313732,0.4195026625033672,0.4725536125290237,0.3536482311405447,0.09356926644801294,0.4061121539699531,0.4156027535027778,0.297149877762633,0.4875224206552553,0.4982878817423933,0.41796525886166996,0.4298574717459857,0.45418902980384057,0.33121400563225983,0.3503451859027856,0.31980397083622614,0.41049238697473045,0.18431504507951768,0.36168751602540355,0.13134766909983722,0.4099604940426702,0.4953118714440482,0.2863779459852415,0.3913710474848004,0.3558034542484437,0.4957891176479461,0.27385596184266287,0.18222198920055707,0.23525859369552782,0.48682476006194997,0.3735730538799801,0.33860545891239774,0.4304553040470754,0.30033042310393393,0.5050777061795433,0.34677892231487556,0.29279546524036515,0.6858480237624824,0.47822375465026196,0.39025734743016727,0.39280865795507214,0.5824813172584759,0.32569780921440145,0.2899633719895882,0.16384075363381417,0.5515471183614661,0.37047581840135924,0.34200392773782656,0.34538194586625487,0.3179521459607563,0.30800417438324207,0.3081297954588939,0.3670597695433718,0.46754784376632047,0.3724102287515986,0.13476152417139314,0.28619553955922644,0.27825310688787547,0.39675530373272777,0.39390725962691553,0.3289881522670649,0.4755347232453448,0.36392687497125165,0.46616659260772225,0.3150817570821503,0.4628339076847552,0.27992457814011756,0.13024208213317767,0.14527038440122395,0.47515647826289414,0.14534000541839664,0.3742429120207374,1.0,0.4269279998613531,0.48090640343577284,0.1977052525524209,0.4954019560330576,0.1697775797218036,0.25980656630494137,0.42354551400505885,0.4988388160132245,0.45604218033458666,0.4693091718368964,0.5954945988492798,0.03015426995502082,0.28494786558478313,0.2524533925048456,0.4730911214822393,0.4409666183153246
MTL_returns,0.5771414443589714,0.3247945158215243,0.5561143171211789,0.47253796035578893,0.41008113598190254,0.5442481653232571,0.4904025543419016,0.5678975098580016,0.6714860606666996,0.4113897988847714,0.57741305925452,0.34069245981421525,0.43946460516487745,0.5095624562571116,0.434281169923625,0.5642478379849422,0.489123878294164,0.43832814501160855,0.5367491099955313,0.3638030653205278,0.6429417913657864,0.39533852509212475,0.2221682028093065,0.3316406890274888,0.44417994418233897,0.3183322291997936,0.42312397315181166,0.5913356451086054,0.26945286475825364,0.5586544772999118,0.5502028648152247,0.2942344987733597,0.44899879361872985,0.6195137753452065,0.4818725079992923,0.5472257029482792,0.44655800108864474,0.47590096083816014,0.49063514415863047,0.3532669255507896,0.4940411694573697,0.425949379343657,0.5017919060945237,0.4846314422935239,0.5018714146607576,0.3964036034946949,0.22358037561147304,0.5135071423123473,0.45977863553939935,0.2843134111949063,0.42462657306692847,0.5254117051322927,0.5945313075489604,0.14721578655917236,0.5037743862422038,0.5048647580624704,0.25929784920625404,0.32933870208691723,0.43936541056716266,0.3504960389556429,0.5851635895075249,0.4977659613807157,0.24278576597595397,0.3461384266749864,0.2536991002119642,0.5302493822391706,0.2758934116149288,0.578440975320984,0.15051676727251256,0.33601594375836896,0.23621062740983498,0.3616026873959499,0.4610796715179444,0.3924493412544555,0.5829903333855919,0.4608623371054592,0.31201996201252047,0.18773660373435117,0.5729364973786656,0.48905480856254807,0.4317557793717692,0.4978767913303845,0.4778497907180174,0.5000286531388,0.3716525981809351,0.30418135939308893,0.4088758368285792,0.20938699924625742,0.021532514976276337,0.4994755109368845,0.4734190486006139,0.46022956312668734,0.49252308716973386,0.37075741499139614,0.09824438337129465,0.4670393672874222,0.45654005067250697,0.36516597416354335,0.5191963703625629,0.6672065735349534,0.4068027827082625,0.36273660770501953,0.6073243411475887,0.5149746139852954,0.46678976077147255,0.36458340344888346,0.4465183702018517,0.20321096373640404,0.5367750349821374,0.12826924607104215,0.31547813632408467,0.4851992928818095,0.46119904029331715,0.6278242889442245,0.38461046572081287,0.47208077743756804,0.2693427236046491,0.1656636622871472,0.2784038317791825,0.6493261050607158,0.4935929359004617,0.3327101072090281,0.44606212231698733,0.3467184933894905,0.4617894322611303,0.4052864761840076,0.44450600824196457,0.5076813858041004,0.5036915169258485,0.5227283792587015,0.41953248561519596,0.6111407790216925,0.3888834207218654,0.3036230291578411,0.1470171590017151,0.6127029989281374,0.3959746556901318,0.32856006906456786,0.43907790976627203,0.280613743754175,0.46126481869995456,0.4292029338099462,0.40740908813046217,0.5125602591603006,0.4529229863724491,0.2094146660402459,0.4541708886320772,0.2467332551844175,0.39136371665644887,0.5109073068312275,0.29784250042417626,0.49994858494097705,0.42876798839049224,0.43536314209939847,0.32998743045366563,0.5049443005552559,0.35682783696295955,0.1557988701288013,0.1150465576703864,0.4682185764331875,0.15224721702989819,0.566726015140126,0.4269279998613531,1.0,0.5915852083989755,0.23680308763616095,0.5423270724370322,0.1818589300825802,0.34415772262504923,0.3861491272441467,0.546231652025697,0.5367450645720034,0.48658545743977144,0.5790858025821474,0.10366009952664385,0.3030231143810868,0.2623071168755974,0.47188871748022226,0.4581393727676347
KNC_returns,0.7036374251090746,0.43833101113528683,0.6823808679401352,0.5537425707730047,0.5210602917054339,0.628244863357383,0.5938346089160754,0.6980098428059893,0.7964998655758909,0.5174678585401334,0.6793261869906942,0.4375589825605986,0.5158406245438704,0.6317043832759939,0.5833074516830348,0.640499127509021,0.5963161527095929,0.5392393669930539,0.67410420574146,0.4321658216589075,0.767175565245872,0.4931830668746327,0.27868491440913146,0.39480210450526604,0.5719633887743597,0.42906021345851914,0.4894252849702012,0.7181785608152405,0.3354106634185974,0.6796809683915477,0.6546511383271897,0.3953231400573988,0.5477884865902496,0.7650297159584682,0.5671898839117326,0.6769667494045005,0.5249388274856889,0.5519113684044389,0.6083415197239236,0.4375888893596716,0.574400514833593,0.5369383183160401,0.6044159856394207,0.5874543550768541,0.6428642291752644,0.5159975591061017,0.3416065653415879,0.5635786190501063,0.5817859862296105,0.3598176633137524,0.5763892524403514,0.6444550780475233,0.6959678144174793,0.17312203173849985,0.5990600851462234,0.6216652440067888,0.31858902512609083,0.40571788826887045,0.5429726747942806,0.4094330486945894,0.7449501170694145,0.6024725557547013,0.2921281200919549,0.46863432252521514,0.36006002273754917,0.5708320266601876,0.3350328839011082,0.6925324285346506,0.2151530780670767,0.3313023823698029,0.25334195798974857,0.41248186257885694,0.5353730035296113,0.48502218602640057,0.7234366682390678,0.5703644538815454,0.3967833972822691,0.30714010167362427,0.6860857061083243,0.564578199605756,0.4989760949901673,0.605126856259678,0.5670023124426218,0.5918658311034755,0.504167963882275,0.36677259494125963,0.47052700224057703,0.26549299315101266,0.016930119214037906,0.6052020730247347,0.5834911554618704,0.5500213045565343,0.5857764967262304,0.4426509914976764,0.08905974134360625,0.5109455561105403,0.5788706264409836,0.4388037181939978,0.6453934067641226,0.7675573045802825,0.5328293690262784,0.4513692314027427,0.7273833781822935,0.5125806973320008,0.498997509014167,0.3945172983309968,0.5227223910407625,0.28229449491551784,0.6185962748009263,0.18439117769073426,0.4426819845564397,0.6343096028375304,0.46805522744065503,0.5632396559428696,0.43419389204310865,0.5939299035424637,0.3261618086332534,0.1928072318849268,0.367634545780302,0.7445851573983349,0.5272936421400902,0.39950253621520726,0.5736093088962078,0.39843580208286067,0.6062987375749939,0.5445685316765615,0.49102660006074367,0.629935381675917,0.6115881016338586,0.5988043934559041,0.4972434829153486,0.7150326388899549,0.4406342777910186,0.3517375668947642,0.1793941335790227,0.7017730415226169,0.47239744586435384,0.45940386603275907,0.516140273961536,0.3547556025564936,0.5088126026809867,0.530335264550622,0.5132707649227888,0.6171234098918403,0.5188530808614902,0.24208080914239638,0.4890352338225337,0.3756605135556359,0.5012883772432303,0.601493677779922,0.3794565476927932,0.6095075721550172,0.5156001279116631,0.5442285964641398,0.4078095200650754,0.6178462631959784,0.41308426757249717,0.18291297227922307,0.16978379415905173,0.5659994938199047,0.21173001323330137,0.6147808272038415,0.48090640343577284,0.5915852083989755,1.0,0.2964819626333103,0.6710146222301872,0.18980786175289255,0.44473922238454494,0.48456637254886686,0.6425872879482981,0.6096128952565056,0.6049724431167612,0.6873606845573549,0.10929560415169016,0.41828527032785323,0.31910903690148845,0.5684120803936912,0.5512987139113842
AERGO_returns,0.27463814929958935,0.15555110898020966,0.26335246880834534,0.26720379635546476,0.21260686067823534,0.27053920997397884,0.24704617790830957,0.27665498639947855,0.31852940895835363,0.2014639633413678,0.2972835583335774,0.19136387421189596,0.22446180462262058,0.2642714647494032,0.24758320923549165,0.2669741728122043,0.29386035938873434,0.20247593421802212,0.25645524449979873,0.2354933516168614,0.31703337717226404,0.17410541813027122,0.0905538201129385,0.12298016574225712,0.2350472198931129,0.14672091826056913,0.23083637294216452,0.2828135245470804,0.1427336738266569,0.28071178357150234,0.24645245617277312,0.15752495074450598,0.19632752032769493,0.3085716243690279,0.21583302770651203,0.2510020828473639,0.2550349734161739,0.20555655043518917,0.24513614519050014,0.165608276047806,0.2273884256021762,0.18111791445958114,0.29659997145041617,0.24332963335228758,0.3001440681344569,0.18587463709814392,0.13578480859564954,0.2554322092575673,0.22731330668902536,0.16545718921675773,0.2839388761986675,0.27916886244072764,0.27120858441485945,0.08637052581805109,0.25172368945111745,0.256646137826473,0.17161995386246282,0.15199311363209625,0.2028160615000571,0.22310805796478664,0.27667741405309954,0.2410608787323038,0.13562946169165088,0.19610996201069048,0.1862951098940604,0.20915591441612127,0.1640369768146765,0.31693322481176495,0.08870593823570619,0.1318394393359881,0.0586830441180964,0.16320227895835182,0.3412676867634653,0.21769143362704077,0.28655025091055475,0.23927250328619762,0.14249379803344586,0.11231784891535344,0.28204487455698596,0.23844047434187576,0.23815516559320904,0.2358429231593451,0.23635113279880873,0.25626673151042056,0.22421428969132876,0.14837471052056755,0.19312594085918686,0.05150963506432846,-0.030654938519635803,0.22720153685664607,0.20302068221199504,0.24994786578374964,0.2272367662651196,0.1537849931789224,0.07375204192063925,0.1668234436419947,0.2446921689087075,0.16439418309388826,0.25697096379300005,0.2957302917230067,0.23361050465953193,0.1726195963438521,0.3288984840902278,0.17835985095287188,0.24825984282469327,0.16552618100575306,0.20692379473031197,0.09845435612114697,0.2553859672707908,0.08266592128602132,0.1516565538914585,0.24856449235810327,0.23306664751404324,0.24080222572074084,0.15514185993109128,0.23139398774824357,0.12230853394235948,0.051076024368487884,0.12742499214697123,0.32445538113603295,0.2216062842208844,0.19518174680622197,0.22383737743482587,0.1432862248148747,0.23143768014012275,0.2367338371130836,0.22820327512779534,0.2559120614886533,0.2507412636565332,0.30341031761634984,0.21514877527595383,0.2721702779741106,0.15028890407671996,0.10841493125060589,0.026540744804935134,0.29928695677966216,0.13948300832160035,0.25058594885908964,0.3536576577760135,0.14708732463989316,0.24908705662036312,0.25047182191309497,0.2048779340572805,0.24685381952574184,0.16348221121042367,0.1719829780546414,0.24275327630609075,0.18290661273402897,0.21376442615709512,0.26035766621149636,0.14081143420171882,0.22733102005557598,0.19730352768970408,0.20841545251767649,0.173786598954145,0.257184891978948,0.1482767266461326,0.03727606685127862,0.11764570665314393,0.27002519806895187,0.08253185460722648,0.2746742813815313,0.1977052525524209,0.23680308763616095,0.2964819626333103,1.0,0.2045727420344913,0.09967597001967862,0.17428289971586866,0.20803070802468457,0.2669508710825612,0.2766974440370285,0.27359920956085115,0.26394555732112013,0.08776368585465666,0.1656672459415401,0.1252434716720911,0.25850274545896434,0.21529871434050235
BAL_returns,0.6981858548366117,0.4251467967801541,0.708363023542601,0.48496850363373245,0.5302323858610344,0.5738183389242624,0.61469350312257,0.6873550674776687,0.7539276585713309,0.5429723018322269,0.6582315055771583,0.43641448301492664,0.5454840521553679,0.6169804425868678,0.6072248095129369,0.5743258400520336,0.5406857846981757,0.5318189891827177,0.658185953687374,0.42657716464577056,0.736695946698281,0.5292139443391844,0.2614379650092419,0.4042395929898514,0.5479428494621837,0.4760099071986344,0.4568104643125684,0.743622444859604,0.41965383468572315,0.6819336587306604,0.680000306338019,0.42533688529740965,0.5592618232958362,0.7176007539449983,0.6121829983597767,0.6777990288972141,0.4549702422499328,0.5994787896221629,0.6300718882894587,0.4154426791672198,0.6139180043881362,0.5434172972347743,0.5448802918549,0.6207542577653757,0.6295829759385497,0.49340132069703263,0.3420478617879844,0.5211973361509034,0.515667372744784,0.38568253813206443,0.5059141296629931,0.7117859512935609,0.6945295380690669,0.21456403095382579,0.6563944873032119,0.6569719073605127,0.39030137207474674,0.4806591463866308,0.5283628174793726,0.4013576213795342,0.7297698058628541,0.6323015132434346,0.2685775506850839,0.498285730455799,0.30567616507845335,0.5906357129723339,0.39423838977050707,0.6578489329663365,0.22504598815042076,0.376433705266575,0.28841337051821514,0.5060094434210657,0.4671791507035668,0.36992855163933974,0.6508674684621297,0.6614263528160116,0.4288252559635265,0.371391003899339,0.65624075389524,0.5678394883024115,0.4629706588421127,0.6090366487464839,0.517864597499695,0.613042782091705,0.5326084890214124,0.4109878412256869,0.500027717782813,0.3215360913163383,0.01598675355064974,0.6167196373394892,0.6542879037475935,0.5457226234352592,0.6700429375365632,0.4397233692545844,0.08306121946073218,0.5474034051753267,0.5529210167367506,0.47640989022023233,0.7005888615525329,0.6983525321083294,0.5500222440266473,0.48737829765280516,0.6386574999469777,0.4247060909354758,0.4430855376980373,0.5035792577328122,0.5541261628128041,0.2351179441011124,0.5173789409942725,0.218952672552058,0.48542916864335856,0.6366234451256346,0.4109691752371489,0.5191592282051027,0.45852944968764,0.6236591729607261,0.34347160146797545,0.23459186844527255,0.3696926725941455,0.6728991999403524,0.5267103167877472,0.3907041214606633,0.6087494971048258,0.40512429840535596,0.6112737357375442,0.4674157460986734,0.43056352106870216,0.6343008577190596,0.6234860591260534,0.5298342466670151,0.47023016093365744,0.7277199256639756,0.5160006154698217,0.40222510860225685,0.19554920986685018,0.730661642405741,0.46035503595842703,0.4178034886861681,0.4151057831709879,0.4258359540837304,0.4532989408460445,0.4067938045312823,0.5761004975050763,0.6457566664221022,0.5654353550110052,0.24078754333855604,0.3518094580353929,0.3129832929187152,0.5126590519487421,0.5089653027366633,0.40006762593191286,0.6324946917838318,0.5456716750861387,0.5426880280268345,0.3921479407987833,0.6039671491189917,0.39717006020502765,0.24217398185606848,0.17807878513898978,0.5808675089595506,0.23158469329654371,0.5398500179582572,0.4954019560330576,0.5423270724370322,0.6710146222301872,0.2045727420344913,1.0,0.19616047688333627,0.4443893524570678,0.48830620424964855,0.6750553454283623,0.5862748595713849,0.6120842833001668,0.7108853365576835,0.10863068787147856,0.43085584108259706,0.3340580593895834,0.598006987276214,0.5208065470690281
GEOD_returns,0.1977211923292407,0.16691525241615465,0.2239012912008506,0.16855563537777793,0.1260262888063402,0.24092826692892821,0.22074391912474492,0.2436687917032465,0.24980532030406116,0.13320437478281666,0.15998284658079223,0.18744087060407255,0.17128631881274933,0.1719786734157493,0.20866431698462198,0.2180263108600545,0.17909304007322563,0.2918319506966804,0.135569532863679,0.09533900625168076,0.22125877834265703,0.16878637277318775,0.06369173663408834,0.08913820388972196,0.1913483353069769,0.18130949961673418,0.12557028789599706,0.25225776119557186,0.11608839266000508,0.21215319088135112,0.21166679777882436,0.13413211720079607,0.13835212295750066,0.26172422614189017,0.1692366521591907,0.1473480859833512,0.13541251926562625,0.09936215880680258,0.22498311535166624,0.13322118799580074,0.233847480288315,0.11902485365859285,0.1419389325037099,0.175751760824972,0.216148051352459,0.16151537965958476,0.11785638345373547,0.20378124625037572,0.20304978799818713,0.08058620890971555,0.10964223131935007,0.2184804573571387,0.20802672029030758,0.050763025380916045,0.20986986227224738,0.16986635704205724,0.1742343822899695,0.08482457090149648,0.16706098133842556,0.1910020827726587,0.21797993132986312,0.1903064321550859,0.09568446715030239,0.14249420570819402,0.10860348923504816,0.20449410218329186,0.12335268008935116,0.1918499097204756,0.1655524378848679,0.1473507176962367,0.08661589197186681,0.13215096575330376,0.1524619362935034,0.14869592289598077,0.18644577893534114,0.14834969925732905,0.1330738548272689,0.1566489867191543,0.23216818226516245,0.16721927970807204,0.16875336823435477,0.2034891008904504,0.17366488612778344,0.19833953856424363,0.19599009646808413,0.1451337051820885,0.18997715448721256,0.10864660170537618,0.020178691795507336,0.22650204071123187,0.18063197033598666,0.16214333143961696,0.23345009662964294,0.13435083724542118,0.09412879706574961,0.1618178404411185,0.1820428268785524,0.14872158304798455,0.1662716968864644,0.21583366456433328,0.15110254443694693,0.2080646439212545,0.24614226327171967,0.17086951956746904,0.12032411806577466,0.12289266238266452,0.20429796879114065,0.04331132852581126,0.20630215521495418,0.04504888093434189,0.19708834056382976,0.20665310088044808,0.1159520935301006,0.19149823639428412,0.15004643391766023,0.15029547139972294,0.10179483601143627,0.054283360929637196,0.11087921368903987,0.18553149859914814,0.1712606429993842,0.10243586258650175,0.19707118935671122,0.14834963153159106,0.1937550841145484,0.11774460470619276,0.18197559431112928,0.21150430216291818,0.190701075300807,0.19641573928492076,0.1692230322566222,0.22833510944137053,0.10684264959570336,0.14918250839313774,0.09180117565398442,0.2472953515740099,0.18236390914944273,0.17488981844044502,0.12835987361410986,0.11715690934897413,0.13427187695422485,0.20974143609388388,0.18439988281640263,0.21135454811437346,0.20130702036280884,0.04461556342045618,0.10349136626620582,0.14094289538954588,0.10987743069179023,0.15223935925211854,0.12153287060988763,0.19125560839435923,0.17202571128578384,0.12160593448904147,0.14113483913970207,0.25215203254184304,0.11848186701169153,0.024268782158031847,0.1741800495253929,0.15481303304870792,0.07520241106728043,0.23647492591788133,0.1697775797218036,0.1818589300825802,0.18980786175289255,0.09967597001967862,0.19616047688333627,1.0,0.11869235195772541,0.1956024326018537,0.21217369065921834,0.17183464787004749,0.20120901264415597,0.23318533035285616,0.03330057761730798,0.14078345644518886,0.11766503527671708,0.18660910966254246,0.15166722632682492
IAG_returns,0.44987715543149664,0.28895717395996967,0.40843318459691214,0.32810590199528156,0.3443314744083024,0.39839531094013325,0.36180278397685856,0.45450108925179145,0.5328476778015908,0.3650102071345107,0.5128484515358419,0.2993880974639008,0.381041103887923,0.4032751430741841,0.37316515611024526,0.3533683675689273,0.3736349183893177,0.32341737995601455,0.4117511021377543,0.30275525829943023,0.5026953080349436,0.3386986374960425,0.29375288832256674,0.40789479465011275,0.30317155055262035,0.3382547721729464,0.2846884601655446,0.46428055210621144,0.230996699761741,0.4683006693895747,0.39195398726683767,0.23949091819599386,0.40366566861105185,0.4946844191759077,0.4051626566639448,0.4468144949982791,0.3316927658538512,0.35466869630212045,0.44798186541261,0.22453998135497938,0.4110587892076763,0.34877939448160084,0.3943371927057012,0.4264173550093014,0.41941070138942016,0.2821275239290533,0.26718219957596223,0.33813661339651196,0.3847770504629341,0.24742858558578076,0.36147836379166776,0.43345209826774445,0.44384839808158566,0.17379219029419773,0.4332690541058756,0.3885505778034238,0.25503219264168636,0.2814750873351883,0.3626540718354267,0.26363839566256086,0.4369273593829616,0.38679260528476406,0.15700166799062346,0.29119033395488864,0.21111916838586617,0.3373740747728205,0.25722650003237196,0.4735424619514128,0.18781445659919255,0.30389091089573883,0.15487834803013234,0.3048247424802339,0.3468771894904385,0.24355896958869863,0.4479794367301606,0.3770298270648656,0.2639651790478167,0.2969506759875355,0.39337530114953445,0.34555377059885894,0.3315664340786525,0.35931319438910003,0.38981234695867334,0.38014258211858787,0.44865202920648395,0.27079858478280583,0.2582362420009527,0.20730463868180454,0.009173609908481935,0.4101954879808787,0.3370188387902628,0.3616973304665547,0.35709567157171807,0.2670377349486639,0.025857570770814572,0.38472093828496845,0.3593075831865693,0.341754328126825,0.4040784312751396,0.4697491715900301,0.3256278782857401,0.3076564413185379,0.4422315740604802,0.32024866697484144,0.35161808987605964,0.2694509701827417,0.3535868105176175,0.2167947468754888,0.36823219301831933,0.10140692975058851,0.315182950763555,0.37066136803329813,0.2705344399440064,0.3405890684554267,0.3272640875522768,0.4281542079738289,0.2694057761332888,0.20617623621598016,0.2427770535205556,0.4508809177170572,0.347330815656995,0.19459204244111486,0.3926928420807788,0.2469361718911837,0.3743921070772122,0.3221723823401746,0.3182644484851607,0.37557446154003615,0.39747045437185224,0.349258655626515,0.27063153107482346,0.47399235717388966,0.3327522102482865,0.24613596869058937,0.15695285907728676,0.48326970059732177,0.2882058357818871,0.3047402443675734,0.2894474818408536,0.3200164752234951,0.3251148156948433,0.31541390651841467,0.3882400260490647,0.44892259139036905,0.3634864921593411,0.19187215544151306,0.29068040289909497,0.19812467003961706,0.39232732053940295,0.3191779542075284,0.23787409075883115,0.3887115369023663,0.40383601806143454,0.3272415540076161,0.22971676192074336,0.38333276395660687,0.28680636019538736,0.1709384079305882,0.1384825191276171,0.36490685934910216,0.10152274745420099,0.4046115808956182,0.25980656630494137,0.34415772262504923,0.44473922238454494,0.17428289971586866,0.4443893524570678,0.11869235195772541,1.0,0.3421686818318293,0.43468044036723474,0.36669227612033417,0.368182709520415,0.4373889129445968,0.0847275405420649,0.28793677969714476,0.20920940325652457,0.3838317495504065,0.3625275300251078
SCRT_returns,0.48056016915449956,0.3269315183551472,0.49516250611616613,0.420156773408212,0.39705668269418815,0.44544234249115583,0.4517136138293795,0.5273240310237883,0.526384563361509,0.3855767358879436,0.4435659763945406,0.317319061498845,0.4330656084290045,0.4744294093007495,0.41707554707612526,0.40696711976670163,0.4485759115510192,0.39500404663034566,0.4670228107210034,0.32369315957682987,0.4960119497368243,0.3364826725004008,0.22927509164354717,0.31923725647298595,0.3999034434158395,0.36613208339363223,0.309262501933716,0.5469857394217866,0.2514131574488231,0.5359448968370629,0.4572445488595569,0.5194586582797028,0.4212845948424208,0.5086435842152056,0.38602735535663263,0.4499041240163219,0.31696119130691436,0.40939929101496686,0.49646072923442214,0.3994219189578292,0.42868234879796996,0.4181835527888212,0.37151303583567236,0.4991166078154257,0.4676625255128917,0.36589309939065967,0.1915190220730912,0.424834123204665,0.42248710981139076,0.2588295034573459,0.36807589848361644,0.48241732169588414,0.5081162973132923,0.1466783199063956,0.5301798138729217,0.4546054510463606,0.2904301458240036,0.3003766407291405,0.39216619107338435,0.31919582160449933,0.5295476807802749,0.4698748442487874,0.19122891182200902,0.37692571032202277,0.2770722986631477,0.42822866165881296,0.26494191667819283,0.468795634641632,0.1658688102260712,0.2609983300125229,0.19490574516589035,0.32517508832216563,0.3453623095640257,0.26999549554616054,0.48081061925797997,0.44155995751884136,0.27598089111115043,0.2373011396815179,0.4911677813165329,0.41617730799073854,0.31685350340172214,0.47044057562498104,0.37407297745074,0.49225069261806725,0.4137973724212103,0.32863052617430316,0.38228409537382363,0.1843688889737134,0.01794277862360463,0.5010782975577026,0.45144895910921173,0.3995219740321586,0.4684480182850131,0.3378520658319839,0.08073280545214685,0.36512818479663484,0.4148344414102897,0.38483802474844825,0.46048137494777164,0.5171464302550343,0.37779279891651,0.3757509938440054,0.45424847067877083,0.340766909080188,0.36296784956584655,0.27883729010304964,0.39190665958207327,0.1713011855368689,0.372373921964524,0.09242487568095081,0.3479795281139493,0.4623781888988379,0.327220165011783,0.3744881433948128,0.3478957660258414,0.4528809459401681,0.2251897769203127,0.1881937055570079,0.2015393055177337,0.46058095721792786,0.3561838495319459,0.32542860913668653,0.42729051648934147,0.29656714194614764,0.4880581725240265,0.351540829010997,0.33034001948784536,0.5998991049327146,0.4937126222639738,0.3761158198516481,0.3586576467264124,0.5215131773834162,0.3038828966199144,0.27031105461856203,0.13439910461038562,0.5428695192722871,0.3873953104154648,0.40778150764643256,0.32541879102958876,0.28665267299616126,0.32450309993709825,0.35366002315389106,0.375580680739041,0.5015256838111111,0.35773450846168,0.140115458117451,0.2678029652319499,0.262564176895496,0.40133899745151563,0.41035555041935307,0.29400512735322376,0.4610289661959315,0.4055257040702874,0.40968945357043784,0.2587465672666736,0.44818139683135844,0.24958914998213172,0.13412835942731002,0.18932146378626274,0.4474062196184657,0.15169833190343734,0.39891693841248327,0.42354551400505885,0.3861491272441467,0.48456637254886686,0.20803070802468457,0.48830620424964855,0.1956024326018537,0.3421686818318293,1.0,0.4913582600447361,0.4399020665148514,0.4293202951164632,0.49788778789903815,-0.017524732513236094,0.3325322177364097,0.20058778562900914,0.41264737050370565,0.40809573634014146
CTSI_returns,0.6833480798361933,0.41225695902684023,0.6812957702352458,0.5338583229162956,0.4984543323852984,0.6091800424694495,0.6369628457193851,0.7179724979473028,0.7411659327107869,0.5730945378075097,0.6266175839092317,0.4146279833584108,0.5434225102533261,0.6487738028680472,0.5829601792250002,0.5548158944617851,0.6144753489737006,0.5063408239948415,0.6490006160161979,0.44192890433184834,0.7210589335521986,0.4845396502659623,0.2505482236455988,0.3642721037991961,0.5726189875871599,0.458927124482347,0.4240724704823944,0.7317699654114036,0.37523885126572726,0.6921589214766434,0.6507486215705302,0.41908970706037174,0.5514951307746855,0.7115052748256863,0.5694716742407129,0.6658730672087492,0.4942154745312034,0.5960629287530873,0.6348116343246505,0.36466540098278566,0.5985194914432976,0.5199845130735332,0.5774750987549606,0.6137757031524504,0.6146246218055638,0.5153132332268735,0.31440790829313003,0.5187615110895961,0.5005534806537627,0.34329836877729647,0.4952366300383152,0.6902287682758432,0.7007978442131795,0.22553562358232065,0.6332955449428661,0.6365538830927079,0.35069907842364706,0.43751919213506946,0.5457724670182242,0.43962925884869214,0.7246725977041713,0.6512610345788609,0.24236692675754667,0.4755883957043068,0.32059147031911384,0.5831272603161566,0.34312309640430916,0.6299487351730669,0.18657835243755402,0.368195029335196,0.23133617283019442,0.45061622599871776,0.45298481049680334,0.3634310935646904,0.64177358807122,0.6167722885837064,0.4020231752335971,0.40282401836547804,0.6837023829314944,0.5450685272601402,0.4493114206465568,0.6200825394848506,0.5468293517366289,0.607635189402795,0.49400566598335577,0.39958986059588514,0.46539616126465594,0.2812780311197579,-0.030858823532150255,0.6604369633284223,0.5971969200942584,0.5698141015180148,0.6432326661800436,0.45275132077570207,0.12295100097221973,0.4749349933397483,0.5598483434611425,0.43861224098214696,0.6605612593593301,0.6935841820509662,0.5636872995692165,0.5023378361956532,0.6456231241381017,0.46579701564663434,0.4744350128531789,0.4267070997625421,0.5508724343346894,0.2591221040749245,0.5102482358033384,0.17750053520921746,0.4867085908152942,0.6394270441280955,0.39627485626242964,0.47874774193445924,0.4736564423585801,0.6853446667143173,0.31749905191761196,0.25660393221237143,0.32649463844850557,0.6615124913973813,0.454488731157733,0.36518534149337156,0.5927158622491359,0.467856254111552,0.6175862106198073,0.4959154753985883,0.41596565057816126,0.6378266485078614,0.6755979175331565,0.5100814466841608,0.4817669823073364,0.7486644113987249,0.43690412672010065,0.35966538770913564,0.15796197362754585,0.7554436702652234,0.4732427251089975,0.4151238343607889,0.4246737391158747,0.3928731325300161,0.4269347100556901,0.4192460868642441,0.511514846093205,0.6290177664895277,0.5308676407311282,0.23219922421648154,0.39113997634372016,0.2723951622996161,0.5012270199834098,0.5031300280962995,0.37854783764283395,0.6459042373117976,0.47518892968268467,0.5409738448226707,0.34069725145301316,0.5977821674640169,0.3984450605111575,0.23045330759720004,0.15852063139173556,0.589970421691892,0.2402334833940031,0.5094499735899966,0.4988388160132245,0.546231652025697,0.6425872879482981,0.2669508710825612,0.6750553454283623,0.21217369065921834,0.43468044036723474,0.4913582600447361,1.0,0.6256694689736768,0.6400338190786864,0.7325686733812844,0.09054898300823166,0.44230296480457826,0.2832294112042782,0.613469520892192,0.5077438079184956
OXT_returns,0.6525532888998135,0.3977913906575092,0.6058158852039838,0.4941590565426477,0.5003684321570672,0.5630266565945606,0.5719747733113926,0.611916603491686,0.6865450095175408,0.4723165960312108,0.6104767638310735,0.38448633431929535,0.46952693897705483,0.6011730608877512,0.5429764098524158,0.5313674957148365,0.5476500692401175,0.4535288963601779,0.5716325280637307,0.39501460823180723,0.6950778817617321,0.4291322905414576,0.2742589728322722,0.37201862010046266,0.49887640228337715,0.39556721994418853,0.43219470289876166,0.6736382076480324,0.3209328465443552,0.655626169046036,0.5849966250967777,0.38519062029250906,0.5071483951168642,0.6529226451901219,0.5090672484971269,0.601272361549017,0.44379246598396865,0.5259043620634325,0.5544592499236449,0.32771433654013055,0.553815870715013,0.48012298007953247,0.5230353266376091,0.5372218228231516,0.5561527530075286,0.4241942420400018,0.29201122290293907,0.5105205419205131,0.48836312166825285,0.30897698550824754,0.4705137169770706,0.6176011268007883,0.7000030244815866,0.164760719554407,0.5646760091966021,0.5630844709749608,0.30088647800540236,0.36270049113490577,0.5237553617996468,0.35731027491545625,0.6728158023952704,0.5340690517804123,0.2943160397069276,0.423605627486793,0.3562653328474213,0.5183818377237959,0.3047451771719522,0.6008494621572056,0.21599406142022975,0.2998959496691364,0.22590522621625056,0.42836154438162805,0.42108105815984753,0.33602000529924686,0.5942302599460878,0.5215184369927509,0.36484824289384316,0.3069685313047062,0.6258702325654837,0.4902879519357311,0.41220628783946106,0.5654841783893539,0.5160870006521687,0.5557104131498536,0.44857155585893044,0.36261499125138175,0.4705099779478653,0.2546834447490322,-0.05912309325503271,0.5741045444218332,0.518119939929517,0.5592069117912631,0.5387922066960109,0.42168370929283266,0.08787653445428821,0.4418634359468356,0.5114093709704532,0.3641902970274172,0.6125820177749112,0.6559282582710989,0.4698411650374393,0.4586931305434344,0.6008731742129582,0.4338103249386995,0.43321437535744745,0.34427080725361087,0.4896984571746396,0.25992705517600195,0.5478546485629704,0.17935060518514329,0.45879795776187876,0.5478662217189351,0.3773732979773986,0.4715589166181242,0.38665156879104995,0.5634439290994714,0.31518198904191763,0.1618787842335931,0.3057131841983007,0.6356323910729199,0.4436564027642225,0.40611511758510527,0.5315805531947141,0.3842154157429266,0.538725682818748,0.441355410516166,0.33737356192903595,0.5969119397608882,0.5998207301488208,0.4908249140667908,0.4514625117380824,0.6876020238163688,0.3887300677484244,0.28202364319674134,0.15283098859225464,0.6589715123956538,0.41076692797434533,0.356438419081153,0.4165516935583782,0.343881333950592,0.4094183847951488,0.3978657379432581,0.45449635212794554,0.5943472610544185,0.5181227043319983,0.203177677818961,0.3770230318041371,0.2896222481210459,0.45672878361120767,0.4805441667881272,0.3692080713949921,0.5530290343743144,0.45436415816183484,0.49426051302172486,0.3597951736049841,0.5611895524677185,0.39332782628428725,0.12198458213261203,0.1955195909851075,0.5651220006581971,0.18181691299181088,0.48592187190756453,0.45604218033458666,0.5367450645720034,0.6096128952565056,0.2766974440370285,0.5862748595713849,0.17183464787004749,0.36669227612033417,0.4399020665148514,0.6256694689736768,1.0,0.5731004410630958,0.6432320786463916,0.07647481170729889,0.3572525356082069,0.3114333486128233,0.5813556867495554,0.49446616678421806
EDU_returns,0.6403685718535864,0.39199498054867715,0.6188434643956177,0.4335475191453285,0.5030415130717087,0.505748484007249,0.5749568171508949,0.6414015703160287,0.6900775186148731,0.48694828461202794,0.5870581978285674,0.3372097386013175,0.48219148042069093,0.5880666633124707,0.5275179411417257,0.5803081876841173,0.52866655784792,0.5204248126516348,0.5469319957495237,0.3795345937019295,0.6717858862492654,0.46261989846642254,0.24861295089427315,0.3177917121537615,0.6359823383717383,0.39991330853113033,0.38850819191799196,0.6779017503031007,0.29873357909295434,0.6277315345041639,0.6078128560476374,0.35677449698822533,0.4896081465416539,0.643253392268367,0.5317950693637572,0.5969813801535198,0.4465014832773415,0.5523004311442993,0.5649799854888569,0.3403862801992824,0.5347089696163628,0.4865903747643844,0.5056961899893916,0.5272764858123068,0.6153090673534612,0.5141779019569566,0.25606427929920705,0.45955840090695416,0.46043034396995824,0.2831931869299616,0.44560418822519476,0.6215805659810886,0.6776659438139747,0.1722847409974409,0.5863493052552311,0.572773172586197,0.3132469049243003,0.4120240450484967,0.519410971713386,0.37414160635183763,0.6487982006174813,0.578360860687206,0.2317156526270278,0.4749160444274949,0.28027140667106243,0.5424698970606799,0.3365390963909437,0.58450460631856,0.20189899292905378,0.34413327580464625,0.21290493341104114,0.3924771741849556,0.43185678684860745,0.32711771406373197,0.6060264997603275,0.5131090028782895,0.34470199171335136,0.3054310424161228,0.6405369710820006,0.5202570371611794,0.3986554029238704,0.5724370105761654,0.49176902166357633,0.5413045912211778,0.4198988944111098,0.36326755059952903,0.4308335053592361,0.24379808011640283,0.026892856563843846,0.57027686461445,0.5548927724508138,0.5287573778717953,0.5613361794676104,0.38180844264147773,0.0923135401065239,0.44017193062280124,0.5094223385493588,0.36972259172674043,0.5857629389910645,0.6417710367476257,0.4875544975462655,0.43940672857561264,0.5663735186044065,0.3937758668266045,0.41286275994427046,0.3737552953175912,0.5163158152063267,0.19435757823242716,0.48986385227133655,0.17084538409731487,0.4544513719799796,0.5812067197396015,0.3707627766712745,0.4468644954895724,0.4069768309008447,0.5893036515871607,0.2756121945765129,0.20016359732904948,0.3606869665291267,0.6082319019622425,0.3976574623351487,0.36315767952531636,0.5455022539851941,0.4016150353373007,0.5625408390257391,0.44941201869437825,0.3649630287853528,0.5820572872600086,0.590528779016872,0.4819925896303613,0.4499404208759068,0.6706188126027934,0.3677702020783897,0.33587238056163854,0.15993456143156543,0.6525466910947734,0.44587112180992244,0.39513312117484756,0.40069564723998297,0.3777546283485308,0.3830339589626531,0.373606997873868,0.4462365706770541,0.5973875654808138,0.47668542168263894,0.18389556997890727,0.3724263390607296,0.3287906350253959,0.4115493765994192,0.4506635049897259,0.3556520514515964,0.5628694998257225,0.45874720371667776,0.5369091558776059,0.32446960463445834,0.586156283692834,0.31898529028012795,0.18788510062235536,0.14804525089548523,0.5457665264530908,0.1779709508607323,0.4837510749016011,0.4693091718368964,0.48658545743977144,0.6049724431167612,0.27359920956085115,0.6120842833001668,0.20120901264415597,0.368182709520415,0.4293202951164632,0.6400338190786864,0.5731004410630958,1.0,0.6892688964698505,0.06946357678347265,0.37015460893523616,0.28374467756171384,0.5439697725211692,0.43394462229365605
C98_returns,0.7593580179815931,0.4674485380872676,0.7088672802357662,0.5361745546268354,0.5713447489903534,0.5938342646635368,0.685433862319603,0.7462783196461884,0.8110848268225079,0.6009854070077079,0.670472349291461,0.43483680269128755,0.5475719902370082,0.6690796052414755,0.6214135285032764,0.5981086053189348,0.6236382000923547,0.5822511328179457,0.7033736697298975,0.45986105773344826,0.7791277878820916,0.5332571471154197,0.28491099285429045,0.38974200767742667,0.6112257088903283,0.4448807364884284,0.4464587701772385,0.7894101229107662,0.3405706252481631,0.7416632876391412,0.7168525390256808,0.45465196795090845,0.5941603631550201,0.7405183343035807,0.6020162797197159,0.7147793651628614,0.48211587572005565,0.6185596431474667,0.6760442902155578,0.39660902432505213,0.6147641012052288,0.59343430965411,0.5908327218660842,0.6203073858897551,0.694737066322713,0.5482705539721489,0.3517449825545223,0.5477405374226955,0.5498342823706764,0.3528243467258209,0.5266804195741123,0.70685728613565,0.7638115635063584,0.18631237279162605,0.6688941508071029,0.6420161599244567,0.34315016628403205,0.43348232469108916,0.5910412959041679,0.44503747099948127,0.7639648660419968,0.6759133260713501,0.27228360535928114,0.5227144294758886,0.3415128595934878,0.6302615799560948,0.35961339221845484,0.6830480491033277,0.19151759036670588,0.40163580598794735,0.23943747458454914,0.47729018796523426,0.4960264559380298,0.3812349522094099,0.6870583350358362,0.5979303818787112,0.3866536878168929,0.31384287699025626,0.7354113352419379,0.5727301541261525,0.4668566655215227,0.6630324667818268,0.5544125042547035,0.6088411014861549,0.5493903509924634,0.4127015571799874,0.4947338135224807,0.29730826635312535,-0.0011350645979674846,0.6757389462934335,0.5900877036360469,0.6061189024557765,0.6581876017808024,0.4782978627049329,0.10847224438784034,0.5177987995877927,0.6308652444349592,0.4502525852017842,0.6844558710231603,0.7340083938644824,0.5505663848359339,0.5290939529463837,0.6657108703934844,0.48208431584630396,0.4668568848492112,0.44539931559498447,0.583928125841705,0.2738796338636938,0.5569499891303661,0.1909361365192946,0.5261210120855573,0.6557323114663303,0.421532858113073,0.5067532129619028,0.4822360667138606,0.6960072624439088,0.32449315374502874,0.2503364974002799,0.3701034184898754,0.6907414713953802,0.4875947541118753,0.4018852365239775,0.611210747317882,0.43872292898731385,0.6223902643399244,0.4892162678811408,0.4159798770715456,0.6849435610114452,0.6639565395696071,0.5423909205473918,0.5437753102293283,0.7874227709879341,0.47507620554484636,0.37881328173903595,0.20823721438333068,0.7701100081387368,0.49306917743308165,0.4553536303451647,0.4655471396577582,0.43775245459138395,0.47179766675284485,0.4237311478029965,0.5531073370511388,0.6678080282837601,0.543852245195893,0.21964553444810117,0.40456071144961936,0.33104950036454606,0.5313072315181308,0.5175639186008267,0.3829681187216988,0.6807078241087118,0.5068419839430818,0.5971649276333238,0.3862593479550055,0.6683187779675371,0.3911466432680257,0.2216840536876523,0.2234990234104205,0.6075133890956951,0.23960937406243515,0.5214959959509363,0.5954945988492798,0.5790858025821474,0.6873606845573549,0.26394555732112013,0.7108853365576835,0.23318533035285616,0.4373889129445968,0.49788778789903815,0.7325686733812844,0.6432320786463916,0.6892688964698505,1.0,0.08239437443582588,0.4475876175549326,0.3246672094243001,0.6416266856132058,0.5473713739984027
ACT_returns,0.08795319394990028,0.05496079125679715,0.06945924713512261,0.1369676274089598,0.081224721542564,0.08997488764808123,0.11023637749402476,0.10016977491684378,0.1289255557271913,0.05173430962889078,0.08198865397724653,0.07094370718262274,0.0660197402370771,0.10104991665235431,0.10835396837444487,0.1250652300495806,0.07453464157143663,0.07574974857445521,0.13214472366481914,0.053531037055641884,0.14275614010955834,0.09185698384500954,0.041916486813537976,-0.01817814636107209,0.08966772558464928,0.039067478465043236,0.08775479175225745,0.1038039015024697,0.008445619334023356,0.11123081343924614,0.07268275733023435,-0.08581590143955993,0.09122448816061153,0.13581872797451244,0.042400836156725304,0.0910343299518775,0.1012166066957851,0.09532294345509366,0.08940998664971661,0.09324269705032749,0.04023520095127194,0.047142887612053916,0.1277439406846476,0.09897297852113686,0.08160028649855482,0.039752560034841206,0.046083965848641016,0.07907004994708529,0.08879199524849417,-0.039655808750146404,0.10291729643829485,0.12484304623372851,0.09941924432166435,0.007842002321490887,0.09763786793352368,0.07039524775863684,0.033181103959777414,0.06532349908164685,0.06871394753234596,0.09688979086451355,0.07701495523137628,0.08272637356633479,0.09234355027610316,-0.0018284054942197506,0.002221181780852476,0.05183571735146801,0.1191822197135901,0.10635611685920368,-0.03384721700203994,0.12538337028358318,0.0037668358440339066,0.12289718491445296,0.11781365316974757,0.1001890078846977,0.14939314548484317,0.09229490128613818,0.10517391192282483,0.088470271006793,0.08939791412813287,0.12475951558087237,0.14689941823157385,0.06120848515187222,0.1106568814440303,0.08166918053232135,0.022774372880003144,0.11003813404552423,0.07794694624678115,0.10217759268011076,0.01973094379702773,0.10399936240859907,0.0567180663697955,0.08696830046924812,0.06548976486287847,0.04387627315700462,0.09907900993807561,0.19523071553016394,0.1132731519986269,-0.010596584375480785,0.12795757188802018,0.10025489531682005,0.03503063803387934,0.03530347296278911,0.16728567896598112,0.09543385927731586,0.10534194883106042,-0.005386580761406567,0.0687912142741227,0.04476074323105514,0.14004146815120128,0.011662069592567477,0.09149650678643287,0.07434560957934723,0.11048905228504498,0.11597415622534644,0.041784663564593594,0.08519777474289891,0.03992766846247681,0.00878289094555129,0.046737635489001984,0.13538618452747833,-0.002219557062758979,-0.039493328855432455,0.07129441269707093,0.09964395387568468,0.04568675976412693,0.10421845240688742,0.22201762014862086,0.04565911455088361,0.10158405718716694,0.12390100875602893,0.025911806380664978,0.09978093038255564,0.10364469641944983,0.057115380294157664,0.06755003036451405,0.10922088811061743,0.025926081066045773,0.0619687564626381,0.10984017102569048,0.07046873478708456,0.10954499118824497,0.12882798698621908,0.09457145241125976,0.10338770869006728,0.05658795549072421,0.04966584085440865,0.12970619511672044,0.04996554692245645,0.06979562893831417,0.10362283919627957,0.08273216547366018,0.05168163889962607,0.03121657533525065,0.001146978545224696,0.06002938648069799,0.1419921961438842,0.046678662160796164,-0.033452014732401884,0.00969758044730478,0.04563229810882358,0.012958933317805756,0.15709432302924192,0.03015426995502082,0.10366009952664385,0.10929560415169016,0.08776368585465666,0.10863068787147856,0.03330057761730798,0.0847275405420649,-0.017524732513236094,0.09054898300823166,0.07647481170729889,0.06946357678347265,0.08239437443582588,1.0,0.05995580072693487,0.008092483705928502,0.08159135470768958,0.05967364564092847
OAS_returns,0.41249740571968546,0.27316312145865335,0.4095312144910041,0.3471054763266452,0.31806894425573656,0.39697174447847383,0.405375580931846,0.4153146016593598,0.46951868589194856,0.3812157898059374,0.41701933652671597,0.22980713032232453,0.3220867064119221,0.4477004299513117,0.3242293747564918,0.3677124912165482,0.3430071307887553,0.3189197219337668,0.40098054516031495,0.24197251937866435,0.4519397324320691,0.3267654751564738,0.23014603414043544,0.27351446565371784,0.35521679771625275,0.29740463199907385,0.2797223918782262,0.45248780992555926,0.2433743547860446,0.4469424540798999,0.3991505147034893,0.30017405312174866,0.3410763857614889,0.41920323556453226,0.33872531645218706,0.39891906203466293,0.36489372900749084,0.318454954279065,0.38627832946854657,0.28060078162866725,0.3810889972947831,0.33001220271287124,0.3765012770687679,0.4588063663545801,0.39254640473607755,0.36680818532388365,0.19520053455381756,0.3674644862344676,0.3166175080610088,0.23572917872400642,0.3424281619678828,0.42063448831971745,0.44310315867145256,0.15138793490801816,0.3898707769440347,0.3760729595624776,0.22701139631043107,0.29978047956533077,0.297878566172518,0.30685154454476127,0.4202105255925714,0.4171186203568472,0.17346916533292808,0.2984436786407005,0.20335340449188244,0.3287476241927978,0.3028193026948098,0.42240178464206646,0.15905402656821144,0.2763962189814529,0.2224183169593709,0.3351633798533709,0.31949297748919325,0.21846327822034245,0.4616816065637105,0.3860487835941776,0.26076719101152596,0.29409674314863044,0.4157457967773935,0.40574402443377394,0.2986266302985702,0.39570205920628043,0.2945901308742781,0.37485771275564833,0.33247861799155226,0.2585344296998296,0.2906299523853999,0.23039571181977006,-0.012698578022694612,0.3947778202525276,0.37215505442658847,0.37656260651402756,0.414644931677414,0.2688623961865428,0.09899499729380165,0.3250554402781569,0.3730262908967228,0.34876432693571724,0.43595816217960776,0.41734589107105974,0.32440783675266566,0.29311065047994034,0.4177771117115785,0.2949385323439698,0.3640186011808013,0.2667786172582728,0.32824080601491035,0.18616183067646688,0.34355573092048897,0.11911034310444092,0.3411998879714829,0.4187149108842703,0.23382950488711798,0.32818646513209915,0.32058365856125604,0.4582268953645169,0.18323343917492255,0.13465978082085267,0.231588489091296,0.4281575530951383,0.28311518775970856,0.2558144736770161,0.381752308736418,0.2680936693331924,0.3921832932480777,0.3467452684560416,0.24043323073818174,0.4205676948019678,0.38938562576960356,0.33918193668859326,0.2680654995183727,0.4535783397184464,0.3487584071070354,0.272328540203404,0.1350802204508681,0.4414045101327778,0.3238750340268003,0.2781439497240151,0.33592505810256695,0.2564848620246109,0.3180695721131292,0.3333365146905081,0.3387378149103651,0.38247269720547233,0.2919949309984423,0.08680233283149974,0.3006917643424884,0.25490247477954336,0.2981070927867289,0.2908401565368049,0.21351278738080096,0.4299767538389297,0.3259950495629093,0.37883246997052117,0.2420178791159242,0.40449809331122655,0.28590346424186275,0.17371582524599072,0.19583746871220106,0.35883372839893946,0.19370605858028384,0.34762791314843156,0.28494786558478313,0.3030231143810868,0.41828527032785323,0.1656672459415401,0.43085584108259706,0.14078345644518886,0.28793677969714476,0.3325322177364097,0.44230296480457826,0.3572525356082069,0.37015460893523616,0.4475876175549326,0.05995580072693487,1.0,0.19775098396142063,0.3659759240972251,0.35457233316448894
FUN_returns,0.29761859295416776,0.21087267537048596,0.31591785659777166,0.2465690595102794,0.25215828406618357,0.28110465773235105,0.2698164697978696,0.31563370776797167,0.35523520303496287,0.26040786576433533,0.3163151946785425,0.220113977996501,0.2438106166448343,0.3125356919196055,0.2862231200751063,0.2755909871693697,0.30111054165635154,0.22808964371109391,0.3015023244064815,0.21324517069976778,0.305852350974381,0.2552524668398187,0.11045018210896917,0.22255653636509065,0.2455997127010409,0.2236170594861257,0.23115980069978712,0.3095968113192976,0.21211903816709324,0.331198052741184,0.27427600034244615,0.2305006577500468,0.23526523130253713,0.30810021491170664,0.23726897809997283,0.30849988345773033,0.23658724014070842,0.2689839489585151,0.3075388815330282,0.14338629879101042,0.28223751023919147,0.2296031667700534,0.2527972034090987,0.269114560087692,0.2896101863711519,0.2310450323993554,0.2488032655986374,0.2562442036275022,0.21427538965942886,0.21041415807725244,0.2481443187613246,0.33046033356963933,0.30085066695628715,0.05888749269464701,0.2661407559284398,0.2848306462362508,0.13102747489244146,0.19844255728394183,0.24784036376741633,0.20117044879814291,0.31587033031696066,0.2551346840944809,0.15279594406929758,0.2498708582943748,0.13905362607312383,0.24531795697215225,0.154424109203479,0.3258663871962873,0.09919293110989467,0.19892033609524015,0.15592844360429348,0.21662705758973438,0.23450012252070263,0.20117958071214995,0.3130353625156707,0.27805831336833237,0.18215063603073472,0.18193376323797433,0.3179158562860914,0.2961511939660559,0.22822696264479983,0.273581649483194,0.25255830476175584,0.3236749885123229,0.23115846836131115,0.2028319398080685,0.2837297509163128,0.09669995499844851,-0.08634186662214059,0.2816016477061117,0.26739223718884636,0.2539555985927919,0.2635248615913783,0.33307094307556234,0.09049299323914985,0.2719569227250522,0.28734276927103464,0.19601502876945975,0.2942550072153354,0.31508047752166796,0.2321888411354295,0.23831415481489693,0.27769857399736225,0.22243844587177208,0.20916184322709036,0.17505603286810023,0.2656786773066656,0.057553944069360534,0.280959788302875,0.06923088241094903,0.233033394475151,0.3228284824609921,0.23922428274556407,0.2476428389514747,0.23668573194000178,0.2930687597164482,0.13802660692583246,0.13139778126383195,0.1606823145681387,0.3536964211927597,0.19553058882574692,0.2121294173164933,0.2673320909278328,0.1559578776013526,0.32491959689054534,0.24678002236411875,0.13954494820072177,0.2819111134040832,0.2932217183181411,0.28431583251558223,0.2579500138103043,0.31575970603772285,0.24136626275182105,0.09316002474846564,0.09747656631290826,0.30134184346353016,0.20620119411712737,0.17530447297568147,0.21475543374529496,0.23473835450017147,0.23438520650838077,0.2007117879972315,0.2509554837564403,0.33007732126521,0.25149182389910296,0.14857490757352515,0.23747387210584267,0.153250638261813,0.246164711858577,0.25558232052686375,0.2117065677612335,0.2922245186627661,0.24880111621875742,0.24700344206471586,0.1953986904666015,0.33824904957143936,0.19570390918613897,0.15226154690145066,0.09180596219256244,0.2711516865552296,0.12126753513618109,0.26461477919741705,0.2524533925048456,0.2623071168755974,0.31910903690148845,0.1252434716720911,0.3340580593895834,0.11766503527671708,0.20920940325652457,0.20058778562900914,0.2832294112042782,0.3114333486128233,0.28374467756171384,0.3246672094243001,0.008092483705928502,0.19775098396142063,1.0,0.32177974877173365,0.305877656494144
RIF_returns,0.6247372288091545,0.38874109734598017,0.6031058327741211,0.43954150801186975,0.4402532274045799,0.5085670824569185,0.5606614287222997,0.6031700502879824,0.6751293237840527,0.571477422143172,0.5978095717403407,0.4147406144124966,0.5605961049930002,0.5636017964385279,0.5046823486673478,0.503570944095041,0.5246373520205021,0.487752531344837,0.5861078167633764,0.4594126644031066,0.6644731694923529,0.460011597048694,0.2590556198710255,0.348181912458384,0.502140286443341,0.38910880200128006,0.40240396260990896,0.6497977483024191,0.3244099188081683,0.6386286339395582,0.5823445408474041,0.3632281239950982,0.5132111492104448,0.6639460317713815,0.4794158984610706,0.6314591303531556,0.4588743820198366,0.5164538569582077,0.5734154201161727,0.36644480951736,0.5841445744549734,0.48649088552664954,0.5824377945836723,0.5315028094152392,0.5690000881982592,0.48008117455571014,0.31491216804979594,0.49752464363911475,0.4845526809492391,0.28166271861272907,0.4922861055924698,0.622052164716873,0.6595722588807583,0.22820045588976307,0.5599399261563264,0.5791605326274412,0.29148053960506276,0.3992592133603973,0.5069651697259953,0.4012727184377588,0.6318313313411424,0.5663456943152174,0.23422105811311722,0.4485663011331283,0.29548940069496027,0.5292229715439407,0.2819167177955031,0.6042020110726973,0.2118221447193164,0.32796337449304624,0.17027085352040602,0.4186662585854049,0.44386802419492355,0.3263222479232837,0.5893379434251844,0.557390822953583,0.31573192278112655,0.3442440641817141,0.6172805111855587,0.5046609701139566,0.40682465361608844,0.5608232545140202,0.4774251621409242,0.5324132639368037,0.45376241415412505,0.34974823420777895,0.48155554590731,0.2810366936534243,-0.019502162553276924,0.5626378294814406,0.5340598130011294,0.5157452864767028,0.5582546799954746,0.4202180262525453,0.0692883926937526,0.44752575549860796,0.5081752488372817,0.38443810368498965,0.595499351575917,0.6319372050228232,0.48796634796402305,0.44266417406925834,0.5656522049923548,0.4147940359079107,0.3917317632748003,0.3451297297245341,0.462773448288932,0.2686989427369108,0.4880174346495016,0.19297156699262374,0.4265090408207423,0.554466865189118,0.34866101085180934,0.4353601985058983,0.3867365281781117,0.6145044549706075,0.2876675864241467,0.16276232116595293,0.28528137213476235,0.6078284600513821,0.4036150786335986,0.3718126479568135,0.531902944446148,0.3741133788133198,0.5039440656213836,0.44286832162799805,0.37506808873217184,0.5686482818332981,0.5605186725831428,0.48519819949604065,0.4360526686231482,0.6962889783540283,0.46484865406012854,0.31994924860661406,0.1962376540880929,0.6620829241009603,0.4000929858144996,0.3911432663733195,0.38185765785512754,0.34666477870844614,0.3793562784071471,0.35069070793503493,0.45590713404308525,0.5881128981693695,0.46459545210503705,0.2674967358813983,0.36347440044190193,0.30767862244729527,0.42766895524415044,0.46762441407429683,0.3983972147624112,0.5530235162505016,0.48628033215894034,0.5117638181809894,0.36121019921723624,0.554982487267654,0.3581378822285652,0.17677597833343467,0.208714465242202,0.5340512476058327,0.2002729275644586,0.475752832880131,0.4730911214822393,0.47188871748022226,0.5684120803936912,0.25850274545896434,0.598006987276214,0.18660910966254246,0.3838317495504065,0.41264737050370565,0.613469520892192,0.5813556867495554,0.5439697725211692,0.6416266856132058,0.08159135470768958,0.3659759240972251,0.32177974877173365,1.0,0.4575990078178423
WIN_returns,0.5871117899677087,0.37976390936121857,0.5495880906668659,0.4533058360548291,0.4215719243735816,0.43611203183450936,0.47629667795841285,0.5435680294116064,0.6438669325730818,0.4314450577492509,0.658358004863871,0.3176997591261721,0.44548689583455237,0.47841593422604817,0.4718688946543624,0.4438661461735319,0.5272324266026157,0.4269262669687067,0.5045396791756555,0.42468421805457335,0.5830293935058695,0.34614286370073727,0.2291546637203736,0.31985821120176555,0.3792009714607658,0.3656464633898368,0.4145551456831932,0.5511304245389046,0.314920812387272,0.6538146413076172,0.5002409968660807,0.3465764958552041,0.4970212922596587,0.5570620860427645,0.4726936461024786,0.5644983887512641,0.38842320215078374,0.4599401818295557,0.5623718158443027,0.33050252803516816,0.44205257763812916,0.4801743220933248,0.4327112873054201,0.48608650462131303,0.495319972851382,0.39846909967627053,0.4199397483463306,0.43679923263425086,0.4091023009956259,0.23962253132687472,0.4039333434633319,0.48881247027725894,0.5896918512406268,0.12204685567912371,0.459833259976466,0.49041455540712364,0.26423525766814976,0.31276430001709027,0.4429141447426236,0.3399569785171129,0.5653374409734383,0.44152757341460624,0.2139795776617077,0.35505878876778846,0.2773378612103881,0.43799339391448705,0.23945349522398338,0.5900218097162476,0.15803981547375562,0.2953560625689343,0.20360571165449948,0.34224051916096115,0.40654395797482784,0.31154205218911313,0.5297064652976069,0.4869061048935365,0.2780173447310202,0.20682476809387873,0.5499063274779862,0.47578397346330786,0.3856104299320427,0.47066807906204583,0.41288766024022966,0.5011851219380118,0.43169383838122855,0.2885203687428796,0.39958313977069526,0.20979202674793507,0.005728430075273465,0.5166484359539638,0.4618021122675715,0.43044622090292584,0.4554804949349737,0.42128931939483466,0.06907515141144663,0.39409568026016534,0.47054015679655664,0.3516003187573993,0.4960034922889582,0.5818927007640055,0.4460877340746088,0.4131389090394994,0.4919978302582864,0.36535949880020624,0.35852142028265355,0.3159999031913771,0.4234724936108907,0.18949436828274774,0.41786070188314217,0.07777021188647745,0.3450466438323248,0.5063894227262702,0.37381186921417214,0.4073428730564676,0.3515928472381878,0.5000795223997992,0.2924800036861984,0.19960577106355937,0.2844595189497007,0.597594463121091,0.36012238489445436,0.3597620299836732,0.45229950322260254,0.2813350958866131,0.4786674427811229,0.35209335174573375,0.3368089364074479,0.49115337468238,0.50469621308608,0.4974175673229972,0.36428827961379806,0.6714770134820611,0.4007862131047373,0.24198593308433652,0.12274671983070505,0.5706461371648406,0.43451316137436236,0.3402804159105107,0.3564389667867307,0.30571876075152427,0.349318863853011,0.40987261230232214,0.438995680036926,0.48564460843811924,0.40783266380682404,0.20296253624728924,0.3037296485650597,0.2754772906027196,0.3919092253247666,0.4679541696899736,0.2715085593012412,0.4937094748805084,0.469081011591492,0.428446372534118,0.3071990719326361,0.45841285158638473,0.3895135769692695,0.1712159836084015,0.1561099103500116,0.4634026497329808,0.13434927616598966,0.45462655832290466,0.4409666183153246,0.4581393727676347,0.5512987139113842,0.21529871434050235,0.5208065470690281,0.15166722632682492,0.3625275300251078,0.40809573634014146,0.5077438079184956,0.49446616678421806,0.43394462229365605,0.5473713739984027,0.05967364564092847,0.35457233316448894,0.305877656494144,0.4575990078178423,1.0
