Asset1,Asset2,Correlation
CTC_returns,CTC_returns,0.0
CTC_returns,MINA_returns,0.0
CTC_returns,DASH_returns,0.31842182164042265
CTC_returns,SFP_returns,0.0
CTC_returns,BabyDoge_returns,0.0
CTC_returns,SNX_returns,0.0
CTC_returns,TFUEL_returns,0.0
CTC_returns,DCR_returns,0.0
CTC_returns,GLM_returns,0.0
CTC_returns,MX_returns,0.0
CTC_returns,ZIL_returns,0.30065152091116626
CTC_returns,BLUR_returns,0.0
CTC_returns,ROSE_returns,0.0
CTC_returns,CKB_returns,0.0
CTC_returns,TRAC_returns,0.0
CTC_returns,QTUM_returns,0.0
CTC_returns,ORDI_returns,0.0
CTC_returns,LPT_returns,0.0
CTC_returns,MASK_returns,0.0
CTC_returns,ASTR_returns,0.0
CTC_returns,ZRX_returns,0.0
CTC_returns,VTHO_returns,0.0
CTC_returns,ACH_returns,0.0
CTC_returns,BAT_returns,0.0
CTC_returns,CHEEL_returns,0.0
CTC_returns,CHEX_returns,0.0
CTC_returns,SNEK_returns,0.0
CTC_returns,BORG_returns,0.0
CTC_returns,KOGE_returns,0.0
CTC_returns,IOTX_returns,0.0
CTC_returns,CELO_returns,0.0
CTC_returns,GAS_returns,0.0
CTC_returns,ONE_returns,0.0
CTC_returns,ID_returns,0.0
CTC_returns,SUSHI_returns,0.0
CTC_returns,CSPR_returns,0.0
CTC_returns,HOT_returns,0.0
CTC_returns,SC_returns,0.0
CTC_returns,YFI_returns,0.0
CTC_returns,RVN_returns,0.0
CTC_returns,COW_returns,-0.002018718763748409
CTC_returns,ANKR_returns,0.27687913965072886
CTC_returns,GOMINING_returns,0.0
CTC_returns,XCH_returns,0.0
CTC_returns,DGB_returns,0.0
CTC_returns,T_returns,0.0
CTC_returns,WOO_returns,0.0
CTC_returns,ELF_returns,0.0
CTC_returns,EUL_returns,0.0
CTC_returns,ORCA_returns,0.0
CTC_returns,KDA_returns,0.0
CTC_returns,OSMO_returns,0.25964367720999004
CTC_returns,GMT_returns,0.0
CTC_returns,SNT_returns,0.0
CTC_returns,GMX_returns,0.0
CTC_returns,ENJ_returns,0.0
CTC_returns,XYO_returns,0.0
CTC_returns,POLYX_returns,0.0
CTC_returns,ZIG_returns,0.0
CTC_returns,ZEN_returns,0.0
CTC_returns,COTI_returns,0.0
CTC_returns,WEMIX_returns,0.0
CTC_returns,SKL_returns,0.0
CTC_returns,LCX_returns,0.0
CTC_returns,WAVES_returns,0.0
CTC_returns,CVC_returns,0.0
CTC_returns,SWFTC_returns,0.0
CTC_returns,LUNA_returns,0.0
CTC_returns,HIVE_returns,0.0
CTC_returns,RLB_returns,0.0
CTC_returns,LRC_returns,0.0
CTC_returns,DAG_returns,0.0
CTC_returns,ONT_returns,0.0
CTC_returns,TRB_returns,0.0
CTC_returns,XNO_returns,0.3542925355451108
CTC_returns,DLC_returns,0.0
CTC_returns,METIS_returns,0.0
CTC_returns,ICX_returns,0.0
CTC_returns,MYTH_returns,0.0
CTC_returns,MPLX_returns,0.0
CTC_returns,SXP_returns,0.0
CTC_returns,XVG_returns,0.0
CTC_returns,PEOPLE_returns,0.0
CTC_returns,AWE_returns,0.0
CTC_returns,REQ_returns,0.0
CTC_returns,STORJ_returns,0.0
CTC_returns,BAND_returns,0.0
CTC_returns,WMTX_returns,0.0
CTC_returns,CFG_returns,0.0
CTC_returns,HONEY_returns,0.20774365715179854
CTC_returns,PRO_returns,0.0
CTC_returns,PRIME_returns,0.0
CTC_returns,VVS_returns,0.0
CTC_returns,CPOOL_returns,0.0
CTC_returns,YGG_returns,0.0
CTC_returns,SSV_returns,0.0
CTC_returns,CETUS_returns,0.0
CTC_returns,CGPT_returns,0.0
CTC_returns,STIK_returns,0.0
CTC_returns,PHA_returns,0.0
CTC_returns,XVS_returns,0.0
CTC_returns,KUB_returns,0.4075633179443018
CTC_returns,BICO_returns,0.0
CTC_returns,UMA_returns,0.0
CTC_returns,WAXP_returns,0.0
CTC_returns,XPR_returns,0.0
CTC_returns,RPL_returns,0.0
CTC_returns,PUNDIX_returns,0.0
CTC_returns,FLUX_returns,0.0
CTC_returns,BORA_returns,0.0
CTC_returns,POWR_returns,0.0
CTC_returns,AUDIO_returns,0.0
CTC_returns,PROM_returns,0.0
CTC_returns,IOST_returns,0.0
CTC_returns,ACX_returns,-0.00998855345548523
CTC_returns,ARDR_returns,0.0
CTC_returns,SPELL_returns,0.0
CTC_returns,ORBR_returns,0.0
CTC_returns,LSK_returns,0.0
CTC_returns,XOR_returns,-0.0008755013676141661
CTC_returns,GLMR_returns,0.0
CTC_returns,BMX_returns,0.0
CTC_returns,MVL_returns,0.0
CTC_returns,ABT_returns,0.0
CTC_returns,VELO_returns,0.0
CTC_returns,IQ_returns,0.0
CTC_returns,AGI_returns,0.0
CTC_returns,WILD_returns,0.0
CTC_returns,XEM_returns,0.0
CTC_returns,LON_returns,0.0
CTC_returns,POND_returns,0.0
CTC_returns,ACT_returns,0.0
CTC_returns,XRD_returns,0.0
CTC_returns,RLC_returns,0.0
CTC_returns,ILV_returns,0.0
CTC_returns,FIDA_returns,0.0
CTC_returns,BNT_returns,0.0
CTC_returns,DENT_returns,0.0
CTC_returns,ORBS_returns,0.0
CTC_returns,ONG_returns,0.0
CTC_returns,CHR_returns,0.0
CTC_returns,HEART_returns,0.0
CTC_returns,VANRY_returns,0.0
CTC_returns,LQTY_returns,-0.010303510999610964
CTC_returns,KEEP_returns,0.0
CTC_returns,DKA_returns,0.0
CTC_returns,ELON_returns,-0.01746269240194869
CTC_returns,ARK_returns,0.0
CTC_returns,MLK_returns,0.0
CTC_returns,AL_returns,0.0
CTC_returns,JOE_returns,0.0
CTC_returns,CELR_returns,0.0
CTC_returns,STEEM_returns,0.0
CTC_returns,BAL_returns,0.0
CTC_returns,PCI_returns,0.0
CTC_returns,MOVR_returns,0.0
CTC_returns,AUCTION_returns,0.0
CTC_returns,AERGO_returns,0.0
CTC_returns,MED_returns,0.0
CTC_returns,NMR_returns,0.0
CTC_returns,API3_returns,0.0
CTC_returns,AGLD_returns,0.0
CTC_returns,BONE_returns,0.0
CTC_returns,SLP_returns,0.0
CTC_returns,MTL_returns,0.0
CTC_returns,KNC_returns,0.0
CTC_returns,CTSI_returns,0.0
CTC_returns,BTRST_returns,0.0
CTC_returns,SCRT_returns,0.0
CTC_returns,OMI_returns,0.0
CTC_returns,GEOD_returns,0.0
CTC_returns,EDU_returns,0.0
CTC_returns,0x0_returns,0.0
CTC_returns,KUJI_returns,0.0
MINA_returns,CTC_returns,0.0
MINA_returns,MINA_returns,0.0
MINA_returns,DASH_returns,0.0
MINA_returns,SFP_returns,0.0
MINA_returns,BabyDoge_returns,0.0
MINA_returns,SNX_returns,0.0
MINA_returns,TFUEL_returns,0.0
MINA_returns,DCR_returns,0.0
MINA_returns,GLM_returns,0.0
MINA_returns,MX_returns,0.0
MINA_returns,ZIL_returns,0.5028603592889848
MINA_returns,BLUR_returns,0.5101775746663211
MINA_returns,ROSE_returns,0.0
MINA_returns,CKB_returns,0.0
MINA_returns,TRAC_returns,0.0
MINA_returns,QTUM_returns,0.0
MINA_returns,ORDI_returns,0.0
MINA_returns,LPT_returns,0.0
MINA_returns,MASK_returns,0.0
MINA_returns,ASTR_returns,0.49574389586142154
MINA_returns,ZRX_returns,0.0
MINA_returns,VTHO_returns,0.0
MINA_returns,ACH_returns,0.0
MINA_returns,BAT_returns,0.0
MINA_returns,CHEEL_returns,0.0
MINA_returns,CHEX_returns,0.0
MINA_returns,SNEK_returns,0.0
MINA_returns,BORG_returns,0.0
MINA_returns,KOGE_returns,0.0
MINA_returns,IOTX_returns,0.0
MINA_returns,CELO_returns,0.0
MINA_returns,GAS_returns,0.0
MINA_returns,ONE_returns,0.5096402110637018
MINA_returns,ID_returns,0.39659034333527393
MINA_returns,SUSHI_returns,0.0
MINA_returns,CSPR_returns,0.0
MINA_returns,HOT_returns,0.0
MINA_returns,SC_returns,0.0
MINA_returns,YFI_returns,0.0
MINA_returns,RVN_returns,0.0
MINA_returns,COW_returns,0.0
MINA_returns,ANKR_returns,0.0
MINA_returns,GOMINING_returns,0.0
MINA_returns,XCH_returns,0.0
MINA_returns,DGB_returns,0.0
MINA_returns,T_returns,0.0
MINA_returns,WOO_returns,0.0
MINA_returns,ELF_returns,0.0
MINA_returns,EUL_returns,0.0
MINA_returns,ORCA_returns,0.0
MINA_returns,KDA_returns,0.0
MINA_returns,OSMO_returns,0.0
MINA_returns,GMT_returns,0.0
MINA_returns,SNT_returns,0.0
MINA_returns,GMX_returns,0.0
MINA_returns,ENJ_returns,0.0
MINA_returns,XYO_returns,0.0
MINA_returns,POLYX_returns,0.3765168844500526
MINA_returns,ZIG_returns,0.0
MINA_returns,ZEN_returns,0.0
MINA_returns,COTI_returns,0.0
MINA_returns,WEMIX_returns,0.0
MINA_returns,SKL_returns,0.0
MINA_returns,LCX_returns,0.0
MINA_returns,WAVES_returns,0.0
MINA_returns,CVC_returns,0.0
MINA_returns,SWFTC_returns,0.0
MINA_returns,LUNA_returns,0.0
MINA_returns,HIVE_returns,0.0
MINA_returns,RLB_returns,0.0
MINA_returns,LRC_returns,0.0
MINA_returns,DAG_returns,0.0
MINA_returns,ONT_returns,0.0
MINA_returns,TRB_returns,0.0
MINA_returns,XNO_returns,0.0
MINA_returns,DLC_returns,0.0
MINA_returns,METIS_returns,0.0
MINA_returns,ICX_returns,0.0
MINA_returns,MYTH_returns,0.0
MINA_returns,MPLX_returns,0.0
MINA_returns,SXP_returns,0.0
MINA_returns,XVG_returns,0.0
MINA_returns,PEOPLE_returns,0.0
MINA_returns,AWE_returns,0.0
MINA_returns,REQ_returns,0.0
MINA_returns,STORJ_returns,0.0
MINA_returns,BAND_returns,0.0
MINA_returns,WMTX_returns,0.0
MINA_returns,CFG_returns,0.0
MINA_returns,HONEY_returns,0.0
MINA_returns,PRO_returns,-0.006582364808376723
MINA_returns,PRIME_returns,0.0
MINA_returns,VVS_returns,0.0
MINA_returns,CPOOL_returns,0.2408771492366945
MINA_returns,YGG_returns,0.0
MINA_returns,SSV_returns,0.0
MINA_returns,CETUS_returns,0.33118899010087033
MINA_returns,CGPT_returns,0.0
MINA_returns,STIK_returns,0.0
MINA_returns,PHA_returns,0.0
MINA_returns,XVS_returns,0.0
MINA_returns,KUB_returns,0.0
MINA_returns,BICO_returns,0.0
MINA_returns,UMA_returns,0.0
MINA_returns,WAXP_returns,0.0
MINA_returns,XPR_returns,0.0
MINA_returns,RPL_returns,0.0
MINA_returns,PUNDIX_returns,0.0
MINA_returns,FLUX_returns,0.0
MINA_returns,BORA_returns,0.0
MINA_returns,POWR_returns,0.0
MINA_returns,AUDIO_returns,0.0
MINA_returns,PROM_returns,0.0
MINA_returns,IOST_returns,0.0
MINA_returns,ACX_returns,0.0
MINA_returns,ARDR_returns,0.0
MINA_returns,SPELL_returns,0.0
MINA_returns,ORBR_returns,0.0
MINA_returns,LSK_returns,0.0
MINA_returns,XOR_returns,0.0
MINA_returns,GLMR_returns,0.0
MINA_returns,BMX_returns,0.0
MINA_returns,MVL_returns,0.0
MINA_returns,ABT_returns,-0.016426679803934245
MINA_returns,VELO_returns,0.0
MINA_returns,IQ_returns,0.0
MINA_returns,AGI_returns,0.0
MINA_returns,WILD_returns,0.0
MINA_returns,XEM_returns,0.0
MINA_returns,LON_returns,0.0
MINA_returns,POND_returns,0.0
MINA_returns,ACT_returns,0.0
MINA_returns,XRD_returns,0.0
MINA_returns,RLC_returns,0.0
MINA_returns,ILV_returns,0.0
MINA_returns,FIDA_returns,0.0
MINA_returns,BNT_returns,0.0
MINA_returns,DENT_returns,0.5025239293211091
MINA_returns,ORBS_returns,0.0
MINA_returns,ONG_returns,0.0
MINA_returns,CHR_returns,0.0
MINA_returns,HEART_returns,0.0
MINA_returns,VANRY_returns,0.0
MINA_returns,LQTY_returns,0.0
MINA_returns,KEEP_returns,0.0
MINA_returns,DKA_returns,0.0
MINA_returns,ELON_returns,0.0
MINA_returns,ARK_returns,0.0
MINA_returns,MLK_returns,0.0
MINA_returns,AL_returns,0.0
MINA_returns,JOE_returns,0.0
MINA_returns,CELR_returns,0.486528573647651
MINA_returns,STEEM_returns,0.0
MINA_returns,BAL_returns,0.0
MINA_returns,PCI_returns,0.0
MINA_returns,MOVR_returns,0.0
MINA_returns,AUCTION_returns,0.0
MINA_returns,AERGO_returns,0.0
MINA_returns,MED_returns,0.0
MINA_returns,NMR_returns,0.0
MINA_returns,API3_returns,0.0
MINA_returns,AGLD_returns,0.20504301778362077
MINA_returns,BONE_returns,0.0
MINA_returns,SLP_returns,0.0
MINA_returns,MTL_returns,0.0
MINA_returns,KNC_returns,0.0
MINA_returns,CTSI_returns,0.0
MINA_returns,BTRST_returns,0.0
MINA_returns,SCRT_returns,0.0
MINA_returns,OMI_returns,0.0
MINA_returns,GEOD_returns,0.0
MINA_returns,EDU_returns,0.0
MINA_returns,0x0_returns,0.0
MINA_returns,KUJI_returns,0.0
DASH_returns,CTC_returns,0.31842182164042265
DASH_returns,MINA_returns,0.0
DASH_returns,DASH_returns,0.0
DASH_returns,SFP_returns,0.40225332953136506
DASH_returns,BabyDoge_returns,0.0
DASH_returns,SNX_returns,0.0
DASH_returns,TFUEL_returns,0.0
DASH_returns,DCR_returns,0.4844917027293532
DASH_returns,GLM_returns,0.0
DASH_returns,MX_returns,0.0
DASH_returns,ZIL_returns,0.6906949659621294
DASH_returns,BLUR_returns,0.0
DASH_returns,ROSE_returns,0.0
DASH_returns,CKB_returns,0.0
DASH_returns,TRAC_returns,0.0
DASH_returns,QTUM_returns,0.5380671734141886
DASH_returns,ORDI_returns,0.0
DASH_returns,LPT_returns,0.0
DASH_returns,MASK_returns,0.0
DASH_returns,ASTR_returns,0.0
DASH_returns,ZRX_returns,0.0
DASH_returns,VTHO_returns,0.0
DASH_returns,ACH_returns,0.0
DASH_returns,BAT_returns,0.6507345280460435
DASH_returns,CHEEL_returns,0.0
DASH_returns,CHEX_returns,0.0
DASH_returns,SNEK_returns,0.0
DASH_returns,BORG_returns,0.0
DASH_returns,KOGE_returns,0.0
DASH_returns,IOTX_returns,0.0
DASH_returns,CELO_returns,0.4404982872421623
DASH_returns,GAS_returns,0.0
DASH_returns,ONE_returns,0.0
DASH_returns,ID_returns,0.0
DASH_returns,SUSHI_returns,0.0
DASH_returns,CSPR_returns,0.0
DASH_returns,HOT_returns,0.0
DASH_returns,SC_returns,0.0
DASH_returns,YFI_returns,0.42991874760409876
DASH_returns,RVN_returns,0.0
DASH_returns,COW_returns,0.0
DASH_returns,ANKR_returns,0.5441439817004602
DASH_returns,GOMINING_returns,0.0
DASH_returns,XCH_returns,0.42704589731180365
DASH_returns,DGB_returns,0.0
DASH_returns,T_returns,0.0
DASH_returns,WOO_returns,0.0
DASH_returns,ELF_returns,0.0
DASH_returns,EUL_returns,0.1849381077030772
DASH_returns,ORCA_returns,0.0
DASH_returns,KDA_returns,0.4584366036429737
DASH_returns,OSMO_returns,0.0
DASH_returns,GMT_returns,0.0
DASH_returns,SNT_returns,0.3590066657545992
DASH_returns,GMX_returns,0.0
DASH_returns,ENJ_returns,0.5491350655223243
DASH_returns,XYO_returns,0.0
DASH_returns,POLYX_returns,0.0
DASH_returns,ZIG_returns,0.0
DASH_returns,ZEN_returns,0.47396440788136635
DASH_returns,COTI_returns,0.0
DASH_returns,WEMIX_returns,0.2575113532748018
DASH_returns,SKL_returns,0.0
DASH_returns,LCX_returns,0.0
DASH_returns,WAVES_returns,0.0
DASH_returns,CVC_returns,0.0
DASH_returns,SWFTC_returns,0.0
DASH_returns,LUNA_returns,0.0
DASH_returns,HIVE_returns,0.0
DASH_returns,RLB_returns,0.0
DASH_returns,LRC_returns,0.0
DASH_returns,DAG_returns,0.2573842528483262
DASH_returns,ONT_returns,0.0
DASH_returns,TRB_returns,0.0
DASH_returns,XNO_returns,0.4268766409462806
DASH_returns,DLC_returns,0.0
DASH_returns,METIS_returns,0.0
DASH_returns,ICX_returns,0.5555545432839284
DASH_returns,MYTH_returns,0.0
DASH_returns,MPLX_returns,0.0
DASH_returns,SXP_returns,0.0
DASH_returns,XVG_returns,0.0
DASH_returns,PEOPLE_returns,0.0
DASH_returns,AWE_returns,0.0
DASH_returns,REQ_returns,0.338520834653977
DASH_returns,STORJ_returns,0.0
DASH_returns,BAND_returns,0.0
DASH_returns,WMTX_returns,0.30219654401746204
DASH_returns,CFG_returns,0.0
DASH_returns,HONEY_returns,0.0
DASH_returns,PRO_returns,0.0
DASH_returns,PRIME_returns,0.0
DASH_returns,VVS_returns,0.290813143078747
DASH_returns,CPOOL_returns,0.0
DASH_returns,YGG_returns,0.0
DASH_returns,SSV_returns,0.0
DASH_returns,CETUS_returns,0.0
DASH_returns,CGPT_returns,0.0
DASH_returns,STIK_returns,0.0
DASH_returns,PHA_returns,0.0
DASH_returns,XVS_returns,0.0
DASH_returns,KUB_returns,0.0
DASH_returns,BICO_returns,0.0
DASH_returns,UMA_returns,0.0
DASH_returns,WAXP_returns,0.0
DASH_returns,XPR_returns,0.0
DASH_returns,RPL_returns,0.0
DASH_returns,PUNDIX_returns,0.0
DASH_returns,FLUX_returns,0.0
DASH_returns,BORA_returns,0.0
DASH_returns,POWR_returns,0.0
DASH_returns,AUDIO_returns,0.0
DASH_returns,PROM_returns,0.0
DASH_returns,IOST_returns,0.0
DASH_returns,ACX_returns,0.0
DASH_returns,ARDR_returns,0.0
DASH_returns,SPELL_returns,0.0
DASH_returns,ORBR_returns,0.0
DASH_returns,LSK_returns,0.0
DASH_returns,XOR_returns,0.0
DASH_returns,GLMR_returns,0.0
DASH_returns,BMX_returns,0.0
DASH_returns,MVL_returns,0.0
DASH_returns,ABT_returns,0.0
DASH_returns,VELO_returns,0.0
DASH_returns,IQ_returns,0.0
DASH_returns,AGI_returns,0.0
DASH_returns,WILD_returns,0.0
DASH_returns,XEM_returns,0.0
DASH_returns,LON_returns,0.0
DASH_returns,POND_returns,0.0
DASH_returns,ACT_returns,0.0
DASH_returns,XRD_returns,0.0
DASH_returns,RLC_returns,0.0
DASH_returns,ILV_returns,0.0
DASH_returns,FIDA_returns,0.0
DASH_returns,BNT_returns,0.0
DASH_returns,DENT_returns,0.5782455390450288
DASH_returns,ORBS_returns,0.0
DASH_returns,ONG_returns,0.0
DASH_returns,CHR_returns,0.0
DASH_returns,HEART_returns,0.17794243283258498
DASH_returns,VANRY_returns,0.0
DASH_returns,LQTY_returns,0.0
DASH_returns,KEEP_returns,0.0
DASH_returns,DKA_returns,0.0
DASH_returns,ELON_returns,0.0
DASH_returns,ARK_returns,0.0
DASH_returns,MLK_returns,0.0
DASH_returns,AL_returns,0.0
DASH_returns,JOE_returns,0.0
DASH_returns,CELR_returns,0.0
DASH_returns,STEEM_returns,0.0
DASH_returns,BAL_returns,0.0
DASH_returns,PCI_returns,0.0
DASH_returns,MOVR_returns,0.0
DASH_returns,AUCTION_returns,0.0
DASH_returns,AERGO_returns,0.0
DASH_returns,MED_returns,0.0
DASH_returns,NMR_returns,0.0
DASH_returns,API3_returns,0.0
DASH_returns,AGLD_returns,0.0
DASH_returns,BONE_returns,0.2380209376396286
DASH_returns,SLP_returns,0.0
DASH_returns,MTL_returns,0.0
DASH_returns,KNC_returns,0.0
DASH_returns,CTSI_returns,0.0
DASH_returns,BTRST_returns,0.0
DASH_returns,SCRT_returns,0.0
DASH_returns,OMI_returns,0.0
DASH_returns,GEOD_returns,0.0
DASH_returns,EDU_returns,0.0
DASH_returns,0x0_returns,0.0
DASH_returns,KUJI_returns,0.0
SFP_returns,CTC_returns,0.0
SFP_returns,MINA_returns,0.0
SFP_returns,DASH_returns,0.40225332953136506
SFP_returns,SFP_returns,0.0
SFP_returns,BabyDoge_returns,0.0
SFP_returns,SNX_returns,0.0
SFP_returns,TFUEL_returns,0.0
SFP_returns,DCR_returns,0.0
SFP_returns,GLM_returns,0.0
SFP_returns,MX_returns,0.36804329163333743
SFP_returns,ZIL_returns,0.0
SFP_returns,BLUR_returns,0.0
SFP_returns,ROSE_returns,0.0
SFP_returns,CKB_returns,0.0
SFP_returns,TRAC_returns,0.0
SFP_returns,QTUM_returns,0.0
SFP_returns,ORDI_returns,-0.028339932722834957
SFP_returns,LPT_returns,0.0
SFP_returns,MASK_returns,0.0
SFP_returns,ASTR_returns,0.0
SFP_returns,ZRX_returns,0.0
SFP_returns,VTHO_returns,0.0
SFP_returns,ACH_returns,0.0
SFP_returns,BAT_returns,0.38050637168174994
SFP_returns,CHEEL_returns,0.39219070365130837
SFP_returns,CHEX_returns,0.0
SFP_returns,SNEK_returns,0.0
SFP_returns,BORG_returns,0.26080326662816405
SFP_returns,KOGE_returns,0.0
SFP_returns,IOTX_returns,0.0
SFP_returns,CELO_returns,0.0
SFP_returns,GAS_returns,0.0
SFP_returns,ONE_returns,0.0
SFP_returns,ID_returns,0.0
SFP_returns,SUSHI_returns,0.0
SFP_returns,CSPR_returns,0.0
SFP_returns,HOT_returns,0.0
SFP_returns,SC_returns,0.0
SFP_returns,YFI_returns,0.0
SFP_returns,RVN_returns,0.0
SFP_returns,COW_returns,0.0
SFP_returns,ANKR_returns,0.0
SFP_returns,GOMINING_returns,0.0
SFP_returns,XCH_returns,0.0
SFP_returns,DGB_returns,0.0
SFP_returns,T_returns,0.0
SFP_returns,WOO_returns,0.0
SFP_returns,ELF_returns,0.0
SFP_returns,EUL_returns,0.0
SFP_returns,ORCA_returns,0.0
SFP_returns,KDA_returns,0.0
SFP_returns,OSMO_returns,0.0
SFP_returns,GMT_returns,0.0
SFP_returns,SNT_returns,0.0
SFP_returns,GMX_returns,0.0
SFP_returns,ENJ_returns,0.0
SFP_returns,XYO_returns,0.0
SFP_returns,POLYX_returns,0.0
SFP_returns,ZIG_returns,0.0
SFP_returns,ZEN_returns,0.0
SFP_returns,COTI_returns,0.0
SFP_returns,WEMIX_returns,0.0
SFP_returns,SKL_returns,0.0
SFP_returns,LCX_returns,0.0
SFP_returns,WAVES_returns,0.0
SFP_returns,CVC_returns,0.0
SFP_returns,SWFTC_returns,0.0
SFP_returns,LUNA_returns,0.0
SFP_returns,HIVE_returns,0.0
SFP_returns,RLB_returns,0.0
SFP_returns,LRC_returns,0.0
SFP_returns,DAG_returns,0.0
SFP_returns,ONT_returns,0.0
SFP_returns,TRB_returns,0.0
SFP_returns,XNO_returns,0.0
SFP_returns,DLC_returns,0.0
SFP_returns,METIS_returns,0.0
SFP_returns,ICX_returns,0.0
SFP_returns,MYTH_returns,0.0
SFP_returns,MPLX_returns,0.0
SFP_returns,SXP_returns,0.0
SFP_returns,XVG_returns,0.0
SFP_returns,PEOPLE_returns,0.0
SFP_returns,AWE_returns,0.0
SFP_returns,REQ_returns,0.0
SFP_returns,STORJ_returns,0.0
SFP_returns,BAND_returns,0.0
SFP_returns,WMTX_returns,0.0
SFP_returns,CFG_returns,0.0
SFP_returns,HONEY_returns,0.0
SFP_returns,PRO_returns,0.0
SFP_returns,PRIME_returns,0.0
SFP_returns,VVS_returns,0.0
SFP_returns,CPOOL_returns,0.0
SFP_returns,YGG_returns,0.0
SFP_returns,SSV_returns,-0.02693182218063802
SFP_returns,CETUS_returns,0.0
SFP_returns,CGPT_returns,0.0
SFP_returns,STIK_returns,0.0
SFP_returns,PHA_returns,0.0
SFP_returns,XVS_returns,0.0
SFP_returns,KUB_returns,0.0
SFP_returns,BICO_returns,0.0
SFP_returns,UMA_returns,0.0
SFP_returns,WAXP_returns,0.0
SFP_returns,XPR_returns,0.0
SFP_returns,RPL_returns,0.0
SFP_returns,PUNDIX_returns,0.0
SFP_returns,FLUX_returns,0.0
SFP_returns,BORA_returns,0.0
SFP_returns,POWR_returns,0.0
SFP_returns,AUDIO_returns,0.0
SFP_returns,PROM_returns,0.0
SFP_returns,IOST_returns,0.3383994983591405
SFP_returns,ACX_returns,0.0
SFP_returns,ARDR_returns,0.0
SFP_returns,SPELL_returns,0.0
SFP_returns,ORBR_returns,0.0
SFP_returns,LSK_returns,0.0
SFP_returns,XOR_returns,0.0
SFP_returns,GLMR_returns,0.0
SFP_returns,BMX_returns,0.0
SFP_returns,MVL_returns,0.0
SFP_returns,ABT_returns,0.0
SFP_returns,VELO_returns,0.0
SFP_returns,IQ_returns,0.0
SFP_returns,AGI_returns,0.0
SFP_returns,WILD_returns,0.0
SFP_returns,XEM_returns,0.0
SFP_returns,LON_returns,0.40411630856715214
SFP_returns,POND_returns,0.0
SFP_returns,ACT_returns,0.0
SFP_returns,XRD_returns,0.0
SFP_returns,RLC_returns,0.0
SFP_returns,ILV_returns,0.0
SFP_returns,FIDA_returns,0.0
SFP_returns,BNT_returns,0.0
SFP_returns,DENT_returns,0.0
SFP_returns,ORBS_returns,0.0
SFP_returns,ONG_returns,0.0
SFP_returns,CHR_returns,0.0
SFP_returns,HEART_returns,0.0
SFP_returns,VANRY_returns,0.0
SFP_returns,LQTY_returns,0.0
SFP_returns,KEEP_returns,0.0
SFP_returns,DKA_returns,0.0
SFP_returns,ELON_returns,0.0
SFP_returns,ARK_returns,0.0
SFP_returns,MLK_returns,0.0
SFP_returns,AL_returns,0.0
SFP_returns,JOE_returns,0.0
SFP_returns,CELR_returns,0.0
SFP_returns,STEEM_returns,0.0
SFP_returns,BAL_returns,0.0
SFP_returns,PCI_returns,0.0
SFP_returns,MOVR_returns,0.0
SFP_returns,AUCTION_returns,0.0
SFP_returns,AERGO_returns,0.0
SFP_returns,MED_returns,0.0
SFP_returns,NMR_returns,0.0
SFP_returns,API3_returns,0.0
SFP_returns,AGLD_returns,0.0
SFP_returns,BONE_returns,0.0
SFP_returns,SLP_returns,0.0
SFP_returns,MTL_returns,0.0
SFP_returns,KNC_returns,0.0
SFP_returns,CTSI_returns,0.0
SFP_returns,BTRST_returns,0.0
SFP_returns,SCRT_returns,0.0
SFP_returns,OMI_returns,0.0
SFP_returns,GEOD_returns,0.0
SFP_returns,EDU_returns,0.0
SFP_returns,0x0_returns,-0.007378706900324158
SFP_returns,KUJI_returns,0.0
BabyDoge_returns,CTC_returns,0.0
BabyDoge_returns,MINA_returns,0.0
BabyDoge_returns,DASH_returns,0.0
BabyDoge_returns,SFP_returns,0.0
BabyDoge_returns,BabyDoge_returns,0.0
BabyDoge_returns,SNX_returns,0.0
BabyDoge_returns,TFUEL_returns,0.0
BabyDoge_returns,DCR_returns,0.0
BabyDoge_returns,GLM_returns,0.0
BabyDoge_returns,MX_returns,0.0
BabyDoge_returns,ZIL_returns,0.0
BabyDoge_returns,BLUR_returns,0.0
BabyDoge_returns,ROSE_returns,0.0
BabyDoge_returns,CKB_returns,0.0
BabyDoge_returns,TRAC_returns,0.0
BabyDoge_returns,QTUM_returns,0.2194840301759389
BabyDoge_returns,ORDI_returns,0.0
BabyDoge_returns,LPT_returns,0.0
BabyDoge_returns,MASK_returns,0.0
BabyDoge_returns,ASTR_returns,0.0
BabyDoge_returns,ZRX_returns,0.0
BabyDoge_returns,VTHO_returns,0.0
BabyDoge_returns,ACH_returns,0.0
BabyDoge_returns,BAT_returns,0.0
BabyDoge_returns,CHEEL_returns,0.0
BabyDoge_returns,CHEX_returns,0.0
BabyDoge_returns,SNEK_returns,0.0
BabyDoge_returns,BORG_returns,0.0
BabyDoge_returns,KOGE_returns,0.0
BabyDoge_returns,IOTX_returns,0.0
BabyDoge_returns,CELO_returns,0.0
BabyDoge_returns,GAS_returns,0.0
BabyDoge_returns,ONE_returns,0.26600531037713393
BabyDoge_returns,ID_returns,0.0
BabyDoge_returns,SUSHI_returns,0.0
BabyDoge_returns,CSPR_returns,0.0
BabyDoge_returns,HOT_returns,0.2764074662623083
BabyDoge_returns,SC_returns,0.0
BabyDoge_returns,YFI_returns,0.0
BabyDoge_returns,RVN_returns,0.0
BabyDoge_returns,COW_returns,0.0
BabyDoge_returns,ANKR_returns,0.0
BabyDoge_returns,GOMINING_returns,0.0
BabyDoge_returns,XCH_returns,0.0
BabyDoge_returns,DGB_returns,0.0
BabyDoge_returns,T_returns,0.0
BabyDoge_returns,WOO_returns,0.0
BabyDoge_returns,ELF_returns,0.0
BabyDoge_returns,EUL_returns,0.0
BabyDoge_returns,ORCA_returns,0.0
BabyDoge_returns,KDA_returns,0.0
BabyDoge_returns,OSMO_returns,0.0
BabyDoge_returns,GMT_returns,0.0
BabyDoge_returns,SNT_returns,0.0
BabyDoge_returns,GMX_returns,0.0
BabyDoge_returns,ENJ_returns,0.24648837284869457
BabyDoge_returns,XYO_returns,0.0
BabyDoge_returns,POLYX_returns,0.0
BabyDoge_returns,ZIG_returns,0.0
BabyDoge_returns,ZEN_returns,0.0
BabyDoge_returns,COTI_returns,0.0
BabyDoge_returns,WEMIX_returns,0.0
BabyDoge_returns,SKL_returns,0.0
BabyDoge_returns,LCX_returns,0.0
BabyDoge_returns,WAVES_returns,0.0
BabyDoge_returns,CVC_returns,0.0
BabyDoge_returns,SWFTC_returns,0.0
BabyDoge_returns,LUNA_returns,0.0
BabyDoge_returns,HIVE_returns,0.0
BabyDoge_returns,RLB_returns,-0.013869485344749669
BabyDoge_returns,LRC_returns,0.0
BabyDoge_returns,DAG_returns,0.0
BabyDoge_returns,ONT_returns,0.0
BabyDoge_returns,TRB_returns,0.0
BabyDoge_returns,XNO_returns,0.0
BabyDoge_returns,DLC_returns,0.0
BabyDoge_returns,METIS_returns,0.0
BabyDoge_returns,ICX_returns,0.0
BabyDoge_returns,MYTH_returns,-0.023302302085492235
BabyDoge_returns,MPLX_returns,0.0
BabyDoge_returns,SXP_returns,0.0
BabyDoge_returns,XVG_returns,0.0
BabyDoge_returns,PEOPLE_returns,0.0
BabyDoge_returns,AWE_returns,0.0
BabyDoge_returns,REQ_returns,0.0
BabyDoge_returns,STORJ_returns,0.0
BabyDoge_returns,BAND_returns,0.0
BabyDoge_returns,WMTX_returns,0.0
BabyDoge_returns,CFG_returns,0.0
BabyDoge_returns,HONEY_returns,0.0
BabyDoge_returns,PRO_returns,0.0
BabyDoge_returns,PRIME_returns,0.0
BabyDoge_returns,VVS_returns,0.0
BabyDoge_returns,CPOOL_returns,0.0
BabyDoge_returns,YGG_returns,0.0
BabyDoge_returns,SSV_returns,0.0
BabyDoge_returns,CETUS_returns,0.0
BabyDoge_returns,CGPT_returns,0.0
BabyDoge_returns,STIK_returns,0.0
BabyDoge_returns,PHA_returns,0.0
BabyDoge_returns,XVS_returns,0.0
BabyDoge_returns,KUB_returns,0.0
BabyDoge_returns,BICO_returns,0.0
BabyDoge_returns,UMA_returns,0.0
BabyDoge_returns,WAXP_returns,0.0
BabyDoge_returns,XPR_returns,0.0
BabyDoge_returns,RPL_returns,0.0
BabyDoge_returns,PUNDIX_returns,0.0
BabyDoge_returns,FLUX_returns,0.0
BabyDoge_returns,BORA_returns,0.0
BabyDoge_returns,POWR_returns,0.0
BabyDoge_returns,AUDIO_returns,0.0
BabyDoge_returns,PROM_returns,0.0
BabyDoge_returns,IOST_returns,0.0
BabyDoge_returns,ACX_returns,-0.010233458720574502
BabyDoge_returns,ARDR_returns,0.0
BabyDoge_returns,SPELL_returns,0.0
BabyDoge_returns,ORBR_returns,0.0
BabyDoge_returns,LSK_returns,0.0
BabyDoge_returns,XOR_returns,0.0
BabyDoge_returns,GLMR_returns,0.0
BabyDoge_returns,BMX_returns,0.0
BabyDoge_returns,MVL_returns,0.0
BabyDoge_returns,ABT_returns,0.0
BabyDoge_returns,VELO_returns,0.0
BabyDoge_returns,IQ_returns,0.0
BabyDoge_returns,AGI_returns,0.0
BabyDoge_returns,WILD_returns,0.0
BabyDoge_returns,XEM_returns,0.0
BabyDoge_returns,LON_returns,0.0
BabyDoge_returns,POND_returns,0.0
BabyDoge_returns,ACT_returns,0.0
BabyDoge_returns,XRD_returns,0.0
BabyDoge_returns,RLC_returns,0.0
BabyDoge_returns,ILV_returns,0.0
BabyDoge_returns,FIDA_returns,0.0
BabyDoge_returns,BNT_returns,0.0
BabyDoge_returns,DENT_returns,0.0
BabyDoge_returns,ORBS_returns,0.0
BabyDoge_returns,ONG_returns,0.0
BabyDoge_returns,CHR_returns,0.0
BabyDoge_returns,HEART_returns,0.0
BabyDoge_returns,VANRY_returns,0.0
BabyDoge_returns,LQTY_returns,0.0
BabyDoge_returns,KEEP_returns,0.0
BabyDoge_returns,DKA_returns,0.0
BabyDoge_returns,ELON_returns,0.20154288239107312
BabyDoge_returns,ARK_returns,0.0
BabyDoge_returns,MLK_returns,0.0
BabyDoge_returns,AL_returns,0.0
BabyDoge_returns,JOE_returns,0.0
BabyDoge_returns,CELR_returns,0.0
BabyDoge_returns,STEEM_returns,0.0
BabyDoge_returns,BAL_returns,0.0
BabyDoge_returns,PCI_returns,0.0
BabyDoge_returns,MOVR_returns,0.0
BabyDoge_returns,AUCTION_returns,0.0
BabyDoge_returns,AERGO_returns,0.0
BabyDoge_returns,MED_returns,0.0
BabyDoge_returns,NMR_returns,0.21851765322890407
BabyDoge_returns,API3_returns,0.0
BabyDoge_returns,AGLD_returns,0.0
BabyDoge_returns,BONE_returns,0.2899268937178424
BabyDoge_returns,SLP_returns,0.0
BabyDoge_returns,MTL_returns,0.0
BabyDoge_returns,KNC_returns,0.0
BabyDoge_returns,CTSI_returns,0.0
BabyDoge_returns,BTRST_returns,0.0
BabyDoge_returns,SCRT_returns,0.0
BabyDoge_returns,OMI_returns,0.0
BabyDoge_returns,GEOD_returns,0.0
BabyDoge_returns,EDU_returns,0.0
BabyDoge_returns,0x0_returns,0.0
BabyDoge_returns,KUJI_returns,0.0
SNX_returns,CTC_returns,0.0
SNX_returns,MINA_returns,0.0
SNX_returns,DASH_returns,0.0
SNX_returns,SFP_returns,0.0
SNX_returns,BabyDoge_returns,0.0
SNX_returns,SNX_returns,0.0
SNX_returns,TFUEL_returns,0.0
SNX_returns,DCR_returns,0.0
SNX_returns,GLM_returns,0.0
SNX_returns,MX_returns,0.0
SNX_returns,ZIL_returns,0.47283618552518725
SNX_returns,BLUR_returns,0.0
SNX_returns,ROSE_returns,0.0
SNX_returns,CKB_returns,0.0
SNX_returns,TRAC_returns,0.1904542042113276
SNX_returns,QTUM_returns,0.0
SNX_returns,ORDI_returns,0.0
SNX_returns,LPT_returns,0.0
SNX_returns,MASK_returns,0.0
SNX_returns,ASTR_returns,0.0
SNX_returns,ZRX_returns,0.0
SNX_returns,VTHO_returns,0.0
SNX_returns,ACH_returns,0.0
SNX_returns,BAT_returns,0.0
SNX_returns,CHEEL_returns,-0.07059614454193561
SNX_returns,CHEX_returns,0.0
SNX_returns,SNEK_returns,0.0
SNX_returns,BORG_returns,0.0
SNX_returns,KOGE_returns,0.0
SNX_returns,IOTX_returns,0.0
SNX_returns,CELO_returns,0.0
SNX_returns,GAS_returns,0.0
SNX_returns,ONE_returns,0.4790120961124536
SNX_returns,ID_returns,0.0
SNX_returns,SUSHI_returns,0.44818208768379625
SNX_returns,CSPR_returns,0.0
SNX_returns,HOT_returns,0.45465694951505137
SNX_returns,SC_returns,0.0
SNX_returns,YFI_returns,0.0
SNX_returns,RVN_returns,0.0
SNX_returns,COW_returns,0.0
SNX_returns,ANKR_returns,0.0
SNX_returns,GOMINING_returns,0.0
SNX_returns,XCH_returns,0.0
SNX_returns,DGB_returns,0.0
SNX_returns,T_returns,0.0
SNX_returns,WOO_returns,0.0
SNX_returns,ELF_returns,0.0
SNX_returns,EUL_returns,0.0
SNX_returns,ORCA_returns,0.0
SNX_returns,KDA_returns,0.0
SNX_returns,OSMO_returns,0.0
SNX_returns,GMT_returns,0.0
SNX_returns,SNT_returns,0.0
SNX_returns,GMX_returns,0.0
SNX_returns,ENJ_returns,0.0
SNX_returns,XYO_returns,0.0
SNX_returns,POLYX_returns,0.0
SNX_returns,ZIG_returns,0.0
SNX_returns,ZEN_returns,0.0
SNX_returns,COTI_returns,0.0
SNX_returns,WEMIX_returns,0.0
SNX_returns,SKL_returns,0.0
SNX_returns,LCX_returns,0.0
SNX_returns,WAVES_returns,0.0
SNX_returns,CVC_returns,0.0
SNX_returns,SWFTC_returns,0.0
SNX_returns,LUNA_returns,0.0
SNX_returns,HIVE_returns,0.0
SNX_returns,RLB_returns,0.0
SNX_returns,LRC_returns,0.0
SNX_returns,DAG_returns,0.0
SNX_returns,ONT_returns,0.0
SNX_returns,TRB_returns,0.0
SNX_returns,XNO_returns,0.0
SNX_returns,DLC_returns,-0.01586890862157615
SNX_returns,METIS_returns,0.0
SNX_returns,ICX_returns,0.0
SNX_returns,MYTH_returns,0.0
SNX_returns,MPLX_returns,0.0
SNX_returns,SXP_returns,0.0
SNX_returns,XVG_returns,0.0
SNX_returns,PEOPLE_returns,0.0
SNX_returns,AWE_returns,0.0
SNX_returns,REQ_returns,0.0
SNX_returns,STORJ_returns,0.0
SNX_returns,BAND_returns,0.0
SNX_returns,WMTX_returns,0.0
SNX_returns,CFG_returns,0.0
SNX_returns,HONEY_returns,0.0
SNX_returns,PRO_returns,-0.05082712736817256
SNX_returns,PRIME_returns,0.0
SNX_returns,VVS_returns,0.0
SNX_returns,CPOOL_returns,0.0
SNX_returns,YGG_returns,0.0
SNX_returns,SSV_returns,0.36942457127594736
SNX_returns,CETUS_returns,0.0
SNX_returns,CGPT_returns,0.0
SNX_returns,STIK_returns,-0.10460713742645297
SNX_returns,PHA_returns,0.0
SNX_returns,XVS_returns,0.0
SNX_returns,KUB_returns,0.0
SNX_returns,BICO_returns,0.0
SNX_returns,UMA_returns,0.0
SNX_returns,WAXP_returns,0.0
SNX_returns,XPR_returns,0.0
SNX_returns,RPL_returns,0.2822251234589321
SNX_returns,PUNDIX_returns,0.0
SNX_returns,FLUX_returns,0.0
SNX_returns,BORA_returns,0.0
SNX_returns,POWR_returns,0.0
SNX_returns,AUDIO_returns,0.0
SNX_returns,PROM_returns,0.0
SNX_returns,IOST_returns,0.0
SNX_returns,ACX_returns,0.0
SNX_returns,ARDR_returns,0.0
SNX_returns,SPELL_returns,0.0
SNX_returns,ORBR_returns,0.0
SNX_returns,LSK_returns,0.0
SNX_returns,XOR_returns,0.0
SNX_returns,GLMR_returns,0.0
SNX_returns,BMX_returns,-0.01763866204259198
SNX_returns,MVL_returns,0.0
SNX_returns,ABT_returns,0.0
SNX_returns,VELO_returns,0.0
SNX_returns,IQ_returns,0.0
SNX_returns,AGI_returns,0.0
SNX_returns,WILD_returns,0.0
SNX_returns,XEM_returns,0.0
SNX_returns,LON_returns,-0.05894319499826569
SNX_returns,POND_returns,0.0
SNX_returns,ACT_returns,0.0
SNX_returns,XRD_returns,0.0
SNX_returns,RLC_returns,0.0
SNX_returns,ILV_returns,0.0
SNX_returns,FIDA_returns,0.0
SNX_returns,BNT_returns,0.3003434891717773
SNX_returns,DENT_returns,0.4821052797077817
SNX_returns,ORBS_returns,0.0
SNX_returns,ONG_returns,0.0
SNX_returns,CHR_returns,0.0
SNX_returns,HEART_returns,0.0
SNX_returns,VANRY_returns,0.0
SNX_returns,LQTY_returns,0.0
SNX_returns,KEEP_returns,0.0
SNX_returns,DKA_returns,0.0
SNX_returns,ELON_returns,0.0
SNX_returns,ARK_returns,0.0
SNX_returns,MLK_returns,0.0
SNX_returns,AL_returns,0.0
SNX_returns,JOE_returns,0.0
SNX_returns,CELR_returns,0.48827661222166857
SNX_returns,STEEM_returns,0.0
SNX_returns,BAL_returns,0.0
SNX_returns,PCI_returns,0.0
SNX_returns,MOVR_returns,0.0
SNX_returns,AUCTION_returns,0.0
SNX_returns,AERGO_returns,0.0
SNX_returns,MED_returns,0.0
SNX_returns,NMR_returns,0.0
SNX_returns,API3_returns,0.0
SNX_returns,AGLD_returns,0.0
SNX_returns,BONE_returns,0.0
SNX_returns,SLP_returns,0.0
SNX_returns,MTL_returns,0.0
SNX_returns,KNC_returns,0.0
SNX_returns,CTSI_returns,0.0
SNX_returns,BTRST_returns,0.0
SNX_returns,SCRT_returns,0.0
SNX_returns,OMI_returns,0.0
SNX_returns,GEOD_returns,0.0
SNX_returns,EDU_returns,0.0
SNX_returns,0x0_returns,0.0
SNX_returns,KUJI_returns,0.0
TFUEL_returns,CTC_returns,0.0
TFUEL_returns,MINA_returns,0.0
TFUEL_returns,DASH_returns,0.0
TFUEL_returns,SFP_returns,0.0
TFUEL_returns,BabyDoge_returns,0.0
TFUEL_returns,SNX_returns,0.0
TFUEL_returns,TFUEL_returns,0.0
TFUEL_returns,DCR_returns,0.0
TFUEL_returns,GLM_returns,0.0
TFUEL_returns,MX_returns,0.0
TFUEL_returns,ZIL_returns,0.4389865190701134
TFUEL_returns,BLUR_returns,0.0
TFUEL_returns,ROSE_returns,0.0
TFUEL_returns,CKB_returns,0.0
TFUEL_returns,TRAC_returns,0.17906265142459382
TFUEL_returns,QTUM_returns,0.0
TFUEL_returns,ORDI_returns,0.0
TFUEL_returns,LPT_returns,0.0
TFUEL_returns,MASK_returns,0.0
TFUEL_returns,ASTR_returns,0.0
TFUEL_returns,ZRX_returns,0.0
TFUEL_returns,VTHO_returns,0.0
TFUEL_returns,ACH_returns,0.0
TFUEL_returns,BAT_returns,0.4702762760896136
TFUEL_returns,CHEEL_returns,0.0
TFUEL_returns,CHEX_returns,0.0
TFUEL_returns,SNEK_returns,0.0
TFUEL_returns,BORG_returns,0.0
TFUEL_returns,KOGE_returns,0.0
TFUEL_returns,IOTX_returns,0.0
TFUEL_returns,CELO_returns,0.0
TFUEL_returns,GAS_returns,0.0
TFUEL_returns,ONE_returns,0.0
TFUEL_returns,ID_returns,0.0
TFUEL_returns,SUSHI_returns,0.0
TFUEL_returns,CSPR_returns,0.25061081880142133
TFUEL_returns,HOT_returns,0.0
TFUEL_returns,SC_returns,0.0
TFUEL_returns,YFI_returns,0.0
TFUEL_returns,RVN_returns,0.0
TFUEL_returns,COW_returns,0.0
TFUEL_returns,ANKR_returns,0.4589385844882354
TFUEL_returns,GOMINING_returns,0.0
TFUEL_returns,XCH_returns,0.0
TFUEL_returns,DGB_returns,0.0
TFUEL_returns,T_returns,0.0
TFUEL_returns,WOO_returns,0.0
TFUEL_returns,ELF_returns,0.0
TFUEL_returns,EUL_returns,0.0
TFUEL_returns,ORCA_returns,0.0
TFUEL_returns,KDA_returns,0.0
TFUEL_returns,OSMO_returns,0.0
TFUEL_returns,GMT_returns,0.0
TFUEL_returns,SNT_returns,0.0
TFUEL_returns,GMX_returns,0.0
TFUEL_returns,ENJ_returns,0.0
TFUEL_returns,XYO_returns,0.0
TFUEL_returns,POLYX_returns,0.0
TFUEL_returns,ZIG_returns,0.0
TFUEL_returns,ZEN_returns,0.0
TFUEL_returns,COTI_returns,0.0
TFUEL_returns,WEMIX_returns,0.0
TFUEL_returns,SKL_returns,0.0
TFUEL_returns,LCX_returns,0.0
TFUEL_returns,WAVES_returns,0.0
TFUEL_returns,CVC_returns,0.0
TFUEL_returns,SWFTC_returns,0.17570940542313715
TFUEL_returns,LUNA_returns,0.0
TFUEL_returns,HIVE_returns,0.0
TFUEL_returns,RLB_returns,0.0
TFUEL_returns,LRC_returns,0.0
TFUEL_returns,DAG_returns,0.0
TFUEL_returns,ONT_returns,0.0
TFUEL_returns,TRB_returns,0.0
TFUEL_returns,XNO_returns,0.0
TFUEL_returns,DLC_returns,0.18425507816229933
TFUEL_returns,METIS_returns,0.0
TFUEL_returns,ICX_returns,0.40219885726531357
TFUEL_returns,MYTH_returns,0.0
TFUEL_returns,MPLX_returns,0.0
TFUEL_returns,SXP_returns,0.0
TFUEL_returns,XVG_returns,0.0
TFUEL_returns,PEOPLE_returns,0.0
TFUEL_returns,AWE_returns,0.0
TFUEL_returns,REQ_returns,0.0
TFUEL_returns,STORJ_returns,0.0
TFUEL_returns,BAND_returns,0.0
TFUEL_returns,WMTX_returns,0.0
TFUEL_returns,CFG_returns,0.0
TFUEL_returns,HONEY_returns,0.0
TFUEL_returns,PRO_returns,0.0
TFUEL_returns,PRIME_returns,0.0
TFUEL_returns,VVS_returns,0.0
TFUEL_returns,CPOOL_returns,0.0
TFUEL_returns,YGG_returns,0.0
TFUEL_returns,SSV_returns,0.0
TFUEL_returns,CETUS_returns,0.0
TFUEL_returns,CGPT_returns,0.0
TFUEL_returns,STIK_returns,0.0
TFUEL_returns,PHA_returns,0.0
TFUEL_returns,XVS_returns,0.0
TFUEL_returns,KUB_returns,0.0
TFUEL_returns,BICO_returns,0.0
TFUEL_returns,UMA_returns,0.0
TFUEL_returns,WAXP_returns,0.4917341585321585
TFUEL_returns,XPR_returns,0.0
TFUEL_returns,RPL_returns,0.0
TFUEL_returns,PUNDIX_returns,0.0
TFUEL_returns,FLUX_returns,0.0
TFUEL_returns,BORA_returns,0.0
TFUEL_returns,POWR_returns,0.0
TFUEL_returns,AUDIO_returns,0.0
TFUEL_returns,PROM_returns,0.0
TFUEL_returns,IOST_returns,0.0
TFUEL_returns,ACX_returns,0.0
TFUEL_returns,ARDR_returns,0.0
TFUEL_returns,SPELL_returns,0.0
TFUEL_returns,ORBR_returns,0.0
TFUEL_returns,LSK_returns,0.43457186783495644
TFUEL_returns,XOR_returns,-0.020021134040601466
TFUEL_returns,GLMR_returns,0.0
TFUEL_returns,BMX_returns,0.0
TFUEL_returns,MVL_returns,0.0
TFUEL_returns,ABT_returns,0.0
TFUEL_returns,VELO_returns,0.0
TFUEL_returns,IQ_returns,0.0
TFUEL_returns,AGI_returns,0.0
TFUEL_returns,WILD_returns,0.0
TFUEL_returns,XEM_returns,0.0
TFUEL_returns,LON_returns,0.0
TFUEL_returns,POND_returns,0.0
TFUEL_returns,ACT_returns,0.0
TFUEL_returns,XRD_returns,0.0
TFUEL_returns,RLC_returns,0.0
TFUEL_returns,ILV_returns,0.0
TFUEL_returns,FIDA_returns,0.0
TFUEL_returns,BNT_returns,0.0
TFUEL_returns,DENT_returns,0.0
TFUEL_returns,ORBS_returns,0.0
TFUEL_returns,ONG_returns,0.0
TFUEL_returns,CHR_returns,0.0
TFUEL_returns,HEART_returns,0.0
TFUEL_returns,VANRY_returns,0.0
TFUEL_returns,LQTY_returns,0.0
TFUEL_returns,KEEP_returns,0.0
TFUEL_returns,DKA_returns,0.0
TFUEL_returns,ELON_returns,0.0
TFUEL_returns,ARK_returns,0.0
TFUEL_returns,MLK_returns,0.0
TFUEL_returns,AL_returns,0.0
TFUEL_returns,JOE_returns,0.0
TFUEL_returns,CELR_returns,0.0
TFUEL_returns,STEEM_returns,0.0
TFUEL_returns,BAL_returns,0.0
TFUEL_returns,PCI_returns,0.0
TFUEL_returns,MOVR_returns,0.0
TFUEL_returns,AUCTION_returns,0.0
TFUEL_returns,AERGO_returns,0.0
TFUEL_returns,MED_returns,0.0
TFUEL_returns,NMR_returns,0.0
TFUEL_returns,API3_returns,0.0
TFUEL_returns,AGLD_returns,0.0
TFUEL_returns,BONE_returns,0.0
TFUEL_returns,SLP_returns,0.0
TFUEL_returns,MTL_returns,0.0
TFUEL_returns,KNC_returns,0.0
TFUEL_returns,CTSI_returns,0.0
TFUEL_returns,BTRST_returns,0.0
TFUEL_returns,SCRT_returns,0.0
TFUEL_returns,OMI_returns,0.0
TFUEL_returns,GEOD_returns,0.0
TFUEL_returns,EDU_returns,0.0
TFUEL_returns,0x0_returns,0.0
TFUEL_returns,KUJI_returns,0.0
DCR_returns,CTC_returns,0.0
DCR_returns,MINA_returns,0.0
DCR_returns,DASH_returns,0.4844917027293532
DCR_returns,SFP_returns,0.0
DCR_returns,BabyDoge_returns,0.0
DCR_returns,SNX_returns,0.0
DCR_returns,TFUEL_returns,0.0
DCR_returns,DCR_returns,0.0
DCR_returns,GLM_returns,0.0
DCR_returns,MX_returns,0.0
DCR_returns,ZIL_returns,0.4788949868349709
DCR_returns,BLUR_returns,0.0
DCR_returns,ROSE_returns,0.0
DCR_returns,CKB_returns,0.0
DCR_returns,TRAC_returns,0.0
DCR_returns,QTUM_returns,0.0
DCR_returns,ORDI_returns,0.0
DCR_returns,LPT_returns,0.0
DCR_returns,MASK_returns,0.0
DCR_returns,ASTR_returns,0.0
DCR_returns,ZRX_returns,0.0
DCR_returns,VTHO_returns,0.0
DCR_returns,ACH_returns,0.0
DCR_returns,BAT_returns,0.4608275452279535
DCR_returns,CHEEL_returns,0.0
DCR_returns,CHEX_returns,0.0
DCR_returns,SNEK_returns,0.0
DCR_returns,BORG_returns,0.0
DCR_returns,KOGE_returns,0.0
DCR_returns,IOTX_returns,0.0
DCR_returns,CELO_returns,0.0
DCR_returns,GAS_returns,0.0
DCR_returns,ONE_returns,0.0
DCR_returns,ID_returns,0.0
DCR_returns,SUSHI_returns,0.0
DCR_returns,CSPR_returns,0.0
DCR_returns,HOT_returns,0.0
DCR_returns,SC_returns,0.0
DCR_returns,YFI_returns,0.0
DCR_returns,RVN_returns,0.0
DCR_returns,COW_returns,0.0
DCR_returns,ANKR_returns,0.45940655525142216
DCR_returns,GOMINING_returns,0.0
DCR_returns,XCH_returns,0.0
DCR_returns,DGB_returns,0.0
DCR_returns,T_returns,0.0
DCR_returns,WOO_returns,0.0
DCR_returns,ELF_returns,0.0
DCR_returns,EUL_returns,0.16488827651150173
DCR_returns,ORCA_returns,0.0
DCR_returns,KDA_returns,0.0
DCR_returns,OSMO_returns,0.0
DCR_returns,GMT_returns,0.0
DCR_returns,SNT_returns,0.0
DCR_returns,GMX_returns,0.0
DCR_returns,ENJ_returns,0.0
DCR_returns,XYO_returns,0.0
DCR_returns,POLYX_returns,0.0
DCR_returns,ZIG_returns,0.0
DCR_returns,ZEN_returns,0.0
DCR_returns,COTI_returns,0.0
DCR_returns,WEMIX_returns,0.0
DCR_returns,SKL_returns,0.0
DCR_returns,LCX_returns,0.0
DCR_returns,WAVES_returns,0.0
DCR_returns,CVC_returns,0.0
DCR_returns,SWFTC_returns,0.0
DCR_returns,LUNA_returns,0.0
DCR_returns,HIVE_returns,0.0
DCR_returns,RLB_returns,0.0
DCR_returns,LRC_returns,0.4332721263694583
DCR_returns,DAG_returns,0.0
DCR_returns,ONT_returns,0.0
DCR_returns,TRB_returns,0.0
DCR_returns,XNO_returns,0.0
DCR_returns,DLC_returns,0.0
DCR_returns,METIS_returns,0.0
DCR_returns,ICX_returns,0.42626378256922104
DCR_returns,MYTH_returns,0.0
DCR_returns,MPLX_returns,0.0
DCR_returns,SXP_returns,0.0
DCR_returns,XVG_returns,0.0
DCR_returns,PEOPLE_returns,0.0
DCR_returns,AWE_returns,0.0
DCR_returns,REQ_returns,0.0
DCR_returns,STORJ_returns,0.0
DCR_returns,BAND_returns,0.0
DCR_returns,WMTX_returns,0.0
DCR_returns,CFG_returns,0.0
DCR_returns,HONEY_returns,0.0
DCR_returns,PRO_returns,0.0
DCR_returns,PRIME_returns,0.0
DCR_returns,VVS_returns,0.0
DCR_returns,CPOOL_returns,0.0
DCR_returns,YGG_returns,0.0
DCR_returns,SSV_returns,0.0
DCR_returns,CETUS_returns,0.0
DCR_returns,CGPT_returns,0.0
DCR_returns,STIK_returns,0.0
DCR_returns,PHA_returns,0.0
DCR_returns,XVS_returns,0.0
DCR_returns,KUB_returns,0.0
DCR_returns,BICO_returns,0.0
DCR_returns,UMA_returns,0.0
DCR_returns,WAXP_returns,0.0
DCR_returns,XPR_returns,0.0
DCR_returns,RPL_returns,0.0
DCR_returns,PUNDIX_returns,0.0
DCR_returns,FLUX_returns,0.0
DCR_returns,BORA_returns,0.0
DCR_returns,POWR_returns,0.0
DCR_returns,AUDIO_returns,0.0
DCR_returns,PROM_returns,0.27178693392898334
DCR_returns,IOST_returns,0.0
DCR_returns,ACX_returns,0.0
DCR_returns,ARDR_returns,0.0
DCR_returns,SPELL_returns,0.0
DCR_returns,ORBR_returns,0.0
DCR_returns,LSK_returns,0.0
DCR_returns,XOR_returns,0.0
DCR_returns,GLMR_returns,0.0
DCR_returns,BMX_returns,0.0
DCR_returns,MVL_returns,0.0
DCR_returns,ABT_returns,0.12437095338420523
DCR_returns,VELO_returns,0.0
DCR_returns,IQ_returns,0.0
DCR_returns,AGI_returns,0.0
DCR_returns,WILD_returns,0.0
DCR_returns,XEM_returns,0.0
DCR_returns,LON_returns,0.0
DCR_returns,POND_returns,0.0
DCR_returns,ACT_returns,0.0
DCR_returns,XRD_returns,0.0
DCR_returns,RLC_returns,0.0
DCR_returns,ILV_returns,0.0
DCR_returns,FIDA_returns,0.0
DCR_returns,BNT_returns,0.0
DCR_returns,DENT_returns,0.0
DCR_returns,ORBS_returns,0.0
DCR_returns,ONG_returns,0.0
DCR_returns,CHR_returns,0.0
DCR_returns,HEART_returns,0.0
DCR_returns,VANRY_returns,0.0
DCR_returns,LQTY_returns,0.0
DCR_returns,KEEP_returns,0.0
DCR_returns,DKA_returns,0.0
DCR_returns,ELON_returns,0.0
DCR_returns,ARK_returns,0.0
DCR_returns,MLK_returns,0.0
DCR_returns,AL_returns,0.0
DCR_returns,JOE_returns,0.0
DCR_returns,CELR_returns,0.0
DCR_returns,STEEM_returns,0.0
DCR_returns,BAL_returns,0.0
DCR_returns,PCI_returns,0.0
DCR_returns,MOVR_returns,0.0
DCR_returns,AUCTION_returns,0.0
DCR_returns,AERGO_returns,0.0
DCR_returns,MED_returns,0.0
DCR_returns,NMR_returns,0.0
DCR_returns,API3_returns,0.0
DCR_returns,AGLD_returns,0.0
DCR_returns,BONE_returns,0.0
DCR_returns,SLP_returns,0.0
DCR_returns,MTL_returns,0.0
DCR_returns,KNC_returns,0.0
DCR_returns,CTSI_returns,0.0
DCR_returns,BTRST_returns,0.0
DCR_returns,SCRT_returns,0.0
DCR_returns,OMI_returns,0.0
DCR_returns,GEOD_returns,0.0
DCR_returns,EDU_returns,0.0
DCR_returns,0x0_returns,0.0
DCR_returns,KUJI_returns,0.0
GLM_returns,CTC_returns,0.0
GLM_returns,MINA_returns,0.0
GLM_returns,DASH_returns,0.0
GLM_returns,SFP_returns,0.0
GLM_returns,BabyDoge_returns,0.0
GLM_returns,SNX_returns,0.0
GLM_returns,TFUEL_returns,0.0
GLM_returns,DCR_returns,0.0
GLM_returns,GLM_returns,0.0
GLM_returns,MX_returns,0.0
GLM_returns,ZIL_returns,0.0
GLM_returns,BLUR_returns,0.0
GLM_returns,ROSE_returns,0.0
GLM_returns,CKB_returns,0.0
GLM_returns,TRAC_returns,0.0
GLM_returns,QTUM_returns,0.0
GLM_returns,ORDI_returns,0.0
GLM_returns,LPT_returns,0.0
GLM_returns,MASK_returns,0.0
GLM_returns,ASTR_returns,0.0
GLM_returns,ZRX_returns,0.0
GLM_returns,VTHO_returns,0.0
GLM_returns,ACH_returns,0.0
GLM_returns,BAT_returns,0.3785858020882463
GLM_returns,CHEEL_returns,0.0
GLM_returns,CHEX_returns,-0.010272847990376224
GLM_returns,SNEK_returns,0.0
GLM_returns,BORG_returns,0.0
GLM_returns,KOGE_returns,0.0
GLM_returns,IOTX_returns,0.0
GLM_returns,CELO_returns,0.0
GLM_returns,GAS_returns,0.0
GLM_returns,ONE_returns,0.0
GLM_returns,ID_returns,0.0
GLM_returns,SUSHI_returns,0.0
GLM_returns,CSPR_returns,0.0
GLM_returns,HOT_returns,0.0
GLM_returns,SC_returns,0.0
GLM_returns,YFI_returns,0.0
GLM_returns,RVN_returns,0.0
GLM_returns,COW_returns,0.0
GLM_returns,ANKR_returns,0.4079011546059246
GLM_returns,GOMINING_returns,0.0
GLM_returns,XCH_returns,0.0
GLM_returns,DGB_returns,0.0
GLM_returns,T_returns,0.0
GLM_returns,WOO_returns,0.0
GLM_returns,ELF_returns,0.36159352625458036
GLM_returns,EUL_returns,0.0
GLM_returns,ORCA_returns,0.0
GLM_returns,KDA_returns,0.0
GLM_returns,OSMO_returns,0.0
GLM_returns,GMT_returns,0.0
GLM_returns,SNT_returns,0.0
GLM_returns,GMX_returns,0.0
GLM_returns,ENJ_returns,0.0
GLM_returns,XYO_returns,0.0
GLM_returns,POLYX_returns,0.0
GLM_returns,ZIG_returns,0.0
GLM_returns,ZEN_returns,0.0
GLM_returns,COTI_returns,0.0
GLM_returns,WEMIX_returns,0.0
GLM_returns,SKL_returns,0.0
GLM_returns,LCX_returns,0.0
GLM_returns,WAVES_returns,0.0
GLM_returns,CVC_returns,0.0
GLM_returns,SWFTC_returns,0.0
GLM_returns,LUNA_returns,0.0
GLM_returns,HIVE_returns,0.0
GLM_returns,RLB_returns,0.0
GLM_returns,LRC_returns,0.0
GLM_returns,DAG_returns,0.0
GLM_returns,ONT_returns,0.0
GLM_returns,TRB_returns,0.0
GLM_returns,XNO_returns,0.0
GLM_returns,DLC_returns,0.0
GLM_returns,METIS_returns,0.0
GLM_returns,ICX_returns,0.0
GLM_returns,MYTH_returns,0.0
GLM_returns,MPLX_returns,0.0
GLM_returns,SXP_returns,0.0
GLM_returns,XVG_returns,0.0
GLM_returns,PEOPLE_returns,0.0
GLM_returns,AWE_returns,0.0
GLM_returns,REQ_returns,0.0
GLM_returns,STORJ_returns,0.0
GLM_returns,BAND_returns,0.0
GLM_returns,WMTX_returns,0.0
GLM_returns,CFG_returns,0.0
GLM_returns,HONEY_returns,0.0
GLM_returns,PRO_returns,0.0
GLM_returns,PRIME_returns,0.0
GLM_returns,VVS_returns,0.0
GLM_returns,CPOOL_returns,0.0
GLM_returns,YGG_returns,0.0
GLM_returns,SSV_returns,0.0
GLM_returns,CETUS_returns,0.0
GLM_returns,CGPT_returns,0.0
GLM_returns,STIK_returns,0.0
GLM_returns,PHA_returns,0.0
GLM_returns,XVS_returns,0.0
GLM_returns,KUB_returns,0.0
GLM_returns,BICO_returns,0.0
GLM_returns,UMA_returns,0.0
GLM_returns,WAXP_returns,0.0
GLM_returns,XPR_returns,0.0
GLM_returns,RPL_returns,0.0
GLM_returns,PUNDIX_returns,0.0
GLM_returns,FLUX_returns,0.0
GLM_returns,BORA_returns,0.0
GLM_returns,POWR_returns,0.0
GLM_returns,AUDIO_returns,0.0
GLM_returns,PROM_returns,0.0
GLM_returns,IOST_returns,0.3622727428170092
GLM_returns,ACX_returns,0.0
GLM_returns,ARDR_returns,0.0
GLM_returns,SPELL_returns,0.0
GLM_returns,ORBR_returns,0.0
GLM_returns,LSK_returns,0.0
GLM_returns,XOR_returns,-0.04042642026864547
GLM_returns,GLMR_returns,0.0
GLM_returns,BMX_returns,0.0
GLM_returns,MVL_returns,0.0
GLM_returns,ABT_returns,0.0
GLM_returns,VELO_returns,0.0
GLM_returns,IQ_returns,0.0
GLM_returns,AGI_returns,0.0
GLM_returns,WILD_returns,0.0
GLM_returns,XEM_returns,0.0
GLM_returns,LON_returns,0.0
GLM_returns,POND_returns,0.0
GLM_returns,ACT_returns,0.0
GLM_returns,XRD_returns,0.0
GLM_returns,RLC_returns,0.0
GLM_returns,ILV_returns,0.0
GLM_returns,FIDA_returns,0.0
GLM_returns,BNT_returns,0.0
GLM_returns,DENT_returns,0.0
GLM_returns,ORBS_returns,0.0
GLM_returns,ONG_returns,0.0
GLM_returns,CHR_returns,0.0
GLM_returns,HEART_returns,0.0
GLM_returns,VANRY_returns,0.0
GLM_returns,LQTY_returns,0.0
GLM_returns,KEEP_returns,0.0
GLM_returns,DKA_returns,0.0
GLM_returns,ELON_returns,0.0
GLM_returns,ARK_returns,0.0
GLM_returns,MLK_returns,0.0
GLM_returns,AL_returns,0.0
GLM_returns,JOE_returns,0.0
GLM_returns,CELR_returns,0.0
GLM_returns,STEEM_returns,0.3549409185425264
GLM_returns,BAL_returns,0.0
GLM_returns,PCI_returns,0.0
GLM_returns,MOVR_returns,0.0
GLM_returns,AUCTION_returns,0.0
GLM_returns,AERGO_returns,0.0
GLM_returns,MED_returns,0.353614224787085
GLM_returns,NMR_returns,0.0
GLM_returns,API3_returns,0.0
GLM_returns,AGLD_returns,0.0
GLM_returns,BONE_returns,0.0
GLM_returns,SLP_returns,0.0
GLM_returns,MTL_returns,0.0
GLM_returns,KNC_returns,0.0
GLM_returns,CTSI_returns,0.0
GLM_returns,BTRST_returns,0.0
GLM_returns,SCRT_returns,0.0
GLM_returns,OMI_returns,0.0
GLM_returns,GEOD_returns,0.0
GLM_returns,EDU_returns,0.0
GLM_returns,0x0_returns,0.0
GLM_returns,KUJI_returns,0.0
MX_returns,CTC_returns,0.0
MX_returns,MINA_returns,0.0
MX_returns,DASH_returns,0.0
MX_returns,SFP_returns,0.36804329163333743
MX_returns,BabyDoge_returns,0.0
MX_returns,SNX_returns,0.0
MX_returns,TFUEL_returns,0.0
MX_returns,DCR_returns,0.0
MX_returns,GLM_returns,0.0
MX_returns,MX_returns,0.0
MX_returns,ZIL_returns,0.0
MX_returns,BLUR_returns,0.0
MX_returns,ROSE_returns,0.0
MX_returns,CKB_returns,0.0
MX_returns,TRAC_returns,0.0
MX_returns,QTUM_returns,0.0
MX_returns,ORDI_returns,-0.05778726558123489
MX_returns,LPT_returns,0.0
MX_returns,MASK_returns,0.0
MX_returns,ASTR_returns,0.0
MX_returns,ZRX_returns,0.0
MX_returns,VTHO_returns,0.0
MX_returns,ACH_returns,0.0
MX_returns,BAT_returns,0.0
MX_returns,CHEEL_returns,0.5464084630670142
MX_returns,CHEX_returns,0.0
MX_returns,SNEK_returns,-0.0618905224425765
MX_returns,BORG_returns,0.25925687236316264
MX_returns,KOGE_returns,0.39770156592884515
MX_returns,IOTX_returns,0.0
MX_returns,CELO_returns,0.0
MX_returns,GAS_returns,0.0
MX_returns,ONE_returns,0.0
MX_returns,ID_returns,0.0
MX_returns,SUSHI_returns,0.0
MX_returns,CSPR_returns,0.0
MX_returns,HOT_returns,0.0
MX_returns,SC_returns,0.0
MX_returns,YFI_returns,0.0
MX_returns,RVN_returns,0.0
MX_returns,COW_returns,0.0
MX_returns,ANKR_returns,0.0
MX_returns,GOMINING_returns,0.44832813896054446
MX_returns,XCH_returns,0.0
MX_returns,DGB_returns,0.0
MX_returns,T_returns,0.0
MX_returns,WOO_returns,0.0
MX_returns,ELF_returns,0.0
MX_returns,EUL_returns,0.0
MX_returns,ORCA_returns,0.0
MX_returns,KDA_returns,0.0
MX_returns,OSMO_returns,0.0
MX_returns,GMT_returns,0.0
MX_returns,SNT_returns,0.0
MX_returns,GMX_returns,0.0
MX_returns,ENJ_returns,0.0
MX_returns,XYO_returns,0.0
MX_returns,POLYX_returns,0.0
MX_returns,ZIG_returns,0.0
MX_returns,ZEN_returns,0.0
MX_returns,COTI_returns,0.0
MX_returns,WEMIX_returns,0.2955010167967118
MX_returns,SKL_returns,0.0
MX_returns,LCX_returns,0.0
MX_returns,WAVES_returns,0.0
MX_returns,CVC_returns,0.0
MX_returns,SWFTC_returns,0.0
MX_returns,LUNA_returns,0.0
MX_returns,HIVE_returns,0.0
MX_returns,RLB_returns,0.22113289735625222
MX_returns,LRC_returns,0.0
MX_returns,DAG_returns,0.0
MX_returns,ONT_returns,0.0
MX_returns,TRB_returns,0.0
MX_returns,XNO_returns,0.0
MX_returns,DLC_returns,0.0
MX_returns,METIS_returns,-0.08116678670463401
MX_returns,ICX_returns,0.0
MX_returns,MYTH_returns,0.0
MX_returns,MPLX_returns,0.1807993844360054
MX_returns,SXP_returns,0.0
MX_returns,XVG_returns,0.0
MX_returns,PEOPLE_returns,0.0
MX_returns,AWE_returns,0.0
MX_returns,REQ_returns,0.0
MX_returns,STORJ_returns,0.0
MX_returns,BAND_returns,0.0
MX_returns,WMTX_returns,0.0
MX_returns,CFG_returns,0.0
MX_returns,HONEY_returns,0.0
MX_returns,PRO_returns,0.2007199713569324
MX_returns,PRIME_returns,-0.05391051034195901
MX_returns,VVS_returns,0.0
MX_returns,CPOOL_returns,0.0
MX_returns,YGG_returns,0.0
MX_returns,SSV_returns,-0.08075105987622025
MX_returns,CETUS_returns,0.0
MX_returns,CGPT_returns,0.0
MX_returns,STIK_returns,0.346700002069195
MX_returns,PHA_returns,0.0
MX_returns,XVS_returns,0.0
MX_returns,KUB_returns,0.0
MX_returns,BICO_returns,0.0
MX_returns,UMA_returns,0.0
MX_returns,WAXP_returns,0.0
MX_returns,XPR_returns,0.0
MX_returns,RPL_returns,0.0
MX_returns,PUNDIX_returns,0.0
MX_returns,FLUX_returns,0.0
MX_returns,BORA_returns,0.0
MX_returns,POWR_returns,0.0
MX_returns,AUDIO_returns,0.0
MX_returns,PROM_returns,0.0
MX_returns,IOST_returns,0.0
MX_returns,ACX_returns,0.0
MX_returns,ARDR_returns,0.0
MX_returns,SPELL_returns,0.0
MX_returns,ORBR_returns,0.0
MX_returns,LSK_returns,0.0
MX_returns,XOR_returns,0.0
MX_returns,GLMR_returns,0.0
MX_returns,BMX_returns,0.3586401286353335
MX_returns,MVL_returns,0.0
MX_returns,ABT_returns,0.13506545400748576
MX_returns,VELO_returns,0.0
MX_returns,IQ_returns,0.0
MX_returns,AGI_returns,0.0
MX_returns,WILD_returns,-0.05248458359791881
MX_returns,XEM_returns,0.0
MX_returns,LON_returns,0.5479248874885254
MX_returns,POND_returns,0.0
MX_returns,ACT_returns,0.0
MX_returns,XRD_returns,0.24107846129218963
MX_returns,RLC_returns,0.0
MX_returns,ILV_returns,0.0
MX_returns,FIDA_returns,0.0
MX_returns,BNT_returns,0.0
MX_returns,DENT_returns,0.0
MX_returns,ORBS_returns,0.0
MX_returns,ONG_returns,0.0
MX_returns,CHR_returns,0.0
MX_returns,HEART_returns,0.0
MX_returns,VANRY_returns,0.0
MX_returns,LQTY_returns,0.0
MX_returns,KEEP_returns,0.0
MX_returns,DKA_returns,0.0
MX_returns,ELON_returns,0.0
MX_returns,ARK_returns,0.0
MX_returns,MLK_returns,0.0
MX_returns,AL_returns,0.0
MX_returns,JOE_returns,0.0
MX_returns,CELR_returns,0.0
MX_returns,STEEM_returns,0.0
MX_returns,BAL_returns,0.0
MX_returns,PCI_returns,0.2531662538846059
MX_returns,MOVR_returns,0.0
MX_returns,AUCTION_returns,0.0
MX_returns,AERGO_returns,0.0
MX_returns,MED_returns,0.3817495687178379
MX_returns,NMR_returns,0.0
MX_returns,API3_returns,0.0
MX_returns,AGLD_returns,0.0
MX_returns,BONE_returns,0.0
MX_returns,SLP_returns,0.0
MX_returns,MTL_returns,0.0
MX_returns,KNC_returns,0.0
MX_returns,CTSI_returns,0.0
MX_returns,BTRST_returns,0.36456258094384736
MX_returns,SCRT_returns,0.0
MX_returns,OMI_returns,0.3169364619185149
MX_returns,GEOD_returns,0.3500415011954962
MX_returns,EDU_returns,0.0
MX_returns,0x0_returns,-0.05843812146493492
MX_returns,KUJI_returns,0.0
ZIL_returns,CTC_returns,0.30065152091116626
ZIL_returns,MINA_returns,0.5028603592889848
ZIL_returns,DASH_returns,0.6906949659621294
ZIL_returns,SFP_returns,0.0
ZIL_returns,BabyDoge_returns,0.0
ZIL_returns,SNX_returns,0.47283618552518725
ZIL_returns,TFUEL_returns,0.4389865190701134
ZIL_returns,DCR_returns,0.4788949868349709
ZIL_returns,GLM_returns,0.0
ZIL_returns,MX_returns,0.0
ZIL_returns,ZIL_returns,0.0
ZIL_returns,BLUR_returns,0.0
ZIL_returns,ROSE_returns,0.592861066559609
ZIL_returns,CKB_returns,0.3143351062805248
ZIL_returns,TRAC_returns,0.0
ZIL_returns,QTUM_returns,0.6372355273131969
ZIL_returns,ORDI_returns,0.0
ZIL_returns,LPT_returns,0.3474806037445712
ZIL_returns,MASK_returns,0.44084116216249175
ZIL_returns,ASTR_returns,0.4630012320602236
ZIL_returns,ZRX_returns,0.5583770856147152
ZIL_returns,VTHO_returns,0.3687537732223004
ZIL_returns,ACH_returns,0.3921469842783864
ZIL_returns,BAT_returns,0.7426122596155809
ZIL_returns,CHEEL_returns,0.0
ZIL_returns,CHEX_returns,0.0
ZIL_returns,SNEK_returns,0.23733685998420984
ZIL_returns,BORG_returns,0.23070255379207416
ZIL_returns,KOGE_returns,0.0
ZIL_returns,IOTX_returns,0.4132795020182352
ZIL_returns,CELO_returns,0.5102926929384053
ZIL_returns,GAS_returns,0.0
ZIL_returns,ONE_returns,0.5812903021633508
ZIL_returns,ID_returns,0.45539120033417413
ZIL_returns,SUSHI_returns,0.5021581861517889
ZIL_returns,CSPR_returns,0.0
ZIL_returns,HOT_returns,0.6053625385229614
ZIL_returns,SC_returns,0.0
ZIL_returns,YFI_returns,0.39451975270987505
ZIL_returns,RVN_returns,0.5713609615800166
ZIL_returns,COW_returns,0.0
ZIL_returns,ANKR_returns,0.6853602006216573
ZIL_returns,GOMINING_returns,0.0
ZIL_returns,XCH_returns,0.4252756084263473
ZIL_returns,DGB_returns,0.4011994922827289
ZIL_returns,T_returns,0.4806998573833986
ZIL_returns,WOO_returns,0.0
ZIL_returns,ELF_returns,0.0
ZIL_returns,EUL_returns,0.0
ZIL_returns,ORCA_returns,0.0
ZIL_returns,KDA_returns,0.5177979690598944
ZIL_returns,OSMO_returns,0.4726827019422858
ZIL_returns,GMT_returns,0.5062758442949824
ZIL_returns,SNT_returns,0.3809223017120827
ZIL_returns,GMX_returns,0.0
ZIL_returns,ENJ_returns,0.6212893618962274
ZIL_returns,XYO_returns,0.2789188336469947
ZIL_returns,POLYX_returns,0.39423146512523133
ZIL_returns,ZIG_returns,0.0
ZIL_returns,ZEN_returns,0.37042217520599896
ZIL_returns,COTI_returns,0.4692068534813551
ZIL_returns,WEMIX_returns,0.0
ZIL_returns,SKL_returns,0.41606879552341197
ZIL_returns,LCX_returns,0.0
ZIL_returns,WAVES_returns,0.3875070451943883
ZIL_returns,CVC_returns,0.0
ZIL_returns,SWFTC_returns,0.0
ZIL_returns,LUNA_returns,0.4235090941644974
ZIL_returns,HIVE_returns,0.0
ZIL_returns,RLB_returns,0.0
ZIL_returns,LRC_returns,0.6409197663998203
ZIL_returns,DAG_returns,0.2756162512507358
ZIL_returns,ONT_returns,0.6362597553206015
ZIL_returns,TRB_returns,0.34219117373143765
ZIL_returns,XNO_returns,0.4355847407194165
ZIL_returns,DLC_returns,0.0
ZIL_returns,METIS_returns,0.0
ZIL_returns,ICX_returns,0.7045929300407637
ZIL_returns,MYTH_returns,0.0
ZIL_returns,MPLX_returns,0.0
ZIL_returns,SXP_returns,0.5379760500976078
ZIL_returns,XVG_returns,0.31550652702347365
ZIL_returns,PEOPLE_returns,0.0
ZIL_returns,AWE_returns,0.0
ZIL_returns,REQ_returns,0.3449553556803736
ZIL_returns,STORJ_returns,0.43840975310632646
ZIL_returns,BAND_returns,0.5684898115692105
ZIL_returns,WMTX_returns,0.2856858659006881
ZIL_returns,CFG_returns,0.31502093436292344
ZIL_returns,HONEY_returns,0.0
ZIL_returns,PRO_returns,0.0
ZIL_returns,PRIME_returns,0.0
ZIL_returns,VVS_returns,0.3485087164134841
ZIL_returns,CPOOL_returns,0.0
ZIL_returns,YGG_returns,0.4064189383750439
ZIL_returns,SSV_returns,0.0
ZIL_returns,CETUS_returns,0.0
ZIL_returns,CGPT_returns,0.0
ZIL_returns,STIK_returns,0.0
ZIL_returns,PHA_returns,0.2865852179610768
ZIL_returns,XVS_returns,0.3944506776989158
ZIL_returns,KUB_returns,0.0
ZIL_returns,BICO_returns,0.0
ZIL_returns,UMA_returns,0.3525669726454458
ZIL_returns,WAXP_returns,0.570613302075876
ZIL_returns,XPR_returns,0.0
ZIL_returns,RPL_returns,0.0
ZIL_returns,PUNDIX_returns,0.0
ZIL_returns,FLUX_returns,0.48125392841096576
ZIL_returns,BORA_returns,0.0
ZIL_returns,POWR_returns,0.3722750102017331
ZIL_returns,AUDIO_returns,0.47432389323785057
ZIL_returns,PROM_returns,0.2446983494347481
ZIL_returns,IOST_returns,0.6721750955353205
ZIL_returns,ACX_returns,0.0
ZIL_returns,ARDR_returns,0.3592356009515808
ZIL_returns,SPELL_returns,0.382239667087079
ZIL_returns,ORBR_returns,0.0
ZIL_returns,LSK_returns,0.0
ZIL_returns,XOR_returns,0.0
ZIL_returns,GLMR_returns,0.46450427416800577
ZIL_returns,BMX_returns,0.0
ZIL_returns,MVL_returns,0.0
ZIL_returns,ABT_returns,0.0
ZIL_returns,VELO_returns,0.3013154798997125
ZIL_returns,IQ_returns,0.40028854448190054
ZIL_returns,AGI_returns,0.0
ZIL_returns,WILD_returns,0.0
ZIL_returns,XEM_returns,0.41112675542439536
ZIL_returns,LON_returns,0.0
ZIL_returns,POND_returns,0.3216639130693433
ZIL_returns,ACT_returns,0.0
ZIL_returns,XRD_returns,0.0
ZIL_returns,RLC_returns,0.4680148370961323
ZIL_returns,ILV_returns,0.0
ZIL_returns,FIDA_returns,0.0
ZIL_returns,BNT_returns,0.29450354783645705
ZIL_returns,DENT_returns,0.674352349401452
ZIL_returns,ORBS_returns,0.0
ZIL_returns,ONG_returns,0.4810790660786941
ZIL_returns,CHR_returns,0.48040478028379785
ZIL_returns,HEART_returns,0.19099361920833496
ZIL_returns,VANRY_returns,0.4925262721470211
ZIL_returns,LQTY_returns,0.0
ZIL_returns,KEEP_returns,0.0
ZIL_returns,DKA_returns,0.0
ZIL_returns,ELON_returns,0.0
ZIL_returns,ARK_returns,0.0
ZIL_returns,MLK_returns,0.0
ZIL_returns,AL_returns,0.0
ZIL_returns,JOE_returns,0.45678915474306764
ZIL_returns,CELR_returns,0.5941954359111754
ZIL_returns,STEEM_returns,0.0
ZIL_returns,BAL_returns,0.38305346494549675
ZIL_returns,PCI_returns,0.0
ZIL_returns,MOVR_returns,0.0
ZIL_returns,AUCTION_returns,0.24201187618800557
ZIL_returns,AERGO_returns,0.0
ZIL_returns,MED_returns,0.0
ZIL_returns,NMR_returns,0.3892968589593632
ZIL_returns,API3_returns,0.38115150193153413
ZIL_returns,AGLD_returns,0.0
ZIL_returns,BONE_returns,0.0
ZIL_returns,SLP_returns,0.42366167167167545
ZIL_returns,MTL_returns,0.4923244496778282
ZIL_returns,KNC_returns,0.6259739498357962
ZIL_returns,CTSI_returns,0.5022729766037763
ZIL_returns,BTRST_returns,0.0
ZIL_returns,SCRT_returns,0.0
ZIL_returns,OMI_returns,0.0
ZIL_returns,GEOD_returns,0.0
ZIL_returns,EDU_returns,0.4906037628051513
ZIL_returns,0x0_returns,0.0
ZIL_returns,KUJI_returns,0.0
BLUR_returns,CTC_returns,0.0
BLUR_returns,MINA_returns,0.5101775746663211
BLUR_returns,DASH_returns,0.0
BLUR_returns,SFP_returns,0.0
BLUR_returns,BabyDoge_returns,0.0
BLUR_returns,SNX_returns,0.0
BLUR_returns,TFUEL_returns,0.0
BLUR_returns,DCR_returns,0.0
BLUR_returns,GLM_returns,0.0
BLUR_returns,MX_returns,0.0
BLUR_returns,ZIL_returns,0.0
BLUR_returns,BLUR_returns,0.0
BLUR_returns,ROSE_returns,0.4077460857335129
BLUR_returns,CKB_returns,0.0
BLUR_returns,TRAC_returns,0.0
BLUR_returns,QTUM_returns,0.0
BLUR_returns,ORDI_returns,0.0
BLUR_returns,LPT_returns,0.0
BLUR_returns,MASK_returns,0.0
BLUR_returns,ASTR_returns,0.0
BLUR_returns,ZRX_returns,0.0
BLUR_returns,VTHO_returns,0.0
BLUR_returns,ACH_returns,0.0
BLUR_returns,BAT_returns,0.0
BLUR_returns,CHEEL_returns,0.0
BLUR_returns,CHEX_returns,0.0
BLUR_returns,SNEK_returns,0.0
BLUR_returns,BORG_returns,0.0
BLUR_returns,KOGE_returns,0.0
BLUR_returns,IOTX_returns,0.0
BLUR_returns,CELO_returns,0.0
BLUR_returns,GAS_returns,0.0
BLUR_returns,ONE_returns,0.4411731463712562
BLUR_returns,ID_returns,0.0
BLUR_returns,SUSHI_returns,0.0
BLUR_returns,CSPR_returns,0.0
BLUR_returns,HOT_returns,0.0
BLUR_returns,SC_returns,0.0
BLUR_returns,YFI_returns,0.0
BLUR_returns,RVN_returns,0.0
BLUR_returns,COW_returns,0.0
BLUR_returns,ANKR_returns,0.0
BLUR_returns,GOMINING_returns,0.0
BLUR_returns,XCH_returns,0.0
BLUR_returns,DGB_returns,0.0
BLUR_returns,T_returns,0.0
BLUR_returns,WOO_returns,0.0
BLUR_returns,ELF_returns,0.0
BLUR_returns,EUL_returns,0.0
BLUR_returns,ORCA_returns,0.0
BLUR_returns,KDA_returns,0.0
BLUR_returns,OSMO_returns,0.0
BLUR_returns,GMT_returns,0.0
BLUR_returns,SNT_returns,0.0
BLUR_returns,GMX_returns,0.0
BLUR_returns,ENJ_returns,0.4132953230846634
BLUR_returns,XYO_returns,0.0
BLUR_returns,POLYX_returns,0.0
BLUR_returns,ZIG_returns,0.0
BLUR_returns,ZEN_returns,0.0
BLUR_returns,COTI_returns,0.0
BLUR_returns,WEMIX_returns,0.0
BLUR_returns,SKL_returns,0.0
BLUR_returns,LCX_returns,0.2109961398470407
BLUR_returns,WAVES_returns,0.0
BLUR_returns,CVC_returns,0.0
BLUR_returns,SWFTC_returns,-0.0057729350140086995
BLUR_returns,LUNA_returns,0.0
BLUR_returns,HIVE_returns,0.0
BLUR_returns,RLB_returns,0.0
BLUR_returns,LRC_returns,0.0
BLUR_returns,DAG_returns,0.0
BLUR_returns,ONT_returns,0.0
BLUR_returns,TRB_returns,0.0
BLUR_returns,XNO_returns,0.0
BLUR_returns,DLC_returns,0.0
BLUR_returns,METIS_returns,0.0
BLUR_returns,ICX_returns,0.0
BLUR_returns,MYTH_returns,-0.0016536885877330408
BLUR_returns,MPLX_returns,-0.007148349416443132
BLUR_returns,SXP_returns,0.0
BLUR_returns,XVG_returns,0.0
BLUR_returns,PEOPLE_returns,0.0
BLUR_returns,AWE_returns,0.0
BLUR_returns,REQ_returns,0.0
BLUR_returns,STORJ_returns,0.0
BLUR_returns,BAND_returns,0.42771100563319947
BLUR_returns,WMTX_returns,0.0
BLUR_returns,CFG_returns,0.0
BLUR_returns,HONEY_returns,0.0
BLUR_returns,PRO_returns,-0.008204313346350625
BLUR_returns,PRIME_returns,0.0
BLUR_returns,VVS_returns,0.0
BLUR_returns,CPOOL_returns,0.0
BLUR_returns,YGG_returns,0.0
BLUR_returns,SSV_returns,0.3714756652927183
BLUR_returns,CETUS_returns,0.0
BLUR_returns,CGPT_returns,0.2875245430295363
BLUR_returns,STIK_returns,-0.07189922190418516
BLUR_returns,PHA_returns,0.0
BLUR_returns,XVS_returns,0.0
BLUR_returns,KUB_returns,0.0
BLUR_returns,BICO_returns,0.0
BLUR_returns,UMA_returns,0.0
BLUR_returns,WAXP_returns,0.0
BLUR_returns,XPR_returns,0.0
BLUR_returns,RPL_returns,0.0
BLUR_returns,PUNDIX_returns,0.0
BLUR_returns,FLUX_returns,0.0
BLUR_returns,BORA_returns,0.0
BLUR_returns,POWR_returns,0.0
BLUR_returns,AUDIO_returns,0.0
BLUR_returns,PROM_returns,0.0
BLUR_returns,IOST_returns,0.0
BLUR_returns,ACX_returns,0.0
BLUR_returns,ARDR_returns,0.0
BLUR_returns,SPELL_returns,0.0
BLUR_returns,ORBR_returns,0.0
BLUR_returns,LSK_returns,0.0
BLUR_returns,XOR_returns,0.0
BLUR_returns,GLMR_returns,0.0
BLUR_returns,BMX_returns,0.0
BLUR_returns,MVL_returns,0.0
BLUR_returns,ABT_returns,0.0
BLUR_returns,VELO_returns,0.0
BLUR_returns,IQ_returns,0.0
BLUR_returns,AGI_returns,0.0
BLUR_returns,WILD_returns,0.0
BLUR_returns,XEM_returns,0.0
BLUR_returns,LON_returns,-0.012851699221578772
BLUR_returns,POND_returns,0.0
BLUR_returns,ACT_returns,0.0
BLUR_returns,XRD_returns,0.0
BLUR_returns,RLC_returns,0.0
BLUR_returns,ILV_returns,0.0
BLUR_returns,FIDA_returns,0.0
BLUR_returns,BNT_returns,0.0
BLUR_returns,DENT_returns,0.40757128411780974
BLUR_returns,ORBS_returns,0.0
BLUR_returns,ONG_returns,0.0
BLUR_returns,CHR_returns,0.0
BLUR_returns,HEART_returns,0.0
BLUR_returns,VANRY_returns,0.0
BLUR_returns,LQTY_returns,0.0
BLUR_returns,KEEP_returns,0.0
BLUR_returns,DKA_returns,0.0
BLUR_returns,ELON_returns,0.0
BLUR_returns,ARK_returns,0.0
BLUR_returns,MLK_returns,0.0
BLUR_returns,AL_returns,0.0
BLUR_returns,JOE_returns,0.0
BLUR_returns,CELR_returns,0.0
BLUR_returns,STEEM_returns,0.0
BLUR_returns,BAL_returns,0.0
BLUR_returns,PCI_returns,0.0
BLUR_returns,MOVR_returns,0.0
BLUR_returns,AUCTION_returns,0.0
BLUR_returns,AERGO_returns,0.0
BLUR_returns,MED_returns,0.0
BLUR_returns,NMR_returns,0.0
BLUR_returns,API3_returns,0.0
BLUR_returns,AGLD_returns,0.0
BLUR_returns,BONE_returns,0.0
BLUR_returns,SLP_returns,0.0
BLUR_returns,MTL_returns,0.0
BLUR_returns,KNC_returns,0.0
BLUR_returns,CTSI_returns,0.0
BLUR_returns,BTRST_returns,0.0
BLUR_returns,SCRT_returns,0.0
BLUR_returns,OMI_returns,0.0
BLUR_returns,GEOD_returns,0.0
BLUR_returns,EDU_returns,0.0
BLUR_returns,0x0_returns,0.0
BLUR_returns,KUJI_returns,0.0
ROSE_returns,CTC_returns,0.0
ROSE_returns,MINA_returns,0.0
ROSE_returns,DASH_returns,0.0
ROSE_returns,SFP_returns,0.0
ROSE_returns,BabyDoge_returns,0.0
ROSE_returns,SNX_returns,0.0
ROSE_returns,TFUEL_returns,0.0
ROSE_returns,DCR_returns,0.0
ROSE_returns,GLM_returns,0.0
ROSE_returns,MX_returns,0.0
ROSE_returns,ZIL_returns,0.592861066559609
ROSE_returns,BLUR_returns,0.4077460857335129
ROSE_returns,ROSE_returns,0.0
ROSE_returns,CKB_returns,0.0
ROSE_returns,TRAC_returns,0.2214746191142525
ROSE_returns,QTUM_returns,0.0
ROSE_returns,ORDI_returns,0.0
ROSE_returns,LPT_returns,0.0
ROSE_returns,MASK_returns,0.0
ROSE_returns,ASTR_returns,0.0
ROSE_returns,ZRX_returns,0.0
ROSE_returns,VTHO_returns,0.0
ROSE_returns,ACH_returns,0.0
ROSE_returns,BAT_returns,0.49809715209149685
ROSE_returns,CHEEL_returns,0.0
ROSE_returns,CHEX_returns,0.16458040567208898
ROSE_returns,SNEK_returns,0.0
ROSE_returns,BORG_returns,0.0
ROSE_returns,KOGE_returns,0.0
ROSE_returns,IOTX_returns,0.0
ROSE_returns,CELO_returns,0.0
ROSE_returns,GAS_returns,0.0
ROSE_returns,ONE_returns,0.5197986374596014
ROSE_returns,ID_returns,0.0
ROSE_returns,SUSHI_returns,0.0
ROSE_returns,CSPR_returns,0.0
ROSE_returns,HOT_returns,0.0
ROSE_returns,SC_returns,0.0
ROSE_returns,YFI_returns,0.0
ROSE_returns,RVN_returns,0.0
ROSE_returns,COW_returns,0.0
ROSE_returns,ANKR_returns,0.0
ROSE_returns,GOMINING_returns,-0.009675837578141475
ROSE_returns,XCH_returns,0.0
ROSE_returns,DGB_returns,0.0
ROSE_returns,T_returns,0.0
ROSE_returns,WOO_returns,0.4636926416884135
ROSE_returns,ELF_returns,0.0
ROSE_returns,EUL_returns,0.0
ROSE_returns,ORCA_returns,0.23917454753786818
ROSE_returns,KDA_returns,0.0
ROSE_returns,OSMO_returns,0.0
ROSE_returns,GMT_returns,0.0
ROSE_returns,SNT_returns,0.0
ROSE_returns,GMX_returns,0.0
ROSE_returns,ENJ_returns,0.5198292040302203
ROSE_returns,XYO_returns,0.0
ROSE_returns,POLYX_returns,0.0
ROSE_returns,ZIG_returns,0.0
ROSE_returns,ZEN_returns,0.0
ROSE_returns,COTI_returns,0.4282286413230737
ROSE_returns,WEMIX_returns,0.0
ROSE_returns,SKL_returns,0.0
ROSE_returns,LCX_returns,0.0
ROSE_returns,WAVES_returns,0.0
ROSE_returns,CVC_returns,0.0
ROSE_returns,SWFTC_returns,0.0
ROSE_returns,LUNA_returns,0.4264154456520603
ROSE_returns,HIVE_returns,0.0
ROSE_returns,RLB_returns,0.0
ROSE_returns,LRC_returns,0.0
ROSE_returns,DAG_returns,0.0
ROSE_returns,ONT_returns,0.0
ROSE_returns,TRB_returns,0.0
ROSE_returns,XNO_returns,0.0
ROSE_returns,DLC_returns,0.0
ROSE_returns,METIS_returns,0.32918519546110375
ROSE_returns,ICX_returns,0.0
ROSE_returns,MYTH_returns,-0.0015054947888300345
ROSE_returns,MPLX_returns,0.0
ROSE_returns,SXP_returns,0.0
ROSE_returns,XVG_returns,0.0
ROSE_returns,PEOPLE_returns,0.0
ROSE_returns,AWE_returns,0.0
ROSE_returns,REQ_returns,0.0
ROSE_returns,STORJ_returns,0.0
ROSE_returns,BAND_returns,0.0
ROSE_returns,WMTX_returns,0.0
ROSE_returns,CFG_returns,0.2703495254452031
ROSE_returns,HONEY_returns,0.0
ROSE_returns,PRO_returns,0.0
ROSE_returns,PRIME_returns,0.0
ROSE_returns,VVS_returns,0.0
ROSE_returns,CPOOL_returns,0.25328202288078244
ROSE_returns,YGG_returns,0.0
ROSE_returns,SSV_returns,0.0
ROSE_returns,CETUS_returns,0.3009190993886702
ROSE_returns,CGPT_returns,0.0
ROSE_returns,STIK_returns,-0.03248345179152231
ROSE_returns,PHA_returns,0.0
ROSE_returns,XVS_returns,0.0
ROSE_returns,KUB_returns,0.0
ROSE_returns,BICO_returns,0.0
ROSE_returns,UMA_returns,0.0
ROSE_returns,WAXP_returns,0.0
ROSE_returns,XPR_returns,0.0
ROSE_returns,RPL_returns,0.0
ROSE_returns,PUNDIX_returns,0.0
ROSE_returns,FLUX_returns,0.0
ROSE_returns,BORA_returns,0.0
ROSE_returns,POWR_returns,0.0
ROSE_returns,AUDIO_returns,0.0
ROSE_returns,PROM_returns,0.0
ROSE_returns,IOST_returns,0.0
ROSE_returns,ACX_returns,0.0
ROSE_returns,ARDR_returns,0.0
ROSE_returns,SPELL_returns,0.3388211972924119
ROSE_returns,ORBR_returns,0.0
ROSE_returns,LSK_returns,0.0
ROSE_returns,XOR_returns,0.0
ROSE_returns,GLMR_returns,0.0
ROSE_returns,BMX_returns,0.0
ROSE_returns,MVL_returns,0.0
ROSE_returns,ABT_returns,0.0
ROSE_returns,VELO_returns,0.0
ROSE_returns,IQ_returns,0.0
ROSE_returns,AGI_returns,0.0
ROSE_returns,WILD_returns,0.0
ROSE_returns,XEM_returns,0.0
ROSE_returns,LON_returns,0.0
ROSE_returns,POND_returns,0.0
ROSE_returns,ACT_returns,0.0
ROSE_returns,XRD_returns,0.0
ROSE_returns,RLC_returns,0.0
ROSE_returns,ILV_returns,0.45454570736231154
ROSE_returns,FIDA_returns,0.4061270301882324
ROSE_returns,BNT_returns,0.0
ROSE_returns,DENT_returns,0.570859111535449
ROSE_returns,ORBS_returns,0.0
ROSE_returns,ONG_returns,0.0
ROSE_returns,CHR_returns,0.0
ROSE_returns,HEART_returns,0.0
ROSE_returns,VANRY_returns,0.0
ROSE_returns,LQTY_returns,0.0
ROSE_returns,KEEP_returns,0.0
ROSE_returns,DKA_returns,0.0
ROSE_returns,ELON_returns,0.0
ROSE_returns,ARK_returns,0.0
ROSE_returns,MLK_returns,0.0
ROSE_returns,AL_returns,0.0
ROSE_returns,JOE_returns,0.0
ROSE_returns,CELR_returns,0.5301142438345458
ROSE_returns,STEEM_returns,0.0
ROSE_returns,BAL_returns,0.0
ROSE_returns,PCI_returns,0.0
ROSE_returns,MOVR_returns,0.0
ROSE_returns,AUCTION_returns,0.0
ROSE_returns,AERGO_returns,0.0
ROSE_returns,MED_returns,0.0
ROSE_returns,NMR_returns,0.0
ROSE_returns,API3_returns,0.0
ROSE_returns,AGLD_returns,0.0
ROSE_returns,BONE_returns,0.0
ROSE_returns,SLP_returns,0.0
ROSE_returns,MTL_returns,0.0
ROSE_returns,KNC_returns,0.0
ROSE_returns,CTSI_returns,0.4728233360578842
ROSE_returns,BTRST_returns,0.0
ROSE_returns,SCRT_returns,0.0
ROSE_returns,OMI_returns,0.0
ROSE_returns,GEOD_returns,0.0
ROSE_returns,EDU_returns,0.0
ROSE_returns,0x0_returns,0.16211132429564026
ROSE_returns,KUJI_returns,0.0
CKB_returns,CTC_returns,0.0
CKB_returns,MINA_returns,0.0
CKB_returns,DASH_returns,0.0
CKB_returns,SFP_returns,0.0
CKB_returns,BabyDoge_returns,0.0
CKB_returns,SNX_returns,0.0
CKB_returns,TFUEL_returns,0.0
CKB_returns,DCR_returns,0.0
CKB_returns,GLM_returns,0.0
CKB_returns,MX_returns,0.0
CKB_returns,ZIL_returns,0.3143351062805248
CKB_returns,BLUR_returns,0.0
CKB_returns,ROSE_returns,0.0
CKB_returns,CKB_returns,0.0
CKB_returns,TRAC_returns,0.0
CKB_returns,QTUM_returns,0.0
CKB_returns,ORDI_returns,0.0
CKB_returns,LPT_returns,0.0
CKB_returns,MASK_returns,0.0
CKB_returns,ASTR_returns,0.0
CKB_returns,ZRX_returns,0.0
CKB_returns,VTHO_returns,0.0
CKB_returns,ACH_returns,0.0
CKB_returns,BAT_returns,0.0
CKB_returns,CHEEL_returns,0.0
CKB_returns,CHEX_returns,0.0
CKB_returns,SNEK_returns,0.0
CKB_returns,BORG_returns,0.0
CKB_returns,KOGE_returns,0.0
CKB_returns,IOTX_returns,0.0
CKB_returns,CELO_returns,0.0
CKB_returns,GAS_returns,0.0
CKB_returns,ONE_returns,0.3389428194170293
CKB_returns,ID_returns,0.0
CKB_returns,SUSHI_returns,0.0
CKB_returns,CSPR_returns,0.0
CKB_returns,HOT_returns,0.0
CKB_returns,SC_returns,0.0
CKB_returns,YFI_returns,0.0
CKB_returns,RVN_returns,0.0
CKB_returns,COW_returns,0.0
CKB_returns,ANKR_returns,0.0
CKB_returns,GOMINING_returns,-0.03008144877746251
CKB_returns,XCH_returns,0.0
CKB_returns,DGB_returns,0.0
CKB_returns,T_returns,0.0
CKB_returns,WOO_returns,0.0
CKB_returns,ELF_returns,0.0
CKB_returns,EUL_returns,0.0
CKB_returns,ORCA_returns,0.0
CKB_returns,KDA_returns,0.0
CKB_returns,OSMO_returns,0.0
CKB_returns,GMT_returns,0.0
CKB_returns,SNT_returns,0.0
CKB_returns,GMX_returns,0.0
CKB_returns,ENJ_returns,0.33199222409521517
CKB_returns,XYO_returns,0.0
CKB_returns,POLYX_returns,0.0
CKB_returns,ZIG_returns,0.0
CKB_returns,ZEN_returns,0.0
CKB_returns,COTI_returns,0.0
CKB_returns,WEMIX_returns,0.0
CKB_returns,SKL_returns,0.0
CKB_returns,LCX_returns,0.0
CKB_returns,WAVES_returns,0.0
CKB_returns,CVC_returns,0.0
CKB_returns,SWFTC_returns,-0.030188865175168278
CKB_returns,LUNA_returns,0.0
CKB_returns,HIVE_returns,0.0
CKB_returns,RLB_returns,0.0
CKB_returns,LRC_returns,0.0
CKB_returns,DAG_returns,0.0
CKB_returns,ONT_returns,0.0
CKB_returns,TRB_returns,0.0
CKB_returns,XNO_returns,0.0
CKB_returns,DLC_returns,0.0
CKB_returns,METIS_returns,0.0
CKB_returns,ICX_returns,0.0
CKB_returns,MYTH_returns,-0.017601794007949652
CKB_returns,MPLX_returns,-0.03158681036086537
CKB_returns,SXP_returns,0.0
CKB_returns,XVG_returns,0.0
CKB_returns,PEOPLE_returns,0.0
CKB_returns,AWE_returns,0.0
CKB_returns,REQ_returns,0.0
CKB_returns,STORJ_returns,0.0
CKB_returns,BAND_returns,0.0
CKB_returns,WMTX_returns,0.0
CKB_returns,CFG_returns,0.0
CKB_returns,HONEY_returns,0.0
CKB_returns,PRO_returns,0.0
CKB_returns,PRIME_returns,0.0
CKB_returns,VVS_returns,0.0
CKB_returns,CPOOL_returns,0.0
CKB_returns,YGG_returns,0.0
CKB_returns,SSV_returns,0.0
CKB_returns,CETUS_returns,0.0
CKB_returns,CGPT_returns,0.0
CKB_returns,STIK_returns,-0.058748210029059916
CKB_returns,PHA_returns,0.0
CKB_returns,XVS_returns,0.0
CKB_returns,KUB_returns,0.0
CKB_returns,BICO_returns,0.0
CKB_returns,UMA_returns,0.0
CKB_returns,WAXP_returns,0.0
CKB_returns,XPR_returns,0.0
CKB_returns,RPL_returns,0.0
CKB_returns,PUNDIX_returns,0.0
CKB_returns,FLUX_returns,0.0
CKB_returns,BORA_returns,0.0
CKB_returns,POWR_returns,0.0
CKB_returns,AUDIO_returns,0.0
CKB_returns,PROM_returns,0.0
CKB_returns,IOST_returns,0.0
CKB_returns,ACX_returns,0.0
CKB_returns,ARDR_returns,0.0
CKB_returns,SPELL_returns,0.0
CKB_returns,ORBR_returns,0.0
CKB_returns,LSK_returns,0.0
CKB_returns,XOR_returns,0.0
CKB_returns,GLMR_returns,0.0
CKB_returns,BMX_returns,0.0
CKB_returns,MVL_returns,0.0
CKB_returns,ABT_returns,0.0
CKB_returns,VELO_returns,0.0
CKB_returns,IQ_returns,0.0
CKB_returns,AGI_returns,0.0
CKB_returns,WILD_returns,0.0
CKB_returns,XEM_returns,0.0
CKB_returns,LON_returns,-0.02232221846418079
CKB_returns,POND_returns,0.0
CKB_returns,ACT_returns,0.0
CKB_returns,XRD_returns,0.0
CKB_returns,RLC_returns,0.0
CKB_returns,ILV_returns,0.0
CKB_returns,FIDA_returns,0.0
CKB_returns,BNT_returns,0.0
CKB_returns,DENT_returns,0.38189858006753863
CKB_returns,ORBS_returns,0.0
CKB_returns,ONG_returns,0.0
CKB_returns,CHR_returns,0.29314391192861156
CKB_returns,HEART_returns,0.0
CKB_returns,VANRY_returns,0.0
CKB_returns,LQTY_returns,0.0
CKB_returns,KEEP_returns,0.0
CKB_returns,DKA_returns,0.0
CKB_returns,ELON_returns,0.0
CKB_returns,ARK_returns,0.0
CKB_returns,MLK_returns,0.0
CKB_returns,AL_returns,0.0
CKB_returns,JOE_returns,0.0
CKB_returns,CELR_returns,0.0
CKB_returns,STEEM_returns,0.0
CKB_returns,BAL_returns,0.0
CKB_returns,PCI_returns,0.0
CKB_returns,MOVR_returns,0.0
CKB_returns,AUCTION_returns,0.0
CKB_returns,AERGO_returns,0.0
CKB_returns,MED_returns,0.0
CKB_returns,NMR_returns,0.0
CKB_returns,API3_returns,0.0
CKB_returns,AGLD_returns,0.0
CKB_returns,BONE_returns,0.0
CKB_returns,SLP_returns,0.0
CKB_returns,MTL_returns,0.0
CKB_returns,KNC_returns,0.0
CKB_returns,CTSI_returns,0.313175261217224
CKB_returns,BTRST_returns,0.0
CKB_returns,SCRT_returns,0.0
CKB_returns,OMI_returns,0.0
CKB_returns,GEOD_returns,0.0
CKB_returns,EDU_returns,0.0
CKB_returns,0x0_returns,0.0
CKB_returns,KUJI_returns,0.0
TRAC_returns,CTC_returns,0.0
TRAC_returns,MINA_returns,0.0
TRAC_returns,DASH_returns,0.0
TRAC_returns,SFP_returns,0.0
TRAC_returns,BabyDoge_returns,0.0
TRAC_returns,SNX_returns,0.1904542042113276
TRAC_returns,TFUEL_returns,0.17906265142459382
TRAC_returns,DCR_returns,0.0
TRAC_returns,GLM_returns,0.0
TRAC_returns,MX_returns,0.0
TRAC_returns,ZIL_returns,0.0
TRAC_returns,BLUR_returns,0.0
TRAC_returns,ROSE_returns,0.2214746191142525
TRAC_returns,CKB_returns,0.0
TRAC_returns,TRAC_returns,0.0
TRAC_returns,QTUM_returns,0.0
TRAC_returns,ORDI_returns,0.0
TRAC_returns,LPT_returns,0.0
TRAC_returns,MASK_returns,0.0
TRAC_returns,ASTR_returns,0.0
TRAC_returns,ZRX_returns,0.0
TRAC_returns,VTHO_returns,0.0
TRAC_returns,ACH_returns,0.0
TRAC_returns,BAT_returns,0.0
TRAC_returns,CHEEL_returns,0.0
TRAC_returns,CHEX_returns,0.0
TRAC_returns,SNEK_returns,0.0
TRAC_returns,BORG_returns,0.0
TRAC_returns,KOGE_returns,0.0
TRAC_returns,IOTX_returns,0.0
TRAC_returns,CELO_returns,0.0
TRAC_returns,GAS_returns,0.0
TRAC_returns,ONE_returns,0.0
TRAC_returns,ID_returns,0.0
TRAC_returns,SUSHI_returns,0.0
TRAC_returns,CSPR_returns,0.0
TRAC_returns,HOT_returns,0.0
TRAC_returns,SC_returns,0.0
TRAC_returns,YFI_returns,0.0
TRAC_returns,RVN_returns,0.0
TRAC_returns,COW_returns,-0.00014099410953109995
TRAC_returns,ANKR_returns,0.0
TRAC_returns,GOMINING_returns,0.0
TRAC_returns,XCH_returns,0.0
TRAC_returns,DGB_returns,0.0
TRAC_returns,T_returns,0.0
TRAC_returns,WOO_returns,0.0
TRAC_returns,ELF_returns,0.0
TRAC_returns,EUL_returns,0.0
TRAC_returns,ORCA_returns,0.0
TRAC_returns,KDA_returns,0.0
TRAC_returns,OSMO_returns,0.0
TRAC_returns,GMT_returns,0.0
TRAC_returns,SNT_returns,0.0
TRAC_returns,GMX_returns,0.0
TRAC_returns,ENJ_returns,0.0
TRAC_returns,XYO_returns,0.0
TRAC_returns,POLYX_returns,0.0
TRAC_returns,ZIG_returns,0.1415251145427539
TRAC_returns,ZEN_returns,-0.022980003446957255
TRAC_returns,COTI_returns,0.0
TRAC_returns,WEMIX_returns,0.0
TRAC_returns,SKL_returns,0.0
TRAC_returns,LCX_returns,0.0
TRAC_returns,WAVES_returns,0.0
TRAC_returns,CVC_returns,0.0
TRAC_returns,SWFTC_returns,0.0
TRAC_returns,LUNA_returns,0.0
TRAC_returns,HIVE_returns,0.0
TRAC_returns,RLB_returns,0.0
TRAC_returns,LRC_returns,0.0
TRAC_returns,DAG_returns,0.0
TRAC_returns,ONT_returns,0.0
TRAC_returns,TRB_returns,0.0
TRAC_returns,XNO_returns,0.0
TRAC_returns,DLC_returns,-0.003804189670946705
TRAC_returns,METIS_returns,0.0
TRAC_returns,ICX_returns,0.0
TRAC_returns,MYTH_returns,0.0
TRAC_returns,MPLX_returns,0.0
TRAC_returns,SXP_returns,0.0
TRAC_returns,XVG_returns,0.0
TRAC_returns,PEOPLE_returns,0.0
TRAC_returns,AWE_returns,0.0
TRAC_returns,REQ_returns,0.0
TRAC_returns,STORJ_returns,0.0
TRAC_returns,BAND_returns,0.0
TRAC_returns,WMTX_returns,0.0
TRAC_returns,CFG_returns,0.0
TRAC_returns,HONEY_returns,0.0
TRAC_returns,PRO_returns,0.0
TRAC_returns,PRIME_returns,0.0
TRAC_returns,VVS_returns,0.0
TRAC_returns,CPOOL_returns,0.0
TRAC_returns,YGG_returns,0.0
TRAC_returns,SSV_returns,0.0
TRAC_returns,CETUS_returns,0.0
TRAC_returns,CGPT_returns,0.19338977744093352
TRAC_returns,STIK_returns,-0.013839833839210216
TRAC_returns,PHA_returns,0.0
TRAC_returns,XVS_returns,0.0
TRAC_returns,KUB_returns,0.0
TRAC_returns,BICO_returns,0.0
TRAC_returns,UMA_returns,0.0
TRAC_returns,WAXP_returns,0.0
TRAC_returns,XPR_returns,0.0
TRAC_returns,RPL_returns,0.0
TRAC_returns,PUNDIX_returns,0.0
TRAC_returns,FLUX_returns,0.0
TRAC_returns,BORA_returns,0.0
TRAC_returns,POWR_returns,0.0
TRAC_returns,AUDIO_returns,0.0
TRAC_returns,PROM_returns,0.0
TRAC_returns,IOST_returns,0.0
TRAC_returns,ACX_returns,0.0
TRAC_returns,ARDR_returns,0.0
TRAC_returns,SPELL_returns,0.0
TRAC_returns,ORBR_returns,0.0
TRAC_returns,LSK_returns,0.0
TRAC_returns,XOR_returns,0.0
TRAC_returns,GLMR_returns,0.0
TRAC_returns,BMX_returns,0.0
TRAC_returns,MVL_returns,0.0
TRAC_returns,ABT_returns,0.0
TRAC_returns,VELO_returns,0.0
TRAC_returns,IQ_returns,0.0
TRAC_returns,AGI_returns,0.0
TRAC_returns,WILD_returns,0.0
TRAC_returns,XEM_returns,0.0
TRAC_returns,LON_returns,0.0
TRAC_returns,POND_returns,0.0
TRAC_returns,ACT_returns,0.0
TRAC_returns,XRD_returns,0.0
TRAC_returns,RLC_returns,0.18688592759582856
TRAC_returns,ILV_returns,0.0
TRAC_returns,FIDA_returns,0.0
TRAC_returns,BNT_returns,0.0
TRAC_returns,DENT_returns,0.0
TRAC_returns,ORBS_returns,0.0
TRAC_returns,ONG_returns,0.0
TRAC_returns,CHR_returns,0.0
TRAC_returns,HEART_returns,0.0
TRAC_returns,VANRY_returns,0.0
TRAC_returns,LQTY_returns,0.0
TRAC_returns,KEEP_returns,0.0
TRAC_returns,DKA_returns,0.0
TRAC_returns,ELON_returns,0.0
TRAC_returns,ARK_returns,0.0
TRAC_returns,MLK_returns,0.0
TRAC_returns,AL_returns,0.0
TRAC_returns,JOE_returns,0.0
TRAC_returns,CELR_returns,0.0
TRAC_returns,STEEM_returns,0.0
TRAC_returns,BAL_returns,0.0
TRAC_returns,PCI_returns,0.0
TRAC_returns,MOVR_returns,0.0
TRAC_returns,AUCTION_returns,0.0
TRAC_returns,AERGO_returns,0.0
TRAC_returns,MED_returns,0.0
TRAC_returns,NMR_returns,0.18909750423701557
TRAC_returns,API3_returns,0.0
TRAC_returns,AGLD_returns,0.0
TRAC_returns,BONE_returns,0.0
TRAC_returns,SLP_returns,0.0
TRAC_returns,MTL_returns,0.0
TRAC_returns,KNC_returns,0.0
TRAC_returns,CTSI_returns,0.0
TRAC_returns,BTRST_returns,0.0
TRAC_returns,SCRT_returns,0.0
TRAC_returns,OMI_returns,0.0
TRAC_returns,GEOD_returns,0.0
TRAC_returns,EDU_returns,0.0
TRAC_returns,0x0_returns,0.0
TRAC_returns,KUJI_returns,0.0
QTUM_returns,CTC_returns,0.0
QTUM_returns,MINA_returns,0.0
QTUM_returns,DASH_returns,0.5380671734141886
QTUM_returns,SFP_returns,0.0
QTUM_returns,BabyDoge_returns,0.2194840301759389
QTUM_returns,SNX_returns,0.0
QTUM_returns,TFUEL_returns,0.0
QTUM_returns,DCR_returns,0.0
QTUM_returns,GLM_returns,0.0
QTUM_returns,MX_returns,0.0
QTUM_returns,ZIL_returns,0.6372355273131969
QTUM_returns,BLUR_returns,0.0
QTUM_returns,ROSE_returns,0.0
QTUM_returns,CKB_returns,0.0
QTUM_returns,TRAC_returns,0.0
QTUM_returns,QTUM_returns,0.0
QTUM_returns,ORDI_returns,0.0
QTUM_returns,LPT_returns,0.0
QTUM_returns,MASK_returns,0.0
QTUM_returns,ASTR_returns,0.0
QTUM_returns,ZRX_returns,0.0
QTUM_returns,VTHO_returns,0.30561852641102
QTUM_returns,ACH_returns,0.0
QTUM_returns,BAT_returns,0.591811502891694
QTUM_returns,CHEEL_returns,0.0
QTUM_returns,CHEX_returns,0.0
QTUM_returns,SNEK_returns,0.0
QTUM_returns,BORG_returns,0.25802439642195424
QTUM_returns,KOGE_returns,0.0
QTUM_returns,IOTX_returns,0.0
QTUM_returns,CELO_returns,0.0
QTUM_returns,GAS_returns,0.37957663959193666
QTUM_returns,ONE_returns,0.0
QTUM_returns,ID_returns,0.0
QTUM_returns,SUSHI_returns,0.0
QTUM_returns,CSPR_returns,0.0
QTUM_returns,HOT_returns,0.0
QTUM_returns,SC_returns,0.0
QTUM_returns,YFI_returns,0.0
QTUM_returns,RVN_returns,0.0
QTUM_returns,COW_returns,0.0
QTUM_returns,ANKR_returns,0.0
QTUM_returns,GOMINING_returns,0.0
QTUM_returns,XCH_returns,0.0
QTUM_returns,DGB_returns,0.0
QTUM_returns,T_returns,0.0
QTUM_returns,WOO_returns,0.0
QTUM_returns,ELF_returns,0.0
QTUM_returns,EUL_returns,0.0
QTUM_returns,ORCA_returns,0.0
QTUM_returns,KDA_returns,0.0
QTUM_returns,OSMO_returns,0.0
QTUM_returns,GMT_returns,0.0
QTUM_returns,SNT_returns,0.0
QTUM_returns,GMX_returns,0.0
QTUM_returns,ENJ_returns,0.0
QTUM_returns,XYO_returns,0.2780262349094827
QTUM_returns,POLYX_returns,0.0
QTUM_returns,ZIG_returns,0.0
QTUM_returns,ZEN_returns,0.0
QTUM_returns,COTI_returns,0.0
QTUM_returns,WEMIX_returns,0.0
QTUM_returns,SKL_returns,0.0
QTUM_returns,LCX_returns,0.0
QTUM_returns,WAVES_returns,0.0
QTUM_returns,CVC_returns,0.0
QTUM_returns,SWFTC_returns,0.0
QTUM_returns,LUNA_returns,0.0
QTUM_returns,HIVE_returns,0.0
QTUM_returns,RLB_returns,0.0
QTUM_returns,LRC_returns,0.0
QTUM_returns,DAG_returns,0.0
QTUM_returns,ONT_returns,0.6818595353380078
QTUM_returns,TRB_returns,0.0
QTUM_returns,XNO_returns,0.0
QTUM_returns,DLC_returns,0.0
QTUM_returns,METIS_returns,0.0
QTUM_returns,ICX_returns,0.5429956825761099
QTUM_returns,MYTH_returns,0.0
QTUM_returns,MPLX_returns,0.0
QTUM_returns,SXP_returns,0.0
QTUM_returns,XVG_returns,0.0
QTUM_returns,PEOPLE_returns,0.0
QTUM_returns,AWE_returns,0.0
QTUM_returns,REQ_returns,0.0
QTUM_returns,STORJ_returns,0.0
QTUM_returns,BAND_returns,0.0
QTUM_returns,WMTX_returns,0.0
QTUM_returns,CFG_returns,0.0
QTUM_returns,HONEY_returns,0.0
QTUM_returns,PRO_returns,0.0
QTUM_returns,PRIME_returns,0.0
QTUM_returns,VVS_returns,0.0
QTUM_returns,CPOOL_returns,0.0
QTUM_returns,YGG_returns,0.0
QTUM_returns,SSV_returns,0.0
QTUM_returns,CETUS_returns,0.0
QTUM_returns,CGPT_returns,0.0
QTUM_returns,STIK_returns,0.0
QTUM_returns,PHA_returns,0.0
QTUM_returns,XVS_returns,0.0
QTUM_returns,KUB_returns,0.0
QTUM_returns,BICO_returns,0.0
QTUM_returns,UMA_returns,0.0
QTUM_returns,WAXP_returns,0.0
QTUM_returns,XPR_returns,0.0
QTUM_returns,RPL_returns,0.0
QTUM_returns,PUNDIX_returns,0.0
QTUM_returns,FLUX_returns,0.0
QTUM_returns,BORA_returns,0.0
QTUM_returns,POWR_returns,0.0
QTUM_returns,AUDIO_returns,0.0
QTUM_returns,PROM_returns,0.0
QTUM_returns,IOST_returns,0.5349607226678551
QTUM_returns,ACX_returns,0.0
QTUM_returns,ARDR_returns,0.0
QTUM_returns,SPELL_returns,0.0
QTUM_returns,ORBR_returns,0.0
QTUM_returns,LSK_returns,0.0
QTUM_returns,XOR_returns,0.0
QTUM_returns,GLMR_returns,0.0
QTUM_returns,BMX_returns,0.0
QTUM_returns,MVL_returns,0.0
QTUM_returns,ABT_returns,0.0
QTUM_returns,VELO_returns,0.0
QTUM_returns,IQ_returns,0.0
QTUM_returns,AGI_returns,0.0
QTUM_returns,WILD_returns,0.0
QTUM_returns,XEM_returns,0.0
QTUM_returns,LON_returns,0.0
QTUM_returns,POND_returns,0.0
QTUM_returns,ACT_returns,0.0
QTUM_returns,XRD_returns,0.0
QTUM_returns,RLC_returns,0.0
QTUM_returns,ILV_returns,0.0
QTUM_returns,FIDA_returns,0.0
QTUM_returns,BNT_returns,0.0
QTUM_returns,DENT_returns,0.0
QTUM_returns,ORBS_returns,0.0
QTUM_returns,ONG_returns,0.464903021261763
QTUM_returns,CHR_returns,0.0
QTUM_returns,HEART_returns,0.0
QTUM_returns,VANRY_returns,0.0
QTUM_returns,LQTY_returns,0.0
QTUM_returns,KEEP_returns,0.0
QTUM_returns,DKA_returns,0.0
QTUM_returns,ELON_returns,0.0
QTUM_returns,ARK_returns,0.0
QTUM_returns,MLK_returns,0.0
QTUM_returns,AL_returns,0.0
QTUM_returns,JOE_returns,0.0
QTUM_returns,CELR_returns,0.0
QTUM_returns,STEEM_returns,0.0
QTUM_returns,BAL_returns,0.0
QTUM_returns,PCI_returns,0.0
QTUM_returns,MOVR_returns,0.0
QTUM_returns,AUCTION_returns,0.0
QTUM_returns,AERGO_returns,0.0
QTUM_returns,MED_returns,0.0
QTUM_returns,NMR_returns,0.0
QTUM_returns,API3_returns,0.0
QTUM_returns,AGLD_returns,0.0
QTUM_returns,BONE_returns,0.2623944110497432
QTUM_returns,SLP_returns,0.0
QTUM_returns,MTL_returns,0.0
QTUM_returns,KNC_returns,0.0
QTUM_returns,CTSI_returns,0.0
QTUM_returns,BTRST_returns,0.0
QTUM_returns,SCRT_returns,0.0
QTUM_returns,OMI_returns,0.0
QTUM_returns,GEOD_returns,0.0
QTUM_returns,EDU_returns,0.0
QTUM_returns,0x0_returns,0.0
QTUM_returns,KUJI_returns,0.0
ORDI_returns,CTC_returns,0.0
ORDI_returns,MINA_returns,0.0
ORDI_returns,DASH_returns,0.0
ORDI_returns,SFP_returns,-0.028339932722834957
ORDI_returns,BabyDoge_returns,0.0
ORDI_returns,SNX_returns,0.0
ORDI_returns,TFUEL_returns,0.0
ORDI_returns,DCR_returns,0.0
ORDI_returns,GLM_returns,0.0
ORDI_returns,MX_returns,-0.05778726558123489
ORDI_returns,ZIL_returns,0.0
ORDI_returns,BLUR_returns,0.0
ORDI_returns,ROSE_returns,0.0
ORDI_returns,CKB_returns,0.0
ORDI_returns,TRAC_returns,0.0
ORDI_returns,QTUM_returns,0.0
ORDI_returns,ORDI_returns,0.0
ORDI_returns,LPT_returns,0.0
ORDI_returns,MASK_returns,0.0
ORDI_returns,ASTR_returns,0.0
ORDI_returns,ZRX_returns,0.0
ORDI_returns,VTHO_returns,0.0
ORDI_returns,ACH_returns,0.0
ORDI_returns,BAT_returns,0.0
ORDI_returns,CHEEL_returns,-0.0778888247732108
ORDI_returns,CHEX_returns,0.0
ORDI_returns,SNEK_returns,0.0
ORDI_returns,BORG_returns,0.0
ORDI_returns,KOGE_returns,0.0
ORDI_returns,IOTX_returns,0.0
ORDI_returns,CELO_returns,0.0
ORDI_returns,GAS_returns,0.0
ORDI_returns,ONE_returns,0.27428812126240093
ORDI_returns,ID_returns,0.0
ORDI_returns,SUSHI_returns,0.0
ORDI_returns,CSPR_returns,0.0
ORDI_returns,HOT_returns,0.0
ORDI_returns,SC_returns,0.0
ORDI_returns,YFI_returns,0.0
ORDI_returns,RVN_returns,0.0
ORDI_returns,COW_returns,0.15877913471278196
ORDI_returns,ANKR_returns,0.0
ORDI_returns,GOMINING_returns,0.0
ORDI_returns,XCH_returns,0.0
ORDI_returns,DGB_returns,0.0
ORDI_returns,T_returns,0.0
ORDI_returns,WOO_returns,0.3052959279068528
ORDI_returns,ELF_returns,0.0
ORDI_returns,EUL_returns,-0.02670702220959123
ORDI_returns,ORCA_returns,0.0
ORDI_returns,KDA_returns,0.2799950745944109
ORDI_returns,OSMO_returns,0.0
ORDI_returns,GMT_returns,0.0
ORDI_returns,SNT_returns,0.0
ORDI_returns,GMX_returns,0.0
ORDI_returns,ENJ_returns,0.0
ORDI_returns,XYO_returns,0.0
ORDI_returns,POLYX_returns,0.0
ORDI_returns,ZIG_returns,0.0
ORDI_returns,ZEN_returns,0.0
ORDI_returns,COTI_returns,0.0
ORDI_returns,WEMIX_returns,0.0
ORDI_returns,SKL_returns,0.0
ORDI_returns,LCX_returns,0.0
ORDI_returns,WAVES_returns,0.0
ORDI_returns,CVC_returns,0.0
ORDI_returns,SWFTC_returns,0.0
ORDI_returns,LUNA_returns,0.0
ORDI_returns,HIVE_returns,0.0
ORDI_returns,RLB_returns,0.0
ORDI_returns,LRC_returns,0.0
ORDI_returns,DAG_returns,0.0
ORDI_returns,ONT_returns,0.0
ORDI_returns,TRB_returns,0.0
ORDI_returns,XNO_returns,0.0
ORDI_returns,DLC_returns,0.0
ORDI_returns,METIS_returns,0.2756141672073035
ORDI_returns,ICX_returns,0.0
ORDI_returns,MYTH_returns,-0.06888537363834614
ORDI_returns,MPLX_returns,0.0
ORDI_returns,SXP_returns,0.0
ORDI_returns,XVG_returns,0.0
ORDI_returns,PEOPLE_returns,0.0
ORDI_returns,AWE_returns,0.0
ORDI_returns,REQ_returns,0.0
ORDI_returns,STORJ_returns,0.0
ORDI_returns,BAND_returns,0.2734966399328002
ORDI_returns,WMTX_returns,0.0
ORDI_returns,CFG_returns,0.0
ORDI_returns,HONEY_returns,0.0
ORDI_returns,PRO_returns,0.0
ORDI_returns,PRIME_returns,0.0
ORDI_returns,VVS_returns,0.0
ORDI_returns,CPOOL_returns,0.0
ORDI_returns,YGG_returns,0.0
ORDI_returns,SSV_returns,0.0
ORDI_returns,CETUS_returns,0.0
ORDI_returns,CGPT_returns,0.0
ORDI_returns,STIK_returns,-0.13684896201395144
ORDI_returns,PHA_returns,0.0
ORDI_returns,XVS_returns,0.0
ORDI_returns,KUB_returns,0.0
ORDI_returns,BICO_returns,0.0
ORDI_returns,UMA_returns,0.0
ORDI_returns,WAXP_returns,0.0
ORDI_returns,XPR_returns,0.0
ORDI_returns,RPL_returns,0.0
ORDI_returns,PUNDIX_returns,0.0
ORDI_returns,FLUX_returns,0.0
ORDI_returns,BORA_returns,0.0
ORDI_returns,POWR_returns,0.0
ORDI_returns,AUDIO_returns,0.0
ORDI_returns,PROM_returns,0.0
ORDI_returns,IOST_returns,0.0
ORDI_returns,ACX_returns,0.0
ORDI_returns,ARDR_returns,0.0
ORDI_returns,SPELL_returns,0.0
ORDI_returns,ORBR_returns,0.0
ORDI_returns,LSK_returns,0.0
ORDI_returns,XOR_returns,0.0
ORDI_returns,GLMR_returns,0.0
ORDI_returns,BMX_returns,0.0
ORDI_returns,MVL_returns,0.0
ORDI_returns,ABT_returns,-0.004733699354405956
ORDI_returns,VELO_returns,0.0
ORDI_returns,IQ_returns,0.0
ORDI_returns,AGI_returns,0.0
ORDI_returns,WILD_returns,0.0
ORDI_returns,XEM_returns,0.0
ORDI_returns,LON_returns,-0.1611850596301893
ORDI_returns,POND_returns,0.0
ORDI_returns,ACT_returns,0.0
ORDI_returns,XRD_returns,0.0
ORDI_returns,RLC_returns,0.0
ORDI_returns,ILV_returns,0.0
ORDI_returns,FIDA_returns,0.0
ORDI_returns,BNT_returns,0.0
ORDI_returns,DENT_returns,0.31480458498116354
ORDI_returns,ORBS_returns,0.0
ORDI_returns,ONG_returns,0.0
ORDI_returns,CHR_returns,0.0
ORDI_returns,HEART_returns,0.0
ORDI_returns,VANRY_returns,0.0
ORDI_returns,LQTY_returns,0.0
ORDI_returns,KEEP_returns,0.0
ORDI_returns,DKA_returns,0.0
ORDI_returns,ELON_returns,0.0
ORDI_returns,ARK_returns,0.0
ORDI_returns,MLK_returns,0.0
ORDI_returns,AL_returns,0.0
ORDI_returns,JOE_returns,0.0
ORDI_returns,CELR_returns,0.0
ORDI_returns,STEEM_returns,0.0
ORDI_returns,BAL_returns,0.0
ORDI_returns,PCI_returns,0.0
ORDI_returns,MOVR_returns,0.0
ORDI_returns,AUCTION_returns,0.0
ORDI_returns,AERGO_returns,0.0
ORDI_returns,MED_returns,0.0
ORDI_returns,NMR_returns,0.0
ORDI_returns,API3_returns,0.0
ORDI_returns,AGLD_returns,0.0
ORDI_returns,BONE_returns,0.0
ORDI_returns,SLP_returns,0.0
ORDI_returns,MTL_returns,0.0
ORDI_returns,KNC_returns,0.0
ORDI_returns,CTSI_returns,0.0
ORDI_returns,BTRST_returns,-0.04523200881222869
ORDI_returns,SCRT_returns,0.0
ORDI_returns,OMI_returns,-0.05147343203744787
ORDI_returns,GEOD_returns,0.0
ORDI_returns,EDU_returns,0.0
ORDI_returns,0x0_returns,0.0
ORDI_returns,KUJI_returns,0.0
LPT_returns,CTC_returns,0.0
LPT_returns,MINA_returns,0.0
LPT_returns,DASH_returns,0.0
LPT_returns,SFP_returns,0.0
LPT_returns,BabyDoge_returns,0.0
LPT_returns,SNX_returns,0.0
LPT_returns,TFUEL_returns,0.0
LPT_returns,DCR_returns,0.0
LPT_returns,GLM_returns,0.0
LPT_returns,MX_returns,0.0
LPT_returns,ZIL_returns,0.3474806037445712
LPT_returns,BLUR_returns,0.0
LPT_returns,ROSE_returns,0.0
LPT_returns,CKB_returns,0.0
LPT_returns,TRAC_returns,0.0
LPT_returns,QTUM_returns,0.0
LPT_returns,ORDI_returns,0.0
LPT_returns,LPT_returns,0.0
LPT_returns,MASK_returns,0.0
LPT_returns,ASTR_returns,0.0
LPT_returns,ZRX_returns,0.0
LPT_returns,VTHO_returns,0.0
LPT_returns,ACH_returns,0.0
LPT_returns,BAT_returns,0.0
LPT_returns,CHEEL_returns,-0.002007292673099585
LPT_returns,CHEX_returns,0.0
LPT_returns,SNEK_returns,0.0
LPT_returns,BORG_returns,0.0
LPT_returns,KOGE_returns,0.0
LPT_returns,IOTX_returns,0.0
LPT_returns,CELO_returns,0.0
LPT_returns,GAS_returns,0.0
LPT_returns,ONE_returns,0.3439461194836669
LPT_returns,ID_returns,0.0
LPT_returns,SUSHI_returns,0.0
LPT_returns,CSPR_returns,0.0
LPT_returns,HOT_returns,0.0
LPT_returns,SC_returns,0.0
LPT_returns,YFI_returns,0.0
LPT_returns,RVN_returns,0.0
LPT_returns,COW_returns,0.0
LPT_returns,ANKR_returns,0.3460058536750235
LPT_returns,GOMINING_returns,-0.029942447580344353
LPT_returns,XCH_returns,0.0
LPT_returns,DGB_returns,0.0
LPT_returns,T_returns,0.0
LPT_returns,WOO_returns,0.0
LPT_returns,ELF_returns,0.0
LPT_returns,EUL_returns,0.0
LPT_returns,ORCA_returns,0.0
LPT_returns,KDA_returns,0.0
LPT_returns,OSMO_returns,0.0
LPT_returns,GMT_returns,0.0
LPT_returns,SNT_returns,0.0
LPT_returns,GMX_returns,0.0
LPT_returns,ENJ_returns,0.0
LPT_returns,XYO_returns,0.0
LPT_returns,POLYX_returns,0.0
LPT_returns,ZIG_returns,0.0
LPT_returns,ZEN_returns,0.3427192317312221
LPT_returns,COTI_returns,0.0
LPT_returns,WEMIX_returns,0.0
LPT_returns,SKL_returns,0.0
LPT_returns,LCX_returns,0.0
LPT_returns,WAVES_returns,0.0
LPT_returns,CVC_returns,0.0
LPT_returns,SWFTC_returns,0.0
LPT_returns,LUNA_returns,0.0
LPT_returns,HIVE_returns,0.0
LPT_returns,RLB_returns,0.0
LPT_returns,LRC_returns,0.3961653740786367
LPT_returns,DAG_returns,0.0
LPT_returns,ONT_returns,0.0
LPT_returns,TRB_returns,0.0
LPT_returns,XNO_returns,0.0
LPT_returns,DLC_returns,0.0
LPT_returns,METIS_returns,0.0
LPT_returns,ICX_returns,0.0
LPT_returns,MYTH_returns,0.0
LPT_returns,MPLX_returns,0.0
LPT_returns,SXP_returns,0.0
LPT_returns,XVG_returns,0.0
LPT_returns,PEOPLE_returns,0.0
LPT_returns,AWE_returns,0.0
LPT_returns,REQ_returns,0.0
LPT_returns,STORJ_returns,0.0
LPT_returns,BAND_returns,0.0
LPT_returns,WMTX_returns,0.0
LPT_returns,CFG_returns,0.0
LPT_returns,HONEY_returns,0.0
LPT_returns,PRO_returns,0.0
LPT_returns,PRIME_returns,0.0
LPT_returns,VVS_returns,0.0
LPT_returns,CPOOL_returns,0.0
LPT_returns,YGG_returns,0.0
LPT_returns,SSV_returns,0.0
LPT_returns,CETUS_returns,0.0
LPT_returns,CGPT_returns,0.0
LPT_returns,STIK_returns,-0.016988115374682373
LPT_returns,PHA_returns,0.0
LPT_returns,XVS_returns,0.0
LPT_returns,KUB_returns,0.0
LPT_returns,BICO_returns,0.0
LPT_returns,UMA_returns,0.0
LPT_returns,WAXP_returns,0.0
LPT_returns,XPR_returns,0.0
LPT_returns,RPL_returns,0.0
LPT_returns,PUNDIX_returns,0.0
LPT_returns,FLUX_returns,0.0
LPT_returns,BORA_returns,0.0
LPT_returns,POWR_returns,0.0
LPT_returns,AUDIO_returns,0.0
LPT_returns,PROM_returns,0.0
LPT_returns,IOST_returns,0.0
LPT_returns,ACX_returns,0.0
LPT_returns,ARDR_returns,0.0
LPT_returns,SPELL_returns,0.0
LPT_returns,ORBR_returns,0.0
LPT_returns,LSK_returns,0.0
LPT_returns,XOR_returns,0.0
LPT_returns,GLMR_returns,0.0
LPT_returns,BMX_returns,-0.00921517079669714
LPT_returns,MVL_returns,0.0
LPT_returns,ABT_returns,0.0
LPT_returns,VELO_returns,0.0
LPT_returns,IQ_returns,0.0
LPT_returns,AGI_returns,0.2706128447795095
LPT_returns,WILD_returns,0.0
LPT_returns,XEM_returns,0.0
LPT_returns,LON_returns,-0.0080685979837424
LPT_returns,POND_returns,0.0
LPT_returns,ACT_returns,0.0
LPT_returns,XRD_returns,0.0
LPT_returns,RLC_returns,0.0
LPT_returns,ILV_returns,0.0
LPT_returns,FIDA_returns,0.0
LPT_returns,BNT_returns,0.0
LPT_returns,DENT_returns,0.350982954486642
LPT_returns,ORBS_returns,0.0
LPT_returns,ONG_returns,0.0
LPT_returns,CHR_returns,0.0
LPT_returns,HEART_returns,0.0
LPT_returns,VANRY_returns,0.0
LPT_returns,LQTY_returns,0.0
LPT_returns,KEEP_returns,0.0
LPT_returns,DKA_returns,0.0
LPT_returns,ELON_returns,0.0
LPT_returns,ARK_returns,0.0
LPT_returns,MLK_returns,0.0
LPT_returns,AL_returns,0.0
LPT_returns,JOE_returns,0.0
LPT_returns,CELR_returns,0.0
LPT_returns,STEEM_returns,0.0
LPT_returns,BAL_returns,0.0
LPT_returns,PCI_returns,0.0
LPT_returns,MOVR_returns,0.0
LPT_returns,AUCTION_returns,0.0
LPT_returns,AERGO_returns,0.0
LPT_returns,MED_returns,0.0
LPT_returns,NMR_returns,0.0
LPT_returns,API3_returns,0.0
LPT_returns,AGLD_returns,0.0
LPT_returns,BONE_returns,0.0
LPT_returns,SLP_returns,0.0
LPT_returns,MTL_returns,0.0
LPT_returns,KNC_returns,0.0
LPT_returns,CTSI_returns,0.0
LPT_returns,BTRST_returns,0.0
LPT_returns,SCRT_returns,0.0
LPT_returns,OMI_returns,0.0
LPT_returns,GEOD_returns,0.0
LPT_returns,EDU_returns,0.0
LPT_returns,0x0_returns,0.0
LPT_returns,KUJI_returns,0.0
MASK_returns,CTC_returns,0.0
MASK_returns,MINA_returns,0.0
MASK_returns,DASH_returns,0.0
MASK_returns,SFP_returns,0.0
MASK_returns,BabyDoge_returns,0.0
MASK_returns,SNX_returns,0.0
MASK_returns,TFUEL_returns,0.0
MASK_returns,DCR_returns,0.0
MASK_returns,GLM_returns,0.0
MASK_returns,MX_returns,0.0
MASK_returns,ZIL_returns,0.44084116216249175
MASK_returns,BLUR_returns,0.0
MASK_returns,ROSE_returns,0.0
MASK_returns,CKB_returns,0.0
MASK_returns,TRAC_returns,0.0
MASK_returns,QTUM_returns,0.0
MASK_returns,ORDI_returns,0.0
MASK_returns,LPT_returns,0.0
MASK_returns,MASK_returns,0.0
MASK_returns,ASTR_returns,0.0
MASK_returns,ZRX_returns,0.0
MASK_returns,VTHO_returns,0.0
MASK_returns,ACH_returns,0.0
MASK_returns,BAT_returns,0.4496621467014406
MASK_returns,CHEEL_returns,0.0
MASK_returns,CHEX_returns,0.0
MASK_returns,SNEK_returns,0.0
MASK_returns,BORG_returns,0.0
MASK_returns,KOGE_returns,0.0
MASK_returns,IOTX_returns,0.0
MASK_returns,CELO_returns,0.0
MASK_returns,GAS_returns,0.0
MASK_returns,ONE_returns,0.0
MASK_returns,ID_returns,0.0
MASK_returns,SUSHI_returns,0.0
MASK_returns,CSPR_returns,0.0
MASK_returns,HOT_returns,0.0
MASK_returns,SC_returns,0.0
MASK_returns,YFI_returns,0.0
MASK_returns,RVN_returns,0.0
MASK_returns,COW_returns,0.0
MASK_returns,ANKR_returns,0.42771095318676694
MASK_returns,GOMINING_returns,0.0
MASK_returns,XCH_returns,0.0
MASK_returns,DGB_returns,0.0
MASK_returns,T_returns,0.0
MASK_returns,WOO_returns,0.0
MASK_returns,ELF_returns,0.0
MASK_returns,EUL_returns,0.0
MASK_returns,ORCA_returns,0.0
MASK_returns,KDA_returns,0.0
MASK_returns,OSMO_returns,0.0
MASK_returns,GMT_returns,0.0
MASK_returns,SNT_returns,0.0
MASK_returns,GMX_returns,0.0
MASK_returns,ENJ_returns,0.0
MASK_returns,XYO_returns,0.0
MASK_returns,POLYX_returns,0.0
MASK_returns,ZIG_returns,0.0
MASK_returns,ZEN_returns,0.0
MASK_returns,COTI_returns,0.0
MASK_returns,WEMIX_returns,0.0
MASK_returns,SKL_returns,0.0
MASK_returns,LCX_returns,0.0
MASK_returns,WAVES_returns,0.0
MASK_returns,CVC_returns,0.0
MASK_returns,SWFTC_returns,0.0
MASK_returns,LUNA_returns,0.0
MASK_returns,HIVE_returns,0.0
MASK_returns,RLB_returns,0.0
MASK_returns,LRC_returns,0.0
MASK_returns,DAG_returns,0.0
MASK_returns,ONT_returns,0.0
MASK_returns,TRB_returns,0.0
MASK_returns,XNO_returns,0.0
MASK_returns,DLC_returns,0.0
MASK_returns,METIS_returns,0.0
MASK_returns,ICX_returns,0.4462464136354345
MASK_returns,MYTH_returns,0.0
MASK_returns,MPLX_returns,0.0
MASK_returns,SXP_returns,0.0
MASK_returns,XVG_returns,0.0
MASK_returns,PEOPLE_returns,0.0
MASK_returns,AWE_returns,0.0
MASK_returns,REQ_returns,0.0
MASK_returns,STORJ_returns,0.0
MASK_returns,BAND_returns,0.3834258323402829
MASK_returns,WMTX_returns,0.0
MASK_returns,CFG_returns,0.0
MASK_returns,HONEY_returns,0.0
MASK_returns,PRO_returns,0.0
MASK_returns,PRIME_returns,0.0
MASK_returns,VVS_returns,0.0
MASK_returns,CPOOL_returns,0.0
MASK_returns,YGG_returns,0.0
MASK_returns,SSV_returns,0.0
MASK_returns,CETUS_returns,0.0
MASK_returns,CGPT_returns,0.0
MASK_returns,STIK_returns,0.0
MASK_returns,PHA_returns,0.0
MASK_returns,XVS_returns,0.0
MASK_returns,KUB_returns,0.0
MASK_returns,BICO_returns,0.0
MASK_returns,UMA_returns,0.0
MASK_returns,WAXP_returns,0.0
MASK_returns,XPR_returns,0.0
MASK_returns,RPL_returns,0.0
MASK_returns,PUNDIX_returns,0.0
MASK_returns,FLUX_returns,0.0
MASK_returns,BORA_returns,0.0
MASK_returns,POWR_returns,0.0
MASK_returns,AUDIO_returns,0.0
MASK_returns,PROM_returns,0.0
MASK_returns,IOST_returns,0.43318349582895294
MASK_returns,ACX_returns,0.0
MASK_returns,ARDR_returns,0.0
MASK_returns,SPELL_returns,0.0
MASK_returns,ORBR_returns,0.0
MASK_returns,LSK_returns,0.0
MASK_returns,XOR_returns,0.0
MASK_returns,GLMR_returns,0.0
MASK_returns,BMX_returns,0.0
MASK_returns,MVL_returns,0.0
MASK_returns,ABT_returns,0.0
MASK_returns,VELO_returns,0.0
MASK_returns,IQ_returns,0.0
MASK_returns,AGI_returns,0.0
MASK_returns,WILD_returns,0.0
MASK_returns,XEM_returns,0.0
MASK_returns,LON_returns,0.0
MASK_returns,POND_returns,0.0
MASK_returns,ACT_returns,0.0
MASK_returns,XRD_returns,0.0
MASK_returns,RLC_returns,0.0
MASK_returns,ILV_returns,0.0
MASK_returns,FIDA_returns,0.0
MASK_returns,BNT_returns,0.0
MASK_returns,DENT_returns,0.0
MASK_returns,ORBS_returns,0.0
MASK_returns,ONG_returns,0.0
MASK_returns,CHR_returns,0.0
MASK_returns,HEART_returns,0.0
MASK_returns,VANRY_returns,0.0
MASK_returns,LQTY_returns,0.0
MASK_returns,KEEP_returns,0.0
MASK_returns,DKA_returns,0.0
MASK_returns,ELON_returns,0.0
MASK_returns,ARK_returns,0.0
MASK_returns,MLK_returns,0.0
MASK_returns,AL_returns,0.0
MASK_returns,JOE_returns,0.0
MASK_returns,CELR_returns,0.0
MASK_returns,STEEM_returns,0.0
MASK_returns,BAL_returns,0.0
MASK_returns,PCI_returns,0.0
MASK_returns,MOVR_returns,0.0
MASK_returns,AUCTION_returns,0.23407853169878265
MASK_returns,AERGO_returns,0.0
MASK_returns,MED_returns,0.0
MASK_returns,NMR_returns,0.0
MASK_returns,API3_returns,0.0
MASK_returns,AGLD_returns,0.0
MASK_returns,BONE_returns,0.0
MASK_returns,SLP_returns,0.0
MASK_returns,MTL_returns,0.0
MASK_returns,KNC_returns,0.0
MASK_returns,CTSI_returns,0.0
MASK_returns,BTRST_returns,0.0
MASK_returns,SCRT_returns,0.0
MASK_returns,OMI_returns,0.0
MASK_returns,GEOD_returns,0.0
MASK_returns,EDU_returns,0.0
MASK_returns,0x0_returns,-0.039580540538023457
MASK_returns,KUJI_returns,0.0
ASTR_returns,CTC_returns,0.0
ASTR_returns,MINA_returns,0.49574389586142154
ASTR_returns,DASH_returns,0.0
ASTR_returns,SFP_returns,0.0
ASTR_returns,BabyDoge_returns,0.0
ASTR_returns,SNX_returns,0.0
ASTR_returns,TFUEL_returns,0.0
ASTR_returns,DCR_returns,0.0
ASTR_returns,GLM_returns,0.0
ASTR_returns,MX_returns,0.0
ASTR_returns,ZIL_returns,0.4630012320602236
ASTR_returns,BLUR_returns,0.0
ASTR_returns,ROSE_returns,0.0
ASTR_returns,CKB_returns,0.0
ASTR_returns,TRAC_returns,0.0
ASTR_returns,QTUM_returns,0.0
ASTR_returns,ORDI_returns,0.0
ASTR_returns,LPT_returns,0.0
ASTR_returns,MASK_returns,0.0
ASTR_returns,ASTR_returns,0.0
ASTR_returns,ZRX_returns,0.0
ASTR_returns,VTHO_returns,0.0
ASTR_returns,ACH_returns,0.0
ASTR_returns,BAT_returns,0.47765874663220265
ASTR_returns,CHEEL_returns,0.0
ASTR_returns,CHEX_returns,0.0
ASTR_returns,SNEK_returns,0.0
ASTR_returns,BORG_returns,0.0
ASTR_returns,KOGE_returns,0.0
ASTR_returns,IOTX_returns,0.0
ASTR_returns,CELO_returns,0.0
ASTR_returns,GAS_returns,0.0
ASTR_returns,ONE_returns,0.0
ASTR_returns,ID_returns,0.0
ASTR_returns,SUSHI_returns,0.0
ASTR_returns,CSPR_returns,0.0
ASTR_returns,HOT_returns,0.44275419490864326
ASTR_returns,SC_returns,0.0
ASTR_returns,YFI_returns,0.0
ASTR_returns,RVN_returns,0.0
ASTR_returns,COW_returns,0.0
ASTR_returns,ANKR_returns,0.0
ASTR_returns,GOMINING_returns,0.0
ASTR_returns,XCH_returns,0.0
ASTR_returns,DGB_returns,0.0
ASTR_returns,T_returns,0.0
ASTR_returns,WOO_returns,0.0
ASTR_returns,ELF_returns,0.0
ASTR_returns,EUL_returns,0.0
ASTR_returns,ORCA_returns,0.0
ASTR_returns,KDA_returns,0.0
ASTR_returns,OSMO_returns,0.0
ASTR_returns,GMT_returns,0.0
ASTR_returns,SNT_returns,0.0
ASTR_returns,GMX_returns,0.0
ASTR_returns,ENJ_returns,0.0
ASTR_returns,XYO_returns,0.0
ASTR_returns,POLYX_returns,0.0
ASTR_returns,ZIG_returns,0.0
ASTR_returns,ZEN_returns,0.0
ASTR_returns,COTI_returns,0.0
ASTR_returns,WEMIX_returns,0.0
ASTR_returns,SKL_returns,0.0
ASTR_returns,LCX_returns,0.0
ASTR_returns,WAVES_returns,0.0
ASTR_returns,CVC_returns,0.0
ASTR_returns,SWFTC_returns,0.0
ASTR_returns,LUNA_returns,0.0
ASTR_returns,HIVE_returns,0.0
ASTR_returns,RLB_returns,0.0
ASTR_returns,LRC_returns,0.0
ASTR_returns,DAG_returns,0.0
ASTR_returns,ONT_returns,0.0
ASTR_returns,TRB_returns,0.0
ASTR_returns,XNO_returns,0.0
ASTR_returns,DLC_returns,0.0
ASTR_returns,METIS_returns,0.0
ASTR_returns,ICX_returns,0.43640873752749976
ASTR_returns,MYTH_returns,0.0
ASTR_returns,MPLX_returns,0.0
ASTR_returns,SXP_returns,0.0
ASTR_returns,XVG_returns,0.0
ASTR_returns,PEOPLE_returns,0.0
ASTR_returns,AWE_returns,0.0
ASTR_returns,REQ_returns,0.0
ASTR_returns,STORJ_returns,0.0
ASTR_returns,BAND_returns,0.0
ASTR_returns,WMTX_returns,0.0
ASTR_returns,CFG_returns,0.0
ASTR_returns,HONEY_returns,0.0
ASTR_returns,PRO_returns,0.0
ASTR_returns,PRIME_returns,0.0
ASTR_returns,VVS_returns,0.0
ASTR_returns,CPOOL_returns,0.0
ASTR_returns,YGG_returns,0.0
ASTR_returns,SSV_returns,0.0
ASTR_returns,CETUS_returns,0.0
ASTR_returns,CGPT_returns,0.0
ASTR_returns,STIK_returns,0.0
ASTR_returns,PHA_returns,0.0
ASTR_returns,XVS_returns,0.0
ASTR_returns,KUB_returns,0.0
ASTR_returns,BICO_returns,0.0
ASTR_returns,UMA_returns,0.0
ASTR_returns,WAXP_returns,0.0
ASTR_returns,XPR_returns,0.0
ASTR_returns,RPL_returns,0.0
ASTR_returns,PUNDIX_returns,0.0
ASTR_returns,FLUX_returns,0.0
ASTR_returns,BORA_returns,0.0
ASTR_returns,POWR_returns,0.0
ASTR_returns,AUDIO_returns,0.0
ASTR_returns,PROM_returns,0.0
ASTR_returns,IOST_returns,0.0
ASTR_returns,ACX_returns,0.0
ASTR_returns,ARDR_returns,0.0
ASTR_returns,SPELL_returns,0.0
ASTR_returns,ORBR_returns,0.0
ASTR_returns,LSK_returns,0.0
ASTR_returns,XOR_returns,0.0
ASTR_returns,GLMR_returns,0.0
ASTR_returns,BMX_returns,0.0
ASTR_returns,MVL_returns,0.0
ASTR_returns,ABT_returns,0.0
ASTR_returns,VELO_returns,0.0
ASTR_returns,IQ_returns,0.0
ASTR_returns,AGI_returns,0.0
ASTR_returns,WILD_returns,0.0
ASTR_returns,XEM_returns,0.0
ASTR_returns,LON_returns,0.0
ASTR_returns,POND_returns,0.0
ASTR_returns,ACT_returns,0.0
ASTR_returns,XRD_returns,0.0
ASTR_returns,RLC_returns,0.0
ASTR_returns,ILV_returns,0.0
ASTR_returns,FIDA_returns,0.0
ASTR_returns,BNT_returns,0.2995755084196064
ASTR_returns,DENT_returns,0.4348615409193898
ASTR_returns,ORBS_returns,0.0
ASTR_returns,ONG_returns,0.0
ASTR_returns,CHR_returns,0.0
ASTR_returns,HEART_returns,0.0
ASTR_returns,VANRY_returns,0.0
ASTR_returns,LQTY_returns,0.0
ASTR_returns,KEEP_returns,0.0
ASTR_returns,DKA_returns,0.0
ASTR_returns,ELON_returns,0.0
ASTR_returns,ARK_returns,0.0
ASTR_returns,MLK_returns,0.0
ASTR_returns,AL_returns,0.0
ASTR_returns,JOE_returns,0.0
ASTR_returns,CELR_returns,0.0
ASTR_returns,STEEM_returns,0.0
ASTR_returns,BAL_returns,0.0
ASTR_returns,PCI_returns,0.0
ASTR_returns,MOVR_returns,0.0
ASTR_returns,AUCTION_returns,0.24876653963585552
ASTR_returns,AERGO_returns,0.0
ASTR_returns,MED_returns,0.0
ASTR_returns,NMR_returns,0.0
ASTR_returns,API3_returns,0.0
ASTR_returns,AGLD_returns,0.0
ASTR_returns,BONE_returns,0.0
ASTR_returns,SLP_returns,0.0
ASTR_returns,MTL_returns,0.0
ASTR_returns,KNC_returns,0.0
ASTR_returns,CTSI_returns,0.0
ASTR_returns,BTRST_returns,0.0
ASTR_returns,SCRT_returns,0.0
ASTR_returns,OMI_returns,0.0
ASTR_returns,GEOD_returns,0.0
ASTR_returns,EDU_returns,0.0
ASTR_returns,0x0_returns,0.0
ASTR_returns,KUJI_returns,0.0
ZRX_returns,CTC_returns,0.0
ZRX_returns,MINA_returns,0.0
ZRX_returns,DASH_returns,0.0
ZRX_returns,SFP_returns,0.0
ZRX_returns,BabyDoge_returns,0.0
ZRX_returns,SNX_returns,0.0
ZRX_returns,TFUEL_returns,0.0
ZRX_returns,DCR_returns,0.0
ZRX_returns,GLM_returns,0.0
ZRX_returns,MX_returns,0.0
ZRX_returns,ZIL_returns,0.5583770856147152
ZRX_returns,BLUR_returns,0.0
ZRX_returns,ROSE_returns,0.0
ZRX_returns,CKB_returns,0.0
ZRX_returns,TRAC_returns,0.0
ZRX_returns,QTUM_returns,0.0
ZRX_returns,ORDI_returns,0.0
ZRX_returns,LPT_returns,0.0
ZRX_returns,MASK_returns,0.0
ZRX_returns,ASTR_returns,0.0
ZRX_returns,ZRX_returns,0.0
ZRX_returns,VTHO_returns,0.0
ZRX_returns,ACH_returns,0.0
ZRX_returns,BAT_returns,0.5082735760320074
ZRX_returns,CHEEL_returns,0.0
ZRX_returns,CHEX_returns,0.0
ZRX_returns,SNEK_returns,0.0
ZRX_returns,BORG_returns,0.0
ZRX_returns,KOGE_returns,0.0
ZRX_returns,IOTX_returns,0.0
ZRX_returns,CELO_returns,0.0
ZRX_returns,GAS_returns,0.0
ZRX_returns,ONE_returns,0.0
ZRX_returns,ID_returns,0.5279148876884227
ZRX_returns,SUSHI_returns,0.0
ZRX_returns,CSPR_returns,0.0
ZRX_returns,HOT_returns,0.0
ZRX_returns,SC_returns,0.0
ZRX_returns,YFI_returns,0.0
ZRX_returns,RVN_returns,0.0
ZRX_returns,COW_returns,0.0
ZRX_returns,ANKR_returns,0.4639453175215815
ZRX_returns,GOMINING_returns,0.0
ZRX_returns,XCH_returns,0.0
ZRX_returns,DGB_returns,0.0
ZRX_returns,T_returns,0.0
ZRX_returns,WOO_returns,0.0
ZRX_returns,ELF_returns,0.0
ZRX_returns,EUL_returns,0.0
ZRX_returns,ORCA_returns,0.0
ZRX_returns,KDA_returns,0.0
ZRX_returns,OSMO_returns,0.0
ZRX_returns,GMT_returns,0.0
ZRX_returns,SNT_returns,0.0
ZRX_returns,GMX_returns,0.0
ZRX_returns,ENJ_returns,0.0
ZRX_returns,XYO_returns,0.0
ZRX_returns,POLYX_returns,0.0
ZRX_returns,ZIG_returns,0.0
ZRX_returns,ZEN_returns,0.0
ZRX_returns,COTI_returns,0.0
ZRX_returns,WEMIX_returns,0.0
ZRX_returns,SKL_returns,0.0
ZRX_returns,LCX_returns,0.0
ZRX_returns,WAVES_returns,0.0
ZRX_returns,CVC_returns,0.0
ZRX_returns,SWFTC_returns,0.0
ZRX_returns,LUNA_returns,0.0
ZRX_returns,HIVE_returns,0.0
ZRX_returns,RLB_returns,0.0
ZRX_returns,LRC_returns,0.4849771621867494
ZRX_returns,DAG_returns,0.0
ZRX_returns,ONT_returns,0.0
ZRX_returns,TRB_returns,0.0
ZRX_returns,XNO_returns,0.0
ZRX_returns,DLC_returns,0.0
ZRX_returns,METIS_returns,0.0
ZRX_returns,ICX_returns,0.5195524550784403
ZRX_returns,MYTH_returns,0.0
ZRX_returns,MPLX_returns,0.0
ZRX_returns,SXP_returns,0.0
ZRX_returns,XVG_returns,0.0
ZRX_returns,PEOPLE_returns,0.0
ZRX_returns,AWE_returns,0.0
ZRX_returns,REQ_returns,0.0
ZRX_returns,STORJ_returns,0.0
ZRX_returns,BAND_returns,0.0
ZRX_returns,WMTX_returns,0.0
ZRX_returns,CFG_returns,0.0
ZRX_returns,HONEY_returns,0.0
ZRX_returns,PRO_returns,0.0
ZRX_returns,PRIME_returns,0.0
ZRX_returns,VVS_returns,0.0
ZRX_returns,CPOOL_returns,0.0
ZRX_returns,YGG_returns,0.0
ZRX_returns,SSV_returns,0.0
ZRX_returns,CETUS_returns,0.0
ZRX_returns,CGPT_returns,0.0
ZRX_returns,STIK_returns,-0.021219095006030624
ZRX_returns,PHA_returns,0.0
ZRX_returns,XVS_returns,0.0
ZRX_returns,KUB_returns,0.0
ZRX_returns,BICO_returns,0.0
ZRX_returns,UMA_returns,0.0
ZRX_returns,WAXP_returns,0.0
ZRX_returns,XPR_returns,0.0
ZRX_returns,RPL_returns,0.0
ZRX_returns,PUNDIX_returns,0.0
ZRX_returns,FLUX_returns,0.0
ZRX_returns,BORA_returns,0.0
ZRX_returns,POWR_returns,0.0
ZRX_returns,AUDIO_returns,0.0
ZRX_returns,PROM_returns,0.0
ZRX_returns,IOST_returns,0.0
ZRX_returns,ACX_returns,0.0
ZRX_returns,ARDR_returns,0.0
ZRX_returns,SPELL_returns,0.0
ZRX_returns,ORBR_returns,0.0
ZRX_returns,LSK_returns,0.0
ZRX_returns,XOR_returns,0.0
ZRX_returns,GLMR_returns,0.0
ZRX_returns,BMX_returns,0.0
ZRX_returns,MVL_returns,0.0
ZRX_returns,ABT_returns,0.0
ZRX_returns,VELO_returns,0.0
ZRX_returns,IQ_returns,0.0
ZRX_returns,AGI_returns,0.0
ZRX_returns,WILD_returns,-0.0005387780775377194
ZRX_returns,XEM_returns,0.0
ZRX_returns,LON_returns,0.0
ZRX_returns,POND_returns,0.0
ZRX_returns,ACT_returns,0.0
ZRX_returns,XRD_returns,0.0
ZRX_returns,RLC_returns,0.0
ZRX_returns,ILV_returns,0.0
ZRX_returns,FIDA_returns,0.0
ZRX_returns,BNT_returns,0.0
ZRX_returns,DENT_returns,0.0
ZRX_returns,ORBS_returns,0.0
ZRX_returns,ONG_returns,0.0
ZRX_returns,CHR_returns,0.0
ZRX_returns,HEART_returns,0.0
ZRX_returns,VANRY_returns,0.0
ZRX_returns,LQTY_returns,0.0
ZRX_returns,KEEP_returns,0.0
ZRX_returns,DKA_returns,0.0
ZRX_returns,ELON_returns,0.0
ZRX_returns,ARK_returns,0.0
ZRX_returns,MLK_returns,0.0
ZRX_returns,AL_returns,0.0
ZRX_returns,JOE_returns,0.0
ZRX_returns,CELR_returns,0.0
ZRX_returns,STEEM_returns,0.0
ZRX_returns,BAL_returns,0.0
ZRX_returns,PCI_returns,0.0
ZRX_returns,MOVR_returns,0.0
ZRX_returns,AUCTION_returns,0.0
ZRX_returns,AERGO_returns,0.0
ZRX_returns,MED_returns,0.0
ZRX_returns,NMR_returns,0.0
ZRX_returns,API3_returns,0.0
ZRX_returns,AGLD_returns,0.0
ZRX_returns,BONE_returns,0.0
ZRX_returns,SLP_returns,0.0
ZRX_returns,MTL_returns,0.0
ZRX_returns,KNC_returns,0.0
ZRX_returns,CTSI_returns,0.0
ZRX_returns,BTRST_returns,0.0
ZRX_returns,SCRT_returns,0.0
ZRX_returns,OMI_returns,0.0
ZRX_returns,GEOD_returns,0.0
ZRX_returns,EDU_returns,0.0
ZRX_returns,0x0_returns,0.0
ZRX_returns,KUJI_returns,0.0
VTHO_returns,CTC_returns,0.0
VTHO_returns,MINA_returns,0.0
VTHO_returns,DASH_returns,0.0
VTHO_returns,SFP_returns,0.0
VTHO_returns,BabyDoge_returns,0.0
VTHO_returns,SNX_returns,0.0
VTHO_returns,TFUEL_returns,0.0
VTHO_returns,DCR_returns,0.0
VTHO_returns,GLM_returns,0.0
VTHO_returns,MX_returns,0.0
VTHO_returns,ZIL_returns,0.3687537732223004
VTHO_returns,BLUR_returns,0.0
VTHO_returns,ROSE_returns,0.0
VTHO_returns,CKB_returns,0.0
VTHO_returns,TRAC_returns,0.0
VTHO_returns,QTUM_returns,0.30561852641102
VTHO_returns,ORDI_returns,0.0
VTHO_returns,LPT_returns,0.0
VTHO_returns,MASK_returns,0.0
VTHO_returns,ASTR_returns,0.0
VTHO_returns,ZRX_returns,0.0
VTHO_returns,VTHO_returns,0.0
VTHO_returns,ACH_returns,0.0
VTHO_returns,BAT_returns,0.3069588015424517
VTHO_returns,CHEEL_returns,0.0
VTHO_returns,CHEX_returns,0.0
VTHO_returns,SNEK_returns,0.0
VTHO_returns,BORG_returns,0.0
VTHO_returns,KOGE_returns,0.0
VTHO_returns,IOTX_returns,0.0
VTHO_returns,CELO_returns,0.0
VTHO_returns,GAS_returns,0.0
VTHO_returns,ONE_returns,0.0
VTHO_returns,ID_returns,0.0
VTHO_returns,SUSHI_returns,0.0
VTHO_returns,CSPR_returns,0.0
VTHO_returns,HOT_returns,0.33288692671680437
VTHO_returns,SC_returns,0.0
VTHO_returns,YFI_returns,0.0
VTHO_returns,RVN_returns,0.0
VTHO_returns,COW_returns,0.0
VTHO_returns,ANKR_returns,0.0
VTHO_returns,GOMINING_returns,0.0
VTHO_returns,XCH_returns,0.0
VTHO_returns,DGB_returns,0.0
VTHO_returns,T_returns,0.0
VTHO_returns,WOO_returns,0.0
VTHO_returns,ELF_returns,0.0
VTHO_returns,EUL_returns,0.0
VTHO_returns,ORCA_returns,0.0
VTHO_returns,KDA_returns,0.0
VTHO_returns,OSMO_returns,0.0
VTHO_returns,GMT_returns,0.0
VTHO_returns,SNT_returns,0.0
VTHO_returns,GMX_returns,0.0
VTHO_returns,ENJ_returns,0.0
VTHO_returns,XYO_returns,0.0
VTHO_returns,POLYX_returns,0.0
VTHO_returns,ZIG_returns,0.0
VTHO_returns,ZEN_returns,0.0
VTHO_returns,COTI_returns,0.0
VTHO_returns,WEMIX_returns,0.0
VTHO_returns,SKL_returns,0.0
VTHO_returns,LCX_returns,0.0
VTHO_returns,WAVES_returns,0.0
VTHO_returns,CVC_returns,0.0
VTHO_returns,SWFTC_returns,0.0
VTHO_returns,LUNA_returns,0.0
VTHO_returns,HIVE_returns,0.0
VTHO_returns,RLB_returns,0.0
VTHO_returns,LRC_returns,0.0
VTHO_returns,DAG_returns,0.0
VTHO_returns,ONT_returns,0.0
VTHO_returns,TRB_returns,0.0
VTHO_returns,XNO_returns,0.0
VTHO_returns,DLC_returns,0.0
VTHO_returns,METIS_returns,0.0
VTHO_returns,ICX_returns,0.0
VTHO_returns,MYTH_returns,0.0
VTHO_returns,MPLX_returns,0.0
VTHO_returns,SXP_returns,0.0
VTHO_returns,XVG_returns,0.0
VTHO_returns,PEOPLE_returns,0.0
VTHO_returns,AWE_returns,0.0
VTHO_returns,REQ_returns,0.0
VTHO_returns,STORJ_returns,0.0
VTHO_returns,BAND_returns,0.0
VTHO_returns,WMTX_returns,0.0
VTHO_returns,CFG_returns,0.0
VTHO_returns,HONEY_returns,0.0
VTHO_returns,PRO_returns,0.0
VTHO_returns,PRIME_returns,0.0
VTHO_returns,VVS_returns,0.0
VTHO_returns,CPOOL_returns,0.0
VTHO_returns,YGG_returns,0.0
VTHO_returns,SSV_returns,0.0
VTHO_returns,CETUS_returns,0.0
VTHO_returns,CGPT_returns,0.0
VTHO_returns,STIK_returns,0.0
VTHO_returns,PHA_returns,0.0
VTHO_returns,XVS_returns,0.0
VTHO_returns,KUB_returns,0.0
VTHO_returns,BICO_returns,0.0
VTHO_returns,UMA_returns,0.0
VTHO_returns,WAXP_returns,0.0
VTHO_returns,XPR_returns,-0.024471546778205084
VTHO_returns,RPL_returns,0.0
VTHO_returns,PUNDIX_returns,0.0
VTHO_returns,FLUX_returns,0.0
VTHO_returns,BORA_returns,0.0
VTHO_returns,POWR_returns,0.0
VTHO_returns,AUDIO_returns,0.0
VTHO_returns,PROM_returns,0.0
VTHO_returns,IOST_returns,0.0
VTHO_returns,ACX_returns,0.0
VTHO_returns,ARDR_returns,0.0
VTHO_returns,SPELL_returns,0.0
VTHO_returns,ORBR_returns,0.0
VTHO_returns,LSK_returns,0.0
VTHO_returns,XOR_returns,0.0
VTHO_returns,GLMR_returns,0.0
VTHO_returns,BMX_returns,0.0
VTHO_returns,MVL_returns,0.0
VTHO_returns,ABT_returns,0.0
VTHO_returns,VELO_returns,0.0
VTHO_returns,IQ_returns,0.0
VTHO_returns,AGI_returns,0.0
VTHO_returns,WILD_returns,0.0
VTHO_returns,XEM_returns,0.0
VTHO_returns,LON_returns,0.0
VTHO_returns,POND_returns,0.0
VTHO_returns,ACT_returns,0.0
VTHO_returns,XRD_returns,0.0
VTHO_returns,RLC_returns,0.0
VTHO_returns,ILV_returns,0.0
VTHO_returns,FIDA_returns,0.0
VTHO_returns,BNT_returns,0.0
VTHO_returns,DENT_returns,0.34059951066898514
VTHO_returns,ORBS_returns,0.0
VTHO_returns,ONG_returns,0.0
VTHO_returns,CHR_returns,0.0
VTHO_returns,HEART_returns,0.0
VTHO_returns,VANRY_returns,0.0
VTHO_returns,LQTY_returns,0.0
VTHO_returns,KEEP_returns,0.0
VTHO_returns,DKA_returns,0.0
VTHO_returns,ELON_returns,0.0
VTHO_returns,ARK_returns,0.0
VTHO_returns,MLK_returns,0.0
VTHO_returns,AL_returns,0.0
VTHO_returns,JOE_returns,0.0
VTHO_returns,CELR_returns,0.3084880326898222
VTHO_returns,STEEM_returns,0.0
VTHO_returns,BAL_returns,0.0
VTHO_returns,PCI_returns,0.0
VTHO_returns,MOVR_returns,0.0
VTHO_returns,AUCTION_returns,0.0
VTHO_returns,AERGO_returns,0.0
VTHO_returns,MED_returns,0.0
VTHO_returns,NMR_returns,0.0
VTHO_returns,API3_returns,0.0
VTHO_returns,AGLD_returns,0.0
VTHO_returns,BONE_returns,0.0
VTHO_returns,SLP_returns,0.0
VTHO_returns,MTL_returns,0.0
VTHO_returns,KNC_returns,0.0
VTHO_returns,CTSI_returns,0.0
VTHO_returns,BTRST_returns,0.0
VTHO_returns,SCRT_returns,0.0
VTHO_returns,OMI_returns,0.0
VTHO_returns,GEOD_returns,0.0
VTHO_returns,EDU_returns,0.0
VTHO_returns,0x0_returns,0.0
VTHO_returns,KUJI_returns,0.0
ACH_returns,CTC_returns,0.0
ACH_returns,MINA_returns,0.0
ACH_returns,DASH_returns,0.0
ACH_returns,SFP_returns,0.0
ACH_returns,BabyDoge_returns,0.0
ACH_returns,SNX_returns,0.0
ACH_returns,TFUEL_returns,0.0
ACH_returns,DCR_returns,0.0
ACH_returns,GLM_returns,0.0
ACH_returns,MX_returns,0.0
ACH_returns,ZIL_returns,0.3921469842783864
ACH_returns,BLUR_returns,0.0
ACH_returns,ROSE_returns,0.0
ACH_returns,CKB_returns,0.0
ACH_returns,TRAC_returns,0.0
ACH_returns,QTUM_returns,0.0
ACH_returns,ORDI_returns,0.0
ACH_returns,LPT_returns,0.0
ACH_returns,MASK_returns,0.0
ACH_returns,ASTR_returns,0.0
ACH_returns,ZRX_returns,0.0
ACH_returns,VTHO_returns,0.0
ACH_returns,ACH_returns,0.0
ACH_returns,BAT_returns,0.3860855887379225
ACH_returns,CHEEL_returns,0.0
ACH_returns,CHEX_returns,0.0
ACH_returns,SNEK_returns,0.0
ACH_returns,BORG_returns,0.0
ACH_returns,KOGE_returns,0.0
ACH_returns,IOTX_returns,0.0
ACH_returns,CELO_returns,0.0
ACH_returns,GAS_returns,0.0
ACH_returns,ONE_returns,0.0
ACH_returns,ID_returns,0.0
ACH_returns,SUSHI_returns,0.0
ACH_returns,CSPR_returns,0.0
ACH_returns,HOT_returns,0.0
ACH_returns,SC_returns,0.0
ACH_returns,YFI_returns,0.0
ACH_returns,RVN_returns,0.0
ACH_returns,COW_returns,0.0
ACH_returns,ANKR_returns,0.4089420234016196
ACH_returns,GOMINING_returns,0.0
ACH_returns,XCH_returns,0.0
ACH_returns,DGB_returns,0.0
ACH_returns,T_returns,0.0
ACH_returns,WOO_returns,0.0
ACH_returns,ELF_returns,0.0
ACH_returns,EUL_returns,0.0
ACH_returns,ORCA_returns,0.0
ACH_returns,KDA_returns,0.0
ACH_returns,OSMO_returns,0.0
ACH_returns,GMT_returns,0.0
ACH_returns,SNT_returns,0.0
ACH_returns,GMX_returns,0.0
ACH_returns,ENJ_returns,0.41435384847948764
ACH_returns,XYO_returns,0.0
ACH_returns,POLYX_returns,0.0
ACH_returns,ZIG_returns,0.0
ACH_returns,ZEN_returns,0.0
ACH_returns,COTI_returns,0.0
ACH_returns,WEMIX_returns,0.0
ACH_returns,SKL_returns,0.0
ACH_returns,LCX_returns,0.0
ACH_returns,WAVES_returns,0.0
ACH_returns,CVC_returns,0.0
ACH_returns,SWFTC_returns,0.0
ACH_returns,LUNA_returns,0.0
ACH_returns,HIVE_returns,0.0
ACH_returns,RLB_returns,0.0
ACH_returns,LRC_returns,0.4375633833900116
ACH_returns,DAG_returns,0.0
ACH_returns,ONT_returns,0.0
ACH_returns,TRB_returns,0.0
ACH_returns,XNO_returns,0.0
ACH_returns,DLC_returns,0.0
ACH_returns,METIS_returns,0.0
ACH_returns,ICX_returns,0.0
ACH_returns,MYTH_returns,-0.014361555149651976
ACH_returns,MPLX_returns,-0.004049753172863075
ACH_returns,SXP_returns,0.0
ACH_returns,XVG_returns,0.0
ACH_returns,PEOPLE_returns,0.0
ACH_returns,AWE_returns,0.0
ACH_returns,REQ_returns,0.0
ACH_returns,STORJ_returns,0.0
ACH_returns,BAND_returns,0.0
ACH_returns,WMTX_returns,0.0
ACH_returns,CFG_returns,0.0
ACH_returns,HONEY_returns,0.0
ACH_returns,PRO_returns,0.0
ACH_returns,PRIME_returns,0.0
ACH_returns,VVS_returns,0.0
ACH_returns,CPOOL_returns,0.0
ACH_returns,YGG_returns,0.0
ACH_returns,SSV_returns,0.0
ACH_returns,CETUS_returns,0.0
ACH_returns,CGPT_returns,0.0
ACH_returns,STIK_returns,-0.05366269200879304
ACH_returns,PHA_returns,0.0
ACH_returns,XVS_returns,0.0
ACH_returns,KUB_returns,0.0
ACH_returns,BICO_returns,0.0
ACH_returns,UMA_returns,0.0
ACH_returns,WAXP_returns,0.0
ACH_returns,XPR_returns,0.0
ACH_returns,RPL_returns,0.0
ACH_returns,PUNDIX_returns,0.0
ACH_returns,FLUX_returns,0.0
ACH_returns,BORA_returns,0.0
ACH_returns,POWR_returns,0.0
ACH_returns,AUDIO_returns,0.0
ACH_returns,PROM_returns,0.0
ACH_returns,IOST_returns,0.0
ACH_returns,ACX_returns,0.0
ACH_returns,ARDR_returns,0.0
ACH_returns,SPELL_returns,0.0
ACH_returns,ORBR_returns,0.0
ACH_returns,LSK_returns,0.0
ACH_returns,XOR_returns,0.0
ACH_returns,GLMR_returns,0.0
ACH_returns,BMX_returns,0.0
ACH_returns,MVL_returns,0.0
ACH_returns,ABT_returns,0.0
ACH_returns,VELO_returns,0.0
ACH_returns,IQ_returns,0.0
ACH_returns,AGI_returns,0.0
ACH_returns,WILD_returns,0.0
ACH_returns,XEM_returns,0.0
ACH_returns,LON_returns,0.0
ACH_returns,POND_returns,0.0
ACH_returns,ACT_returns,0.0
ACH_returns,XRD_returns,0.0
ACH_returns,RLC_returns,0.0
ACH_returns,ILV_returns,0.0
ACH_returns,FIDA_returns,0.0
ACH_returns,BNT_returns,0.0
ACH_returns,DENT_returns,0.3893894044399783
ACH_returns,ORBS_returns,0.0
ACH_returns,ONG_returns,0.0
ACH_returns,CHR_returns,0.0
ACH_returns,HEART_returns,0.0
ACH_returns,VANRY_returns,0.0
ACH_returns,LQTY_returns,0.0
ACH_returns,KEEP_returns,0.0
ACH_returns,DKA_returns,0.0
ACH_returns,ELON_returns,0.0
ACH_returns,ARK_returns,0.0
ACH_returns,MLK_returns,0.0
ACH_returns,AL_returns,0.0
ACH_returns,JOE_returns,0.0
ACH_returns,CELR_returns,0.0
ACH_returns,STEEM_returns,0.0
ACH_returns,BAL_returns,0.0
ACH_returns,PCI_returns,0.0
ACH_returns,MOVR_returns,0.0
ACH_returns,AUCTION_returns,0.0
ACH_returns,AERGO_returns,0.0
ACH_returns,MED_returns,0.0
ACH_returns,NMR_returns,0.0
ACH_returns,API3_returns,0.0
ACH_returns,AGLD_returns,0.0
ACH_returns,BONE_returns,0.0
ACH_returns,SLP_returns,0.0
ACH_returns,MTL_returns,0.0
ACH_returns,KNC_returns,0.0
ACH_returns,CTSI_returns,0.0
ACH_returns,BTRST_returns,0.0
ACH_returns,SCRT_returns,0.0
ACH_returns,OMI_returns,0.0
ACH_returns,GEOD_returns,0.0
ACH_returns,EDU_returns,0.0
ACH_returns,0x0_returns,0.0
ACH_returns,KUJI_returns,0.0
BAT_returns,CTC_returns,0.0
BAT_returns,MINA_returns,0.0
BAT_returns,DASH_returns,0.6507345280460435
BAT_returns,SFP_returns,0.38050637168174994
BAT_returns,BabyDoge_returns,0.0
BAT_returns,SNX_returns,0.0
BAT_returns,TFUEL_returns,0.4702762760896136
BAT_returns,DCR_returns,0.4608275452279535
BAT_returns,GLM_returns,0.3785858020882463
BAT_returns,MX_returns,0.0
BAT_returns,ZIL_returns,0.7426122596155809
BAT_returns,BLUR_returns,0.0
BAT_returns,ROSE_returns,0.49809715209149685
BAT_returns,CKB_returns,0.0
BAT_returns,TRAC_returns,0.0
BAT_returns,QTUM_returns,0.591811502891694
BAT_returns,ORDI_returns,0.0
BAT_returns,LPT_returns,0.0
BAT_returns,MASK_returns,0.4496621467014406
BAT_returns,ASTR_returns,0.47765874663220265
BAT_returns,ZRX_returns,0.5082735760320074
BAT_returns,VTHO_returns,0.3069588015424517
BAT_returns,ACH_returns,0.3860855887379225
BAT_returns,BAT_returns,0.0
BAT_returns,CHEEL_returns,0.0
BAT_returns,CHEX_returns,0.0
BAT_returns,SNEK_returns,0.0
BAT_returns,BORG_returns,0.0
BAT_returns,KOGE_returns,0.0
BAT_returns,IOTX_returns,0.4381123283453729
BAT_returns,CELO_returns,0.4822035254979281
BAT_returns,GAS_returns,0.0
BAT_returns,ONE_returns,0.5818007977988345
BAT_returns,ID_returns,0.0
BAT_returns,SUSHI_returns,0.0
BAT_returns,CSPR_returns,0.0
BAT_returns,HOT_returns,0.5608366417260581
BAT_returns,SC_returns,0.3969341252638883
BAT_returns,YFI_returns,0.4058122749794461
BAT_returns,RVN_returns,0.5319623741219308
BAT_returns,COW_returns,0.0
BAT_returns,ANKR_returns,0.6358596575856823
BAT_returns,GOMINING_returns,0.0
BAT_returns,XCH_returns,0.401063354018866
BAT_returns,DGB_returns,0.0
BAT_returns,T_returns,0.4685807770932038
BAT_returns,WOO_returns,0.0
BAT_returns,ELF_returns,0.0
BAT_returns,EUL_returns,0.0
BAT_returns,ORCA_returns,0.0
BAT_returns,KDA_returns,0.0
BAT_returns,OSMO_returns,0.42491553302593366
BAT_returns,GMT_returns,0.5047246378407733
BAT_returns,SNT_returns,0.3594583773788462
BAT_returns,GMX_returns,0.0
BAT_returns,ENJ_returns,0.6397810409828658
BAT_returns,XYO_returns,0.0
BAT_returns,POLYX_returns,0.3741064451396989
BAT_returns,ZIG_returns,0.0
BAT_returns,ZEN_returns,0.35825623774024273
BAT_returns,COTI_returns,0.4256636161330906
BAT_returns,WEMIX_returns,0.0
BAT_returns,SKL_returns,0.0
BAT_returns,LCX_returns,0.23521519404884927
BAT_returns,WAVES_returns,0.0
BAT_returns,CVC_returns,0.3852930353317478
BAT_returns,SWFTC_returns,0.0
BAT_returns,LUNA_returns,0.0
BAT_returns,HIVE_returns,0.36878850948818276
BAT_returns,RLB_returns,0.0
BAT_returns,LRC_returns,0.6143321012518091
BAT_returns,DAG_returns,0.2640285837695107
BAT_returns,ONT_returns,0.6266308838171123
BAT_returns,TRB_returns,0.0
BAT_returns,XNO_returns,0.4356951365231972
BAT_returns,DLC_returns,0.0
BAT_returns,METIS_returns,0.0
BAT_returns,ICX_returns,0.6972325455313179
BAT_returns,MYTH_returns,0.0
BAT_returns,MPLX_returns,0.0
BAT_returns,SXP_returns,0.5390543500456066
BAT_returns,XVG_returns,0.0
BAT_returns,PEOPLE_returns,0.0
BAT_returns,AWE_returns,0.0
BAT_returns,REQ_returns,0.36212696737981676
BAT_returns,STORJ_returns,0.44323735455416585
BAT_returns,BAND_returns,0.5787927305415551
BAT_returns,WMTX_returns,0.2742406760919239
BAT_returns,CFG_returns,0.28230439650396
BAT_returns,HONEY_returns,0.0
BAT_returns,PRO_returns,0.0
BAT_returns,PRIME_returns,0.0
BAT_returns,VVS_returns,0.2986138687669574
BAT_returns,CPOOL_returns,0.0
BAT_returns,YGG_returns,0.40361804634913195
BAT_returns,SSV_returns,0.0
BAT_returns,CETUS_returns,0.0
BAT_returns,CGPT_returns,0.0
BAT_returns,STIK_returns,0.0
BAT_returns,PHA_returns,0.2890579249352895
BAT_returns,XVS_returns,0.37117357675601054
BAT_returns,KUB_returns,0.0
BAT_returns,BICO_returns,0.4078575871813409
BAT_returns,UMA_returns,0.3575134550698633
BAT_returns,WAXP_returns,0.5908908640042635
BAT_returns,XPR_returns,0.0
BAT_returns,RPL_returns,0.0
BAT_returns,PUNDIX_returns,0.38203834724264957
BAT_returns,FLUX_returns,0.4485162501094868
BAT_returns,BORA_returns,0.4645161202021366
BAT_returns,POWR_returns,0.0
BAT_returns,AUDIO_returns,0.48632724943225714
BAT_returns,PROM_returns,0.24409544449884116
BAT_returns,IOST_returns,0.6704629971528802
BAT_returns,ACX_returns,0.0
BAT_returns,ARDR_returns,0.0
BAT_returns,SPELL_returns,0.0
BAT_returns,ORBR_returns,0.0
BAT_returns,LSK_returns,0.0
BAT_returns,XOR_returns,0.0
BAT_returns,GLMR_returns,0.0
BAT_returns,BMX_returns,0.0
BAT_returns,MVL_returns,0.0
BAT_returns,ABT_returns,0.0
BAT_returns,VELO_returns,0.2968531812672181
BAT_returns,IQ_returns,0.0
BAT_returns,AGI_returns,0.0
BAT_returns,WILD_returns,0.0
BAT_returns,XEM_returns,0.0
BAT_returns,LON_returns,0.0
BAT_returns,POND_returns,0.0
BAT_returns,ACT_returns,0.0
BAT_returns,XRD_returns,0.0
BAT_returns,RLC_returns,0.4752980368681831
BAT_returns,ILV_returns,0.4015716366003034
BAT_returns,FIDA_returns,0.0
BAT_returns,BNT_returns,0.33021280363763317
BAT_returns,DENT_returns,0.6377892394135983
BAT_returns,ORBS_returns,0.40837113676738923
BAT_returns,ONG_returns,0.0
BAT_returns,CHR_returns,0.4752015412736651
BAT_returns,HEART_returns,0.0
BAT_returns,VANRY_returns,0.41959432316692785
BAT_returns,LQTY_returns,0.0
BAT_returns,KEEP_returns,0.0
BAT_returns,DKA_returns,0.0
BAT_returns,ELON_returns,0.0
BAT_returns,ARK_returns,0.0
BAT_returns,MLK_returns,0.0
BAT_returns,AL_returns,0.2560537180066836
BAT_returns,JOE_returns,0.4668415048280784
BAT_returns,CELR_returns,0.5728173997792776
BAT_returns,STEEM_returns,0.45448137509522113
BAT_returns,BAL_returns,0.3603785311706356
BAT_returns,PCI_returns,0.0
BAT_returns,MOVR_returns,0.0
BAT_returns,AUCTION_returns,0.0
BAT_returns,AERGO_returns,0.27083429776269036
BAT_returns,MED_returns,0.0
BAT_returns,NMR_returns,0.3973800745772146
BAT_returns,API3_returns,0.0
BAT_returns,AGLD_returns,0.0
BAT_returns,BONE_returns,0.0
BAT_returns,SLP_returns,0.4233369787889276
BAT_returns,MTL_returns,0.4631634969425438
BAT_returns,KNC_returns,0.5830532316089829
BAT_returns,CTSI_returns,0.4785015742126838
BAT_returns,BTRST_returns,0.0
BAT_returns,SCRT_returns,0.0
BAT_returns,OMI_returns,0.0
BAT_returns,GEOD_returns,0.0
BAT_returns,EDU_returns,0.4596513107046466
BAT_returns,0x0_returns,0.0
BAT_returns,KUJI_returns,0.0
CHEEL_returns,CTC_returns,0.0
CHEEL_returns,MINA_returns,0.0
CHEEL_returns,DASH_returns,0.0
CHEEL_returns,SFP_returns,0.39219070365130837
CHEEL_returns,BabyDoge_returns,0.0
CHEEL_returns,SNX_returns,-0.07059614454193561
CHEEL_returns,TFUEL_returns,0.0
CHEEL_returns,DCR_returns,0.0
CHEEL_returns,GLM_returns,0.0
CHEEL_returns,MX_returns,0.5464084630670142
CHEEL_returns,ZIL_returns,0.0
CHEEL_returns,BLUR_returns,0.0
CHEEL_returns,ROSE_returns,0.0
CHEEL_returns,CKB_returns,0.0
CHEEL_returns,TRAC_returns,0.0
CHEEL_returns,QTUM_returns,0.0
CHEEL_returns,ORDI_returns,-0.0778888247732108
CHEEL_returns,LPT_returns,-0.002007292673099585
CHEEL_returns,MASK_returns,0.0
CHEEL_returns,ASTR_returns,0.0
CHEEL_returns,ZRX_returns,0.0
CHEEL_returns,VTHO_returns,0.0
CHEEL_returns,ACH_returns,0.0
CHEEL_returns,BAT_returns,0.0
CHEEL_returns,CHEEL_returns,0.0
CHEEL_returns,CHEX_returns,0.0
CHEEL_returns,SNEK_returns,0.0
CHEEL_returns,BORG_returns,0.0
CHEEL_returns,KOGE_returns,0.4173072393663755
CHEEL_returns,IOTX_returns,0.0
CHEEL_returns,CELO_returns,0.0
CHEEL_returns,GAS_returns,0.0
CHEEL_returns,ONE_returns,-0.07002585673735695
CHEEL_returns,ID_returns,0.0
CHEEL_returns,SUSHI_returns,-0.08832778219327787
CHEEL_returns,CSPR_returns,0.0
CHEEL_returns,HOT_returns,0.0
CHEEL_returns,SC_returns,0.0
CHEEL_returns,YFI_returns,0.0
CHEEL_returns,RVN_returns,0.0
CHEEL_returns,COW_returns,-0.08775695376205576
CHEEL_returns,ANKR_returns,0.0
CHEEL_returns,GOMINING_returns,0.46915221534443213
CHEEL_returns,XCH_returns,0.0
CHEEL_returns,DGB_returns,0.0
CHEEL_returns,T_returns,0.0
CHEEL_returns,WOO_returns,-0.004577184583486925
CHEEL_returns,ELF_returns,0.0
CHEEL_returns,EUL_returns,0.0
CHEEL_returns,ORCA_returns,0.0
CHEEL_returns,KDA_returns,0.0
CHEEL_returns,OSMO_returns,0.0
CHEEL_returns,GMT_returns,0.0
CHEEL_returns,SNT_returns,0.0
CHEEL_returns,GMX_returns,0.0
CHEEL_returns,ENJ_returns,0.0
CHEEL_returns,XYO_returns,0.0
CHEEL_returns,POLYX_returns,0.0
CHEEL_returns,ZIG_returns,0.0
CHEEL_returns,ZEN_returns,0.0
CHEEL_returns,COTI_returns,-0.02279690817070713
CHEEL_returns,WEMIX_returns,0.0
CHEEL_returns,SKL_returns,-0.02377061432811452
CHEEL_returns,LCX_returns,0.0
CHEEL_returns,WAVES_returns,0.0
CHEEL_returns,CVC_returns,0.0
CHEEL_returns,SWFTC_returns,0.0
CHEEL_returns,LUNA_returns,0.0
CHEEL_returns,HIVE_returns,0.0
CHEEL_returns,RLB_returns,0.2017805378346224
CHEEL_returns,LRC_returns,0.0
CHEEL_returns,DAG_returns,0.0
CHEEL_returns,ONT_returns,0.0
CHEEL_returns,TRB_returns,0.0
CHEEL_returns,XNO_returns,0.0
CHEEL_returns,DLC_returns,0.15504649505242102
CHEEL_returns,METIS_returns,-0.15967640014356946
CHEEL_returns,ICX_returns,0.0
CHEEL_returns,MYTH_returns,0.1547989089340268
CHEEL_returns,MPLX_returns,0.20155309212428488
CHEEL_returns,SXP_returns,0.0
CHEEL_returns,XVG_returns,-0.001381947047255737
CHEEL_returns,PEOPLE_returns,-0.0562907632579256
CHEEL_returns,AWE_returns,0.0
CHEEL_returns,REQ_returns,0.0
CHEEL_returns,STORJ_returns,0.0
CHEEL_returns,BAND_returns,0.0
CHEEL_returns,WMTX_returns,0.0
CHEEL_returns,CFG_returns,0.0
CHEEL_returns,HONEY_returns,0.0
CHEEL_returns,PRO_returns,0.1851089333142801
CHEEL_returns,PRIME_returns,-0.044751005479807184
CHEEL_returns,VVS_returns,0.0
CHEEL_returns,CPOOL_returns,0.0
CHEEL_returns,YGG_returns,0.0
CHEEL_returns,SSV_returns,-0.2095073733325508
CHEEL_returns,CETUS_returns,-0.012651372713926566
CHEEL_returns,CGPT_returns,0.0
CHEEL_returns,STIK_returns,0.4436635687621694
CHEEL_returns,PHA_returns,0.0
CHEEL_returns,XVS_returns,0.0
CHEEL_returns,KUB_returns,0.4123231670375643
CHEEL_returns,BICO_returns,0.0
CHEEL_returns,UMA_returns,0.0
CHEEL_returns,WAXP_returns,0.0
CHEEL_returns,XPR_returns,0.0
CHEEL_returns,RPL_returns,-0.051660507179280925
CHEEL_returns,PUNDIX_returns,0.0
CHEEL_returns,FLUX_returns,0.0
CHEEL_returns,BORA_returns,0.0
CHEEL_returns,POWR_returns,0.0
CHEEL_returns,AUDIO_returns,0.0
CHEEL_returns,PROM_returns,0.0
CHEEL_returns,IOST_returns,0.0
CHEEL_returns,ACX_returns,-0.022099281155337838
CHEEL_returns,ARDR_returns,0.0
CHEEL_returns,SPELL_returns,0.0
CHEEL_returns,ORBR_returns,0.22663284604432082
CHEEL_returns,LSK_returns,0.0
CHEEL_returns,XOR_returns,0.0
CHEEL_returns,GLMR_returns,0.0
CHEEL_returns,BMX_returns,0.3506618948170477
CHEEL_returns,MVL_returns,0.0
CHEEL_returns,ABT_returns,0.0
CHEEL_returns,VELO_returns,0.0
CHEEL_returns,IQ_returns,0.0
CHEEL_returns,AGI_returns,-0.033667069595438186
CHEEL_returns,WILD_returns,-0.12650997670993852
CHEEL_returns,XEM_returns,0.0
CHEEL_returns,LON_returns,0.6046918768370926
CHEEL_returns,POND_returns,0.0
CHEEL_returns,ACT_returns,0.0
CHEEL_returns,XRD_returns,0.0
CHEEL_returns,RLC_returns,0.0
CHEEL_returns,ILV_returns,-0.06170258559077354
CHEEL_returns,FIDA_returns,-0.028603950468991866
CHEEL_returns,BNT_returns,0.0
CHEEL_returns,DENT_returns,0.0
CHEEL_returns,ORBS_returns,0.0
CHEEL_returns,ONG_returns,0.0
CHEEL_returns,CHR_returns,0.0
CHEEL_returns,HEART_returns,0.0
CHEEL_returns,VANRY_returns,-0.05627743728763582
CHEEL_returns,LQTY_returns,-0.07246412222918219
CHEEL_returns,KEEP_returns,0.0
CHEEL_returns,DKA_returns,0.0
CHEEL_returns,ELON_returns,0.0
CHEEL_returns,ARK_returns,0.0
CHEEL_returns,MLK_returns,0.0
CHEEL_returns,AL_returns,0.0
CHEEL_returns,JOE_returns,0.0
CHEEL_returns,CELR_returns,-0.026516973631495893
CHEEL_returns,STEEM_returns,0.0
CHEEL_returns,BAL_returns,-0.07759012127805938
CHEEL_returns,PCI_returns,0.2771284011341822
CHEEL_returns,MOVR_returns,0.0
CHEEL_returns,AUCTION_returns,0.0
CHEEL_returns,AERGO_returns,0.0
CHEEL_returns,MED_returns,0.0
CHEEL_returns,NMR_returns,0.0
CHEEL_returns,API3_returns,0.0
CHEEL_returns,AGLD_returns,0.0
CHEEL_returns,BONE_returns,0.0
CHEEL_returns,SLP_returns,0.0
CHEEL_returns,MTL_returns,0.0
CHEEL_returns,KNC_returns,0.0
CHEEL_returns,CTSI_returns,0.0
CHEEL_returns,BTRST_returns,0.29952303175508194
CHEEL_returns,SCRT_returns,0.0
CHEEL_returns,OMI_returns,0.27890559780204227
CHEEL_returns,GEOD_returns,0.30250009474572254
CHEEL_returns,EDU_returns,0.0
CHEEL_returns,0x0_returns,-0.07738526077680431
CHEEL_returns,KUJI_returns,0.0
CHEX_returns,CTC_returns,0.0
CHEX_returns,MINA_returns,0.0
CHEX_returns,DASH_returns,0.0
CHEX_returns,SFP_returns,0.0
CHEX_returns,BabyDoge_returns,0.0
CHEX_returns,SNX_returns,0.0
CHEX_returns,TFUEL_returns,0.0
CHEX_returns,DCR_returns,0.0
CHEX_returns,GLM_returns,-0.010272847990376224
CHEX_returns,MX_returns,0.0
CHEX_returns,ZIL_returns,0.0
CHEX_returns,BLUR_returns,0.0
CHEX_returns,ROSE_returns,0.16458040567208898
CHEX_returns,CKB_returns,0.0
CHEX_returns,TRAC_returns,0.0
CHEX_returns,QTUM_returns,0.0
CHEX_returns,ORDI_returns,0.0
CHEX_returns,LPT_returns,0.0
CHEX_returns,MASK_returns,0.0
CHEX_returns,ASTR_returns,0.0
CHEX_returns,ZRX_returns,0.0
CHEX_returns,VTHO_returns,0.0
CHEX_returns,ACH_returns,0.0
CHEX_returns,BAT_returns,0.0
CHEX_returns,CHEEL_returns,0.0
CHEX_returns,CHEX_returns,0.0
CHEX_returns,SNEK_returns,0.0
CHEX_returns,BORG_returns,0.0
CHEX_returns,KOGE_returns,-0.024388456453582275
CHEX_returns,IOTX_returns,0.0
CHEX_returns,CELO_returns,0.0
CHEX_returns,GAS_returns,0.0
CHEX_returns,ONE_returns,0.0
CHEX_returns,ID_returns,-0.006167245565480981
CHEX_returns,SUSHI_returns,0.0
CHEX_returns,CSPR_returns,0.0
CHEX_returns,HOT_returns,0.0
CHEX_returns,SC_returns,0.0
CHEX_returns,YFI_returns,0.0
CHEX_returns,RVN_returns,0.0
CHEX_returns,COW_returns,0.0
CHEX_returns,ANKR_returns,0.0
CHEX_returns,GOMINING_returns,0.0
CHEX_returns,XCH_returns,0.0
CHEX_returns,DGB_returns,0.0
CHEX_returns,T_returns,0.0
CHEX_returns,WOO_returns,0.0
CHEX_returns,ELF_returns,0.0
CHEX_returns,EUL_returns,0.0
CHEX_returns,ORCA_returns,0.0
CHEX_returns,KDA_returns,0.0
CHEX_returns,OSMO_returns,0.0
CHEX_returns,GMT_returns,0.0
CHEX_returns,SNT_returns,-0.00515815741849381
CHEX_returns,GMX_returns,0.0
CHEX_returns,ENJ_returns,0.0
CHEX_returns,XYO_returns,0.1568481533434405
CHEX_returns,POLYX_returns,0.0
CHEX_returns,ZIG_returns,0.0
CHEX_returns,ZEN_returns,0.0
CHEX_returns,COTI_returns,0.0
CHEX_returns,WEMIX_returns,0.0
CHEX_returns,SKL_returns,0.0
CHEX_returns,LCX_returns,0.0
CHEX_returns,WAVES_returns,-0.012521825313815306
CHEX_returns,CVC_returns,0.0
CHEX_returns,SWFTC_returns,0.0
CHEX_returns,LUNA_returns,0.0
CHEX_returns,HIVE_returns,0.0
CHEX_returns,RLB_returns,0.0
CHEX_returns,LRC_returns,0.0
CHEX_returns,DAG_returns,0.0
CHEX_returns,ONT_returns,0.0
CHEX_returns,TRB_returns,0.0
CHEX_returns,XNO_returns,0.0
CHEX_returns,DLC_returns,0.0
CHEX_returns,METIS_returns,0.0
CHEX_returns,ICX_returns,0.0
CHEX_returns,MYTH_returns,0.0
CHEX_returns,MPLX_returns,0.0
CHEX_returns,SXP_returns,0.0
CHEX_returns,XVG_returns,0.1499495822285974
CHEX_returns,PEOPLE_returns,0.0
CHEX_returns,AWE_returns,0.0
CHEX_returns,REQ_returns,0.0
CHEX_returns,STORJ_returns,-0.003474749284156782
CHEX_returns,BAND_returns,0.0
CHEX_returns,WMTX_returns,0.0
CHEX_returns,CFG_returns,0.0
CHEX_returns,HONEY_returns,0.0
CHEX_returns,PRO_returns,0.0
CHEX_returns,PRIME_returns,0.0
CHEX_returns,VVS_returns,0.0
CHEX_returns,CPOOL_returns,0.19477074090129298
CHEX_returns,YGG_returns,0.0
CHEX_returns,SSV_returns,0.15391901325249863
CHEX_returns,CETUS_returns,0.0
CHEX_returns,CGPT_returns,0.0
CHEX_returns,STIK_returns,0.0
CHEX_returns,PHA_returns,0.0
CHEX_returns,XVS_returns,0.0
CHEX_returns,KUB_returns,0.0
CHEX_returns,BICO_returns,0.0
CHEX_returns,UMA_returns,0.0
CHEX_returns,WAXP_returns,0.0
CHEX_returns,XPR_returns,0.0
CHEX_returns,RPL_returns,0.0
CHEX_returns,PUNDIX_returns,0.0
CHEX_returns,FLUX_returns,0.17846465958712185
CHEX_returns,BORA_returns,-0.015493752382421712
CHEX_returns,POWR_returns,0.0
CHEX_returns,AUDIO_returns,0.0
CHEX_returns,PROM_returns,0.0
CHEX_returns,IOST_returns,0.0
CHEX_returns,ACX_returns,0.0
CHEX_returns,ARDR_returns,0.0
CHEX_returns,SPELL_returns,0.0
CHEX_returns,ORBR_returns,0.0
CHEX_returns,LSK_returns,0.0
CHEX_returns,XOR_returns,0.0
CHEX_returns,GLMR_returns,0.0
CHEX_returns,BMX_returns,0.0
CHEX_returns,MVL_returns,0.0
CHEX_returns,ABT_returns,0.0
CHEX_returns,VELO_returns,0.0
CHEX_returns,IQ_returns,0.0
CHEX_returns,AGI_returns,0.0
CHEX_returns,WILD_returns,0.0
CHEX_returns,XEM_returns,0.0
CHEX_returns,LON_returns,0.0
CHEX_returns,POND_returns,0.0
CHEX_returns,ACT_returns,-0.038829186825620705
CHEX_returns,XRD_returns,0.0
CHEX_returns,RLC_returns,0.0
CHEX_returns,ILV_returns,0.0
CHEX_returns,FIDA_returns,0.0
CHEX_returns,BNT_returns,0.0
CHEX_returns,DENT_returns,0.0
CHEX_returns,ORBS_returns,0.0
CHEX_returns,ONG_returns,0.0
CHEX_returns,CHR_returns,0.0
CHEX_returns,HEART_returns,0.0
CHEX_returns,VANRY_returns,0.0
CHEX_returns,LQTY_returns,0.0
CHEX_returns,KEEP_returns,0.0
CHEX_returns,DKA_returns,-0.01069197957039212
CHEX_returns,ELON_returns,0.0
CHEX_returns,ARK_returns,0.0
CHEX_returns,MLK_returns,-0.02131218775936272
CHEX_returns,AL_returns,0.0
CHEX_returns,JOE_returns,0.0
CHEX_returns,CELR_returns,0.0
CHEX_returns,STEEM_returns,0.0
CHEX_returns,BAL_returns,0.0
CHEX_returns,PCI_returns,0.0
CHEX_returns,MOVR_returns,0.0
CHEX_returns,AUCTION_returns,0.0
CHEX_returns,AERGO_returns,0.0
CHEX_returns,MED_returns,-0.030262454709844764
CHEX_returns,NMR_returns,0.0
CHEX_returns,API3_returns,0.0
CHEX_returns,AGLD_returns,-0.011418553203038606
CHEX_returns,BONE_returns,-0.0003425047654487384
CHEX_returns,SLP_returns,0.0
CHEX_returns,MTL_returns,0.0
CHEX_returns,KNC_returns,0.0
CHEX_returns,CTSI_returns,0.0
CHEX_returns,BTRST_returns,0.0
CHEX_returns,SCRT_returns,0.0
CHEX_returns,OMI_returns,-0.03203257163634741
CHEX_returns,GEOD_returns,0.0
CHEX_returns,EDU_returns,0.0
CHEX_returns,0x0_returns,0.0
CHEX_returns,KUJI_returns,-0.03744356685761588
SNEK_returns,CTC_returns,0.0
SNEK_returns,MINA_returns,0.0
SNEK_returns,DASH_returns,0.0
SNEK_returns,SFP_returns,0.0
SNEK_returns,BabyDoge_returns,0.0
SNEK_returns,SNX_returns,0.0
SNEK_returns,TFUEL_returns,0.0
SNEK_returns,DCR_returns,0.0
SNEK_returns,GLM_returns,0.0
SNEK_returns,MX_returns,-0.0618905224425765
SNEK_returns,ZIL_returns,0.23733685998420984
SNEK_returns,BLUR_returns,0.0
SNEK_returns,ROSE_returns,0.0
SNEK_returns,CKB_returns,0.0
SNEK_returns,TRAC_returns,0.0
SNEK_returns,QTUM_returns,0.0
SNEK_returns,ORDI_returns,0.0
SNEK_returns,LPT_returns,0.0
SNEK_returns,MASK_returns,0.0
SNEK_returns,ASTR_returns,0.0
SNEK_returns,ZRX_returns,0.0
SNEK_returns,VTHO_returns,0.0
SNEK_returns,ACH_returns,0.0
SNEK_returns,BAT_returns,0.0
SNEK_returns,CHEEL_returns,0.0
SNEK_returns,CHEX_returns,0.0
SNEK_returns,SNEK_returns,0.0
SNEK_returns,BORG_returns,0.0
SNEK_returns,KOGE_returns,-0.04177994206218481
SNEK_returns,IOTX_returns,0.0
SNEK_returns,CELO_returns,0.0
SNEK_returns,GAS_returns,0.0
SNEK_returns,ONE_returns,0.2383609926570221
SNEK_returns,ID_returns,0.0
SNEK_returns,SUSHI_returns,0.0
SNEK_returns,CSPR_returns,0.0
SNEK_returns,HOT_returns,0.0
SNEK_returns,SC_returns,0.0
SNEK_returns,YFI_returns,0.0
SNEK_returns,RVN_returns,0.0
SNEK_returns,COW_returns,0.0
SNEK_returns,ANKR_returns,0.0
SNEK_returns,GOMINING_returns,-0.04353996002754081
SNEK_returns,XCH_returns,0.0
SNEK_returns,DGB_returns,0.0
SNEK_returns,T_returns,0.0
SNEK_returns,WOO_returns,0.0
SNEK_returns,ELF_returns,0.0
SNEK_returns,EUL_returns,0.0
SNEK_returns,ORCA_returns,0.0
SNEK_returns,KDA_returns,0.0
SNEK_returns,OSMO_returns,0.0
SNEK_returns,GMT_returns,0.0
SNEK_returns,SNT_returns,0.0
SNEK_returns,GMX_returns,0.0
SNEK_returns,ENJ_returns,0.2348734530598644
SNEK_returns,XYO_returns,0.0
SNEK_returns,POLYX_returns,0.0
SNEK_returns,ZIG_returns,0.0
SNEK_returns,ZEN_returns,0.0
SNEK_returns,COTI_returns,0.0
SNEK_returns,WEMIX_returns,0.0
SNEK_returns,SKL_returns,0.0
SNEK_returns,LCX_returns,0.0
SNEK_returns,WAVES_returns,0.0
SNEK_returns,CVC_returns,0.0
SNEK_returns,SWFTC_returns,0.0
SNEK_returns,LUNA_returns,0.0
SNEK_returns,HIVE_returns,0.0
SNEK_returns,RLB_returns,0.0
SNEK_returns,LRC_returns,0.0
SNEK_returns,DAG_returns,0.0
SNEK_returns,ONT_returns,0.0
SNEK_returns,TRB_returns,0.0
SNEK_returns,XNO_returns,0.0
SNEK_returns,DLC_returns,0.0
SNEK_returns,METIS_returns,0.0
SNEK_returns,ICX_returns,0.0
SNEK_returns,MYTH_returns,0.0
SNEK_returns,MPLX_returns,0.0
SNEK_returns,SXP_returns,0.0
SNEK_returns,XVG_returns,0.0
SNEK_returns,PEOPLE_returns,0.0
SNEK_returns,AWE_returns,0.0
SNEK_returns,REQ_returns,0.0
SNEK_returns,STORJ_returns,0.0
SNEK_returns,BAND_returns,0.0
SNEK_returns,WMTX_returns,0.24861563387610852
SNEK_returns,CFG_returns,0.0
SNEK_returns,HONEY_returns,0.0
SNEK_returns,PRO_returns,0.0
SNEK_returns,PRIME_returns,0.0
SNEK_returns,VVS_returns,0.0
SNEK_returns,CPOOL_returns,0.0
SNEK_returns,YGG_returns,0.0
SNEK_returns,SSV_returns,0.0
SNEK_returns,CETUS_returns,0.0
SNEK_returns,CGPT_returns,0.0
SNEK_returns,STIK_returns,-0.1109597199870195
SNEK_returns,PHA_returns,0.0
SNEK_returns,XVS_returns,0.0
SNEK_returns,KUB_returns,0.0
SNEK_returns,BICO_returns,0.0
SNEK_returns,UMA_returns,0.0
SNEK_returns,WAXP_returns,0.0
SNEK_returns,XPR_returns,0.0
SNEK_returns,RPL_returns,0.0
SNEK_returns,PUNDIX_returns,0.0
SNEK_returns,FLUX_returns,0.0
SNEK_returns,BORA_returns,0.0
SNEK_returns,POWR_returns,0.0
SNEK_returns,AUDIO_returns,0.0
SNEK_returns,PROM_returns,0.0
SNEK_returns,IOST_returns,0.0
SNEK_returns,ACX_returns,0.0
SNEK_returns,ARDR_returns,0.0
SNEK_returns,SPELL_returns,0.0
SNEK_returns,ORBR_returns,0.0
SNEK_returns,LSK_returns,0.0
SNEK_returns,XOR_returns,0.0
SNEK_returns,GLMR_returns,0.0
SNEK_returns,BMX_returns,0.0
SNEK_returns,MVL_returns,0.0
SNEK_returns,ABT_returns,0.0
SNEK_returns,VELO_returns,0.0
SNEK_returns,IQ_returns,0.0
SNEK_returns,AGI_returns,0.0
SNEK_returns,WILD_returns,0.0
SNEK_returns,XEM_returns,0.0
SNEK_returns,LON_returns,-0.046905848773125626
SNEK_returns,POND_returns,0.0
SNEK_returns,ACT_returns,-0.09397742510675969
SNEK_returns,XRD_returns,0.0
SNEK_returns,RLC_returns,0.0
SNEK_returns,ILV_returns,0.0
SNEK_returns,FIDA_returns,0.0
SNEK_returns,BNT_returns,0.0
SNEK_returns,DENT_returns,0.2125926736532103
SNEK_returns,ORBS_returns,0.0
SNEK_returns,ONG_returns,0.0
SNEK_returns,CHR_returns,0.0
SNEK_returns,HEART_returns,0.0
SNEK_returns,VANRY_returns,0.0
SNEK_returns,LQTY_returns,0.0
SNEK_returns,KEEP_returns,-0.0035267480382147488
SNEK_returns,DKA_returns,0.0
SNEK_returns,ELON_returns,0.0
SNEK_returns,ARK_returns,0.0
SNEK_returns,MLK_returns,0.0
SNEK_returns,AL_returns,0.0
SNEK_returns,JOE_returns,0.0
SNEK_returns,CELR_returns,0.2353594473399076
SNEK_returns,STEEM_returns,0.0
SNEK_returns,BAL_returns,0.0
SNEK_returns,PCI_returns,0.0
SNEK_returns,MOVR_returns,0.0
SNEK_returns,AUCTION_returns,0.0
SNEK_returns,AERGO_returns,0.0
SNEK_returns,MED_returns,0.0
SNEK_returns,NMR_returns,0.0
SNEK_returns,API3_returns,0.0
SNEK_returns,AGLD_returns,0.0
SNEK_returns,BONE_returns,0.0
SNEK_returns,SLP_returns,0.0
SNEK_returns,MTL_returns,0.0
SNEK_returns,KNC_returns,0.0
SNEK_returns,CTSI_returns,0.0
SNEK_returns,BTRST_returns,0.0
SNEK_returns,SCRT_returns,0.0
SNEK_returns,OMI_returns,0.0
SNEK_returns,GEOD_returns,-0.028221593014799783
SNEK_returns,EDU_returns,0.0
SNEK_returns,0x0_returns,0.16901956418020025
SNEK_returns,KUJI_returns,0.0
BORG_returns,CTC_returns,0.0
BORG_returns,MINA_returns,0.0
BORG_returns,DASH_returns,0.0
BORG_returns,SFP_returns,0.26080326662816405
BORG_returns,BabyDoge_returns,0.0
BORG_returns,SNX_returns,0.0
BORG_returns,TFUEL_returns,0.0
BORG_returns,DCR_returns,0.0
BORG_returns,GLM_returns,0.0
BORG_returns,MX_returns,0.25925687236316264
BORG_returns,ZIL_returns,0.23070255379207416
BORG_returns,BLUR_returns,0.0
BORG_returns,ROSE_returns,0.0
BORG_returns,CKB_returns,0.0
BORG_returns,TRAC_returns,0.0
BORG_returns,QTUM_returns,0.25802439642195424
BORG_returns,ORDI_returns,0.0
BORG_returns,LPT_returns,0.0
BORG_returns,MASK_returns,0.0
BORG_returns,ASTR_returns,0.0
BORG_returns,ZRX_returns,0.0
BORG_returns,VTHO_returns,0.0
BORG_returns,ACH_returns,0.0
BORG_returns,BAT_returns,0.0
BORG_returns,CHEEL_returns,0.0
BORG_returns,CHEX_returns,0.0
BORG_returns,SNEK_returns,0.0
BORG_returns,BORG_returns,0.0
BORG_returns,KOGE_returns,0.0
BORG_returns,IOTX_returns,0.0
BORG_returns,CELO_returns,0.0
BORG_returns,GAS_returns,0.0
BORG_returns,ONE_returns,0.0
BORG_returns,ID_returns,0.0
BORG_returns,SUSHI_returns,0.0
BORG_returns,CSPR_returns,0.0
BORG_returns,HOT_returns,0.0
BORG_returns,SC_returns,0.0
BORG_returns,YFI_returns,0.0
BORG_returns,RVN_returns,0.0
BORG_returns,COW_returns,-0.0011974115569443101
BORG_returns,ANKR_returns,0.0
BORG_returns,GOMINING_returns,0.0
BORG_returns,XCH_returns,0.0
BORG_returns,DGB_returns,0.0
BORG_returns,T_returns,0.0
BORG_returns,WOO_returns,0.0
BORG_returns,ELF_returns,0.0
BORG_returns,EUL_returns,0.0
BORG_returns,ORCA_returns,0.0
BORG_returns,KDA_returns,0.0
BORG_returns,OSMO_returns,0.0
BORG_returns,GMT_returns,0.0
BORG_returns,SNT_returns,0.0
BORG_returns,GMX_returns,0.0
BORG_returns,ENJ_returns,0.0
BORG_returns,XYO_returns,0.0
BORG_returns,POLYX_returns,0.0
BORG_returns,ZIG_returns,0.0
BORG_returns,ZEN_returns,0.0
BORG_returns,COTI_returns,0.0
BORG_returns,WEMIX_returns,0.0
BORG_returns,SKL_returns,0.0
BORG_returns,LCX_returns,0.0
BORG_returns,WAVES_returns,0.0
BORG_returns,CVC_returns,0.0
BORG_returns,SWFTC_returns,0.0
BORG_returns,LUNA_returns,0.0
BORG_returns,HIVE_returns,0.0
BORG_returns,RLB_returns,0.0
BORG_returns,LRC_returns,0.0
BORG_returns,DAG_returns,0.0
BORG_returns,ONT_returns,0.0
BORG_returns,TRB_returns,0.0
BORG_returns,XNO_returns,0.0
BORG_returns,DLC_returns,0.0
BORG_returns,METIS_returns,0.0
BORG_returns,ICX_returns,0.0
BORG_returns,MYTH_returns,0.0
BORG_returns,MPLX_returns,0.0
BORG_returns,SXP_returns,0.0
BORG_returns,XVG_returns,0.0
BORG_returns,PEOPLE_returns,0.0
BORG_returns,AWE_returns,0.0
BORG_returns,REQ_returns,0.0
BORG_returns,STORJ_returns,0.0
BORG_returns,BAND_returns,0.0
BORG_returns,WMTX_returns,0.0
BORG_returns,CFG_returns,0.0
BORG_returns,HONEY_returns,0.0
BORG_returns,PRO_returns,0.0
BORG_returns,PRIME_returns,0.0
BORG_returns,VVS_returns,0.0
BORG_returns,CPOOL_returns,0.0
BORG_returns,YGG_returns,0.0
BORG_returns,SSV_returns,0.0
BORG_returns,CETUS_returns,0.0
BORG_returns,CGPT_returns,0.0
BORG_returns,STIK_returns,0.0
BORG_returns,PHA_returns,0.0
BORG_returns,XVS_returns,0.0
BORG_returns,KUB_returns,0.0
BORG_returns,BICO_returns,0.0
BORG_returns,UMA_returns,0.0
BORG_returns,WAXP_returns,0.0
BORG_returns,XPR_returns,0.0
BORG_returns,RPL_returns,0.0
BORG_returns,PUNDIX_returns,0.0
BORG_returns,FLUX_returns,0.0
BORG_returns,BORA_returns,0.0
BORG_returns,POWR_returns,0.0
BORG_returns,AUDIO_returns,0.0
BORG_returns,PROM_returns,0.0
BORG_returns,IOST_returns,0.0
BORG_returns,ACX_returns,0.0
BORG_returns,ARDR_returns,0.0
BORG_returns,SPELL_returns,0.0
BORG_returns,ORBR_returns,0.0
BORG_returns,LSK_returns,0.0
BORG_returns,XOR_returns,0.0
BORG_returns,GLMR_returns,0.0
BORG_returns,BMX_returns,0.0
BORG_returns,MVL_returns,0.0
BORG_returns,ABT_returns,0.0
BORG_returns,VELO_returns,0.0
BORG_returns,IQ_returns,0.0
BORG_returns,AGI_returns,0.0
BORG_returns,WILD_returns,-0.04367505556415578
BORG_returns,XEM_returns,0.0
BORG_returns,LON_returns,0.23917631541163636
BORG_returns,POND_returns,0.0
BORG_returns,ACT_returns,0.0
BORG_returns,XRD_returns,0.0
BORG_returns,RLC_returns,0.0
BORG_returns,ILV_returns,0.0
BORG_returns,FIDA_returns,0.0
BORG_returns,BNT_returns,0.0
BORG_returns,DENT_returns,0.0
BORG_returns,ORBS_returns,0.0
BORG_returns,ONG_returns,0.0
BORG_returns,CHR_returns,0.0
BORG_returns,HEART_returns,0.0
BORG_returns,VANRY_returns,0.0
BORG_returns,LQTY_returns,0.0
BORG_returns,KEEP_returns,0.0
BORG_returns,DKA_returns,0.0
BORG_returns,ELON_returns,-0.06588076947494788
BORG_returns,ARK_returns,0.0
BORG_returns,MLK_returns,0.0
BORG_returns,AL_returns,0.0
BORG_returns,JOE_returns,0.0
BORG_returns,CELR_returns,0.0
BORG_returns,STEEM_returns,0.0
BORG_returns,BAL_returns,0.0
BORG_returns,PCI_returns,0.0
BORG_returns,MOVR_returns,0.0
BORG_returns,AUCTION_returns,0.0
BORG_returns,AERGO_returns,0.0
BORG_returns,MED_returns,0.2362911781817054
BORG_returns,NMR_returns,0.0
BORG_returns,API3_returns,0.0
BORG_returns,AGLD_returns,-0.000705838534864088
BORG_returns,BONE_returns,0.0
BORG_returns,SLP_returns,0.0
BORG_returns,MTL_returns,0.0
BORG_returns,KNC_returns,0.0
BORG_returns,CTSI_returns,0.0
BORG_returns,BTRST_returns,0.0
BORG_returns,SCRT_returns,0.0
BORG_returns,OMI_returns,0.0
BORG_returns,GEOD_returns,0.0
BORG_returns,EDU_returns,0.0
BORG_returns,0x0_returns,0.0
BORG_returns,KUJI_returns,0.0
KOGE_returns,CTC_returns,0.0
KOGE_returns,MINA_returns,0.0
KOGE_returns,DASH_returns,0.0
KOGE_returns,SFP_returns,0.0
KOGE_returns,BabyDoge_returns,0.0
KOGE_returns,SNX_returns,0.0
KOGE_returns,TFUEL_returns,0.0
KOGE_returns,DCR_returns,0.0
KOGE_returns,GLM_returns,0.0
KOGE_returns,MX_returns,0.39770156592884515
KOGE_returns,ZIL_returns,0.0
KOGE_returns,BLUR_returns,0.0
KOGE_returns,ROSE_returns,0.0
KOGE_returns,CKB_returns,0.0
KOGE_returns,TRAC_returns,0.0
KOGE_returns,QTUM_returns,0.0
KOGE_returns,ORDI_returns,0.0
KOGE_returns,LPT_returns,0.0
KOGE_returns,MASK_returns,0.0
KOGE_returns,ASTR_returns,0.0
KOGE_returns,ZRX_returns,0.0
KOGE_returns,VTHO_returns,0.0
KOGE_returns,ACH_returns,0.0
KOGE_returns,BAT_returns,0.0
KOGE_returns,CHEEL_returns,0.4173072393663755
KOGE_returns,CHEX_returns,-0.024388456453582275
KOGE_returns,SNEK_returns,-0.04177994206218481
KOGE_returns,BORG_returns,0.0
KOGE_returns,KOGE_returns,0.0
KOGE_returns,IOTX_returns,0.0
KOGE_returns,CELO_returns,0.0
KOGE_returns,GAS_returns,0.0
KOGE_returns,ONE_returns,0.0
KOGE_returns,ID_returns,0.0
KOGE_returns,SUSHI_returns,0.0
KOGE_returns,CSPR_returns,0.0
KOGE_returns,HOT_returns,0.0
KOGE_returns,SC_returns,0.0
KOGE_returns,YFI_returns,0.0
KOGE_returns,RVN_returns,0.0
KOGE_returns,COW_returns,-0.03616955055719077
KOGE_returns,ANKR_returns,0.0
KOGE_returns,GOMINING_returns,0.3016528166340113
KOGE_returns,XCH_returns,0.0
KOGE_returns,DGB_returns,0.0
KOGE_returns,T_returns,0.0
KOGE_returns,WOO_returns,0.0
KOGE_returns,ELF_returns,0.0
KOGE_returns,EUL_returns,0.1619134571135971
KOGE_returns,ORCA_returns,0.0
KOGE_returns,KDA_returns,0.0
KOGE_returns,OSMO_returns,0.0
KOGE_returns,GMT_returns,0.0
KOGE_returns,SNT_returns,0.0
KOGE_returns,GMX_returns,0.0
KOGE_returns,ENJ_returns,0.0
KOGE_returns,XYO_returns,0.0
KOGE_returns,POLYX_returns,0.0
KOGE_returns,ZIG_returns,0.0
KOGE_returns,ZEN_returns,0.0
KOGE_returns,COTI_returns,0.0
KOGE_returns,WEMIX_returns,0.0
KOGE_returns,SKL_returns,0.0
KOGE_returns,LCX_returns,0.0
KOGE_returns,WAVES_returns,0.0
KOGE_returns,CVC_returns,0.0
KOGE_returns,SWFTC_returns,0.0
KOGE_returns,LUNA_returns,0.0
KOGE_returns,HIVE_returns,0.0
KOGE_returns,RLB_returns,0.0
KOGE_returns,LRC_returns,0.0
KOGE_returns,DAG_returns,0.0
KOGE_returns,ONT_returns,0.0
KOGE_returns,TRB_returns,0.0
KOGE_returns,XNO_returns,0.0
KOGE_returns,DLC_returns,0.1409549208588256
KOGE_returns,METIS_returns,-0.034345014116220096
KOGE_returns,ICX_returns,0.0
KOGE_returns,MYTH_returns,0.0
KOGE_returns,MPLX_returns,0.16660690955494611
KOGE_returns,SXP_returns,0.0
KOGE_returns,XVG_returns,0.0
KOGE_returns,PEOPLE_returns,0.0
KOGE_returns,AWE_returns,0.0
KOGE_returns,REQ_returns,0.0
KOGE_returns,STORJ_returns,0.0
KOGE_returns,BAND_returns,0.0
KOGE_returns,WMTX_returns,0.0
KOGE_returns,CFG_returns,0.0
KOGE_returns,HONEY_returns,0.0
KOGE_returns,PRO_returns,0.0
KOGE_returns,PRIME_returns,-0.026129393286362854
KOGE_returns,VVS_returns,0.0
KOGE_returns,CPOOL_returns,0.0
KOGE_returns,YGG_returns,0.0
KOGE_returns,SSV_returns,0.0
KOGE_returns,CETUS_returns,0.0
KOGE_returns,CGPT_returns,0.0
KOGE_returns,STIK_returns,0.0
KOGE_returns,PHA_returns,0.0
KOGE_returns,XVS_returns,0.0
KOGE_returns,KUB_returns,0.32919505379587277
KOGE_returns,BICO_returns,0.0
KOGE_returns,UMA_returns,0.0
KOGE_returns,WAXP_returns,0.0
KOGE_returns,XPR_returns,0.0
KOGE_returns,RPL_returns,0.0
KOGE_returns,PUNDIX_returns,0.0
KOGE_returns,FLUX_returns,0.0
KOGE_returns,BORA_returns,0.0
KOGE_returns,POWR_returns,0.0
KOGE_returns,AUDIO_returns,0.0
KOGE_returns,PROM_returns,0.0
KOGE_returns,IOST_returns,0.0
KOGE_returns,ACX_returns,0.0
KOGE_returns,ARDR_returns,0.0
KOGE_returns,SPELL_returns,0.0
KOGE_returns,ORBR_returns,0.2109782448345861
KOGE_returns,LSK_returns,0.0
KOGE_returns,XOR_returns,0.0
KOGE_returns,GLMR_returns,0.0
KOGE_returns,BMX_returns,0.2832126373096501
KOGE_returns,MVL_returns,0.0
KOGE_returns,ABT_returns,0.0
KOGE_returns,VELO_returns,0.0
KOGE_returns,IQ_returns,0.0
KOGE_returns,AGI_returns,0.0
KOGE_returns,WILD_returns,0.0
KOGE_returns,XEM_returns,0.0
KOGE_returns,LON_returns,0.40053838569387834
KOGE_returns,POND_returns,0.0
KOGE_returns,ACT_returns,0.0
KOGE_returns,XRD_returns,0.0
KOGE_returns,RLC_returns,0.0
KOGE_returns,ILV_returns,0.0
KOGE_returns,FIDA_returns,0.0
KOGE_returns,BNT_returns,0.0
KOGE_returns,DENT_returns,0.0
KOGE_returns,ORBS_returns,0.0
KOGE_returns,ONG_returns,0.0
KOGE_returns,CHR_returns,0.0
KOGE_returns,HEART_returns,0.0
KOGE_returns,VANRY_returns,0.0
KOGE_returns,LQTY_returns,0.0
KOGE_returns,KEEP_returns,0.0
KOGE_returns,DKA_returns,0.0
KOGE_returns,ELON_returns,0.0
KOGE_returns,ARK_returns,0.0
KOGE_returns,MLK_returns,0.31173499445650044
KOGE_returns,AL_returns,0.0
KOGE_returns,JOE_returns,0.0
KOGE_returns,CELR_returns,0.0
KOGE_returns,STEEM_returns,0.0
KOGE_returns,BAL_returns,0.0
KOGE_returns,PCI_returns,0.0
KOGE_returns,MOVR_returns,0.0
KOGE_returns,AUCTION_returns,0.0
KOGE_returns,AERGO_returns,0.0
KOGE_returns,MED_returns,0.30869883457563246
KOGE_returns,NMR_returns,0.0
KOGE_returns,API3_returns,0.0
KOGE_returns,AGLD_returns,0.0
KOGE_returns,BONE_returns,0.0
KOGE_returns,SLP_returns,0.0
KOGE_returns,MTL_returns,0.0
KOGE_returns,KNC_returns,0.0
KOGE_returns,CTSI_returns,0.0
KOGE_returns,BTRST_returns,0.0
KOGE_returns,SCRT_returns,0.0
KOGE_returns,OMI_returns,0.0
KOGE_returns,GEOD_returns,0.28778902054747824
KOGE_returns,EDU_returns,0.0
KOGE_returns,0x0_returns,-0.02593697132424714
KOGE_returns,KUJI_returns,0.0
IOTX_returns,CTC_returns,0.0
IOTX_returns,MINA_returns,0.0
IOTX_returns,DASH_returns,0.0
IOTX_returns,SFP_returns,0.0
IOTX_returns,BabyDoge_returns,0.0
IOTX_returns,SNX_returns,0.0
IOTX_returns,TFUEL_returns,0.0
IOTX_returns,DCR_returns,0.0
IOTX_returns,GLM_returns,0.0
IOTX_returns,MX_returns,0.0
IOTX_returns,ZIL_returns,0.4132795020182352
IOTX_returns,BLUR_returns,0.0
IOTX_returns,ROSE_returns,0.0
IOTX_returns,CKB_returns,0.0
IOTX_returns,TRAC_returns,0.0
IOTX_returns,QTUM_returns,0.0
IOTX_returns,ORDI_returns,0.0
IOTX_returns,LPT_returns,0.0
IOTX_returns,MASK_returns,0.0
IOTX_returns,ASTR_returns,0.0
IOTX_returns,ZRX_returns,0.0
IOTX_returns,VTHO_returns,0.0
IOTX_returns,ACH_returns,0.0
IOTX_returns,BAT_returns,0.4381123283453729
IOTX_returns,CHEEL_returns,0.0
IOTX_returns,CHEX_returns,0.0
IOTX_returns,SNEK_returns,0.0
IOTX_returns,BORG_returns,0.0
IOTX_returns,KOGE_returns,0.0
IOTX_returns,IOTX_returns,0.0
IOTX_returns,CELO_returns,0.0
IOTX_returns,GAS_returns,0.0
IOTX_returns,ONE_returns,0.0
IOTX_returns,ID_returns,0.0
IOTX_returns,SUSHI_returns,0.0
IOTX_returns,CSPR_returns,0.0
IOTX_returns,HOT_returns,0.0
IOTX_returns,SC_returns,0.0
IOTX_returns,YFI_returns,0.0
IOTX_returns,RVN_returns,0.0
IOTX_returns,COW_returns,0.0
IOTX_returns,ANKR_returns,0.39774095889924527
IOTX_returns,GOMINING_returns,0.0
IOTX_returns,XCH_returns,0.0
IOTX_returns,DGB_returns,0.0
IOTX_returns,T_returns,0.0
IOTX_returns,WOO_returns,0.4000901911047935
IOTX_returns,ELF_returns,0.0
IOTX_returns,EUL_returns,0.0
IOTX_returns,ORCA_returns,0.0
IOTX_returns,KDA_returns,0.0
IOTX_returns,OSMO_returns,0.0
IOTX_returns,GMT_returns,0.0
IOTX_returns,SNT_returns,0.0
IOTX_returns,GMX_returns,0.0
IOTX_returns,ENJ_returns,0.0
IOTX_returns,XYO_returns,0.0
IOTX_returns,POLYX_returns,0.0
IOTX_returns,ZIG_returns,0.0
IOTX_returns,ZEN_returns,0.0
IOTX_returns,COTI_returns,0.0
IOTX_returns,WEMIX_returns,0.0
IOTX_returns,SKL_returns,0.0
IOTX_returns,LCX_returns,0.0
IOTX_returns,WAVES_returns,0.0
IOTX_returns,CVC_returns,0.0
IOTX_returns,SWFTC_returns,0.0
IOTX_returns,LUNA_returns,0.0
IOTX_returns,HIVE_returns,0.0
IOTX_returns,RLB_returns,0.0
IOTX_returns,LRC_returns,0.0
IOTX_returns,DAG_returns,0.0
IOTX_returns,ONT_returns,0.0
IOTX_returns,TRB_returns,0.0
IOTX_returns,XNO_returns,0.0
IOTX_returns,DLC_returns,0.0
IOTX_returns,METIS_returns,0.0
IOTX_returns,ICX_returns,0.0
IOTX_returns,MYTH_returns,0.0
IOTX_returns,MPLX_returns,0.0
IOTX_returns,SXP_returns,0.0
IOTX_returns,XVG_returns,0.0
IOTX_returns,PEOPLE_returns,0.0
IOTX_returns,AWE_returns,0.0
IOTX_returns,REQ_returns,0.0
IOTX_returns,STORJ_returns,0.0
IOTX_returns,BAND_returns,0.0
IOTX_returns,WMTX_returns,0.0
IOTX_returns,CFG_returns,0.0
IOTX_returns,HONEY_returns,0.0
IOTX_returns,PRO_returns,0.0
IOTX_returns,PRIME_returns,0.0
IOTX_returns,VVS_returns,0.0
IOTX_returns,CPOOL_returns,0.0
IOTX_returns,YGG_returns,0.0
IOTX_returns,SSV_returns,0.0
IOTX_returns,CETUS_returns,0.0
IOTX_returns,CGPT_returns,0.0
IOTX_returns,STIK_returns,-0.010914122530289158
IOTX_returns,PHA_returns,0.0
IOTX_returns,XVS_returns,0.0
IOTX_returns,KUB_returns,0.0
IOTX_returns,BICO_returns,0.0
IOTX_returns,UMA_returns,0.0
IOTX_returns,WAXP_returns,0.0
IOTX_returns,XPR_returns,0.0
IOTX_returns,RPL_returns,0.0
IOTX_returns,PUNDIX_returns,0.0
IOTX_returns,FLUX_returns,0.0
IOTX_returns,BORA_returns,0.0
IOTX_returns,POWR_returns,0.0
IOTX_returns,AUDIO_returns,0.0
IOTX_returns,PROM_returns,0.0
IOTX_returns,IOST_returns,0.0
IOTX_returns,ACX_returns,0.0
IOTX_returns,ARDR_returns,0.0
IOTX_returns,SPELL_returns,0.0
IOTX_returns,ORBR_returns,0.0
IOTX_returns,LSK_returns,0.0
IOTX_returns,XOR_returns,-0.0003635277164744689
IOTX_returns,GLMR_returns,0.0
IOTX_returns,BMX_returns,0.0
IOTX_returns,MVL_returns,0.0
IOTX_returns,ABT_returns,0.0
IOTX_returns,VELO_returns,0.0
IOTX_returns,IQ_returns,0.0
IOTX_returns,AGI_returns,0.0
IOTX_returns,WILD_returns,0.0
IOTX_returns,XEM_returns,0.0
IOTX_returns,LON_returns,0.0
IOTX_returns,POND_returns,0.0
IOTX_returns,ACT_returns,-0.014577765158206413
IOTX_returns,XRD_returns,0.0
IOTX_returns,RLC_returns,0.0
IOTX_returns,ILV_returns,0.0
IOTX_returns,FIDA_returns,0.0
IOTX_returns,BNT_returns,0.0
IOTX_returns,DENT_returns,0.4111567407360451
IOTX_returns,ORBS_returns,0.0
IOTX_returns,ONG_returns,0.0
IOTX_returns,CHR_returns,0.0
IOTX_returns,HEART_returns,0.0
IOTX_returns,VANRY_returns,0.0
IOTX_returns,LQTY_returns,0.0
IOTX_returns,KEEP_returns,0.0
IOTX_returns,DKA_returns,0.0
IOTX_returns,ELON_returns,0.0
IOTX_returns,ARK_returns,0.0
IOTX_returns,MLK_returns,0.0
IOTX_returns,AL_returns,0.0
IOTX_returns,JOE_returns,0.0
IOTX_returns,CELR_returns,0.41090618069743734
IOTX_returns,STEEM_returns,0.0
IOTX_returns,BAL_returns,0.0
IOTX_returns,PCI_returns,0.0
IOTX_returns,MOVR_returns,0.0
IOTX_returns,AUCTION_returns,0.2616307390892076
IOTX_returns,AERGO_returns,0.0
IOTX_returns,MED_returns,0.0
IOTX_returns,NMR_returns,0.0
IOTX_returns,API3_returns,0.0
IOTX_returns,AGLD_returns,0.19509166833883088
IOTX_returns,BONE_returns,0.0
IOTX_returns,SLP_returns,0.0
IOTX_returns,MTL_returns,0.0
IOTX_returns,KNC_returns,0.0
IOTX_returns,CTSI_returns,0.0
IOTX_returns,BTRST_returns,0.0
IOTX_returns,SCRT_returns,0.0
IOTX_returns,OMI_returns,0.0
IOTX_returns,GEOD_returns,0.0
IOTX_returns,EDU_returns,0.0
IOTX_returns,0x0_returns,0.0
IOTX_returns,KUJI_returns,0.0
CELO_returns,CTC_returns,0.0
CELO_returns,MINA_returns,0.0
CELO_returns,DASH_returns,0.4404982872421623
CELO_returns,SFP_returns,0.0
CELO_returns,BabyDoge_returns,0.0
CELO_returns,SNX_returns,0.0
CELO_returns,TFUEL_returns,0.0
CELO_returns,DCR_returns,0.0
CELO_returns,GLM_returns,0.0
CELO_returns,MX_returns,0.0
CELO_returns,ZIL_returns,0.5102926929384053
CELO_returns,BLUR_returns,0.0
CELO_returns,ROSE_returns,0.0
CELO_returns,CKB_returns,0.0
CELO_returns,TRAC_returns,0.0
CELO_returns,QTUM_returns,0.0
CELO_returns,ORDI_returns,0.0
CELO_returns,LPT_returns,0.0
CELO_returns,MASK_returns,0.0
CELO_returns,ASTR_returns,0.0
CELO_returns,ZRX_returns,0.0
CELO_returns,VTHO_returns,0.0
CELO_returns,ACH_returns,0.0
CELO_returns,BAT_returns,0.4822035254979281
CELO_returns,CHEEL_returns,0.0
CELO_returns,CHEX_returns,0.0
CELO_returns,SNEK_returns,0.0
CELO_returns,BORG_returns,0.0
CELO_returns,KOGE_returns,0.0
CELO_returns,IOTX_returns,0.0
CELO_returns,CELO_returns,0.0
CELO_returns,GAS_returns,0.0
CELO_returns,ONE_returns,0.0
CELO_returns,ID_returns,0.0
CELO_returns,SUSHI_returns,0.0
CELO_returns,CSPR_returns,0.0
CELO_returns,HOT_returns,0.0
CELO_returns,SC_returns,0.0
CELO_returns,YFI_returns,0.0
CELO_returns,RVN_returns,0.0
CELO_returns,COW_returns,0.0
CELO_returns,ANKR_returns,0.4512726188421898
CELO_returns,GOMINING_returns,0.0
CELO_returns,XCH_returns,0.0
CELO_returns,DGB_returns,0.0
CELO_returns,T_returns,0.0
CELO_returns,WOO_returns,0.0
CELO_returns,ELF_returns,0.0
CELO_returns,EUL_returns,0.0
CELO_returns,ORCA_returns,0.0
CELO_returns,KDA_returns,0.0
CELO_returns,OSMO_returns,0.0
CELO_returns,GMT_returns,0.0
CELO_returns,SNT_returns,0.0
CELO_returns,GMX_returns,0.0
CELO_returns,ENJ_returns,0.0
CELO_returns,XYO_returns,0.0
CELO_returns,POLYX_returns,0.0
CELO_returns,ZIG_returns,0.0
CELO_returns,ZEN_returns,0.0
CELO_returns,COTI_returns,0.0
CELO_returns,WEMIX_returns,0.0
CELO_returns,SKL_returns,0.0
CELO_returns,LCX_returns,0.0
CELO_returns,WAVES_returns,0.0
CELO_returns,CVC_returns,0.0
CELO_returns,SWFTC_returns,0.0
CELO_returns,LUNA_returns,0.0
CELO_returns,HIVE_returns,0.0
CELO_returns,RLB_returns,0.0
CELO_returns,LRC_returns,0.48356742470403824
CELO_returns,DAG_returns,0.2647748150272724
CELO_returns,ONT_returns,0.0
CELO_returns,TRB_returns,0.0
CELO_returns,XNO_returns,0.0
CELO_returns,DLC_returns,0.0
CELO_returns,METIS_returns,0.0
CELO_returns,ICX_returns,0.46570243819780166
CELO_returns,MYTH_returns,0.0
CELO_returns,MPLX_returns,-0.039150001161593465
CELO_returns,SXP_returns,0.0
CELO_returns,XVG_returns,0.0
CELO_returns,PEOPLE_returns,0.0
CELO_returns,AWE_returns,0.0
CELO_returns,REQ_returns,0.0
CELO_returns,STORJ_returns,0.0
CELO_returns,BAND_returns,0.0
CELO_returns,WMTX_returns,0.0
CELO_returns,CFG_returns,0.0
CELO_returns,HONEY_returns,0.0
CELO_returns,PRO_returns,0.0
CELO_returns,PRIME_returns,0.0
CELO_returns,VVS_returns,0.0
CELO_returns,CPOOL_returns,0.0
CELO_returns,YGG_returns,0.0
CELO_returns,SSV_returns,0.0
CELO_returns,CETUS_returns,0.0
CELO_returns,CGPT_returns,0.0
CELO_returns,STIK_returns,-0.01630900469918255
CELO_returns,PHA_returns,0.0
CELO_returns,XVS_returns,0.0
CELO_returns,KUB_returns,0.0
CELO_returns,BICO_returns,0.0
CELO_returns,UMA_returns,0.0
CELO_returns,WAXP_returns,0.0
CELO_returns,XPR_returns,0.0
CELO_returns,RPL_returns,0.0
CELO_returns,PUNDIX_returns,0.0
CELO_returns,FLUX_returns,0.0
CELO_returns,BORA_returns,0.0
CELO_returns,POWR_returns,0.0
CELO_returns,AUDIO_returns,0.0
CELO_returns,PROM_returns,0.0
CELO_returns,IOST_returns,0.0
CELO_returns,ACX_returns,0.0
CELO_returns,ARDR_returns,0.0
CELO_returns,SPELL_returns,0.0
CELO_returns,ORBR_returns,0.0
CELO_returns,LSK_returns,0.0
CELO_returns,XOR_returns,0.0
CELO_returns,GLMR_returns,0.0
CELO_returns,BMX_returns,0.0
CELO_returns,MVL_returns,0.0
CELO_returns,ABT_returns,0.0
CELO_returns,VELO_returns,0.0
CELO_returns,IQ_returns,0.0
CELO_returns,AGI_returns,0.0
CELO_returns,WILD_returns,0.0
CELO_returns,XEM_returns,0.0
CELO_returns,LON_returns,0.0
CELO_returns,POND_returns,0.0
CELO_returns,ACT_returns,0.0
CELO_returns,XRD_returns,0.0
CELO_returns,RLC_returns,0.0
CELO_returns,ILV_returns,0.0
CELO_returns,FIDA_returns,0.0
CELO_returns,BNT_returns,0.0
CELO_returns,DENT_returns,0.0
CELO_returns,ORBS_returns,0.0
CELO_returns,ONG_returns,0.0
CELO_returns,CHR_returns,0.0
CELO_returns,HEART_returns,0.0
CELO_returns,VANRY_returns,0.0
CELO_returns,LQTY_returns,0.0
CELO_returns,KEEP_returns,0.0
CELO_returns,DKA_returns,0.0
CELO_returns,ELON_returns,0.0
CELO_returns,ARK_returns,0.0
CELO_returns,MLK_returns,0.0
CELO_returns,AL_returns,0.0
CELO_returns,JOE_returns,0.0
CELO_returns,CELR_returns,0.0
CELO_returns,STEEM_returns,0.0
CELO_returns,BAL_returns,0.0
CELO_returns,PCI_returns,0.0
CELO_returns,MOVR_returns,0.0
CELO_returns,AUCTION_returns,0.0
CELO_returns,AERGO_returns,0.0
CELO_returns,MED_returns,0.0
CELO_returns,NMR_returns,0.0
CELO_returns,API3_returns,0.0
CELO_returns,AGLD_returns,0.0
CELO_returns,BONE_returns,0.0
CELO_returns,SLP_returns,0.0
CELO_returns,MTL_returns,0.0
CELO_returns,KNC_returns,0.0
CELO_returns,CTSI_returns,0.0
CELO_returns,BTRST_returns,0.0
CELO_returns,SCRT_returns,0.0
CELO_returns,OMI_returns,0.0
CELO_returns,GEOD_returns,0.0
CELO_returns,EDU_returns,0.0
CELO_returns,0x0_returns,0.0
CELO_returns,KUJI_returns,0.0
GAS_returns,CTC_returns,0.0
GAS_returns,MINA_returns,0.0
GAS_returns,DASH_returns,0.0
GAS_returns,SFP_returns,0.0
GAS_returns,BabyDoge_returns,0.0
GAS_returns,SNX_returns,0.0
GAS_returns,TFUEL_returns,0.0
GAS_returns,DCR_returns,0.0
GAS_returns,GLM_returns,0.0
GAS_returns,MX_returns,0.0
GAS_returns,ZIL_returns,0.0
GAS_returns,BLUR_returns,0.0
GAS_returns,ROSE_returns,0.0
GAS_returns,CKB_returns,0.0
GAS_returns,TRAC_returns,0.0
GAS_returns,QTUM_returns,0.37957663959193666
GAS_returns,ORDI_returns,0.0
GAS_returns,LPT_returns,0.0
GAS_returns,MASK_returns,0.0
GAS_returns,ASTR_returns,0.0
GAS_returns,ZRX_returns,0.0
GAS_returns,VTHO_returns,0.0
GAS_returns,ACH_returns,0.0
GAS_returns,BAT_returns,0.0
GAS_returns,CHEEL_returns,0.0
GAS_returns,CHEX_returns,0.0
GAS_returns,SNEK_returns,0.0
GAS_returns,BORG_returns,0.0
GAS_returns,KOGE_returns,0.0
GAS_returns,IOTX_returns,0.0
GAS_returns,CELO_returns,0.0
GAS_returns,GAS_returns,0.0
GAS_returns,ONE_returns,0.0
GAS_returns,ID_returns,0.0
GAS_returns,SUSHI_returns,0.0
GAS_returns,CSPR_returns,0.0
GAS_returns,HOT_returns,0.0
GAS_returns,SC_returns,0.0
GAS_returns,YFI_returns,0.0
GAS_returns,RVN_returns,0.0
GAS_returns,COW_returns,0.0
GAS_returns,ANKR_returns,0.0
GAS_returns,GOMINING_returns,0.0
GAS_returns,XCH_returns,0.0
GAS_returns,DGB_returns,0.0
GAS_returns,T_returns,0.0
GAS_returns,WOO_returns,0.0
GAS_returns,ELF_returns,0.0
GAS_returns,EUL_returns,0.0
GAS_returns,ORCA_returns,0.0
GAS_returns,KDA_returns,0.0
GAS_returns,OSMO_returns,0.0
GAS_returns,GMT_returns,0.0
GAS_returns,SNT_returns,0.3306975576407698
GAS_returns,GMX_returns,0.0
GAS_returns,ENJ_returns,0.0
GAS_returns,XYO_returns,0.0
GAS_returns,POLYX_returns,0.0
GAS_returns,ZIG_returns,0.0
GAS_returns,ZEN_returns,0.0
GAS_returns,COTI_returns,0.0
GAS_returns,WEMIX_returns,0.0
GAS_returns,SKL_returns,0.0
GAS_returns,LCX_returns,0.0
GAS_returns,WAVES_returns,0.0
GAS_returns,CVC_returns,0.0
GAS_returns,SWFTC_returns,0.0
GAS_returns,LUNA_returns,0.0
GAS_returns,HIVE_returns,0.0
GAS_returns,RLB_returns,0.0
GAS_returns,LRC_returns,0.0
GAS_returns,DAG_returns,0.0
GAS_returns,ONT_returns,0.3900535693255921
GAS_returns,TRB_returns,0.0
GAS_returns,XNO_returns,0.0
GAS_returns,DLC_returns,0.0
GAS_returns,METIS_returns,0.0
GAS_returns,ICX_returns,0.0
GAS_returns,MYTH_returns,0.0
GAS_returns,MPLX_returns,0.0
GAS_returns,SXP_returns,0.0
GAS_returns,XVG_returns,0.0
GAS_returns,PEOPLE_returns,0.0
GAS_returns,AWE_returns,0.0
GAS_returns,REQ_returns,0.0
GAS_returns,STORJ_returns,0.0
GAS_returns,BAND_returns,0.0
GAS_returns,WMTX_returns,0.0
GAS_returns,CFG_returns,0.0
GAS_returns,HONEY_returns,0.0
GAS_returns,PRO_returns,0.0
GAS_returns,PRIME_returns,-0.008617939040729336
GAS_returns,VVS_returns,0.0
GAS_returns,CPOOL_returns,0.0
GAS_returns,YGG_returns,0.0
GAS_returns,SSV_returns,0.0
GAS_returns,CETUS_returns,0.0
GAS_returns,CGPT_returns,0.0
GAS_returns,STIK_returns,-0.08884640993976764
GAS_returns,PHA_returns,0.0
GAS_returns,XVS_returns,0.0
GAS_returns,KUB_returns,0.0
GAS_returns,BICO_returns,0.0
GAS_returns,UMA_returns,0.0
GAS_returns,WAXP_returns,0.0
GAS_returns,XPR_returns,0.0
GAS_returns,RPL_returns,0.0
GAS_returns,PUNDIX_returns,0.0
GAS_returns,FLUX_returns,0.0
GAS_returns,BORA_returns,0.0
GAS_returns,POWR_returns,0.0
GAS_returns,AUDIO_returns,0.0
GAS_returns,PROM_returns,0.0
GAS_returns,IOST_returns,0.0
GAS_returns,ACX_returns,0.0
GAS_returns,ARDR_returns,0.0
GAS_returns,SPELL_returns,0.0
GAS_returns,ORBR_returns,0.0
GAS_returns,LSK_returns,0.0
GAS_returns,XOR_returns,0.0
GAS_returns,GLMR_returns,0.0
GAS_returns,BMX_returns,0.0
GAS_returns,MVL_returns,0.0
GAS_returns,ABT_returns,0.0
GAS_returns,VELO_returns,0.0
GAS_returns,IQ_returns,0.0
GAS_returns,AGI_returns,0.0
GAS_returns,WILD_returns,0.0
GAS_returns,XEM_returns,0.0
GAS_returns,LON_returns,0.0
GAS_returns,POND_returns,0.0
GAS_returns,ACT_returns,0.0
GAS_returns,XRD_returns,0.0
GAS_returns,RLC_returns,0.0
GAS_returns,ILV_returns,0.0
GAS_returns,FIDA_returns,0.0
GAS_returns,BNT_returns,0.0
GAS_returns,DENT_returns,0.0
GAS_returns,ORBS_returns,0.0
GAS_returns,ONG_returns,0.5000705097828592
GAS_returns,CHR_returns,0.0
GAS_returns,HEART_returns,0.0
GAS_returns,VANRY_returns,0.0
GAS_returns,LQTY_returns,0.0
GAS_returns,KEEP_returns,0.0
GAS_returns,DKA_returns,0.0
GAS_returns,ELON_returns,0.0
GAS_returns,ARK_returns,0.39585962271577047
GAS_returns,MLK_returns,0.0
GAS_returns,AL_returns,0.0
GAS_returns,JOE_returns,0.0
GAS_returns,CELR_returns,0.0
GAS_returns,STEEM_returns,0.40594867221178466
GAS_returns,BAL_returns,0.0
GAS_returns,PCI_returns,0.0
GAS_returns,MOVR_returns,0.0
GAS_returns,AUCTION_returns,0.0
GAS_returns,AERGO_returns,0.0
GAS_returns,MED_returns,0.0
GAS_returns,NMR_returns,0.0
GAS_returns,API3_returns,0.0
GAS_returns,AGLD_returns,0.0
GAS_returns,BONE_returns,0.0
GAS_returns,SLP_returns,0.0
GAS_returns,MTL_returns,0.0
GAS_returns,KNC_returns,0.0
GAS_returns,CTSI_returns,0.0
GAS_returns,BTRST_returns,0.0
GAS_returns,SCRT_returns,0.0
GAS_returns,OMI_returns,0.0
GAS_returns,GEOD_returns,0.0
GAS_returns,EDU_returns,0.0
GAS_returns,0x0_returns,0.0
GAS_returns,KUJI_returns,0.0
ONE_returns,CTC_returns,0.0
ONE_returns,MINA_returns,0.5096402110637018
ONE_returns,DASH_returns,0.0
ONE_returns,SFP_returns,0.0
ONE_returns,BabyDoge_returns,0.26600531037713393
ONE_returns,SNX_returns,0.4790120961124536
ONE_returns,TFUEL_returns,0.0
ONE_returns,DCR_returns,0.0
ONE_returns,GLM_returns,0.0
ONE_returns,MX_returns,0.0
ONE_returns,ZIL_returns,0.5812903021633508
ONE_returns,BLUR_returns,0.4411731463712562
ONE_returns,ROSE_returns,0.5197986374596014
ONE_returns,CKB_returns,0.3389428194170293
ONE_returns,TRAC_returns,0.0
ONE_returns,QTUM_returns,0.0
ONE_returns,ORDI_returns,0.27428812126240093
ONE_returns,LPT_returns,0.3439461194836669
ONE_returns,MASK_returns,0.0
ONE_returns,ASTR_returns,0.0
ONE_returns,ZRX_returns,0.0
ONE_returns,VTHO_returns,0.0
ONE_returns,ACH_returns,0.0
ONE_returns,BAT_returns,0.5818007977988345
ONE_returns,CHEEL_returns,-0.07002585673735695
ONE_returns,CHEX_returns,0.0
ONE_returns,SNEK_returns,0.2383609926570221
ONE_returns,BORG_returns,0.0
ONE_returns,KOGE_returns,0.0
ONE_returns,IOTX_returns,0.0
ONE_returns,CELO_returns,0.0
ONE_returns,GAS_returns,0.0
ONE_returns,ONE_returns,0.0
ONE_returns,ID_returns,0.0
ONE_returns,SUSHI_returns,0.5708458997188087
ONE_returns,CSPR_returns,0.0
ONE_returns,HOT_returns,0.5686121231876925
ONE_returns,SC_returns,0.0
ONE_returns,YFI_returns,0.38148527096383683
ONE_returns,RVN_returns,0.0
ONE_returns,COW_returns,0.0
ONE_returns,ANKR_returns,0.0
ONE_returns,GOMINING_returns,-0.03375255936786452
ONE_returns,XCH_returns,0.36809486973162125
ONE_returns,DGB_returns,0.0
ONE_returns,T_returns,0.0
ONE_returns,WOO_returns,0.5080110557867986
ONE_returns,ELF_returns,0.0
ONE_returns,EUL_returns,0.0
ONE_returns,ORCA_returns,0.0
ONE_returns,KDA_returns,0.494857985216787
ONE_returns,OSMO_returns,0.0
ONE_returns,GMT_returns,0.0
ONE_returns,SNT_returns,0.0
ONE_returns,GMX_returns,0.3762994155242164
ONE_returns,ENJ_returns,0.6132393146927274
ONE_returns,XYO_returns,0.0
ONE_returns,POLYX_returns,0.0
ONE_returns,ZIG_returns,0.0
ONE_returns,ZEN_returns,0.35004297815746344
ONE_returns,COTI_returns,0.4510208318869052
ONE_returns,WEMIX_returns,0.0
ONE_returns,SKL_returns,0.3980918205086764
ONE_returns,LCX_returns,0.0
ONE_returns,WAVES_returns,0.0
ONE_returns,CVC_returns,0.0
ONE_returns,SWFTC_returns,0.0
ONE_returns,LUNA_returns,0.4197950512973077
ONE_returns,HIVE_returns,0.0
ONE_returns,RLB_returns,0.0
ONE_returns,LRC_returns,0.5860129720306148
ONE_returns,DAG_returns,0.0
ONE_returns,ONT_returns,0.0
ONE_returns,TRB_returns,0.0
ONE_returns,XNO_returns,0.0
ONE_returns,DLC_returns,0.0
ONE_returns,METIS_returns,0.35254332759156287
ONE_returns,ICX_returns,0.0
ONE_returns,MYTH_returns,0.0
ONE_returns,MPLX_returns,0.0
ONE_returns,SXP_returns,0.0
ONE_returns,XVG_returns,0.0
ONE_returns,PEOPLE_returns,0.3053930705600785
ONE_returns,AWE_returns,0.0
ONE_returns,REQ_returns,0.0
ONE_returns,STORJ_returns,0.0
ONE_returns,BAND_returns,0.0
ONE_returns,WMTX_returns,0.0
ONE_returns,CFG_returns,0.0
ONE_returns,HONEY_returns,0.0
ONE_returns,PRO_returns,-0.01367431351167489
ONE_returns,PRIME_returns,0.0
ONE_returns,VVS_returns,0.0
ONE_returns,CPOOL_returns,0.0
ONE_returns,YGG_returns,0.42092063963562687
ONE_returns,SSV_returns,0.34908990757326747
ONE_returns,CETUS_returns,0.3283110032969853
ONE_returns,CGPT_returns,0.28565509462621386
ONE_returns,STIK_returns,-0.07951717292050922
ONE_returns,PHA_returns,0.0
ONE_returns,XVS_returns,0.0
ONE_returns,KUB_returns,0.0
ONE_returns,BICO_returns,0.0
ONE_returns,UMA_returns,0.0
ONE_returns,WAXP_returns,0.0
ONE_returns,XPR_returns,0.0
ONE_returns,RPL_returns,0.2853379639975966
ONE_returns,PUNDIX_returns,0.0
ONE_returns,FLUX_returns,0.45494084753858877
ONE_returns,BORA_returns,0.0
ONE_returns,POWR_returns,0.0
ONE_returns,AUDIO_returns,0.0
ONE_returns,PROM_returns,0.0
ONE_returns,IOST_returns,0.0
ONE_returns,ACX_returns,0.16720434046439775
ONE_returns,ARDR_returns,0.0
ONE_returns,SPELL_returns,0.35936473048336537
ONE_returns,ORBR_returns,0.0
ONE_returns,LSK_returns,0.0
ONE_returns,XOR_returns,0.0
ONE_returns,GLMR_returns,0.47652282854156963
ONE_returns,BMX_returns,-0.01903324899833871
ONE_returns,MVL_returns,0.0
ONE_returns,ABT_returns,0.0
ONE_returns,VELO_returns,0.29925617132516263
ONE_returns,IQ_returns,0.0
ONE_returns,AGI_returns,0.0
ONE_returns,WILD_returns,0.3048497600782718
ONE_returns,XEM_returns,0.0
ONE_returns,LON_returns,-0.09163289439103195
ONE_returns,POND_returns,0.0
ONE_returns,ACT_returns,0.0
ONE_returns,XRD_returns,0.0
ONE_returns,RLC_returns,0.0
ONE_returns,ILV_returns,0.43942931075485275
ONE_returns,FIDA_returns,0.0
ONE_returns,BNT_returns,0.0
ONE_returns,DENT_returns,0.6087027838837796
ONE_returns,ORBS_returns,0.0
ONE_returns,ONG_returns,0.0
ONE_returns,CHR_returns,0.4464174884547449
ONE_returns,HEART_returns,0.0
ONE_returns,VANRY_returns,0.0
ONE_returns,LQTY_returns,0.38671108695071255
ONE_returns,KEEP_returns,0.0
ONE_returns,DKA_returns,0.0
ONE_returns,ELON_returns,0.0
ONE_returns,ARK_returns,0.0
ONE_returns,MLK_returns,0.0
ONE_returns,AL_returns,0.0
ONE_returns,JOE_returns,0.4889139722058679
ONE_returns,CELR_returns,0.658423119810633
ONE_returns,STEEM_returns,0.0
ONE_returns,BAL_returns,0.35336264076535595
ONE_returns,PCI_returns,0.0
ONE_returns,MOVR_returns,0.3902634777741223
ONE_returns,AUCTION_returns,0.0
ONE_returns,AERGO_returns,0.0
ONE_returns,MED_returns,0.0
ONE_returns,NMR_returns,0.0
ONE_returns,API3_returns,0.0
ONE_returns,AGLD_returns,0.19836571715792573
ONE_returns,BONE_returns,0.0
ONE_returns,SLP_returns,0.44202067117778143
ONE_returns,MTL_returns,0.0
ONE_returns,KNC_returns,0.0
ONE_returns,CTSI_returns,0.0
ONE_returns,BTRST_returns,0.0
ONE_returns,SCRT_returns,0.0
ONE_returns,OMI_returns,0.0
ONE_returns,GEOD_returns,0.0
ONE_returns,EDU_returns,0.4517893989485847
ONE_returns,0x0_returns,0.0
ONE_returns,KUJI_returns,0.0
ID_returns,CTC_returns,0.0
ID_returns,MINA_returns,0.39659034333527393
ID_returns,DASH_returns,0.0
ID_returns,SFP_returns,0.0
ID_returns,BabyDoge_returns,0.0
ID_returns,SNX_returns,0.0
ID_returns,TFUEL_returns,0.0
ID_returns,DCR_returns,0.0
ID_returns,GLM_returns,0.0
ID_returns,MX_returns,0.0
ID_returns,ZIL_returns,0.45539120033417413
ID_returns,BLUR_returns,0.0
ID_returns,ROSE_returns,0.0
ID_returns,CKB_returns,0.0
ID_returns,TRAC_returns,0.0
ID_returns,QTUM_returns,0.0
ID_returns,ORDI_returns,0.0
ID_returns,LPT_returns,0.0
ID_returns,MASK_returns,0.0
ID_returns,ASTR_returns,0.0
ID_returns,ZRX_returns,0.5279148876884227
ID_returns,VTHO_returns,0.0
ID_returns,ACH_returns,0.0
ID_returns,BAT_returns,0.0
ID_returns,CHEEL_returns,0.0
ID_returns,CHEX_returns,-0.006167245565480981
ID_returns,SNEK_returns,0.0
ID_returns,BORG_returns,0.0
ID_returns,KOGE_returns,0.0
ID_returns,IOTX_returns,0.0
ID_returns,CELO_returns,0.0
ID_returns,GAS_returns,0.0
ID_returns,ONE_returns,0.0
ID_returns,ID_returns,0.0
ID_returns,SUSHI_returns,0.0
ID_returns,CSPR_returns,0.0
ID_returns,HOT_returns,0.0
ID_returns,SC_returns,0.0
ID_returns,YFI_returns,0.0
ID_returns,RVN_returns,0.0
ID_returns,COW_returns,0.0
ID_returns,ANKR_returns,0.0
ID_returns,GOMINING_returns,0.0
ID_returns,XCH_returns,0.0
ID_returns,DGB_returns,0.0
ID_returns,T_returns,0.0
ID_returns,WOO_returns,0.0
ID_returns,ELF_returns,0.0
ID_returns,EUL_returns,0.0
ID_returns,ORCA_returns,0.0
ID_returns,KDA_returns,0.0
ID_returns,OSMO_returns,0.0
ID_returns,GMT_returns,0.0
ID_returns,SNT_returns,0.0
ID_returns,GMX_returns,0.0
ID_returns,ENJ_returns,0.0
ID_returns,XYO_returns,0.0
ID_returns,POLYX_returns,0.0
ID_returns,ZIG_returns,0.0
ID_returns,ZEN_returns,0.0
ID_returns,COTI_returns,0.0
ID_returns,WEMIX_returns,0.0
ID_returns,SKL_returns,0.0
ID_returns,LCX_returns,0.0
ID_returns,WAVES_returns,0.0
ID_returns,CVC_returns,0.0
ID_returns,SWFTC_returns,0.0
ID_returns,LUNA_returns,0.0
ID_returns,HIVE_returns,0.0
ID_returns,RLB_returns,0.0
ID_returns,LRC_returns,0.4364580179083049
ID_returns,DAG_returns,0.0
ID_returns,ONT_returns,0.0
ID_returns,TRB_returns,0.0
ID_returns,XNO_returns,0.0
ID_returns,DLC_returns,0.0
ID_returns,METIS_returns,0.0
ID_returns,ICX_returns,0.0
ID_returns,MYTH_returns,0.0
ID_returns,MPLX_returns,0.0
ID_returns,SXP_returns,0.0
ID_returns,XVG_returns,0.0
ID_returns,PEOPLE_returns,0.0
ID_returns,AWE_returns,0.0
ID_returns,REQ_returns,0.0
ID_returns,STORJ_returns,0.0
ID_returns,BAND_returns,0.40264522484261833
ID_returns,WMTX_returns,0.0
ID_returns,CFG_returns,0.0
ID_returns,HONEY_returns,0.0
ID_returns,PRO_returns,0.0
ID_returns,PRIME_returns,0.0
ID_returns,VVS_returns,0.0
ID_returns,CPOOL_returns,0.0
ID_returns,YGG_returns,0.0
ID_returns,SSV_returns,0.0
ID_returns,CETUS_returns,0.0
ID_returns,CGPT_returns,0.0
ID_returns,STIK_returns,0.0
ID_returns,PHA_returns,0.0
ID_returns,XVS_returns,0.0
ID_returns,KUB_returns,0.0
ID_returns,BICO_returns,0.0
ID_returns,UMA_returns,0.0
ID_returns,WAXP_returns,0.0
ID_returns,XPR_returns,0.0
ID_returns,RPL_returns,0.0
ID_returns,PUNDIX_returns,0.0
ID_returns,FLUX_returns,0.0
ID_returns,BORA_returns,0.0
ID_returns,POWR_returns,0.0
ID_returns,AUDIO_returns,0.0
ID_returns,PROM_returns,0.0
ID_returns,IOST_returns,0.0
ID_returns,ACX_returns,0.0
ID_returns,ARDR_returns,0.0
ID_returns,SPELL_returns,0.0
ID_returns,ORBR_returns,0.0
ID_returns,LSK_returns,0.0
ID_returns,XOR_returns,-0.00806521615131184
ID_returns,GLMR_returns,0.0
ID_returns,BMX_returns,0.0
ID_returns,MVL_returns,0.0
ID_returns,ABT_returns,0.0
ID_returns,VELO_returns,0.0
ID_returns,IQ_returns,0.0
ID_returns,AGI_returns,0.0
ID_returns,WILD_returns,0.0
ID_returns,XEM_returns,0.0
ID_returns,LON_returns,0.0
ID_returns,POND_returns,0.0
ID_returns,ACT_returns,0.0
ID_returns,XRD_returns,0.0
ID_returns,RLC_returns,0.0
ID_returns,ILV_returns,0.0
ID_returns,FIDA_returns,0.0
ID_returns,BNT_returns,0.0
ID_returns,DENT_returns,0.0
ID_returns,ORBS_returns,0.0
ID_returns,ONG_returns,0.0
ID_returns,CHR_returns,0.0
ID_returns,HEART_returns,0.0
ID_returns,VANRY_returns,0.0
ID_returns,LQTY_returns,0.0
ID_returns,KEEP_returns,0.0
ID_returns,DKA_returns,0.0
ID_returns,ELON_returns,0.0
ID_returns,ARK_returns,0.0
ID_returns,MLK_returns,0.0
ID_returns,AL_returns,0.0
ID_returns,JOE_returns,0.0
ID_returns,CELR_returns,0.0
ID_returns,STEEM_returns,0.0
ID_returns,BAL_returns,0.0
ID_returns,PCI_returns,0.0
ID_returns,MOVR_returns,0.0
ID_returns,AUCTION_returns,0.0
ID_returns,AERGO_returns,0.0
ID_returns,MED_returns,0.0
ID_returns,NMR_returns,0.0
ID_returns,API3_returns,0.0
ID_returns,AGLD_returns,0.0
ID_returns,BONE_returns,0.0
ID_returns,SLP_returns,0.0
ID_returns,MTL_returns,0.0
ID_returns,KNC_returns,0.0
ID_returns,CTSI_returns,0.0
ID_returns,BTRST_returns,0.0
ID_returns,SCRT_returns,0.0
ID_returns,OMI_returns,0.0
ID_returns,GEOD_returns,0.0
ID_returns,EDU_returns,0.48071833696067406
ID_returns,0x0_returns,0.0
ID_returns,KUJI_returns,0.0
SUSHI_returns,CTC_returns,0.0
SUSHI_returns,MINA_returns,0.0
SUSHI_returns,DASH_returns,0.0
SUSHI_returns,SFP_returns,0.0
SUSHI_returns,BabyDoge_returns,0.0
SUSHI_returns,SNX_returns,0.44818208768379625
SUSHI_returns,TFUEL_returns,0.0
SUSHI_returns,DCR_returns,0.0
SUSHI_returns,GLM_returns,0.0
SUSHI_returns,MX_returns,0.0
SUSHI_returns,ZIL_returns,0.5021581861517889
SUSHI_returns,BLUR_returns,0.0
SUSHI_returns,ROSE_returns,0.0
SUSHI_returns,CKB_returns,0.0
SUSHI_returns,TRAC_returns,0.0
SUSHI_returns,QTUM_returns,0.0
SUSHI_returns,ORDI_returns,0.0
SUSHI_returns,LPT_returns,0.0
SUSHI_returns,MASK_returns,0.0
SUSHI_returns,ASTR_returns,0.0
SUSHI_returns,ZRX_returns,0.0
SUSHI_returns,VTHO_returns,0.0
SUSHI_returns,ACH_returns,0.0
SUSHI_returns,BAT_returns,0.0
SUSHI_returns,CHEEL_returns,-0.08832778219327787
SUSHI_returns,CHEX_returns,0.0
SUSHI_returns,SNEK_returns,0.0
SUSHI_returns,BORG_returns,0.0
SUSHI_returns,KOGE_returns,0.0
SUSHI_returns,IOTX_returns,0.0
SUSHI_returns,CELO_returns,0.0
SUSHI_returns,GAS_returns,0.0
SUSHI_returns,ONE_returns,0.5708458997188087
SUSHI_returns,ID_returns,0.0
SUSHI_returns,SUSHI_returns,0.0
SUSHI_returns,CSPR_returns,0.0
SUSHI_returns,HOT_returns,0.0
SUSHI_returns,SC_returns,0.0
SUSHI_returns,YFI_returns,0.0
SUSHI_returns,RVN_returns,0.0
SUSHI_returns,COW_returns,0.0
SUSHI_returns,ANKR_returns,0.0
SUSHI_returns,GOMINING_returns,-0.040017936244163714
SUSHI_returns,XCH_returns,0.0
SUSHI_returns,DGB_returns,0.0
SUSHI_returns,T_returns,0.0
SUSHI_returns,WOO_returns,0.0
SUSHI_returns,ELF_returns,0.0
SUSHI_returns,EUL_returns,0.0
SUSHI_returns,ORCA_returns,0.0
SUSHI_returns,KDA_returns,0.0
SUSHI_returns,OSMO_returns,0.0
SUSHI_returns,GMT_returns,0.0
SUSHI_returns,SNT_returns,0.0
SUSHI_returns,GMX_returns,0.0
SUSHI_returns,ENJ_returns,0.4560647662247999
SUSHI_returns,XYO_returns,0.0
SUSHI_returns,POLYX_returns,0.0
SUSHI_returns,ZIG_returns,0.0
SUSHI_returns,ZEN_returns,0.0
SUSHI_returns,COTI_returns,0.0
SUSHI_returns,WEMIX_returns,0.0
SUSHI_returns,SKL_returns,0.0
SUSHI_returns,LCX_returns,0.0
SUSHI_returns,WAVES_returns,0.0
SUSHI_returns,CVC_returns,0.0
SUSHI_returns,SWFTC_returns,0.0
SUSHI_returns,LUNA_returns,0.0
SUSHI_returns,HIVE_returns,0.0
SUSHI_returns,RLB_returns,0.0
SUSHI_returns,LRC_returns,0.4661514777133065
SUSHI_returns,DAG_returns,0.0
SUSHI_returns,ONT_returns,0.0
SUSHI_returns,TRB_returns,0.0
SUSHI_returns,XNO_returns,0.0
SUSHI_returns,DLC_returns,0.0
SUSHI_returns,METIS_returns,0.0
SUSHI_returns,ICX_returns,0.0
SUSHI_returns,MYTH_returns,0.0
SUSHI_returns,MPLX_returns,-0.033145797602553394
SUSHI_returns,SXP_returns,0.0
SUSHI_returns,XVG_returns,0.0
SUSHI_returns,PEOPLE_returns,0.0
SUSHI_returns,AWE_returns,0.0
SUSHI_returns,REQ_returns,0.0
SUSHI_returns,STORJ_returns,0.0
SUSHI_returns,BAND_returns,0.0
SUSHI_returns,WMTX_returns,0.0
SUSHI_returns,CFG_returns,0.0
SUSHI_returns,HONEY_returns,0.0
SUSHI_returns,PRO_returns,0.0
SUSHI_returns,PRIME_returns,0.0
SUSHI_returns,VVS_returns,0.0
SUSHI_returns,CPOOL_returns,0.0
SUSHI_returns,YGG_returns,0.0
SUSHI_returns,SSV_returns,0.3548968164550277
SUSHI_returns,CETUS_returns,0.29366748690085315
SUSHI_returns,CGPT_returns,0.0
SUSHI_returns,STIK_returns,-0.07996927674272977
SUSHI_returns,PHA_returns,0.0
SUSHI_returns,XVS_returns,0.0
SUSHI_returns,KUB_returns,0.0
SUSHI_returns,BICO_returns,0.0
SUSHI_returns,UMA_returns,0.0
SUSHI_returns,WAXP_returns,0.0
SUSHI_returns,XPR_returns,0.0
SUSHI_returns,RPL_returns,0.0
SUSHI_returns,PUNDIX_returns,0.0
SUSHI_returns,FLUX_returns,0.0
SUSHI_returns,BORA_returns,0.0
SUSHI_returns,POWR_returns,0.0
SUSHI_returns,AUDIO_returns,0.0
SUSHI_returns,PROM_returns,0.0
SUSHI_returns,IOST_returns,0.0
SUSHI_returns,ACX_returns,0.15593350048040114
SUSHI_returns,ARDR_returns,0.0
SUSHI_returns,SPELL_returns,0.0
SUSHI_returns,ORBR_returns,0.0
SUSHI_returns,LSK_returns,0.0
SUSHI_returns,XOR_returns,0.0
SUSHI_returns,GLMR_returns,0.0
SUSHI_returns,BMX_returns,-0.055983443436689616
SUSHI_returns,MVL_returns,0.0
SUSHI_returns,ABT_returns,0.0
SUSHI_returns,VELO_returns,0.0
SUSHI_returns,IQ_returns,0.0
SUSHI_returns,AGI_returns,0.0
SUSHI_returns,WILD_returns,0.20504827383772517
SUSHI_returns,XEM_returns,0.0
SUSHI_returns,LON_returns,-0.06935685537554297
SUSHI_returns,POND_returns,0.0
SUSHI_returns,ACT_returns,0.0
SUSHI_returns,XRD_returns,0.0
SUSHI_returns,RLC_returns,0.0
SUSHI_returns,ILV_returns,0.0
SUSHI_returns,FIDA_returns,0.0
SUSHI_returns,BNT_returns,0.0
SUSHI_returns,DENT_returns,0.451927830878665
SUSHI_returns,ORBS_returns,0.0
SUSHI_returns,ONG_returns,0.0
SUSHI_returns,CHR_returns,0.0
SUSHI_returns,HEART_returns,0.0
SUSHI_returns,VANRY_returns,0.0
SUSHI_returns,LQTY_returns,0.3129416424286462
SUSHI_returns,KEEP_returns,0.0
SUSHI_returns,DKA_returns,0.0
SUSHI_returns,ELON_returns,0.0
SUSHI_returns,ARK_returns,0.0
SUSHI_returns,MLK_returns,0.0
SUSHI_returns,AL_returns,0.0
SUSHI_returns,JOE_returns,0.0
SUSHI_returns,CELR_returns,0.4947947668854527
SUSHI_returns,STEEM_returns,0.0
SUSHI_returns,BAL_returns,0.0
SUSHI_returns,PCI_returns,0.0
SUSHI_returns,MOVR_returns,0.0
SUSHI_returns,AUCTION_returns,0.0
SUSHI_returns,AERGO_returns,0.0
SUSHI_returns,MED_returns,0.0
SUSHI_returns,NMR_returns,0.0
SUSHI_returns,API3_returns,0.0
SUSHI_returns,AGLD_returns,0.0
SUSHI_returns,BONE_returns,0.0
SUSHI_returns,SLP_returns,0.0
SUSHI_returns,MTL_returns,0.0
SUSHI_returns,KNC_returns,0.0
SUSHI_returns,CTSI_returns,0.0
SUSHI_returns,BTRST_returns,0.0
SUSHI_returns,SCRT_returns,0.0
SUSHI_returns,OMI_returns,0.0
SUSHI_returns,GEOD_returns,0.0
SUSHI_returns,EDU_returns,0.0
SUSHI_returns,0x0_returns,0.0
SUSHI_returns,KUJI_returns,0.0
CSPR_returns,CTC_returns,0.0
CSPR_returns,MINA_returns,0.0
CSPR_returns,DASH_returns,0.0
CSPR_returns,SFP_returns,0.0
CSPR_returns,BabyDoge_returns,0.0
CSPR_returns,SNX_returns,0.0
CSPR_returns,TFUEL_returns,0.25061081880142133
CSPR_returns,DCR_returns,0.0
CSPR_returns,GLM_returns,0.0
CSPR_returns,MX_returns,0.0
CSPR_returns,ZIL_returns,0.0
CSPR_returns,BLUR_returns,0.0
CSPR_returns,ROSE_returns,0.0
CSPR_returns,CKB_returns,0.0
CSPR_returns,TRAC_returns,0.0
CSPR_returns,QTUM_returns,0.0
CSPR_returns,ORDI_returns,0.0
CSPR_returns,LPT_returns,0.0
CSPR_returns,MASK_returns,0.0
CSPR_returns,ASTR_returns,0.0
CSPR_returns,ZRX_returns,0.0
CSPR_returns,VTHO_returns,0.0
CSPR_returns,ACH_returns,0.0
CSPR_returns,BAT_returns,0.0
CSPR_returns,CHEEL_returns,0.0
CSPR_returns,CHEX_returns,0.0
CSPR_returns,SNEK_returns,0.0
CSPR_returns,BORG_returns,0.0
CSPR_returns,KOGE_returns,0.0
CSPR_returns,IOTX_returns,0.0
CSPR_returns,CELO_returns,0.0
CSPR_returns,GAS_returns,0.0
CSPR_returns,ONE_returns,0.0
CSPR_returns,ID_returns,0.0
CSPR_returns,SUSHI_returns,0.0
CSPR_returns,CSPR_returns,0.0
CSPR_returns,HOT_returns,0.0
CSPR_returns,SC_returns,0.0
CSPR_returns,YFI_returns,0.0
CSPR_returns,RVN_returns,0.0
CSPR_returns,COW_returns,0.0
CSPR_returns,ANKR_returns,0.0
CSPR_returns,GOMINING_returns,0.0
CSPR_returns,XCH_returns,0.32451416028000113
CSPR_returns,DGB_returns,0.0
CSPR_returns,T_returns,0.0
CSPR_returns,WOO_returns,0.0
CSPR_returns,ELF_returns,0.0
CSPR_returns,EUL_returns,0.0
CSPR_returns,ORCA_returns,0.0
CSPR_returns,KDA_returns,0.0
CSPR_returns,OSMO_returns,0.0
CSPR_returns,GMT_returns,0.0
CSPR_returns,SNT_returns,0.0
CSPR_returns,GMX_returns,0.0
CSPR_returns,ENJ_returns,0.0
CSPR_returns,XYO_returns,0.0
CSPR_returns,POLYX_returns,0.0
CSPR_returns,ZIG_returns,0.0
CSPR_returns,ZEN_returns,0.0
CSPR_returns,COTI_returns,0.0
CSPR_returns,WEMIX_returns,0.24101927947430585
CSPR_returns,SKL_returns,0.0
CSPR_returns,LCX_returns,0.0
CSPR_returns,WAVES_returns,0.0
CSPR_returns,CVC_returns,0.0
CSPR_returns,SWFTC_returns,0.0
CSPR_returns,LUNA_returns,0.0
CSPR_returns,HIVE_returns,0.0
CSPR_returns,RLB_returns,0.0
CSPR_returns,LRC_returns,0.2677614659573953
CSPR_returns,DAG_returns,0.0
CSPR_returns,ONT_returns,0.0
CSPR_returns,TRB_returns,0.0
CSPR_returns,XNO_returns,0.0
CSPR_returns,DLC_returns,0.0
CSPR_returns,METIS_returns,0.0
CSPR_returns,ICX_returns,0.0
CSPR_returns,MYTH_returns,0.0
CSPR_returns,MPLX_returns,0.0
CSPR_returns,SXP_returns,0.0
CSPR_returns,XVG_returns,0.0
CSPR_returns,PEOPLE_returns,0.0
CSPR_returns,AWE_returns,0.0
CSPR_returns,REQ_returns,0.0
CSPR_returns,STORJ_returns,0.0
CSPR_returns,BAND_returns,0.0
CSPR_returns,WMTX_returns,0.0
CSPR_returns,CFG_returns,0.0
CSPR_returns,HONEY_returns,0.0
CSPR_returns,PRO_returns,0.0
CSPR_returns,PRIME_returns,0.0
CSPR_returns,VVS_returns,0.0
CSPR_returns,CPOOL_returns,0.0
CSPR_returns,YGG_returns,0.0
CSPR_returns,SSV_returns,0.0
CSPR_returns,CETUS_returns,0.0
CSPR_returns,CGPT_returns,0.0
CSPR_returns,STIK_returns,0.0
CSPR_returns,PHA_returns,0.0
CSPR_returns,XVS_returns,0.0
CSPR_returns,KUB_returns,0.0
CSPR_returns,BICO_returns,0.0
CSPR_returns,UMA_returns,0.0
CSPR_returns,WAXP_returns,0.0
CSPR_returns,XPR_returns,0.0
CSPR_returns,RPL_returns,0.0
CSPR_returns,PUNDIX_returns,0.0
CSPR_returns,FLUX_returns,0.0
CSPR_returns,BORA_returns,0.0
CSPR_returns,POWR_returns,0.0
CSPR_returns,AUDIO_returns,0.0
CSPR_returns,PROM_returns,0.0
CSPR_returns,IOST_returns,0.0
CSPR_returns,ACX_returns,0.0
CSPR_returns,ARDR_returns,0.0
CSPR_returns,SPELL_returns,0.0
CSPR_returns,ORBR_returns,0.0
CSPR_returns,LSK_returns,0.0
CSPR_returns,XOR_returns,0.0
CSPR_returns,GLMR_returns,0.2841014005532698
CSPR_returns,BMX_returns,0.0
CSPR_returns,MVL_returns,0.0
CSPR_returns,ABT_returns,0.0
CSPR_returns,VELO_returns,0.0
CSPR_returns,IQ_returns,0.0
CSPR_returns,AGI_returns,0.0
CSPR_returns,WILD_returns,0.0
CSPR_returns,XEM_returns,0.0
CSPR_returns,LON_returns,0.0
CSPR_returns,POND_returns,0.0
CSPR_returns,ACT_returns,-0.11589183120862448
CSPR_returns,XRD_returns,0.0
CSPR_returns,RLC_returns,0.0
CSPR_returns,ILV_returns,0.0
CSPR_returns,FIDA_returns,0.0
CSPR_returns,BNT_returns,0.0
CSPR_returns,DENT_returns,0.0
CSPR_returns,ORBS_returns,0.0
CSPR_returns,ONG_returns,0.0
CSPR_returns,CHR_returns,0.0
CSPR_returns,HEART_returns,0.0
CSPR_returns,VANRY_returns,0.0
CSPR_returns,LQTY_returns,0.0
CSPR_returns,KEEP_returns,0.0
CSPR_returns,DKA_returns,0.0
CSPR_returns,ELON_returns,0.0
CSPR_returns,ARK_returns,0.0
CSPR_returns,MLK_returns,0.0
CSPR_returns,AL_returns,0.0
CSPR_returns,JOE_returns,0.0
CSPR_returns,CELR_returns,0.0
CSPR_returns,STEEM_returns,0.0
CSPR_returns,BAL_returns,0.0
CSPR_returns,PCI_returns,0.0
CSPR_returns,MOVR_returns,0.0
CSPR_returns,AUCTION_returns,0.0
CSPR_returns,AERGO_returns,0.0
CSPR_returns,MED_returns,0.0
CSPR_returns,NMR_returns,0.0
CSPR_returns,API3_returns,0.0
CSPR_returns,AGLD_returns,0.0
CSPR_returns,BONE_returns,0.0
CSPR_returns,SLP_returns,0.0
CSPR_returns,MTL_returns,0.0
CSPR_returns,KNC_returns,0.0
CSPR_returns,CTSI_returns,0.0
CSPR_returns,BTRST_returns,0.0
CSPR_returns,SCRT_returns,0.39171649589911917
CSPR_returns,OMI_returns,0.0
CSPR_returns,GEOD_returns,0.0
CSPR_returns,EDU_returns,0.0
CSPR_returns,0x0_returns,0.0
CSPR_returns,KUJI_returns,0.0
HOT_returns,CTC_returns,0.0
HOT_returns,MINA_returns,0.0
HOT_returns,DASH_returns,0.0
HOT_returns,SFP_returns,0.0
HOT_returns,BabyDoge_returns,0.2764074662623083
HOT_returns,SNX_returns,0.45465694951505137
HOT_returns,TFUEL_returns,0.0
HOT_returns,DCR_returns,0.0
HOT_returns,GLM_returns,0.0
HOT_returns,MX_returns,0.0
HOT_returns,ZIL_returns,0.6053625385229614
HOT_returns,BLUR_returns,0.0
HOT_returns,ROSE_returns,0.0
HOT_returns,CKB_returns,0.0
HOT_returns,TRAC_returns,0.0
HOT_returns,QTUM_returns,0.0
HOT_returns,ORDI_returns,0.0
HOT_returns,LPT_returns,0.0
HOT_returns,MASK_returns,0.0
HOT_returns,ASTR_returns,0.44275419490864326
HOT_returns,ZRX_returns,0.0
HOT_returns,VTHO_returns,0.33288692671680437
HOT_returns,ACH_returns,0.0
HOT_returns,BAT_returns,0.5608366417260581
HOT_returns,CHEEL_returns,0.0
HOT_returns,CHEX_returns,0.0
HOT_returns,SNEK_returns,0.0
HOT_returns,BORG_returns,0.0
HOT_returns,KOGE_returns,0.0
HOT_returns,IOTX_returns,0.0
HOT_returns,CELO_returns,0.0
HOT_returns,GAS_returns,0.0
HOT_returns,ONE_returns,0.5686121231876925
HOT_returns,ID_returns,0.0
HOT_returns,SUSHI_returns,0.0
HOT_returns,CSPR_returns,0.0
HOT_returns,HOT_returns,0.0
HOT_returns,SC_returns,0.0
HOT_returns,YFI_returns,0.0
HOT_returns,RVN_returns,0.0
HOT_returns,COW_returns,0.0
HOT_returns,ANKR_returns,0.0
HOT_returns,GOMINING_returns,0.0
HOT_returns,XCH_returns,0.36209225699637804
HOT_returns,DGB_returns,0.38157608085631073
HOT_returns,T_returns,0.0
HOT_returns,WOO_returns,0.0
HOT_returns,ELF_returns,0.0
HOT_returns,EUL_returns,0.0
HOT_returns,ORCA_returns,0.0
HOT_returns,KDA_returns,0.0
HOT_returns,OSMO_returns,0.0
HOT_returns,GMT_returns,0.0
HOT_returns,SNT_returns,0.0
HOT_returns,GMX_returns,0.3692393846762306
HOT_returns,ENJ_returns,0.5994829268887304
HOT_returns,XYO_returns,0.0
HOT_returns,POLYX_returns,0.0
HOT_returns,ZIG_returns,0.0
HOT_returns,ZEN_returns,0.0
HOT_returns,COTI_returns,0.0
HOT_returns,WEMIX_returns,0.0
HOT_returns,SKL_returns,0.0
HOT_returns,LCX_returns,0.0
HOT_returns,WAVES_returns,0.0
HOT_returns,CVC_returns,0.0
HOT_returns,SWFTC_returns,0.0
HOT_returns,LUNA_returns,0.0
HOT_returns,HIVE_returns,0.0
HOT_returns,RLB_returns,0.0
HOT_returns,LRC_returns,0.0
HOT_returns,DAG_returns,0.27087985112411395
HOT_returns,ONT_returns,0.0
HOT_returns,TRB_returns,0.3196961118003308
HOT_returns,XNO_returns,0.0
HOT_returns,DLC_returns,0.0
HOT_returns,METIS_returns,0.0
HOT_returns,ICX_returns,0.0
HOT_returns,MYTH_returns,0.0
HOT_returns,MPLX_returns,0.0
HOT_returns,SXP_returns,0.0
HOT_returns,XVG_returns,0.0
HOT_returns,PEOPLE_returns,0.0
HOT_returns,AWE_returns,0.0
HOT_returns,REQ_returns,0.0
HOT_returns,STORJ_returns,0.0
HOT_returns,BAND_returns,0.5274542982575895
HOT_returns,WMTX_returns,0.0
HOT_returns,CFG_returns,0.0
HOT_returns,HONEY_returns,0.0
HOT_returns,PRO_returns,0.0
HOT_returns,PRIME_returns,0.0
HOT_returns,VVS_returns,0.3119510190705115
HOT_returns,CPOOL_returns,0.0
HOT_returns,YGG_returns,0.0
HOT_returns,SSV_returns,0.0
HOT_returns,CETUS_returns,0.0
HOT_returns,CGPT_returns,0.0
HOT_returns,STIK_returns,-0.023459022865580593
HOT_returns,PHA_returns,0.0
HOT_returns,XVS_returns,0.0
HOT_returns,KUB_returns,0.0
HOT_returns,BICO_returns,0.0
HOT_returns,UMA_returns,0.0
HOT_returns,WAXP_returns,0.0
HOT_returns,XPR_returns,0.0
HOT_returns,RPL_returns,0.0
HOT_returns,PUNDIX_returns,0.0
HOT_returns,FLUX_returns,0.0
HOT_returns,BORA_returns,0.0
HOT_returns,POWR_returns,0.0
HOT_returns,AUDIO_returns,0.0
HOT_returns,PROM_returns,0.0
HOT_returns,IOST_returns,0.0
HOT_returns,ACX_returns,0.0
HOT_returns,ARDR_returns,0.0
HOT_returns,SPELL_returns,0.3600699642778989
HOT_returns,ORBR_returns,0.0
HOT_returns,LSK_returns,0.0
HOT_returns,XOR_returns,0.0
HOT_returns,GLMR_returns,0.0
HOT_returns,BMX_returns,0.0
HOT_returns,MVL_returns,0.0
HOT_returns,ABT_returns,0.0
HOT_returns,VELO_returns,0.0
HOT_returns,IQ_returns,0.0
HOT_returns,AGI_returns,0.0
HOT_returns,WILD_returns,0.1934549967677881
HOT_returns,XEM_returns,0.0
HOT_returns,LON_returns,0.0
HOT_returns,POND_returns,0.0
HOT_returns,ACT_returns,0.0
HOT_returns,XRD_returns,0.0
HOT_returns,RLC_returns,0.0
HOT_returns,ILV_returns,0.0
HOT_returns,FIDA_returns,0.38758292788399845
HOT_returns,BNT_returns,0.0
HOT_returns,DENT_returns,0.6752328249827858
HOT_returns,ORBS_returns,0.0
HOT_returns,ONG_returns,0.0
HOT_returns,CHR_returns,0.0
HOT_returns,HEART_returns,0.0
HOT_returns,VANRY_returns,0.48986583419680024
HOT_returns,LQTY_returns,0.0
HOT_returns,KEEP_returns,0.0
HOT_returns,DKA_returns,0.0
HOT_returns,ELON_returns,0.2084119290021761
HOT_returns,ARK_returns,0.0
HOT_returns,MLK_returns,0.0
HOT_returns,AL_returns,0.0
HOT_returns,JOE_returns,0.0
HOT_returns,CELR_returns,0.0
HOT_returns,STEEM_returns,0.0
HOT_returns,BAL_returns,0.0
HOT_returns,PCI_returns,0.0
HOT_returns,MOVR_returns,0.0
HOT_returns,AUCTION_returns,0.0
HOT_returns,AERGO_returns,0.0
HOT_returns,MED_returns,0.0
HOT_returns,NMR_returns,0.0
HOT_returns,API3_returns,0.0
HOT_returns,AGLD_returns,0.0
HOT_returns,BONE_returns,0.2680907847986375
HOT_returns,SLP_returns,0.4223361012281604
HOT_returns,MTL_returns,0.0
HOT_returns,KNC_returns,0.0
HOT_returns,CTSI_returns,0.0
HOT_returns,BTRST_returns,0.0
HOT_returns,SCRT_returns,0.32145549512888016
HOT_returns,OMI_returns,0.0
HOT_returns,GEOD_returns,0.0
HOT_returns,EDU_returns,0.0
HOT_returns,0x0_returns,0.0
HOT_returns,KUJI_returns,0.0
SC_returns,CTC_returns,0.0
SC_returns,MINA_returns,0.0
SC_returns,DASH_returns,0.0
SC_returns,SFP_returns,0.0
SC_returns,BabyDoge_returns,0.0
SC_returns,SNX_returns,0.0
SC_returns,TFUEL_returns,0.0
SC_returns,DCR_returns,0.0
SC_returns,GLM_returns,0.0
SC_returns,MX_returns,0.0
SC_returns,ZIL_returns,0.0
SC_returns,BLUR_returns,0.0
SC_returns,ROSE_returns,0.0
SC_returns,CKB_returns,0.0
SC_returns,TRAC_returns,0.0
SC_returns,QTUM_returns,0.0
SC_returns,ORDI_returns,0.0
SC_returns,LPT_returns,0.0
SC_returns,MASK_returns,0.0
SC_returns,ASTR_returns,0.0
SC_returns,ZRX_returns,0.0
SC_returns,VTHO_returns,0.0
SC_returns,ACH_returns,0.0
SC_returns,BAT_returns,0.3969341252638883
SC_returns,CHEEL_returns,0.0
SC_returns,CHEX_returns,0.0
SC_returns,SNEK_returns,0.0
SC_returns,BORG_returns,0.0
SC_returns,KOGE_returns,0.0
SC_returns,IOTX_returns,0.0
SC_returns,CELO_returns,0.0
SC_returns,GAS_returns,0.0
SC_returns,ONE_returns,0.0
SC_returns,ID_returns,0.0
SC_returns,SUSHI_returns,0.0
SC_returns,CSPR_returns,0.0
SC_returns,HOT_returns,0.0
SC_returns,SC_returns,0.0
SC_returns,YFI_returns,0.0
SC_returns,RVN_returns,0.0
SC_returns,COW_returns,0.0
SC_returns,ANKR_returns,0.0
SC_returns,GOMINING_returns,0.0
SC_returns,XCH_returns,0.0
SC_returns,DGB_returns,0.0
SC_returns,T_returns,0.0
SC_returns,WOO_returns,0.0
SC_returns,ELF_returns,0.0
SC_returns,EUL_returns,0.0
SC_returns,ORCA_returns,0.0
SC_returns,KDA_returns,0.0
SC_returns,OSMO_returns,0.0
SC_returns,GMT_returns,0.0
SC_returns,SNT_returns,0.0
SC_returns,GMX_returns,0.0
SC_returns,ENJ_returns,0.0
SC_returns,XYO_returns,0.0
SC_returns,POLYX_returns,0.0
SC_returns,ZIG_returns,0.0
SC_returns,ZEN_returns,0.0
SC_returns,COTI_returns,0.0
SC_returns,WEMIX_returns,0.0
SC_returns,SKL_returns,0.0
SC_returns,LCX_returns,0.0
SC_returns,WAVES_returns,0.0
SC_returns,CVC_returns,0.0
SC_returns,SWFTC_returns,0.0
SC_returns,LUNA_returns,0.0
SC_returns,HIVE_returns,0.0
SC_returns,RLB_returns,0.0
SC_returns,LRC_returns,0.0
SC_returns,DAG_returns,0.0
SC_returns,ONT_returns,0.0
SC_returns,TRB_returns,0.0
SC_returns,XNO_returns,0.0
SC_returns,DLC_returns,0.0
SC_returns,METIS_returns,0.0
SC_returns,ICX_returns,0.39217148333609503
SC_returns,MYTH_returns,0.0
SC_returns,MPLX_returns,0.0
SC_returns,SXP_returns,0.0
SC_returns,XVG_returns,0.0
SC_returns,PEOPLE_returns,0.0
SC_returns,AWE_returns,0.0
SC_returns,REQ_returns,0.0
SC_returns,STORJ_returns,0.0
SC_returns,BAND_returns,0.0
SC_returns,WMTX_returns,0.0
SC_returns,CFG_returns,0.0
SC_returns,HONEY_returns,0.0
SC_returns,PRO_returns,0.0
SC_returns,PRIME_returns,0.0
SC_returns,VVS_returns,0.0
SC_returns,CPOOL_returns,0.0
SC_returns,YGG_returns,0.0
SC_returns,SSV_returns,0.0
SC_returns,CETUS_returns,0.0
SC_returns,CGPT_returns,0.0
SC_returns,STIK_returns,0.0
SC_returns,PHA_returns,0.0
SC_returns,XVS_returns,0.0
SC_returns,KUB_returns,0.0
SC_returns,BICO_returns,0.0
SC_returns,UMA_returns,0.0
SC_returns,WAXP_returns,0.3978857314138273
SC_returns,XPR_returns,0.0
SC_returns,RPL_returns,0.0
SC_returns,PUNDIX_returns,0.0
SC_returns,FLUX_returns,0.0
SC_returns,BORA_returns,0.0
SC_returns,POWR_returns,0.0
SC_returns,AUDIO_returns,0.0
SC_returns,PROM_returns,0.0
SC_returns,IOST_returns,0.38585188110910706
SC_returns,ACX_returns,0.0
SC_returns,ARDR_returns,0.0
SC_returns,SPELL_returns,0.0
SC_returns,ORBR_returns,0.0
SC_returns,LSK_returns,0.0
SC_returns,XOR_returns,0.0
SC_returns,GLMR_returns,0.0
SC_returns,BMX_returns,0.0
SC_returns,MVL_returns,0.0
SC_returns,ABT_returns,0.0
SC_returns,VELO_returns,0.0
SC_returns,IQ_returns,0.4446812428995756
SC_returns,AGI_returns,0.0
SC_returns,WILD_returns,0.0
SC_returns,XEM_returns,0.0
SC_returns,LON_returns,0.0
SC_returns,POND_returns,0.0
SC_returns,ACT_returns,0.0
SC_returns,XRD_returns,0.0
SC_returns,RLC_returns,0.0
SC_returns,ILV_returns,0.0
SC_returns,FIDA_returns,0.0
SC_returns,BNT_returns,0.0
SC_returns,DENT_returns,0.0
SC_returns,ORBS_returns,0.0
SC_returns,ONG_returns,0.0
SC_returns,CHR_returns,0.0
SC_returns,HEART_returns,0.0
SC_returns,VANRY_returns,0.0
SC_returns,LQTY_returns,0.0
SC_returns,KEEP_returns,0.0
SC_returns,DKA_returns,0.0
SC_returns,ELON_returns,-0.009227346133447535
SC_returns,ARK_returns,0.0
SC_returns,MLK_returns,0.0
SC_returns,AL_returns,0.0
SC_returns,JOE_returns,0.0
SC_returns,CELR_returns,0.0
SC_returns,STEEM_returns,0.0
SC_returns,BAL_returns,0.0
SC_returns,PCI_returns,0.0
SC_returns,MOVR_returns,0.0
SC_returns,AUCTION_returns,0.0
SC_returns,AERGO_returns,0.0
SC_returns,MED_returns,0.4378845292341789
SC_returns,NMR_returns,0.0
SC_returns,API3_returns,0.0
SC_returns,AGLD_returns,0.0
SC_returns,BONE_returns,0.0
SC_returns,SLP_returns,0.0
SC_returns,MTL_returns,0.0
SC_returns,KNC_returns,0.0
SC_returns,CTSI_returns,0.0
SC_returns,BTRST_returns,0.0
SC_returns,SCRT_returns,0.0
SC_returns,OMI_returns,0.0
SC_returns,GEOD_returns,0.0
SC_returns,EDU_returns,0.0
SC_returns,0x0_returns,0.0
SC_returns,KUJI_returns,0.0
YFI_returns,CTC_returns,0.0
YFI_returns,MINA_returns,0.0
YFI_returns,DASH_returns,0.42991874760409876
YFI_returns,SFP_returns,0.0
YFI_returns,BabyDoge_returns,0.0
YFI_returns,SNX_returns,0.0
YFI_returns,TFUEL_returns,0.0
YFI_returns,DCR_returns,0.0
YFI_returns,GLM_returns,0.0
YFI_returns,MX_returns,0.0
YFI_returns,ZIL_returns,0.39451975270987505
YFI_returns,BLUR_returns,0.0
YFI_returns,ROSE_returns,0.0
YFI_returns,CKB_returns,0.0
YFI_returns,TRAC_returns,0.0
YFI_returns,QTUM_returns,0.0
YFI_returns,ORDI_returns,0.0
YFI_returns,LPT_returns,0.0
YFI_returns,MASK_returns,0.0
YFI_returns,ASTR_returns,0.0
YFI_returns,ZRX_returns,0.0
YFI_returns,VTHO_returns,0.0
YFI_returns,ACH_returns,0.0
YFI_returns,BAT_returns,0.4058122749794461
YFI_returns,CHEEL_returns,0.0
YFI_returns,CHEX_returns,0.0
YFI_returns,SNEK_returns,0.0
YFI_returns,BORG_returns,0.0
YFI_returns,KOGE_returns,0.0
YFI_returns,IOTX_returns,0.0
YFI_returns,CELO_returns,0.0
YFI_returns,GAS_returns,0.0
YFI_returns,ONE_returns,0.38148527096383683
YFI_returns,ID_returns,0.0
YFI_returns,SUSHI_returns,0.0
YFI_returns,CSPR_returns,0.0
YFI_returns,HOT_returns,0.0
YFI_returns,SC_returns,0.0
YFI_returns,YFI_returns,0.0
YFI_returns,RVN_returns,0.0
YFI_returns,COW_returns,0.0
YFI_returns,ANKR_returns,0.0
YFI_returns,GOMINING_returns,0.0
YFI_returns,XCH_returns,0.0
YFI_returns,DGB_returns,0.0
YFI_returns,T_returns,0.0
YFI_returns,WOO_returns,0.0
YFI_returns,ELF_returns,0.0
YFI_returns,EUL_returns,0.0
YFI_returns,ORCA_returns,0.2283232703027053
YFI_returns,KDA_returns,0.0
YFI_returns,OSMO_returns,0.0
YFI_returns,GMT_returns,0.0
YFI_returns,SNT_returns,0.0
YFI_returns,GMX_returns,0.0
YFI_returns,ENJ_returns,0.0
YFI_returns,XYO_returns,0.0
YFI_returns,POLYX_returns,0.0
YFI_returns,ZIG_returns,0.0
YFI_returns,ZEN_returns,0.0
YFI_returns,COTI_returns,0.0
YFI_returns,WEMIX_returns,0.0
YFI_returns,SKL_returns,0.0
YFI_returns,LCX_returns,0.0
YFI_returns,WAVES_returns,0.0
YFI_returns,CVC_returns,0.36486947191717467
YFI_returns,SWFTC_returns,0.0
YFI_returns,LUNA_returns,0.0
YFI_returns,HIVE_returns,0.0
YFI_returns,RLB_returns,0.0
YFI_returns,LRC_returns,0.0
YFI_returns,DAG_returns,0.0
YFI_returns,ONT_returns,0.0
YFI_returns,TRB_returns,0.0
YFI_returns,XNO_returns,0.0
YFI_returns,DLC_returns,0.0
YFI_returns,METIS_returns,0.0
YFI_returns,ICX_returns,0.366792374300072
YFI_returns,MYTH_returns,0.0
YFI_returns,MPLX_returns,0.0
YFI_returns,SXP_returns,0.0
YFI_returns,XVG_returns,0.0
YFI_returns,PEOPLE_returns,0.0
YFI_returns,AWE_returns,0.0
YFI_returns,REQ_returns,0.0
YFI_returns,STORJ_returns,0.0
YFI_returns,BAND_returns,0.0
YFI_returns,WMTX_returns,0.0
YFI_returns,CFG_returns,0.0
YFI_returns,HONEY_returns,0.0
YFI_returns,PRO_returns,0.0
YFI_returns,PRIME_returns,0.0
YFI_returns,VVS_returns,0.0
YFI_returns,CPOOL_returns,0.0
YFI_returns,YGG_returns,0.0
YFI_returns,SSV_returns,0.0
YFI_returns,CETUS_returns,0.0
YFI_returns,CGPT_returns,0.0
YFI_returns,STIK_returns,0.0
YFI_returns,PHA_returns,0.0
YFI_returns,XVS_returns,0.0
YFI_returns,KUB_returns,0.0
YFI_returns,BICO_returns,0.0
YFI_returns,UMA_returns,0.0
YFI_returns,WAXP_returns,0.0
YFI_returns,XPR_returns,0.0
YFI_returns,RPL_returns,0.0
YFI_returns,PUNDIX_returns,0.0
YFI_returns,FLUX_returns,0.0
YFI_returns,BORA_returns,0.0
YFI_returns,POWR_returns,0.0
YFI_returns,AUDIO_returns,0.0
YFI_returns,PROM_returns,0.0
YFI_returns,IOST_returns,0.0
YFI_returns,ACX_returns,0.0
YFI_returns,ARDR_returns,0.0
YFI_returns,SPELL_returns,0.0
YFI_returns,ORBR_returns,0.0
YFI_returns,LSK_returns,0.0
YFI_returns,XOR_returns,0.0
YFI_returns,GLMR_returns,0.0
YFI_returns,BMX_returns,0.0
YFI_returns,MVL_returns,0.0
YFI_returns,ABT_returns,0.0
YFI_returns,VELO_returns,0.0
YFI_returns,IQ_returns,0.0
YFI_returns,AGI_returns,0.0
YFI_returns,WILD_returns,0.0
YFI_returns,XEM_returns,0.0
YFI_returns,LON_returns,0.0
YFI_returns,POND_returns,0.0
YFI_returns,ACT_returns,0.0
YFI_returns,XRD_returns,0.0
YFI_returns,RLC_returns,0.0
YFI_returns,ILV_returns,0.0
YFI_returns,FIDA_returns,0.0
YFI_returns,BNT_returns,0.0
YFI_returns,DENT_returns,0.0
YFI_returns,ORBS_returns,0.0
YFI_returns,ONG_returns,0.0
YFI_returns,CHR_returns,0.0
YFI_returns,HEART_returns,0.0
YFI_returns,VANRY_returns,0.0
YFI_returns,LQTY_returns,0.0
YFI_returns,KEEP_returns,0.0
YFI_returns,DKA_returns,0.0
YFI_returns,ELON_returns,0.0
YFI_returns,ARK_returns,0.0
YFI_returns,MLK_returns,0.0
YFI_returns,AL_returns,0.0
YFI_returns,JOE_returns,0.0
YFI_returns,CELR_returns,0.0
YFI_returns,STEEM_returns,0.0
YFI_returns,BAL_returns,0.0
YFI_returns,PCI_returns,0.0
YFI_returns,MOVR_returns,0.0
YFI_returns,AUCTION_returns,0.0
YFI_returns,AERGO_returns,0.0
YFI_returns,MED_returns,0.0
YFI_returns,NMR_returns,0.0
YFI_returns,API3_returns,0.0
YFI_returns,AGLD_returns,0.0
YFI_returns,BONE_returns,0.0
YFI_returns,SLP_returns,0.0
YFI_returns,MTL_returns,0.0
YFI_returns,KNC_returns,0.0
YFI_returns,CTSI_returns,0.0
YFI_returns,BTRST_returns,0.0
YFI_returns,SCRT_returns,0.0
YFI_returns,OMI_returns,0.0
YFI_returns,GEOD_returns,0.0
YFI_returns,EDU_returns,0.0
YFI_returns,0x0_returns,0.0
YFI_returns,KUJI_returns,0.0
RVN_returns,CTC_returns,0.0
RVN_returns,MINA_returns,0.0
RVN_returns,DASH_returns,0.0
RVN_returns,SFP_returns,0.0
RVN_returns,BabyDoge_returns,0.0
RVN_returns,SNX_returns,0.0
RVN_returns,TFUEL_returns,0.0
RVN_returns,DCR_returns,0.0
RVN_returns,GLM_returns,0.0
RVN_returns,MX_returns,0.0
RVN_returns,ZIL_returns,0.5713609615800166
RVN_returns,BLUR_returns,0.0
RVN_returns,ROSE_returns,0.0
RVN_returns,CKB_returns,0.0
RVN_returns,TRAC_returns,0.0
RVN_returns,QTUM_returns,0.0
RVN_returns,ORDI_returns,0.0
RVN_returns,LPT_returns,0.0
RVN_returns,MASK_returns,0.0
RVN_returns,ASTR_returns,0.0
RVN_returns,ZRX_returns,0.0
RVN_returns,VTHO_returns,0.0
RVN_returns,ACH_returns,0.0
RVN_returns,BAT_returns,0.5319623741219308
RVN_returns,CHEEL_returns,0.0
RVN_returns,CHEX_returns,0.0
RVN_returns,SNEK_returns,0.0
RVN_returns,BORG_returns,0.0
RVN_returns,KOGE_returns,0.0
RVN_returns,IOTX_returns,0.0
RVN_returns,CELO_returns,0.0
RVN_returns,GAS_returns,0.0
RVN_returns,ONE_returns,0.0
RVN_returns,ID_returns,0.0
RVN_returns,SUSHI_returns,0.0
RVN_returns,CSPR_returns,0.0
RVN_returns,HOT_returns,0.0
RVN_returns,SC_returns,0.0
RVN_returns,YFI_returns,0.0
RVN_returns,RVN_returns,0.0
RVN_returns,COW_returns,0.0
RVN_returns,ANKR_returns,0.0
RVN_returns,GOMINING_returns,0.0
RVN_returns,XCH_returns,0.0
RVN_returns,DGB_returns,0.3657726471193588
RVN_returns,T_returns,0.0
RVN_returns,WOO_returns,0.0
RVN_returns,ELF_returns,0.0
RVN_returns,EUL_returns,0.0
RVN_returns,ORCA_returns,0.0
RVN_returns,KDA_returns,0.0
RVN_returns,OSMO_returns,0.0
RVN_returns,GMT_returns,0.0
RVN_returns,SNT_returns,0.0
RVN_returns,GMX_returns,0.0
RVN_returns,ENJ_returns,0.0
RVN_returns,XYO_returns,0.0
RVN_returns,POLYX_returns,0.0
RVN_returns,ZIG_returns,0.0
RVN_returns,ZEN_returns,0.0
RVN_returns,COTI_returns,0.0
RVN_returns,WEMIX_returns,0.0
RVN_returns,SKL_returns,0.0
RVN_returns,LCX_returns,0.0
RVN_returns,WAVES_returns,0.0
RVN_returns,CVC_returns,0.0
RVN_returns,SWFTC_returns,0.0
RVN_returns,LUNA_returns,0.0
RVN_returns,HIVE_returns,0.0
RVN_returns,RLB_returns,0.0
RVN_returns,LRC_returns,0.4933408437531393
RVN_returns,DAG_returns,0.0
RVN_returns,ONT_returns,0.0
RVN_returns,TRB_returns,0.0
RVN_returns,XNO_returns,0.0
RVN_returns,DLC_returns,0.0
RVN_returns,METIS_returns,0.0
RVN_returns,ICX_returns,0.5140827507329407
RVN_returns,MYTH_returns,0.0
RVN_returns,MPLX_returns,0.0
RVN_returns,SXP_returns,0.0
RVN_returns,XVG_returns,0.33146693395481325
RVN_returns,PEOPLE_returns,0.0
RVN_returns,AWE_returns,0.0
RVN_returns,REQ_returns,0.3714889673924837
RVN_returns,STORJ_returns,0.0
RVN_returns,BAND_returns,0.0
RVN_returns,WMTX_returns,0.0
RVN_returns,CFG_returns,0.0
RVN_returns,HONEY_returns,0.0
RVN_returns,PRO_returns,0.0
RVN_returns,PRIME_returns,0.0
RVN_returns,VVS_returns,0.0
RVN_returns,CPOOL_returns,0.0
RVN_returns,YGG_returns,0.0
RVN_returns,SSV_returns,0.0
RVN_returns,CETUS_returns,0.0
RVN_returns,CGPT_returns,0.0
RVN_returns,STIK_returns,-0.018416858801677833
RVN_returns,PHA_returns,0.0
RVN_returns,XVS_returns,0.0
RVN_returns,KUB_returns,0.0
RVN_returns,BICO_returns,0.0
RVN_returns,UMA_returns,0.0
RVN_returns,WAXP_returns,0.0
RVN_returns,XPR_returns,0.0
RVN_returns,RPL_returns,0.0
RVN_returns,PUNDIX_returns,0.0
RVN_returns,FLUX_returns,0.0
RVN_returns,BORA_returns,0.0
RVN_returns,POWR_returns,0.0
RVN_returns,AUDIO_returns,0.0
RVN_returns,PROM_returns,0.0
RVN_returns,IOST_returns,0.49321694510951924
RVN_returns,ACX_returns,0.0
RVN_returns,ARDR_returns,0.0
RVN_returns,SPELL_returns,0.0
RVN_returns,ORBR_returns,0.0
RVN_returns,LSK_returns,0.0
RVN_returns,XOR_returns,0.0
RVN_returns,GLMR_returns,0.0
RVN_returns,BMX_returns,0.0
RVN_returns,MVL_returns,0.0
RVN_returns,ABT_returns,0.0
RVN_returns,VELO_returns,0.0
RVN_returns,IQ_returns,0.0
RVN_returns,AGI_returns,0.0
RVN_returns,WILD_returns,0.0
RVN_returns,XEM_returns,0.0
RVN_returns,LON_returns,0.0
RVN_returns,POND_returns,0.0
RVN_returns,ACT_returns,0.0
RVN_returns,XRD_returns,0.0
RVN_returns,RLC_returns,0.0
RVN_returns,ILV_returns,0.0
RVN_returns,FIDA_returns,0.0
RVN_returns,BNT_returns,0.0
RVN_returns,DENT_returns,0.5038001412845253
RVN_returns,ORBS_returns,0.0
RVN_returns,ONG_returns,0.0
RVN_returns,CHR_returns,0.0
RVN_returns,HEART_returns,0.17546538487667412
RVN_returns,VANRY_returns,0.0
RVN_returns,LQTY_returns,0.0
RVN_returns,KEEP_returns,0.0
RVN_returns,DKA_returns,0.0
RVN_returns,ELON_returns,0.16922489080827463
RVN_returns,ARK_returns,0.0
RVN_returns,MLK_returns,0.0
RVN_returns,AL_returns,0.0
RVN_returns,JOE_returns,0.0
RVN_returns,CELR_returns,0.0
RVN_returns,STEEM_returns,0.0
RVN_returns,BAL_returns,0.0
RVN_returns,PCI_returns,0.0
RVN_returns,MOVR_returns,0.0
RVN_returns,AUCTION_returns,0.0
RVN_returns,AERGO_returns,0.0
RVN_returns,MED_returns,0.0
RVN_returns,NMR_returns,0.0
RVN_returns,API3_returns,0.0
RVN_returns,AGLD_returns,0.0
RVN_returns,BONE_returns,0.0
RVN_returns,SLP_returns,0.0
RVN_returns,MTL_returns,0.0
RVN_returns,KNC_returns,0.0
RVN_returns,CTSI_returns,0.0
RVN_returns,BTRST_returns,0.0
RVN_returns,SCRT_returns,0.0
RVN_returns,OMI_returns,0.0
RVN_returns,GEOD_returns,0.0
RVN_returns,EDU_returns,0.0
RVN_returns,0x0_returns,0.0
RVN_returns,KUJI_returns,0.0
COW_returns,CTC_returns,-0.002018718763748409
COW_returns,MINA_returns,0.0
COW_returns,DASH_returns,0.0
COW_returns,SFP_returns,0.0
COW_returns,BabyDoge_returns,0.0
COW_returns,SNX_returns,0.0
COW_returns,TFUEL_returns,0.0
COW_returns,DCR_returns,0.0
COW_returns,GLM_returns,0.0
COW_returns,MX_returns,0.0
COW_returns,ZIL_returns,0.0
COW_returns,BLUR_returns,0.0
COW_returns,ROSE_returns,0.0
COW_returns,CKB_returns,0.0
COW_returns,TRAC_returns,-0.00014099410953109995
COW_returns,QTUM_returns,0.0
COW_returns,ORDI_returns,0.15877913471278196
COW_returns,LPT_returns,0.0
COW_returns,MASK_returns,0.0
COW_returns,ASTR_returns,0.0
COW_returns,ZRX_returns,0.0
COW_returns,VTHO_returns,0.0
COW_returns,ACH_returns,0.0
COW_returns,BAT_returns,0.0
COW_returns,CHEEL_returns,-0.08775695376205576
COW_returns,CHEX_returns,0.0
COW_returns,SNEK_returns,0.0
COW_returns,BORG_returns,-0.0011974115569443101
COW_returns,KOGE_returns,-0.03616955055719077
COW_returns,IOTX_returns,0.0
COW_returns,CELO_returns,0.0
COW_returns,GAS_returns,0.0
COW_returns,ONE_returns,0.0
COW_returns,ID_returns,0.0
COW_returns,SUSHI_returns,0.0
COW_returns,CSPR_returns,0.0
COW_returns,HOT_returns,0.0
COW_returns,SC_returns,0.0
COW_returns,YFI_returns,0.0
COW_returns,RVN_returns,0.0
COW_returns,COW_returns,0.0
COW_returns,ANKR_returns,0.0
COW_returns,GOMINING_returns,0.0
COW_returns,XCH_returns,0.0
COW_returns,DGB_returns,0.0
COW_returns,T_returns,0.0
COW_returns,WOO_returns,0.0
COW_returns,ELF_returns,-0.05037744231064764
COW_returns,EUL_returns,0.0
COW_returns,ORCA_returns,0.0
COW_returns,KDA_returns,0.0
COW_returns,OSMO_returns,0.0
COW_returns,GMT_returns,0.0
COW_returns,SNT_returns,-0.000748583853727638
COW_returns,GMX_returns,0.18441000047464293
COW_returns,ENJ_returns,0.0
COW_returns,XYO_returns,-0.04425975323836059
COW_returns,POLYX_returns,0.0
COW_returns,ZIG_returns,0.0
COW_returns,ZEN_returns,0.18823523180213503
COW_returns,COTI_returns,0.0
COW_returns,WEMIX_returns,0.0
COW_returns,SKL_returns,0.0
COW_returns,LCX_returns,0.0
COW_returns,WAVES_returns,-0.025843115694637778
COW_returns,CVC_returns,0.0
COW_returns,SWFTC_returns,-0.010928322802897168
COW_returns,LUNA_returns,0.0
COW_returns,HIVE_returns,-0.014037192107254272
COW_returns,RLB_returns,0.0
COW_returns,LRC_returns,0.0
COW_returns,DAG_returns,-0.020424002712099713
COW_returns,ONT_returns,0.0
COW_returns,TRB_returns,0.0
COW_returns,XNO_returns,0.0
COW_returns,DLC_returns,-0.051399321002364794
COW_returns,METIS_returns,0.0
COW_returns,ICX_returns,0.0
COW_returns,MYTH_returns,0.0
COW_returns,MPLX_returns,-0.03218415191951471
COW_returns,SXP_returns,0.0
COW_returns,XVG_returns,0.0
COW_returns,PEOPLE_returns,0.0
COW_returns,AWE_returns,0.0
COW_returns,REQ_returns,0.0
COW_returns,STORJ_returns,0.0
COW_returns,BAND_returns,0.0
COW_returns,WMTX_returns,-0.011814633168667038
COW_returns,CFG_returns,0.0
COW_returns,HONEY_returns,0.0
COW_returns,PRO_returns,-0.04085630880973829
COW_returns,PRIME_returns,0.0
COW_returns,VVS_returns,0.0
COW_returns,CPOOL_returns,0.0
COW_returns,YGG_returns,0.0
COW_returns,SSV_returns,0.16617390106311575
COW_returns,CETUS_returns,0.21694434730513357
COW_returns,CGPT_returns,0.20429237849745338
COW_returns,STIK_returns,-0.08553707050853593
COW_returns,PHA_returns,0.0
COW_returns,XVS_returns,0.0
COW_returns,KUB_returns,-0.05886174936487502
COW_returns,BICO_returns,0.0
COW_returns,UMA_returns,0.0
COW_returns,WAXP_returns,0.0
COW_returns,XPR_returns,-0.034792649914494565
COW_returns,RPL_returns,0.0
COW_returns,PUNDIX_returns,0.0
COW_returns,FLUX_returns,0.0
COW_returns,BORA_returns,0.0
COW_returns,POWR_returns,0.0
COW_returns,AUDIO_returns,0.0
COW_returns,PROM_returns,-0.029440790050758395
COW_returns,IOST_returns,0.0
COW_returns,ACX_returns,0.0
COW_returns,ARDR_returns,0.0
COW_returns,SPELL_returns,0.0
COW_returns,ORBR_returns,-0.041175810748148654
COW_returns,LSK_returns,0.0
COW_returns,XOR_returns,0.0
COW_returns,GLMR_returns,0.0
COW_returns,BMX_returns,0.0
COW_returns,MVL_returns,-0.01211432523101592
COW_returns,ABT_returns,0.0
COW_returns,VELO_returns,0.0
COW_returns,IQ_returns,0.0
COW_returns,AGI_returns,0.0
COW_returns,WILD_returns,0.0
COW_returns,XEM_returns,0.0
COW_returns,LON_returns,-0.076697216940635
COW_returns,POND_returns,-0.007100451554473096
COW_returns,ACT_returns,0.0
COW_returns,XRD_returns,0.0
COW_returns,RLC_returns,0.0
COW_returns,ILV_returns,0.0
COW_returns,FIDA_returns,0.0
COW_returns,BNT_returns,0.0
COW_returns,DENT_returns,0.0
COW_returns,ORBS_returns,0.0
COW_returns,ONG_returns,0.0
COW_returns,CHR_returns,0.0
COW_returns,HEART_returns,-0.03610994286321951
COW_returns,VANRY_returns,0.0
COW_returns,LQTY_returns,0.0
COW_returns,KEEP_returns,-0.022130780998923492
COW_returns,DKA_returns,0.0
COW_returns,ELON_returns,0.0
COW_returns,ARK_returns,0.0
COW_returns,MLK_returns,0.0
COW_returns,AL_returns,-0.0636856482599558
COW_returns,JOE_returns,0.0
COW_returns,CELR_returns,0.0
COW_returns,STEEM_returns,0.0
COW_returns,BAL_returns,0.0
COW_returns,PCI_returns,0.0
COW_returns,MOVR_returns,0.0
COW_returns,AUCTION_returns,0.0
COW_returns,AERGO_returns,0.0
COW_returns,MED_returns,0.0
COW_returns,NMR_returns,0.0
COW_returns,API3_returns,0.0
COW_returns,AGLD_returns,0.0
COW_returns,BONE_returns,0.0
COW_returns,SLP_returns,0.0
COW_returns,MTL_returns,0.0
COW_returns,KNC_returns,0.0
COW_returns,CTSI_returns,0.0
COW_returns,BTRST_returns,0.0
COW_returns,SCRT_returns,0.0
COW_returns,OMI_returns,-0.04381447134162668
COW_returns,GEOD_returns,-0.05462057586004388
COW_returns,EDU_returns,0.0
COW_returns,0x0_returns,0.0
COW_returns,KUJI_returns,0.0
ANKR_returns,CTC_returns,0.27687913965072886
ANKR_returns,MINA_returns,0.0
ANKR_returns,DASH_returns,0.5441439817004602
ANKR_returns,SFP_returns,0.0
ANKR_returns,BabyDoge_returns,0.0
ANKR_returns,SNX_returns,0.0
ANKR_returns,TFUEL_returns,0.4589385844882354
ANKR_returns,DCR_returns,0.45940655525142216
ANKR_returns,GLM_returns,0.4079011546059246
ANKR_returns,MX_returns,0.0
ANKR_returns,ZIL_returns,0.6853602006216573
ANKR_returns,BLUR_returns,0.0
ANKR_returns,ROSE_returns,0.0
ANKR_returns,CKB_returns,0.0
ANKR_returns,TRAC_returns,0.0
ANKR_returns,QTUM_returns,0.0
ANKR_returns,ORDI_returns,0.0
ANKR_returns,LPT_returns,0.3460058536750235
ANKR_returns,MASK_returns,0.42771095318676694
ANKR_returns,ASTR_returns,0.0
ANKR_returns,ZRX_returns,0.4639453175215815
ANKR_returns,VTHO_returns,0.0
ANKR_returns,ACH_returns,0.4089420234016196
ANKR_returns,BAT_returns,0.6358596575856823
ANKR_returns,CHEEL_returns,0.0
ANKR_returns,CHEX_returns,0.0
ANKR_returns,SNEK_returns,0.0
ANKR_returns,BORG_returns,0.0
ANKR_returns,KOGE_returns,0.0
ANKR_returns,IOTX_returns,0.39774095889924527
ANKR_returns,CELO_returns,0.4512726188421898
ANKR_returns,GAS_returns,0.0
ANKR_returns,ONE_returns,0.0
ANKR_returns,ID_returns,0.0
ANKR_returns,SUSHI_returns,0.0
ANKR_returns,CSPR_returns,0.0
ANKR_returns,HOT_returns,0.0
ANKR_returns,SC_returns,0.0
ANKR_returns,YFI_returns,0.0
ANKR_returns,RVN_returns,0.0
ANKR_returns,COW_returns,0.0
ANKR_returns,ANKR_returns,0.0
ANKR_returns,GOMINING_returns,0.0
ANKR_returns,XCH_returns,0.0
ANKR_returns,DGB_returns,0.3912892941201394
ANKR_returns,T_returns,0.5039827806030673
ANKR_returns,WOO_returns,0.47952992457570265
ANKR_returns,ELF_returns,0.0
ANKR_returns,EUL_returns,0.0
ANKR_returns,ORCA_returns,0.0
ANKR_returns,KDA_returns,0.0
ANKR_returns,OSMO_returns,0.0
ANKR_returns,GMT_returns,0.0
ANKR_returns,SNT_returns,0.337884059602266
ANKR_returns,GMX_returns,0.36663641809256786
ANKR_returns,ENJ_returns,0.0
ANKR_returns,XYO_returns,0.0
ANKR_returns,POLYX_returns,0.0
ANKR_returns,ZIG_returns,0.0
ANKR_returns,ZEN_returns,0.0
ANKR_returns,COTI_returns,0.0
ANKR_returns,WEMIX_returns,0.0
ANKR_returns,SKL_returns,0.0
ANKR_returns,LCX_returns,0.2226602506535163
ANKR_returns,WAVES_returns,0.44695319535889316
ANKR_returns,CVC_returns,0.0
ANKR_returns,SWFTC_returns,0.0
ANKR_returns,LUNA_returns,0.0
ANKR_returns,HIVE_returns,0.0
ANKR_returns,RLB_returns,0.0
ANKR_returns,LRC_returns,0.5766739533101495
ANKR_returns,DAG_returns,0.0
ANKR_returns,ONT_returns,0.0
ANKR_returns,TRB_returns,0.0
ANKR_returns,XNO_returns,0.0
ANKR_returns,DLC_returns,0.0
ANKR_returns,METIS_returns,0.0
ANKR_returns,ICX_returns,0.61209687321559
ANKR_returns,MYTH_returns,0.0
ANKR_returns,MPLX_returns,0.0
ANKR_returns,SXP_returns,0.48942330799274647
ANKR_returns,XVG_returns,0.0
ANKR_returns,PEOPLE_returns,0.0
ANKR_returns,AWE_returns,0.0
ANKR_returns,REQ_returns,0.3599720122499189
ANKR_returns,STORJ_returns,0.44274093095083816
ANKR_returns,BAND_returns,0.0
ANKR_returns,WMTX_returns,0.29259914998257247
ANKR_returns,CFG_returns,0.0
ANKR_returns,HONEY_returns,0.0
ANKR_returns,PRO_returns,0.0
ANKR_returns,PRIME_returns,0.0
ANKR_returns,VVS_returns,0.0
ANKR_returns,CPOOL_returns,0.0
ANKR_returns,YGG_returns,0.0
ANKR_returns,SSV_returns,0.0
ANKR_returns,CETUS_returns,0.0
ANKR_returns,CGPT_returns,0.0
ANKR_returns,STIK_returns,-0.027017389165889326
ANKR_returns,PHA_returns,0.0
ANKR_returns,XVS_returns,0.0
ANKR_returns,KUB_returns,0.0
ANKR_returns,BICO_returns,0.0
ANKR_returns,UMA_returns,0.0
ANKR_returns,WAXP_returns,0.5691669528325007
ANKR_returns,XPR_returns,0.0
ANKR_returns,RPL_returns,0.2633256372671864
ANKR_returns,PUNDIX_returns,0.0
ANKR_returns,FLUX_returns,0.0
ANKR_returns,BORA_returns,0.0
ANKR_returns,POWR_returns,0.0
ANKR_returns,AUDIO_returns,0.0
ANKR_returns,PROM_returns,0.0
ANKR_returns,IOST_returns,0.58427609340475
ANKR_returns,ACX_returns,0.0
ANKR_returns,ARDR_returns,0.0
ANKR_returns,SPELL_returns,0.0
ANKR_returns,ORBR_returns,0.0
ANKR_returns,LSK_returns,0.0
ANKR_returns,XOR_returns,0.0
ANKR_returns,GLMR_returns,0.0
ANKR_returns,BMX_returns,0.0
ANKR_returns,MVL_returns,0.0
ANKR_returns,ABT_returns,0.0
ANKR_returns,VELO_returns,0.27469144570096155
ANKR_returns,IQ_returns,0.0
ANKR_returns,AGI_returns,0.27186181260663156
ANKR_returns,WILD_returns,0.0
ANKR_returns,XEM_returns,0.41528307651759694
ANKR_returns,LON_returns,0.0
ANKR_returns,POND_returns,0.0
ANKR_returns,ACT_returns,0.0
ANKR_returns,XRD_returns,0.0
ANKR_returns,RLC_returns,0.45033351052961984
ANKR_returns,ILV_returns,0.0
ANKR_returns,FIDA_returns,0.39315662802559925
ANKR_returns,BNT_returns,0.0
ANKR_returns,DENT_returns,0.0
ANKR_returns,ORBS_returns,0.0
ANKR_returns,ONG_returns,0.0
ANKR_returns,CHR_returns,0.0
ANKR_returns,HEART_returns,0.0
ANKR_returns,VANRY_returns,0.4199923752728908
ANKR_returns,LQTY_returns,0.0
ANKR_returns,KEEP_returns,0.0
ANKR_returns,DKA_returns,0.0
ANKR_returns,ELON_returns,0.0
ANKR_returns,ARK_returns,0.0
ANKR_returns,MLK_returns,0.0
ANKR_returns,AL_returns,0.0
ANKR_returns,JOE_returns,0.0
ANKR_returns,CELR_returns,0.0
ANKR_returns,STEEM_returns,0.0
ANKR_returns,BAL_returns,0.34415920582752174
ANKR_returns,PCI_returns,0.0
ANKR_returns,MOVR_returns,0.0
ANKR_returns,AUCTION_returns,0.25976816812314857
ANKR_returns,AERGO_returns,0.0
ANKR_returns,MED_returns,0.0
ANKR_returns,NMR_returns,0.0
ANKR_returns,API3_returns,0.0
ANKR_returns,AGLD_returns,0.0
ANKR_returns,BONE_returns,0.0
ANKR_returns,SLP_returns,0.0
ANKR_returns,MTL_returns,0.0
ANKR_returns,KNC_returns,0.5716534504712729
ANKR_returns,CTSI_returns,0.0
ANKR_returns,BTRST_returns,0.0
ANKR_returns,SCRT_returns,0.0
ANKR_returns,OMI_returns,0.0
ANKR_returns,GEOD_returns,0.0
ANKR_returns,EDU_returns,0.0
ANKR_returns,0x0_returns,0.0
ANKR_returns,KUJI_returns,0.0
GOMINING_returns,CTC_returns,0.0
GOMINING_returns,MINA_returns,0.0
GOMINING_returns,DASH_returns,0.0
GOMINING_returns,SFP_returns,0.0
GOMINING_returns,BabyDoge_returns,0.0
GOMINING_returns,SNX_returns,0.0
GOMINING_returns,TFUEL_returns,0.0
GOMINING_returns,DCR_returns,0.0
GOMINING_returns,GLM_returns,0.0
GOMINING_returns,MX_returns,0.44832813896054446
GOMINING_returns,ZIL_returns,0.0
GOMINING_returns,BLUR_returns,0.0
GOMINING_returns,ROSE_returns,-0.009675837578141475
GOMINING_returns,CKB_returns,-0.03008144877746251
GOMINING_returns,TRAC_returns,0.0
GOMINING_returns,QTUM_returns,0.0
GOMINING_returns,ORDI_returns,0.0
GOMINING_returns,LPT_returns,-0.029942447580344353
GOMINING_returns,MASK_returns,0.0
GOMINING_returns,ASTR_returns,0.0
GOMINING_returns,ZRX_returns,0.0
GOMINING_returns,VTHO_returns,0.0
GOMINING_returns,ACH_returns,0.0
GOMINING_returns,BAT_returns,0.0
GOMINING_returns,CHEEL_returns,0.46915221534443213
GOMINING_returns,CHEX_returns,0.0
GOMINING_returns,SNEK_returns,-0.04353996002754081
GOMINING_returns,BORG_returns,0.0
GOMINING_returns,KOGE_returns,0.3016528166340113
GOMINING_returns,IOTX_returns,0.0
GOMINING_returns,CELO_returns,0.0
GOMINING_returns,GAS_returns,0.0
GOMINING_returns,ONE_returns,-0.03375255936786452
GOMINING_returns,ID_returns,0.0
GOMINING_returns,SUSHI_returns,-0.040017936244163714
GOMINING_returns,CSPR_returns,0.0
GOMINING_returns,HOT_returns,0.0
GOMINING_returns,SC_returns,0.0
GOMINING_returns,YFI_returns,0.0
GOMINING_returns,RVN_returns,0.0
GOMINING_returns,COW_returns,0.0
GOMINING_returns,ANKR_returns,0.0
GOMINING_returns,GOMINING_returns,0.0
GOMINING_returns,XCH_returns,0.0
GOMINING_returns,DGB_returns,0.0
GOMINING_returns,T_returns,0.0
GOMINING_returns,WOO_returns,-0.031328060903208825
GOMINING_returns,ELF_returns,0.0
GOMINING_returns,EUL_returns,0.0
GOMINING_returns,ORCA_returns,0.0
GOMINING_returns,KDA_returns,0.0
GOMINING_returns,OSMO_returns,0.0
GOMINING_returns,GMT_returns,0.0
GOMINING_returns,SNT_returns,0.0
GOMINING_returns,GMX_returns,0.0
GOMINING_returns,ENJ_returns,0.0
GOMINING_returns,XYO_returns,0.0
GOMINING_returns,POLYX_returns,-0.012494356724174668
GOMINING_returns,ZIG_returns,0.0
GOMINING_returns,ZEN_returns,0.0
GOMINING_returns,COTI_returns,-0.016830114022432514
GOMINING_returns,WEMIX_returns,0.0
GOMINING_returns,SKL_returns,0.0
GOMINING_returns,LCX_returns,0.0
GOMINING_returns,WAVES_returns,0.0
GOMINING_returns,CVC_returns,0.0
GOMINING_returns,SWFTC_returns,0.0
GOMINING_returns,LUNA_returns,0.0
GOMINING_returns,HIVE_returns,0.0
GOMINING_returns,RLB_returns,0.0
GOMINING_returns,LRC_returns,0.0
GOMINING_returns,DAG_returns,0.0
GOMINING_returns,ONT_returns,0.0
GOMINING_returns,TRB_returns,0.0
GOMINING_returns,XNO_returns,0.0
GOMINING_returns,DLC_returns,0.0
GOMINING_returns,METIS_returns,-0.07020559886107008
GOMINING_returns,ICX_returns,0.0
GOMINING_returns,MYTH_returns,0.0
GOMINING_returns,MPLX_returns,0.0
GOMINING_returns,SXP_returns,0.0
GOMINING_returns,XVG_returns,0.0
GOMINING_returns,PEOPLE_returns,0.0
GOMINING_returns,AWE_returns,0.0
GOMINING_returns,REQ_returns,0.0
GOMINING_returns,STORJ_returns,0.0
GOMINING_returns,BAND_returns,0.0
GOMINING_returns,WMTX_returns,0.0
GOMINING_returns,CFG_returns,0.0
GOMINING_returns,HONEY_returns,0.0
GOMINING_returns,PRO_returns,0.0
GOMINING_returns,PRIME_returns,-0.08713930456590364
GOMINING_returns,VVS_returns,0.0
GOMINING_returns,CPOOL_returns,-0.006473876075757025
GOMINING_returns,YGG_returns,-0.03741902398638494
GOMINING_returns,SSV_returns,-0.11861132347808748
GOMINING_returns,CETUS_returns,0.0
GOMINING_returns,CGPT_returns,-0.021079004618214933
GOMINING_returns,STIK_returns,0.28691485944665834
GOMINING_returns,PHA_returns,0.0
GOMINING_returns,XVS_returns,0.0
GOMINING_returns,KUB_returns,0.3130385594007238
GOMINING_returns,BICO_returns,-0.013018846597164945
GOMINING_returns,UMA_returns,0.0
GOMINING_returns,WAXP_returns,0.0
GOMINING_returns,XPR_returns,0.0
GOMINING_returns,RPL_returns,-0.02137731387659625
GOMINING_returns,PUNDIX_returns,0.0
GOMINING_returns,FLUX_returns,0.0
GOMINING_returns,BORA_returns,0.0
GOMINING_returns,POWR_returns,0.0
GOMINING_returns,AUDIO_returns,0.0
GOMINING_returns,PROM_returns,0.0
GOMINING_returns,IOST_returns,0.0
GOMINING_returns,ACX_returns,-0.022249484619089606
GOMINING_returns,ARDR_returns,0.0
GOMINING_returns,SPELL_returns,-0.0016976579064218573
GOMINING_returns,ORBR_returns,0.0
GOMINING_returns,LSK_returns,0.0
GOMINING_returns,XOR_returns,-0.04978920571169909
GOMINING_returns,GLMR_returns,0.0
GOMINING_returns,BMX_returns,0.28129556264564487
GOMINING_returns,MVL_returns,0.0
GOMINING_returns,ABT_returns,0.0
GOMINING_returns,VELO_returns,0.0
GOMINING_returns,IQ_returns,0.0
GOMINING_returns,AGI_returns,-0.011405129794152957
GOMINING_returns,WILD_returns,0.0
GOMINING_returns,XEM_returns,0.0
GOMINING_returns,LON_returns,0.4736841436977756
GOMINING_returns,POND_returns,0.0
GOMINING_returns,ACT_returns,0.0
GOMINING_returns,XRD_returns,0.0
GOMINING_returns,RLC_returns,0.0
GOMINING_returns,ILV_returns,-0.06275399440568821
GOMINING_returns,FIDA_returns,-0.008608074421531577
GOMINING_returns,BNT_returns,0.0
GOMINING_returns,DENT_returns,0.0
GOMINING_returns,ORBS_returns,0.0
GOMINING_returns,ONG_returns,0.0
GOMINING_returns,CHR_returns,0.0
GOMINING_returns,HEART_returns,0.0
GOMINING_returns,VANRY_returns,-0.0700587532426859
GOMINING_returns,LQTY_returns,-0.038064050842049994
GOMINING_returns,KEEP_returns,0.0
GOMINING_returns,DKA_returns,0.0
GOMINING_returns,ELON_returns,0.0
GOMINING_returns,ARK_returns,0.0
GOMINING_returns,MLK_returns,0.31538973020414446
GOMINING_returns,AL_returns,0.0
GOMINING_returns,JOE_returns,0.0
GOMINING_returns,CELR_returns,0.0
GOMINING_returns,STEEM_returns,0.0
GOMINING_returns,BAL_returns,-0.01648340338268128
GOMINING_returns,PCI_returns,0.0
GOMINING_returns,MOVR_returns,0.0
GOMINING_returns,AUCTION_returns,0.0
GOMINING_returns,AERGO_returns,0.0
GOMINING_returns,MED_returns,0.0
GOMINING_returns,NMR_returns,0.0
GOMINING_returns,API3_returns,0.0
GOMINING_returns,AGLD_returns,0.0
GOMINING_returns,BONE_returns,0.0
GOMINING_returns,SLP_returns,-0.013108623446105592
GOMINING_returns,MTL_returns,0.0
GOMINING_returns,KNC_returns,0.0
GOMINING_returns,CTSI_returns,0.0
GOMINING_returns,BTRST_returns,0.0
GOMINING_returns,SCRT_returns,0.0
GOMINING_returns,OMI_returns,0.0
GOMINING_returns,GEOD_returns,0.0
GOMINING_returns,EDU_returns,0.0
GOMINING_returns,0x0_returns,-0.08680447293297469
GOMINING_returns,KUJI_returns,0.0
XCH_returns,CTC_returns,0.0
XCH_returns,MINA_returns,0.0
XCH_returns,DASH_returns,0.42704589731180365
XCH_returns,SFP_returns,0.0
XCH_returns,BabyDoge_returns,0.0
XCH_returns,SNX_returns,0.0
XCH_returns,TFUEL_returns,0.0
XCH_returns,DCR_returns,0.0
XCH_returns,GLM_returns,0.0
XCH_returns,MX_returns,0.0
XCH_returns,ZIL_returns,0.4252756084263473
XCH_returns,BLUR_returns,0.0
XCH_returns,ROSE_returns,0.0
XCH_returns,CKB_returns,0.0
XCH_returns,TRAC_returns,0.0
XCH_returns,QTUM_returns,0.0
XCH_returns,ORDI_returns,0.0
XCH_returns,LPT_returns,0.0
XCH_returns,MASK_returns,0.0
XCH_returns,ASTR_returns,0.0
XCH_returns,ZRX_returns,0.0
XCH_returns,VTHO_returns,0.0
XCH_returns,ACH_returns,0.0
XCH_returns,BAT_returns,0.401063354018866
XCH_returns,CHEEL_returns,0.0
XCH_returns,CHEX_returns,0.0
XCH_returns,SNEK_returns,0.0
XCH_returns,BORG_returns,0.0
XCH_returns,KOGE_returns,0.0
XCH_returns,IOTX_returns,0.0
XCH_returns,CELO_returns,0.0
XCH_returns,GAS_returns,0.0
XCH_returns,ONE_returns,0.36809486973162125
XCH_returns,ID_returns,0.0
XCH_returns,SUSHI_returns,0.0
XCH_returns,CSPR_returns,0.32451416028000113
XCH_returns,HOT_returns,0.36209225699637804
XCH_returns,SC_returns,0.0
XCH_returns,YFI_returns,0.0
XCH_returns,RVN_returns,0.0
XCH_returns,COW_returns,0.0
XCH_returns,ANKR_returns,0.0
XCH_returns,GOMINING_returns,0.0
XCH_returns,XCH_returns,0.0
XCH_returns,DGB_returns,0.0
XCH_returns,T_returns,0.0
XCH_returns,WOO_returns,0.0
XCH_returns,ELF_returns,0.0
XCH_returns,EUL_returns,0.0
XCH_returns,ORCA_returns,0.0
XCH_returns,KDA_returns,0.0
XCH_returns,OSMO_returns,0.0
XCH_returns,GMT_returns,0.0
XCH_returns,SNT_returns,0.0
XCH_returns,GMX_returns,0.0
XCH_returns,ENJ_returns,0.0
XCH_returns,XYO_returns,0.0
XCH_returns,POLYX_returns,0.0
XCH_returns,ZIG_returns,0.0
XCH_returns,ZEN_returns,0.0
XCH_returns,COTI_returns,0.0
XCH_returns,WEMIX_returns,0.0
XCH_returns,SKL_returns,0.0
XCH_returns,LCX_returns,0.0
XCH_returns,WAVES_returns,0.0
XCH_returns,CVC_returns,0.0
XCH_returns,SWFTC_returns,0.0
XCH_returns,LUNA_returns,0.0
XCH_returns,HIVE_returns,0.0
XCH_returns,RLB_returns,0.0
XCH_returns,LRC_returns,0.0
XCH_returns,DAG_returns,0.0
XCH_returns,ONT_returns,0.0
XCH_returns,TRB_returns,0.0
XCH_returns,XNO_returns,0.0
XCH_returns,DLC_returns,0.0
XCH_returns,METIS_returns,0.0
XCH_returns,ICX_returns,0.0
XCH_returns,MYTH_returns,0.0
XCH_returns,MPLX_returns,0.0
XCH_returns,SXP_returns,0.0
XCH_returns,XVG_returns,0.0
XCH_returns,PEOPLE_returns,0.0
XCH_returns,AWE_returns,0.0
XCH_returns,REQ_returns,0.0
XCH_returns,STORJ_returns,0.0
XCH_returns,BAND_returns,0.0
XCH_returns,WMTX_returns,0.0
XCH_returns,CFG_returns,0.0
XCH_returns,HONEY_returns,0.16467643579822855
XCH_returns,PRO_returns,0.0
XCH_returns,PRIME_returns,0.0
XCH_returns,VVS_returns,0.0
XCH_returns,CPOOL_returns,0.0
XCH_returns,YGG_returns,0.0
XCH_returns,SSV_returns,0.0
XCH_returns,CETUS_returns,0.0
XCH_returns,CGPT_returns,0.0
XCH_returns,STIK_returns,0.0
XCH_returns,PHA_returns,0.0
XCH_returns,XVS_returns,0.0
XCH_returns,KUB_returns,0.0
XCH_returns,BICO_returns,0.0
XCH_returns,UMA_returns,0.0
XCH_returns,WAXP_returns,0.0
XCH_returns,XPR_returns,0.0
XCH_returns,RPL_returns,0.0
XCH_returns,PUNDIX_returns,0.0
XCH_returns,FLUX_returns,0.0
XCH_returns,BORA_returns,0.0
XCH_returns,POWR_returns,0.0
XCH_returns,AUDIO_returns,0.0
XCH_returns,PROM_returns,0.0
XCH_returns,IOST_returns,0.0
XCH_returns,ACX_returns,0.0
XCH_returns,ARDR_returns,0.0
XCH_returns,SPELL_returns,0.0
XCH_returns,ORBR_returns,0.0
XCH_returns,LSK_returns,0.0
XCH_returns,XOR_returns,0.10361174080228214
XCH_returns,GLMR_returns,0.0
XCH_returns,BMX_returns,0.0
XCH_returns,MVL_returns,0.0
XCH_returns,ABT_returns,0.0
XCH_returns,VELO_returns,0.0
XCH_returns,IQ_returns,0.0
XCH_returns,AGI_returns,0.0
XCH_returns,WILD_returns,0.0
XCH_returns,XEM_returns,0.0
XCH_returns,LON_returns,0.0
XCH_returns,POND_returns,0.0
XCH_returns,ACT_returns,0.0
XCH_returns,XRD_returns,0.0
XCH_returns,RLC_returns,0.0
XCH_returns,ILV_returns,0.0
XCH_returns,FIDA_returns,0.0
XCH_returns,BNT_returns,0.0
XCH_returns,DENT_returns,0.37102032276447894
XCH_returns,ORBS_returns,0.0
XCH_returns,ONG_returns,0.0
XCH_returns,CHR_returns,0.0
XCH_returns,HEART_returns,0.0
XCH_returns,VANRY_returns,0.0
XCH_returns,LQTY_returns,0.0
XCH_returns,KEEP_returns,0.0
XCH_returns,DKA_returns,0.0
XCH_returns,ELON_returns,0.0
XCH_returns,ARK_returns,0.0
XCH_returns,MLK_returns,0.0
XCH_returns,AL_returns,0.0
XCH_returns,JOE_returns,0.0
XCH_returns,CELR_returns,0.0
XCH_returns,STEEM_returns,0.0
XCH_returns,BAL_returns,0.0
XCH_returns,PCI_returns,0.0
XCH_returns,MOVR_returns,0.0
XCH_returns,AUCTION_returns,0.0
XCH_returns,AERGO_returns,0.0
XCH_returns,MED_returns,0.0
XCH_returns,NMR_returns,0.0
XCH_returns,API3_returns,0.0
XCH_returns,AGLD_returns,0.0
XCH_returns,BONE_returns,0.0
XCH_returns,SLP_returns,0.0
XCH_returns,MTL_returns,0.0
XCH_returns,KNC_returns,0.0
XCH_returns,CTSI_returns,0.0
XCH_returns,BTRST_returns,0.0
XCH_returns,SCRT_returns,0.0
XCH_returns,OMI_returns,0.0
XCH_returns,GEOD_returns,0.0
XCH_returns,EDU_returns,0.0
XCH_returns,0x0_returns,0.0
XCH_returns,KUJI_returns,0.0
DGB_returns,CTC_returns,0.0
DGB_returns,MINA_returns,0.0
DGB_returns,DASH_returns,0.0
DGB_returns,SFP_returns,0.0
DGB_returns,BabyDoge_returns,0.0
DGB_returns,SNX_returns,0.0
DGB_returns,TFUEL_returns,0.0
DGB_returns,DCR_returns,0.0
DGB_returns,GLM_returns,0.0
DGB_returns,MX_returns,0.0
DGB_returns,ZIL_returns,0.4011994922827289
DGB_returns,BLUR_returns,0.0
DGB_returns,ROSE_returns,0.0
DGB_returns,CKB_returns,0.0
DGB_returns,TRAC_returns,0.0
DGB_returns,QTUM_returns,0.0
DGB_returns,ORDI_returns,0.0
DGB_returns,LPT_returns,0.0
DGB_returns,MASK_returns,0.0
DGB_returns,ASTR_returns,0.0
DGB_returns,ZRX_returns,0.0
DGB_returns,VTHO_returns,0.0
DGB_returns,ACH_returns,0.0
DGB_returns,BAT_returns,0.0
DGB_returns,CHEEL_returns,0.0
DGB_returns,CHEX_returns,0.0
DGB_returns,SNEK_returns,0.0
DGB_returns,BORG_returns,0.0
DGB_returns,KOGE_returns,0.0
DGB_returns,IOTX_returns,0.0
DGB_returns,CELO_returns,0.0
DGB_returns,GAS_returns,0.0
DGB_returns,ONE_returns,0.0
DGB_returns,ID_returns,0.0
DGB_returns,SUSHI_returns,0.0
DGB_returns,CSPR_returns,0.0
DGB_returns,HOT_returns,0.38157608085631073
DGB_returns,SC_returns,0.0
DGB_returns,YFI_returns,0.0
DGB_returns,RVN_returns,0.3657726471193588
DGB_returns,COW_returns,0.0
DGB_returns,ANKR_returns,0.3912892941201394
DGB_returns,GOMINING_returns,0.0
DGB_returns,XCH_returns,0.0
DGB_returns,DGB_returns,0.0
DGB_returns,T_returns,0.0
DGB_returns,WOO_returns,0.0
DGB_returns,ELF_returns,0.0
DGB_returns,EUL_returns,0.0
DGB_returns,ORCA_returns,0.0
DGB_returns,KDA_returns,0.0
DGB_returns,OSMO_returns,0.0
DGB_returns,GMT_returns,0.0
DGB_returns,SNT_returns,0.0
DGB_returns,GMX_returns,0.0
DGB_returns,ENJ_returns,0.0
DGB_returns,XYO_returns,0.0
DGB_returns,POLYX_returns,0.0
DGB_returns,ZIG_returns,0.0
DGB_returns,ZEN_returns,0.0
DGB_returns,COTI_returns,0.0
DGB_returns,WEMIX_returns,0.0
DGB_returns,SKL_returns,0.0
DGB_returns,LCX_returns,0.0
DGB_returns,WAVES_returns,0.0
DGB_returns,CVC_returns,0.0
DGB_returns,SWFTC_returns,0.0
DGB_returns,LUNA_returns,0.0
DGB_returns,HIVE_returns,0.0
DGB_returns,RLB_returns,0.0
DGB_returns,LRC_returns,0.0
DGB_returns,DAG_returns,0.0
DGB_returns,ONT_returns,0.0
DGB_returns,TRB_returns,0.0
DGB_returns,XNO_returns,0.0
DGB_returns,DLC_returns,0.0
DGB_returns,METIS_returns,0.0
DGB_returns,ICX_returns,0.0
DGB_returns,MYTH_returns,0.0
DGB_returns,MPLX_returns,0.0
DGB_returns,SXP_returns,0.0
DGB_returns,XVG_returns,0.4120861619469075
DGB_returns,PEOPLE_returns,0.0
DGB_returns,AWE_returns,0.0
DGB_returns,REQ_returns,0.0
DGB_returns,STORJ_returns,0.0
DGB_returns,BAND_returns,0.0
DGB_returns,WMTX_returns,0.0
DGB_returns,CFG_returns,0.0
DGB_returns,HONEY_returns,0.0
DGB_returns,PRO_returns,0.0
DGB_returns,PRIME_returns,0.0
DGB_returns,VVS_returns,0.0
DGB_returns,CPOOL_returns,0.0
DGB_returns,YGG_returns,0.0
DGB_returns,SSV_returns,0.0
DGB_returns,CETUS_returns,0.0
DGB_returns,CGPT_returns,0.0
DGB_returns,STIK_returns,0.0
DGB_returns,PHA_returns,0.0
DGB_returns,XVS_returns,0.0
DGB_returns,KUB_returns,0.0
DGB_returns,BICO_returns,0.0
DGB_returns,UMA_returns,0.0
DGB_returns,WAXP_returns,0.0
DGB_returns,XPR_returns,0.0
DGB_returns,RPL_returns,0.0
DGB_returns,PUNDIX_returns,0.0
DGB_returns,FLUX_returns,0.0
DGB_returns,BORA_returns,0.0
DGB_returns,POWR_returns,0.0
DGB_returns,AUDIO_returns,0.0
DGB_returns,PROM_returns,0.0
DGB_returns,IOST_returns,0.0
DGB_returns,ACX_returns,0.0
DGB_returns,ARDR_returns,0.0
DGB_returns,SPELL_returns,0.0
DGB_returns,ORBR_returns,0.0
DGB_returns,LSK_returns,0.0
DGB_returns,XOR_returns,-0.011657671013063219
DGB_returns,GLMR_returns,0.0
DGB_returns,BMX_returns,0.0
DGB_returns,MVL_returns,0.0
DGB_returns,ABT_returns,0.0
DGB_returns,VELO_returns,0.0
DGB_returns,IQ_returns,0.0
DGB_returns,AGI_returns,0.0
DGB_returns,WILD_returns,0.0
DGB_returns,XEM_returns,0.0
DGB_returns,LON_returns,0.0
DGB_returns,POND_returns,0.0
DGB_returns,ACT_returns,0.0
DGB_returns,XRD_returns,0.0
DGB_returns,RLC_returns,0.0
DGB_returns,ILV_returns,0.0
DGB_returns,FIDA_returns,0.0
DGB_returns,BNT_returns,0.0
DGB_returns,DENT_returns,0.3698203919745458
DGB_returns,ORBS_returns,0.0
DGB_returns,ONG_returns,0.0
DGB_returns,CHR_returns,0.0
DGB_returns,HEART_returns,0.0
DGB_returns,VANRY_returns,0.0
DGB_returns,LQTY_returns,0.0
DGB_returns,KEEP_returns,0.0
DGB_returns,DKA_returns,0.0
DGB_returns,ELON_returns,0.0
DGB_returns,ARK_returns,0.0
DGB_returns,MLK_returns,0.0
DGB_returns,AL_returns,0.0
DGB_returns,JOE_returns,0.0
DGB_returns,CELR_returns,0.0
DGB_returns,STEEM_returns,0.0
DGB_returns,BAL_returns,0.0
DGB_returns,PCI_returns,0.0
DGB_returns,MOVR_returns,0.0
DGB_returns,AUCTION_returns,0.0
DGB_returns,AERGO_returns,0.0
DGB_returns,MED_returns,0.0
DGB_returns,NMR_returns,0.0
DGB_returns,API3_returns,0.0
DGB_returns,AGLD_returns,0.0
DGB_returns,BONE_returns,0.0
DGB_returns,SLP_returns,0.0
DGB_returns,MTL_returns,0.0
DGB_returns,KNC_returns,0.0
DGB_returns,CTSI_returns,0.0
DGB_returns,BTRST_returns,0.0
DGB_returns,SCRT_returns,0.0
DGB_returns,OMI_returns,0.0
DGB_returns,GEOD_returns,0.0
DGB_returns,EDU_returns,0.0
DGB_returns,0x0_returns,0.0
DGB_returns,KUJI_returns,0.0
T_returns,CTC_returns,0.0
T_returns,MINA_returns,0.0
T_returns,DASH_returns,0.0
T_returns,SFP_returns,0.0
T_returns,BabyDoge_returns,0.0
T_returns,SNX_returns,0.0
T_returns,TFUEL_returns,0.0
T_returns,DCR_returns,0.0
T_returns,GLM_returns,0.0
T_returns,MX_returns,0.0
T_returns,ZIL_returns,0.4806998573833986
T_returns,BLUR_returns,0.0
T_returns,ROSE_returns,0.0
T_returns,CKB_returns,0.0
T_returns,TRAC_returns,0.0
T_returns,QTUM_returns,0.0
T_returns,ORDI_returns,0.0
T_returns,LPT_returns,0.0
T_returns,MASK_returns,0.0
T_returns,ASTR_returns,0.0
T_returns,ZRX_returns,0.0
T_returns,VTHO_returns,0.0
T_returns,ACH_returns,0.0
T_returns,BAT_returns,0.4685807770932038
T_returns,CHEEL_returns,0.0
T_returns,CHEX_returns,0.0
T_returns,SNEK_returns,0.0
T_returns,BORG_returns,0.0
T_returns,KOGE_returns,0.0
T_returns,IOTX_returns,0.0
T_returns,CELO_returns,0.0
T_returns,GAS_returns,0.0
T_returns,ONE_returns,0.0
T_returns,ID_returns,0.0
T_returns,SUSHI_returns,0.0
T_returns,CSPR_returns,0.0
T_returns,HOT_returns,0.0
T_returns,SC_returns,0.0
T_returns,YFI_returns,0.0
T_returns,RVN_returns,0.0
T_returns,COW_returns,0.0
T_returns,ANKR_returns,0.5039827806030673
T_returns,GOMINING_returns,0.0
T_returns,XCH_returns,0.0
T_returns,DGB_returns,0.0
T_returns,T_returns,0.0
T_returns,WOO_returns,0.0
T_returns,ELF_returns,0.0
T_returns,EUL_returns,0.0
T_returns,ORCA_returns,0.0
T_returns,KDA_returns,0.0
T_returns,OSMO_returns,0.0
T_returns,GMT_returns,0.0
T_returns,SNT_returns,0.0
T_returns,GMX_returns,0.0
T_returns,ENJ_returns,0.0
T_returns,XYO_returns,0.0
T_returns,POLYX_returns,0.0
T_returns,ZIG_returns,0.0
T_returns,ZEN_returns,0.0
T_returns,COTI_returns,0.0
T_returns,WEMIX_returns,0.0
T_returns,SKL_returns,0.0
T_returns,LCX_returns,0.0
T_returns,WAVES_returns,0.0
T_returns,CVC_returns,0.0
T_returns,SWFTC_returns,0.0
T_returns,LUNA_returns,0.0
T_returns,HIVE_returns,0.0
T_returns,RLB_returns,0.0
T_returns,LRC_returns,0.0
T_returns,DAG_returns,0.0
T_returns,ONT_returns,0.0
T_returns,TRB_returns,0.0
T_returns,XNO_returns,0.0
T_returns,DLC_returns,0.0
T_returns,METIS_returns,0.0
T_returns,ICX_returns,0.48762960114981624
T_returns,MYTH_returns,0.0
T_returns,MPLX_returns,0.0
T_returns,SXP_returns,0.0
T_returns,XVG_returns,0.0
T_returns,PEOPLE_returns,0.0
T_returns,AWE_returns,0.0
T_returns,REQ_returns,0.0
T_returns,STORJ_returns,0.0
T_returns,BAND_returns,0.0
T_returns,WMTX_returns,0.0
T_returns,CFG_returns,0.0
T_returns,HONEY_returns,0.0
T_returns,PRO_returns,0.0
T_returns,PRIME_returns,0.0
T_returns,VVS_returns,0.0
T_returns,CPOOL_returns,0.0
T_returns,YGG_returns,0.0
T_returns,SSV_returns,0.0
T_returns,CETUS_returns,0.0
T_returns,CGPT_returns,0.0
T_returns,STIK_returns,0.0
T_returns,PHA_returns,0.0
T_returns,XVS_returns,0.0
T_returns,KUB_returns,0.0
T_returns,BICO_returns,0.0
T_returns,UMA_returns,0.0
T_returns,WAXP_returns,0.4476299340555806
T_returns,XPR_returns,0.0
T_returns,RPL_returns,0.0
T_returns,PUNDIX_returns,0.0
T_returns,FLUX_returns,0.0
T_returns,BORA_returns,0.0
T_returns,POWR_returns,0.36611449574943616
T_returns,AUDIO_returns,0.0
T_returns,PROM_returns,0.0
T_returns,IOST_returns,0.44271539651945685
T_returns,ACX_returns,0.0
T_returns,ARDR_returns,0.0
T_returns,SPELL_returns,0.0
T_returns,ORBR_returns,0.0
T_returns,LSK_returns,0.0
T_returns,XOR_returns,0.0
T_returns,GLMR_returns,0.0
T_returns,BMX_returns,0.0
T_returns,MVL_returns,0.0
T_returns,ABT_returns,0.0
T_returns,VELO_returns,0.0
T_returns,IQ_returns,0.0
T_returns,AGI_returns,0.0
T_returns,WILD_returns,0.0
T_returns,XEM_returns,0.0
T_returns,LON_returns,0.0
T_returns,POND_returns,0.0
T_returns,ACT_returns,0.0
T_returns,XRD_returns,0.0
T_returns,RLC_returns,0.0
T_returns,ILV_returns,0.0
T_returns,FIDA_returns,0.0
T_returns,BNT_returns,0.0
T_returns,DENT_returns,0.0
T_returns,ORBS_returns,0.0
T_returns,ONG_returns,0.0
T_returns,CHR_returns,0.0
T_returns,HEART_returns,0.0
T_returns,VANRY_returns,0.0
T_returns,LQTY_returns,0.0
T_returns,KEEP_returns,0.4405549219378817
T_returns,DKA_returns,0.0
T_returns,ELON_returns,0.0
T_returns,ARK_returns,0.0
T_returns,MLK_returns,0.0
T_returns,AL_returns,0.0
T_returns,JOE_returns,0.0
T_returns,CELR_returns,0.0
T_returns,STEEM_returns,0.0
T_returns,BAL_returns,0.0
T_returns,PCI_returns,0.0
T_returns,MOVR_returns,0.0
T_returns,AUCTION_returns,0.0
T_returns,AERGO_returns,0.0
T_returns,MED_returns,0.0
T_returns,NMR_returns,0.0
T_returns,API3_returns,0.0
T_returns,AGLD_returns,0.0
T_returns,BONE_returns,0.0
T_returns,SLP_returns,0.0
T_returns,MTL_returns,0.0
T_returns,KNC_returns,0.0
T_returns,CTSI_returns,0.0
T_returns,BTRST_returns,0.0
T_returns,SCRT_returns,0.0
T_returns,OMI_returns,0.0
T_returns,GEOD_returns,0.0
T_returns,EDU_returns,0.0
T_returns,0x0_returns,0.0
T_returns,KUJI_returns,0.0
WOO_returns,CTC_returns,0.0
WOO_returns,MINA_returns,0.0
WOO_returns,DASH_returns,0.0
WOO_returns,SFP_returns,0.0
WOO_returns,BabyDoge_returns,0.0
WOO_returns,SNX_returns,0.0
WOO_returns,TFUEL_returns,0.0
WOO_returns,DCR_returns,0.0
WOO_returns,GLM_returns,0.0
WOO_returns,MX_returns,0.0
WOO_returns,ZIL_returns,0.0
WOO_returns,BLUR_returns,0.0
WOO_returns,ROSE_returns,0.4636926416884135
WOO_returns,CKB_returns,0.0
WOO_returns,TRAC_returns,0.0
WOO_returns,QTUM_returns,0.0
WOO_returns,ORDI_returns,0.3052959279068528
WOO_returns,LPT_returns,0.0
WOO_returns,MASK_returns,0.0
WOO_returns,ASTR_returns,0.0
WOO_returns,ZRX_returns,0.0
WOO_returns,VTHO_returns,0.0
WOO_returns,ACH_returns,0.0
WOO_returns,BAT_returns,0.0
WOO_returns,CHEEL_returns,-0.004577184583486925
WOO_returns,CHEX_returns,0.0
WOO_returns,SNEK_returns,0.0
WOO_returns,BORG_returns,0.0
WOO_returns,KOGE_returns,0.0
WOO_returns,IOTX_returns,0.4000901911047935
WOO_returns,CELO_returns,0.0
WOO_returns,GAS_returns,0.0
WOO_returns,ONE_returns,0.5080110557867986
WOO_returns,ID_returns,0.0
WOO_returns,SUSHI_returns,0.0
WOO_returns,CSPR_returns,0.0
WOO_returns,HOT_returns,0.0
WOO_returns,SC_returns,0.0
WOO_returns,YFI_returns,0.0
WOO_returns,RVN_returns,0.0
WOO_returns,COW_returns,0.0
WOO_returns,ANKR_returns,0.47952992457570265
WOO_returns,GOMINING_returns,-0.031328060903208825
WOO_returns,XCH_returns,0.0
WOO_returns,DGB_returns,0.0
WOO_returns,T_returns,0.0
WOO_returns,WOO_returns,0.0
WOO_returns,ELF_returns,0.0
WOO_returns,EUL_returns,0.0
WOO_returns,ORCA_returns,0.2287153343188105
WOO_returns,KDA_returns,0.0
WOO_returns,OSMO_returns,0.0
WOO_returns,GMT_returns,0.0
WOO_returns,SNT_returns,0.0
WOO_returns,GMX_returns,0.0
WOO_returns,ENJ_returns,0.500362096497068
WOO_returns,XYO_returns,0.0
WOO_returns,POLYX_returns,0.0
WOO_returns,ZIG_returns,0.0
WOO_returns,ZEN_returns,0.0
WOO_returns,COTI_returns,0.0
WOO_returns,WEMIX_returns,0.0
WOO_returns,SKL_returns,0.0
WOO_returns,LCX_returns,0.0
WOO_returns,WAVES_returns,0.0
WOO_returns,CVC_returns,0.0
WOO_returns,SWFTC_returns,0.0
WOO_returns,LUNA_returns,0.0
WOO_returns,HIVE_returns,0.0
WOO_returns,RLB_returns,0.0
WOO_returns,LRC_returns,0.0
WOO_returns,DAG_returns,0.0
WOO_returns,ONT_returns,0.0
WOO_returns,TRB_returns,0.0
WOO_returns,XNO_returns,0.0
WOO_returns,DLC_returns,0.0
WOO_returns,METIS_returns,0.3208094712854275
WOO_returns,ICX_returns,0.0
WOO_returns,MYTH_returns,0.0
WOO_returns,MPLX_returns,0.0
WOO_returns,SXP_returns,0.0
WOO_returns,XVG_returns,0.0
WOO_returns,PEOPLE_returns,0.0
WOO_returns,AWE_returns,0.0
WOO_returns,REQ_returns,0.0
WOO_returns,STORJ_returns,0.0
WOO_returns,BAND_returns,0.0
WOO_returns,WMTX_returns,0.0
WOO_returns,CFG_returns,0.0
WOO_returns,HONEY_returns,0.0
WOO_returns,PRO_returns,0.0
WOO_returns,PRIME_returns,0.23567303901763237
WOO_returns,VVS_returns,0.0
WOO_returns,CPOOL_returns,0.25831455135093323
WOO_returns,YGG_returns,0.0
WOO_returns,SSV_returns,0.0
WOO_returns,CETUS_returns,0.0
WOO_returns,CGPT_returns,0.2695560558459907
WOO_returns,STIK_returns,-0.09634899726009948
WOO_returns,PHA_returns,0.0
WOO_returns,XVS_returns,0.0
WOO_returns,KUB_returns,0.0
WOO_returns,BICO_returns,0.0
WOO_returns,UMA_returns,0.0
WOO_returns,WAXP_returns,0.0
WOO_returns,XPR_returns,0.0
WOO_returns,RPL_returns,0.0
WOO_returns,PUNDIX_returns,0.0
WOO_returns,FLUX_returns,0.0
WOO_returns,BORA_returns,0.0
WOO_returns,POWR_returns,0.0
WOO_returns,AUDIO_returns,0.0
WOO_returns,PROM_returns,0.0
WOO_returns,IOST_returns,0.0
WOO_returns,ACX_returns,0.0
WOO_returns,ARDR_returns,0.0
WOO_returns,SPELL_returns,0.0
WOO_returns,ORBR_returns,0.0
WOO_returns,LSK_returns,0.0
WOO_returns,XOR_returns,0.0
WOO_returns,GLMR_returns,0.0
WOO_returns,BMX_returns,-0.055718502939714594
WOO_returns,MVL_returns,0.0
WOO_returns,ABT_returns,0.0
WOO_returns,VELO_returns,0.0
WOO_returns,IQ_returns,0.0
WOO_returns,AGI_returns,0.0
WOO_returns,WILD_returns,0.0
WOO_returns,XEM_returns,0.0
WOO_returns,LON_returns,-0.09474927176246746
WOO_returns,POND_returns,0.0
WOO_returns,ACT_returns,0.0
WOO_returns,XRD_returns,0.0
WOO_returns,RLC_returns,0.0
WOO_returns,ILV_returns,0.0
WOO_returns,FIDA_returns,0.0
WOO_returns,BNT_returns,0.0
WOO_returns,DENT_returns,0.4776847902526654
WOO_returns,ORBS_returns,0.0
WOO_returns,ONG_returns,0.0
WOO_returns,CHR_returns,0.0
WOO_returns,HEART_returns,0.17657757719541778
WOO_returns,VANRY_returns,0.4241837151314352
WOO_returns,LQTY_returns,0.0
WOO_returns,KEEP_returns,0.0
WOO_returns,DKA_returns,0.0
WOO_returns,ELON_returns,0.0
WOO_returns,ARK_returns,0.0
WOO_returns,MLK_returns,0.0
WOO_returns,AL_returns,0.0
WOO_returns,JOE_returns,0.0
WOO_returns,CELR_returns,0.46979959903516755
WOO_returns,STEEM_returns,0.0
WOO_returns,BAL_returns,0.0
WOO_returns,PCI_returns,0.0
WOO_returns,MOVR_returns,0.0
WOO_returns,AUCTION_returns,0.0
WOO_returns,AERGO_returns,0.0
WOO_returns,MED_returns,0.0
WOO_returns,NMR_returns,0.0
WOO_returns,API3_returns,0.3598325996307558
WOO_returns,AGLD_returns,0.0
WOO_returns,BONE_returns,0.0
WOO_returns,SLP_returns,0.0
WOO_returns,MTL_returns,0.0
WOO_returns,KNC_returns,0.0
WOO_returns,CTSI_returns,0.0
WOO_returns,BTRST_returns,-0.0040770858686583296
WOO_returns,SCRT_returns,0.0
WOO_returns,OMI_returns,0.0
WOO_returns,GEOD_returns,0.0
WOO_returns,EDU_returns,0.0
WOO_returns,0x0_returns,0.16567454555767364
WOO_returns,KUJI_returns,0.0
ELF_returns,CTC_returns,0.0
ELF_returns,MINA_returns,0.0
ELF_returns,DASH_returns,0.0
ELF_returns,SFP_returns,0.0
ELF_returns,BabyDoge_returns,0.0
ELF_returns,SNX_returns,0.0
ELF_returns,TFUEL_returns,0.0
ELF_returns,DCR_returns,0.0
ELF_returns,GLM_returns,0.36159352625458036
ELF_returns,MX_returns,0.0
ELF_returns,ZIL_returns,0.0
ELF_returns,BLUR_returns,0.0
ELF_returns,ROSE_returns,0.0
ELF_returns,CKB_returns,0.0
ELF_returns,TRAC_returns,0.0
ELF_returns,QTUM_returns,0.0
ELF_returns,ORDI_returns,0.0
ELF_returns,LPT_returns,0.0
ELF_returns,MASK_returns,0.0
ELF_returns,ASTR_returns,0.0
ELF_returns,ZRX_returns,0.0
ELF_returns,VTHO_returns,0.0
ELF_returns,ACH_returns,0.0
ELF_returns,BAT_returns,0.0
ELF_returns,CHEEL_returns,0.0
ELF_returns,CHEX_returns,0.0
ELF_returns,SNEK_returns,0.0
ELF_returns,BORG_returns,0.0
ELF_returns,KOGE_returns,0.0
ELF_returns,IOTX_returns,0.0
ELF_returns,CELO_returns,0.0
ELF_returns,GAS_returns,0.0
ELF_returns,ONE_returns,0.0
ELF_returns,ID_returns,0.0
ELF_returns,SUSHI_returns,0.0
ELF_returns,CSPR_returns,0.0
ELF_returns,HOT_returns,0.0
ELF_returns,SC_returns,0.0
ELF_returns,YFI_returns,0.0
ELF_returns,RVN_returns,0.0
ELF_returns,COW_returns,-0.05037744231064764
ELF_returns,ANKR_returns,0.0
ELF_returns,GOMINING_returns,0.0
ELF_returns,XCH_returns,0.0
ELF_returns,DGB_returns,0.0
ELF_returns,T_returns,0.0
ELF_returns,WOO_returns,0.0
ELF_returns,ELF_returns,0.0
ELF_returns,EUL_returns,0.0
ELF_returns,ORCA_returns,0.0
ELF_returns,KDA_returns,0.0
ELF_returns,OSMO_returns,0.0
ELF_returns,GMT_returns,0.0
ELF_returns,SNT_returns,0.0
ELF_returns,GMX_returns,0.0
ELF_returns,ENJ_returns,0.0
ELF_returns,XYO_returns,0.0
ELF_returns,POLYX_returns,0.0
ELF_returns,ZIG_returns,0.0
ELF_returns,ZEN_returns,0.0
ELF_returns,COTI_returns,0.0
ELF_returns,WEMIX_returns,0.0
ELF_returns,SKL_returns,0.0
ELF_returns,LCX_returns,0.0
ELF_returns,WAVES_returns,0.0
ELF_returns,CVC_returns,0.0
ELF_returns,SWFTC_returns,0.0
ELF_returns,LUNA_returns,0.0
ELF_returns,HIVE_returns,0.0
ELF_returns,RLB_returns,0.0
ELF_returns,LRC_returns,0.0
ELF_returns,DAG_returns,0.0
ELF_returns,ONT_returns,0.0
ELF_returns,TRB_returns,0.0
ELF_returns,XNO_returns,0.0
ELF_returns,DLC_returns,0.0
ELF_returns,METIS_returns,-0.08711499512559237
ELF_returns,ICX_returns,0.0
ELF_returns,MYTH_returns,0.0
ELF_returns,MPLX_returns,0.0
ELF_returns,SXP_returns,0.0
ELF_returns,XVG_returns,0.0
ELF_returns,PEOPLE_returns,0.0
ELF_returns,AWE_returns,0.0
ELF_returns,REQ_returns,0.0
ELF_returns,STORJ_returns,0.0
ELF_returns,BAND_returns,0.0
ELF_returns,WMTX_returns,0.0
ELF_returns,CFG_returns,0.0
ELF_returns,HONEY_returns,0.0
ELF_returns,PRO_returns,0.0
ELF_returns,PRIME_returns,0.0
ELF_returns,VVS_returns,0.0
ELF_returns,CPOOL_returns,-0.02905632327706488
ELF_returns,YGG_returns,0.0
ELF_returns,SSV_returns,0.0
ELF_returns,CETUS_returns,0.0
ELF_returns,CGPT_returns,0.0
ELF_returns,STIK_returns,0.0
ELF_returns,PHA_returns,0.0
ELF_returns,XVS_returns,0.0
ELF_returns,KUB_returns,0.0
ELF_returns,BICO_returns,0.0
ELF_returns,UMA_returns,0.0
ELF_returns,WAXP_returns,0.0
ELF_returns,XPR_returns,0.0
ELF_returns,RPL_returns,0.0
ELF_returns,PUNDIX_returns,0.0
ELF_returns,FLUX_returns,0.0
ELF_returns,BORA_returns,0.2849781170478084
ELF_returns,POWR_returns,0.0
ELF_returns,AUDIO_returns,0.0
ELF_returns,PROM_returns,0.0
ELF_returns,IOST_returns,0.0
ELF_returns,ACX_returns,0.0
ELF_returns,ARDR_returns,0.2858226649460931
ELF_returns,SPELL_returns,0.0
ELF_returns,ORBR_returns,0.0
ELF_returns,LSK_returns,0.0
ELF_returns,XOR_returns,-0.033655823757278415
ELF_returns,GLMR_returns,0.0
ELF_returns,BMX_returns,0.0
ELF_returns,MVL_returns,0.0
ELF_returns,ABT_returns,0.0
ELF_returns,VELO_returns,0.0
ELF_returns,IQ_returns,0.0
ELF_returns,AGI_returns,0.0
ELF_returns,WILD_returns,0.0
ELF_returns,XEM_returns,0.0
ELF_returns,LON_returns,0.0
ELF_returns,POND_returns,0.0
ELF_returns,ACT_returns,0.0
ELF_returns,XRD_returns,0.0
ELF_returns,RLC_returns,0.0
ELF_returns,ILV_returns,0.0
ELF_returns,FIDA_returns,0.0
ELF_returns,BNT_returns,0.0
ELF_returns,DENT_returns,0.0
ELF_returns,ORBS_returns,0.0
ELF_returns,ONG_returns,0.0
ELF_returns,CHR_returns,0.0
ELF_returns,HEART_returns,0.0
ELF_returns,VANRY_returns,0.0
ELF_returns,LQTY_returns,0.0
ELF_returns,KEEP_returns,0.0
ELF_returns,DKA_returns,0.0
ELF_returns,ELON_returns,-0.021025277519898022
ELF_returns,ARK_returns,0.0
ELF_returns,MLK_returns,0.292521222158499
ELF_returns,AL_returns,0.0
ELF_returns,JOE_returns,0.0
ELF_returns,CELR_returns,0.0
ELF_returns,STEEM_returns,0.29357808730888946
ELF_returns,BAL_returns,0.0
ELF_returns,PCI_returns,0.0
ELF_returns,MOVR_returns,0.0
ELF_returns,AUCTION_returns,0.0
ELF_returns,AERGO_returns,0.0
ELF_returns,MED_returns,0.3244876247982628
ELF_returns,NMR_returns,0.0
ELF_returns,API3_returns,0.0
ELF_returns,AGLD_returns,0.0
ELF_returns,BONE_returns,0.0
ELF_returns,SLP_returns,0.0
ELF_returns,MTL_returns,0.0
ELF_returns,KNC_returns,0.0
ELF_returns,CTSI_returns,0.0
ELF_returns,BTRST_returns,0.0
ELF_returns,SCRT_returns,0.0
ELF_returns,OMI_returns,0.0
ELF_returns,GEOD_returns,0.0
ELF_returns,EDU_returns,0.0
ELF_returns,0x0_returns,-0.026194971383927772
ELF_returns,KUJI_returns,0.0
EUL_returns,CTC_returns,0.0
EUL_returns,MINA_returns,0.0
EUL_returns,DASH_returns,0.1849381077030772
EUL_returns,SFP_returns,0.0
EUL_returns,BabyDoge_returns,0.0
EUL_returns,SNX_returns,0.0
EUL_returns,TFUEL_returns,0.0
EUL_returns,DCR_returns,0.16488827651150173
EUL_returns,GLM_returns,0.0
EUL_returns,MX_returns,0.0
EUL_returns,ZIL_returns,0.0
EUL_returns,BLUR_returns,0.0
EUL_returns,ROSE_returns,0.0
EUL_returns,CKB_returns,0.0
EUL_returns,TRAC_returns,0.0
EUL_returns,QTUM_returns,0.0
EUL_returns,ORDI_returns,-0.02670702220959123
EUL_returns,LPT_returns,0.0
EUL_returns,MASK_returns,0.0
EUL_returns,ASTR_returns,0.0
EUL_returns,ZRX_returns,0.0
EUL_returns,VTHO_returns,0.0
EUL_returns,ACH_returns,0.0
EUL_returns,BAT_returns,0.0
EUL_returns,CHEEL_returns,0.0
EUL_returns,CHEX_returns,0.0
EUL_returns,SNEK_returns,0.0
EUL_returns,BORG_returns,0.0
EUL_returns,KOGE_returns,0.1619134571135971
EUL_returns,IOTX_returns,0.0
EUL_returns,CELO_returns,0.0
EUL_returns,GAS_returns,0.0
EUL_returns,ONE_returns,0.0
EUL_returns,ID_returns,0.0
EUL_returns,SUSHI_returns,0.0
EUL_returns,CSPR_returns,0.0
EUL_returns,HOT_returns,0.0
EUL_returns,SC_returns,0.0
EUL_returns,YFI_returns,0.0
EUL_returns,RVN_returns,0.0
EUL_returns,COW_returns,0.0
EUL_returns,ANKR_returns,0.0
EUL_returns,GOMINING_returns,0.0
EUL_returns,XCH_returns,0.0
EUL_returns,DGB_returns,0.0
EUL_returns,T_returns,0.0
EUL_returns,WOO_returns,0.0
EUL_returns,ELF_returns,0.0
EUL_returns,EUL_returns,0.0
EUL_returns,ORCA_returns,-0.03379598139966032
EUL_returns,KDA_returns,0.0
EUL_returns,OSMO_returns,0.0
EUL_returns,GMT_returns,0.0
EUL_returns,SNT_returns,0.0
EUL_returns,GMX_returns,0.0
EUL_returns,ENJ_returns,0.0
EUL_returns,XYO_returns,0.0
EUL_returns,POLYX_returns,0.0
EUL_returns,ZIG_returns,0.0
EUL_returns,ZEN_returns,0.0
EUL_returns,COTI_returns,0.0
EUL_returns,WEMIX_returns,0.0
EUL_returns,SKL_returns,0.0
EUL_returns,LCX_returns,0.0
EUL_returns,WAVES_returns,0.0
EUL_returns,CVC_returns,0.0
EUL_returns,SWFTC_returns,0.0
EUL_returns,LUNA_returns,0.0
EUL_returns,HIVE_returns,0.0
EUL_returns,RLB_returns,0.0
EUL_returns,LRC_returns,0.0
EUL_returns,DAG_returns,0.0
EUL_returns,ONT_returns,0.0
EUL_returns,TRB_returns,0.0
EUL_returns,XNO_returns,0.0
EUL_returns,DLC_returns,0.0
EUL_returns,METIS_returns,-0.020461428573035647
EUL_returns,ICX_returns,0.0
EUL_returns,MYTH_returns,0.0
EUL_returns,MPLX_returns,0.0
EUL_returns,SXP_returns,0.0
EUL_returns,XVG_returns,0.0
EUL_returns,PEOPLE_returns,0.0
EUL_returns,AWE_returns,0.0
EUL_returns,REQ_returns,0.0
EUL_returns,STORJ_returns,0.0
EUL_returns,BAND_returns,0.0
EUL_returns,WMTX_returns,0.0
EUL_returns,CFG_returns,0.0
EUL_returns,HONEY_returns,0.0
EUL_returns,PRO_returns,0.0
EUL_returns,PRIME_returns,0.0
EUL_returns,VVS_returns,0.0
EUL_returns,CPOOL_returns,0.0
EUL_returns,YGG_returns,0.0
EUL_returns,SSV_returns,0.0
EUL_returns,CETUS_returns,0.0
EUL_returns,CGPT_returns,0.0
EUL_returns,STIK_returns,0.0
EUL_returns,PHA_returns,0.0
EUL_returns,XVS_returns,0.0
EUL_returns,KUB_returns,0.0
EUL_returns,BICO_returns,0.0
EUL_returns,UMA_returns,0.0
EUL_returns,WAXP_returns,0.0
EUL_returns,XPR_returns,0.0
EUL_returns,RPL_returns,0.0
EUL_returns,PUNDIX_returns,0.0
EUL_returns,FLUX_returns,0.0
EUL_returns,BORA_returns,0.0
EUL_returns,POWR_returns,0.0
EUL_returns,AUDIO_returns,0.0
EUL_returns,PROM_returns,0.0
EUL_returns,IOST_returns,0.0
EUL_returns,ACX_returns,0.0
EUL_returns,ARDR_returns,0.0
EUL_returns,SPELL_returns,0.0
EUL_returns,ORBR_returns,0.0
EUL_returns,LSK_returns,0.0
EUL_returns,XOR_returns,-0.03967145295009971
EUL_returns,GLMR_returns,0.0
EUL_returns,BMX_returns,0.0
EUL_returns,MVL_returns,0.0
EUL_returns,ABT_returns,0.13862381318681216
EUL_returns,VELO_returns,0.0
EUL_returns,IQ_returns,0.0
EUL_returns,AGI_returns,0.0
EUL_returns,WILD_returns,0.0
EUL_returns,XEM_returns,0.0
EUL_returns,LON_returns,0.1705076432766819
EUL_returns,POND_returns,0.0
EUL_returns,ACT_returns,-0.07052711385509494
EUL_returns,XRD_returns,0.0
EUL_returns,RLC_returns,0.0
EUL_returns,ILV_returns,0.0
EUL_returns,FIDA_returns,0.0
EUL_returns,BNT_returns,0.0
EUL_returns,DENT_returns,0.0
EUL_returns,ORBS_returns,0.0
EUL_returns,ONG_returns,0.0
EUL_returns,CHR_returns,0.0
EUL_returns,HEART_returns,0.0
EUL_returns,VANRY_returns,0.0
EUL_returns,LQTY_returns,0.0
EUL_returns,KEEP_returns,-0.015967336086143355
EUL_returns,DKA_returns,0.178732611056703
EUL_returns,ELON_returns,0.0
EUL_returns,ARK_returns,0.0
EUL_returns,MLK_returns,0.0
EUL_returns,AL_returns,0.0
EUL_returns,JOE_returns,0.0
EUL_returns,CELR_returns,0.0
EUL_returns,STEEM_returns,0.0
EUL_returns,BAL_returns,0.0
EUL_returns,PCI_returns,0.0
EUL_returns,MOVR_returns,0.0
EUL_returns,AUCTION_returns,-0.028371301191303974
EUL_returns,AERGO_returns,0.0
EUL_returns,MED_returns,0.16530228136621303
EUL_returns,NMR_returns,0.0
EUL_returns,API3_returns,0.0
EUL_returns,AGLD_returns,0.0
EUL_returns,BONE_returns,0.0
EUL_returns,SLP_returns,0.0
EUL_returns,MTL_returns,0.0
EUL_returns,KNC_returns,0.0
EUL_returns,CTSI_returns,0.0
EUL_returns,BTRST_returns,0.0
EUL_returns,SCRT_returns,0.0
EUL_returns,OMI_returns,0.0
EUL_returns,GEOD_returns,0.0
EUL_returns,EDU_returns,0.0
EUL_returns,0x0_returns,0.0
EUL_returns,KUJI_returns,0.0
ORCA_returns,CTC_returns,0.0
ORCA_returns,MINA_returns,0.0
ORCA_returns,DASH_returns,0.0
ORCA_returns,SFP_returns,0.0
ORCA_returns,BabyDoge_returns,0.0
ORCA_returns,SNX_returns,0.0
ORCA_returns,TFUEL_returns,0.0
ORCA_returns,DCR_returns,0.0
ORCA_returns,GLM_returns,0.0
ORCA_returns,MX_returns,0.0
ORCA_returns,ZIL_returns,0.0
ORCA_returns,BLUR_returns,0.0
ORCA_returns,ROSE_returns,0.23917454753786818
ORCA_returns,CKB_returns,0.0
ORCA_returns,TRAC_returns,0.0
ORCA_returns,QTUM_returns,0.0
ORCA_returns,ORDI_returns,0.0
ORCA_returns,LPT_returns,0.0
ORCA_returns,MASK_returns,0.0
ORCA_returns,ASTR_returns,0.0
ORCA_returns,ZRX_returns,0.0
ORCA_returns,VTHO_returns,0.0
ORCA_returns,ACH_returns,0.0
ORCA_returns,BAT_returns,0.0
ORCA_returns,CHEEL_returns,0.0
ORCA_returns,CHEX_returns,0.0
ORCA_returns,SNEK_returns,0.0
ORCA_returns,BORG_returns,0.0
ORCA_returns,KOGE_returns,0.0
ORCA_returns,IOTX_returns,0.0
ORCA_returns,CELO_returns,0.0
ORCA_returns,GAS_returns,0.0
ORCA_returns,ONE_returns,0.0
ORCA_returns,ID_returns,0.0
ORCA_returns,SUSHI_returns,0.0
ORCA_returns,CSPR_returns,0.0
ORCA_returns,HOT_returns,0.0
ORCA_returns,SC_returns,0.0
ORCA_returns,YFI_returns,0.2283232703027053
ORCA_returns,RVN_returns,0.0
ORCA_returns,COW_returns,0.0
ORCA_returns,ANKR_returns,0.0
ORCA_returns,GOMINING_returns,0.0
ORCA_returns,XCH_returns,0.0
ORCA_returns,DGB_returns,0.0
ORCA_returns,T_returns,0.0
ORCA_returns,WOO_returns,0.2287153343188105
ORCA_returns,ELF_returns,0.0
ORCA_returns,EUL_returns,-0.03379598139966032
ORCA_returns,ORCA_returns,0.0
ORCA_returns,KDA_returns,0.0
ORCA_returns,OSMO_returns,0.0
ORCA_returns,GMT_returns,0.0
ORCA_returns,SNT_returns,0.0
ORCA_returns,GMX_returns,0.0
ORCA_returns,ENJ_returns,0.0
ORCA_returns,XYO_returns,0.0
ORCA_returns,POLYX_returns,0.0
ORCA_returns,ZIG_returns,0.0
ORCA_returns,ZEN_returns,0.0
ORCA_returns,COTI_returns,0.0
ORCA_returns,WEMIX_returns,0.0
ORCA_returns,SKL_returns,0.0
ORCA_returns,LCX_returns,0.0
ORCA_returns,WAVES_returns,0.0
ORCA_returns,CVC_returns,0.0
ORCA_returns,SWFTC_returns,0.0
ORCA_returns,LUNA_returns,0.0
ORCA_returns,HIVE_returns,0.0
ORCA_returns,RLB_returns,0.0
ORCA_returns,LRC_returns,0.0
ORCA_returns,DAG_returns,0.0
ORCA_returns,ONT_returns,0.0
ORCA_returns,TRB_returns,0.0
ORCA_returns,XNO_returns,0.0
ORCA_returns,DLC_returns,0.0
ORCA_returns,METIS_returns,0.0
ORCA_returns,ICX_returns,0.0
ORCA_returns,MYTH_returns,-0.012744398586228023
ORCA_returns,MPLX_returns,0.0
ORCA_returns,SXP_returns,0.0
ORCA_returns,XVG_returns,0.0
ORCA_returns,PEOPLE_returns,0.0
ORCA_returns,AWE_returns,0.0
ORCA_returns,REQ_returns,0.0
ORCA_returns,STORJ_returns,0.0
ORCA_returns,BAND_returns,0.0
ORCA_returns,WMTX_returns,0.0
ORCA_returns,CFG_returns,0.0
ORCA_returns,HONEY_returns,0.0
ORCA_returns,PRO_returns,0.0
ORCA_returns,PRIME_returns,0.0
ORCA_returns,VVS_returns,0.0
ORCA_returns,CPOOL_returns,0.0
ORCA_returns,YGG_returns,0.0
ORCA_returns,SSV_returns,0.0
ORCA_returns,CETUS_returns,0.0
ORCA_returns,CGPT_returns,0.0
ORCA_returns,STIK_returns,0.0
ORCA_returns,PHA_returns,0.0
ORCA_returns,XVS_returns,0.0
ORCA_returns,KUB_returns,0.0
ORCA_returns,BICO_returns,0.0
ORCA_returns,UMA_returns,0.0
ORCA_returns,WAXP_returns,0.0
ORCA_returns,XPR_returns,0.0
ORCA_returns,RPL_returns,0.0
ORCA_returns,PUNDIX_returns,0.0
ORCA_returns,FLUX_returns,0.0
ORCA_returns,BORA_returns,0.0
ORCA_returns,POWR_returns,0.0
ORCA_returns,AUDIO_returns,0.0
ORCA_returns,PROM_returns,0.0
ORCA_returns,IOST_returns,0.0
ORCA_returns,ACX_returns,0.26489128833093134
ORCA_returns,ARDR_returns,0.0
ORCA_returns,SPELL_returns,0.0
ORCA_returns,ORBR_returns,0.0
ORCA_returns,LSK_returns,0.0
ORCA_returns,XOR_returns,0.0
ORCA_returns,GLMR_returns,0.0
ORCA_returns,BMX_returns,0.0
ORCA_returns,MVL_returns,0.0
ORCA_returns,ABT_returns,0.0
ORCA_returns,VELO_returns,0.0
ORCA_returns,IQ_returns,0.0
ORCA_returns,AGI_returns,0.0
ORCA_returns,WILD_returns,0.0
ORCA_returns,XEM_returns,0.0
ORCA_returns,LON_returns,0.0
ORCA_returns,POND_returns,0.0
ORCA_returns,ACT_returns,0.0
ORCA_returns,XRD_returns,0.0
ORCA_returns,RLC_returns,0.0
ORCA_returns,ILV_returns,0.0
ORCA_returns,FIDA_returns,0.22366135186386793
ORCA_returns,BNT_returns,0.0
ORCA_returns,DENT_returns,0.0
ORCA_returns,ORBS_returns,0.0
ORCA_returns,ONG_returns,0.0
ORCA_returns,CHR_returns,0.0
ORCA_returns,HEART_returns,0.0
ORCA_returns,VANRY_returns,0.0
ORCA_returns,LQTY_returns,0.0
ORCA_returns,KEEP_returns,-0.010262375011044152
ORCA_returns,DKA_returns,0.0
ORCA_returns,ELON_returns,-0.03682514745354656
ORCA_returns,ARK_returns,0.0
ORCA_returns,MLK_returns,0.0
ORCA_returns,AL_returns,0.0
ORCA_returns,JOE_returns,0.2599157185357423
ORCA_returns,CELR_returns,0.0
ORCA_returns,STEEM_returns,0.0
ORCA_returns,BAL_returns,0.0
ORCA_returns,PCI_returns,0.0
ORCA_returns,MOVR_returns,0.0
ORCA_returns,AUCTION_returns,0.0
ORCA_returns,AERGO_returns,0.0
ORCA_returns,MED_returns,0.0
ORCA_returns,NMR_returns,0.0
ORCA_returns,API3_returns,0.0
ORCA_returns,AGLD_returns,0.0
ORCA_returns,BONE_returns,0.0
ORCA_returns,SLP_returns,0.0
ORCA_returns,MTL_returns,0.0
ORCA_returns,KNC_returns,0.0
ORCA_returns,CTSI_returns,0.0
ORCA_returns,BTRST_returns,0.0
ORCA_returns,SCRT_returns,0.0
ORCA_returns,OMI_returns,0.0
ORCA_returns,GEOD_returns,0.0
ORCA_returns,EDU_returns,0.0
ORCA_returns,0x0_returns,0.0
ORCA_returns,KUJI_returns,0.18108505336631336
KDA_returns,CTC_returns,0.0
KDA_returns,MINA_returns,0.0
KDA_returns,DASH_returns,0.4584366036429737
KDA_returns,SFP_returns,0.0
KDA_returns,BabyDoge_returns,0.0
KDA_returns,SNX_returns,0.0
KDA_returns,TFUEL_returns,0.0
KDA_returns,DCR_returns,0.0
KDA_returns,GLM_returns,0.0
KDA_returns,MX_returns,0.0
KDA_returns,ZIL_returns,0.5177979690598944
KDA_returns,BLUR_returns,0.0
KDA_returns,ROSE_returns,0.0
KDA_returns,CKB_returns,0.0
KDA_returns,TRAC_returns,0.0
KDA_returns,QTUM_returns,0.0
KDA_returns,ORDI_returns,0.2799950745944109
KDA_returns,LPT_returns,0.0
KDA_returns,MASK_returns,0.0
KDA_returns,ASTR_returns,0.0
KDA_returns,ZRX_returns,0.0
KDA_returns,VTHO_returns,0.0
KDA_returns,ACH_returns,0.0
KDA_returns,BAT_returns,0.0
KDA_returns,CHEEL_returns,0.0
KDA_returns,CHEX_returns,0.0
KDA_returns,SNEK_returns,0.0
KDA_returns,BORG_returns,0.0
KDA_returns,KOGE_returns,0.0
KDA_returns,IOTX_returns,0.0
KDA_returns,CELO_returns,0.0
KDA_returns,GAS_returns,0.0
KDA_returns,ONE_returns,0.494857985216787
KDA_returns,ID_returns,0.0
KDA_returns,SUSHI_returns,0.0
KDA_returns,CSPR_returns,0.0
KDA_returns,HOT_returns,0.0
KDA_returns,SC_returns,0.0
KDA_returns,YFI_returns,0.0
KDA_returns,RVN_returns,0.0
KDA_returns,COW_returns,0.0
KDA_returns,ANKR_returns,0.0
KDA_returns,GOMINING_returns,0.0
KDA_returns,XCH_returns,0.0
KDA_returns,DGB_returns,0.0
KDA_returns,T_returns,0.0
KDA_returns,WOO_returns,0.0
KDA_returns,ELF_returns,0.0
KDA_returns,EUL_returns,0.0
KDA_returns,ORCA_returns,0.0
KDA_returns,KDA_returns,0.0
KDA_returns,OSMO_returns,0.0
KDA_returns,GMT_returns,0.0
KDA_returns,SNT_returns,0.0
KDA_returns,GMX_returns,0.0
KDA_returns,ENJ_returns,0.0
KDA_returns,XYO_returns,0.2735159398918365
KDA_returns,POLYX_returns,0.0
KDA_returns,ZIG_returns,0.0
KDA_returns,ZEN_returns,0.0
KDA_returns,COTI_returns,0.0
KDA_returns,WEMIX_returns,0.0
KDA_returns,SKL_returns,0.0
KDA_returns,LCX_returns,0.0
KDA_returns,WAVES_returns,0.0
KDA_returns,CVC_returns,0.0
KDA_returns,SWFTC_returns,0.0
KDA_returns,LUNA_returns,0.0
KDA_returns,HIVE_returns,0.0
KDA_returns,RLB_returns,0.0
KDA_returns,LRC_returns,0.0
KDA_returns,DAG_returns,0.0
KDA_returns,ONT_returns,0.0
KDA_returns,TRB_returns,0.0
KDA_returns,XNO_returns,0.0
KDA_returns,DLC_returns,0.0
KDA_returns,METIS_returns,0.320489915946601
KDA_returns,ICX_returns,0.0
KDA_returns,MYTH_returns,0.0
KDA_returns,MPLX_returns,0.0
KDA_returns,SXP_returns,0.0
KDA_returns,XVG_returns,0.31683136876023427
KDA_returns,PEOPLE_returns,0.0
KDA_returns,AWE_returns,0.0
KDA_returns,REQ_returns,0.0
KDA_returns,STORJ_returns,0.0
KDA_returns,BAND_returns,0.0
KDA_returns,WMTX_returns,0.0
KDA_returns,CFG_returns,0.0
KDA_returns,HONEY_returns,0.0
KDA_returns,PRO_returns,0.0
KDA_returns,PRIME_returns,0.0
KDA_returns,VVS_returns,0.0
KDA_returns,CPOOL_returns,0.0
KDA_returns,YGG_returns,0.0
KDA_returns,SSV_returns,0.0
KDA_returns,CETUS_returns,0.0
KDA_returns,CGPT_returns,0.0
KDA_returns,STIK_returns,-0.03233268425468707
KDA_returns,PHA_returns,0.0
KDA_returns,XVS_returns,0.0
KDA_returns,KUB_returns,0.0
KDA_returns,BICO_returns,0.0
KDA_returns,UMA_returns,0.0
KDA_returns,WAXP_returns,0.0
KDA_returns,XPR_returns,0.0
KDA_returns,RPL_returns,0.0
KDA_returns,PUNDIX_returns,0.0
KDA_returns,FLUX_returns,0.4805749253033635
KDA_returns,BORA_returns,0.0
KDA_returns,POWR_returns,0.0
KDA_returns,AUDIO_returns,0.0
KDA_returns,PROM_returns,0.0
KDA_returns,IOST_returns,0.0
KDA_returns,ACX_returns,0.0
KDA_returns,ARDR_returns,0.0
KDA_returns,SPELL_returns,0.0
KDA_returns,ORBR_returns,0.0
KDA_returns,LSK_returns,0.0
KDA_returns,XOR_returns,0.0
KDA_returns,GLMR_returns,0.0
KDA_returns,BMX_returns,0.0
KDA_returns,MVL_returns,0.0
KDA_returns,ABT_returns,0.0
KDA_returns,VELO_returns,0.0
KDA_returns,IQ_returns,0.0
KDA_returns,AGI_returns,0.0
KDA_returns,WILD_returns,0.0
KDA_returns,XEM_returns,0.0
KDA_returns,LON_returns,-0.011160423606765007
KDA_returns,POND_returns,0.0
KDA_returns,ACT_returns,0.0
KDA_returns,XRD_returns,0.2426624726445979
KDA_returns,RLC_returns,0.0
KDA_returns,ILV_returns,0.0
KDA_returns,FIDA_returns,0.0
KDA_returns,BNT_returns,0.0
KDA_returns,DENT_returns,0.5171794968122975
KDA_returns,ORBS_returns,0.0
KDA_returns,ONG_returns,0.0
KDA_returns,CHR_returns,0.0
KDA_returns,HEART_returns,0.0
KDA_returns,VANRY_returns,0.0
KDA_returns,LQTY_returns,0.0
KDA_returns,KEEP_returns,0.0
KDA_returns,DKA_returns,0.0
KDA_returns,ELON_returns,0.0
KDA_returns,ARK_returns,0.0
KDA_returns,MLK_returns,0.0
KDA_returns,AL_returns,0.0
KDA_returns,JOE_returns,0.0
KDA_returns,CELR_returns,0.49740036000540333
KDA_returns,STEEM_returns,0.0
KDA_returns,BAL_returns,0.0
KDA_returns,PCI_returns,0.0
KDA_returns,MOVR_returns,0.37188375202721463
KDA_returns,AUCTION_returns,0.0
KDA_returns,AERGO_returns,0.0
KDA_returns,MED_returns,0.0
KDA_returns,NMR_returns,0.0
KDA_returns,API3_returns,0.0
KDA_returns,AGLD_returns,0.0
KDA_returns,BONE_returns,0.0
KDA_returns,SLP_returns,0.0
KDA_returns,MTL_returns,0.0
KDA_returns,KNC_returns,0.0
KDA_returns,CTSI_returns,0.0
KDA_returns,BTRST_returns,0.0
KDA_returns,SCRT_returns,0.0
KDA_returns,OMI_returns,0.0
KDA_returns,GEOD_returns,0.0
KDA_returns,EDU_returns,0.0
KDA_returns,0x0_returns,0.0
KDA_returns,KUJI_returns,0.1836698596968115
OSMO_returns,CTC_returns,0.25964367720999004
OSMO_returns,MINA_returns,0.0
OSMO_returns,DASH_returns,0.0
OSMO_returns,SFP_returns,0.0
OSMO_returns,BabyDoge_returns,0.0
OSMO_returns,SNX_returns,0.0
OSMO_returns,TFUEL_returns,0.0
OSMO_returns,DCR_returns,0.0
OSMO_returns,GLM_returns,0.0
OSMO_returns,MX_returns,0.0
OSMO_returns,ZIL_returns,0.4726827019422858
OSMO_returns,BLUR_returns,0.0
OSMO_returns,ROSE_returns,0.0
OSMO_returns,CKB_returns,0.0
OSMO_returns,TRAC_returns,0.0
OSMO_returns,QTUM_returns,0.0
OSMO_returns,ORDI_returns,0.0
OSMO_returns,LPT_returns,0.0
OSMO_returns,MASK_returns,0.0
OSMO_returns,ASTR_returns,0.0
OSMO_returns,ZRX_returns,0.0
OSMO_returns,VTHO_returns,0.0
OSMO_returns,ACH_returns,0.0
OSMO_returns,BAT_returns,0.42491553302593366
OSMO_returns,CHEEL_returns,0.0
OSMO_returns,CHEX_returns,0.0
OSMO_returns,SNEK_returns,0.0
OSMO_returns,BORG_returns,0.0
OSMO_returns,KOGE_returns,0.0
OSMO_returns,IOTX_returns,0.0
OSMO_returns,CELO_returns,0.0
OSMO_returns,GAS_returns,0.0
OSMO_returns,ONE_returns,0.0
OSMO_returns,ID_returns,0.0
OSMO_returns,SUSHI_returns,0.0
OSMO_returns,CSPR_returns,0.0
OSMO_returns,HOT_returns,0.0
OSMO_returns,SC_returns,0.0
OSMO_returns,YFI_returns,0.0
OSMO_returns,RVN_returns,0.0
OSMO_returns,COW_returns,0.0
OSMO_returns,ANKR_returns,0.0
OSMO_returns,GOMINING_returns,0.0
OSMO_returns,XCH_returns,0.0
OSMO_returns,DGB_returns,0.0
OSMO_returns,T_returns,0.0
OSMO_returns,WOO_returns,0.0
OSMO_returns,ELF_returns,0.0
OSMO_returns,EUL_returns,0.0
OSMO_returns,ORCA_returns,0.0
OSMO_returns,KDA_returns,0.0
OSMO_returns,OSMO_returns,0.0
OSMO_returns,GMT_returns,0.0
OSMO_returns,SNT_returns,0.0
OSMO_returns,GMX_returns,0.0
OSMO_returns,ENJ_returns,0.3816511598562284
OSMO_returns,XYO_returns,0.0
OSMO_returns,POLYX_returns,0.0
OSMO_returns,ZIG_returns,0.14917501443174946
OSMO_returns,ZEN_returns,0.0
OSMO_returns,COTI_returns,0.0
OSMO_returns,WEMIX_returns,0.0
OSMO_returns,SKL_returns,0.0
OSMO_returns,LCX_returns,0.0
OSMO_returns,WAVES_returns,0.0
OSMO_returns,CVC_returns,0.0
OSMO_returns,SWFTC_returns,0.0
OSMO_returns,LUNA_returns,0.0
OSMO_returns,HIVE_returns,0.0
OSMO_returns,RLB_returns,0.0
OSMO_returns,LRC_returns,0.4049453878250087
OSMO_returns,DAG_returns,0.0
OSMO_returns,ONT_returns,0.0
OSMO_returns,TRB_returns,0.0
OSMO_returns,XNO_returns,0.0
OSMO_returns,DLC_returns,0.0
OSMO_returns,METIS_returns,0.0
OSMO_returns,ICX_returns,0.0
OSMO_returns,MYTH_returns,0.0
OSMO_returns,MPLX_returns,0.0
OSMO_returns,SXP_returns,0.0
OSMO_returns,XVG_returns,0.0
OSMO_returns,PEOPLE_returns,0.0
OSMO_returns,AWE_returns,0.0
OSMO_returns,REQ_returns,0.0
OSMO_returns,STORJ_returns,0.0
OSMO_returns,BAND_returns,0.0
OSMO_returns,WMTX_returns,0.0
OSMO_returns,CFG_returns,0.27583537499612293
OSMO_returns,HONEY_returns,0.0
OSMO_returns,PRO_returns,0.0
OSMO_returns,PRIME_returns,0.0
OSMO_returns,VVS_returns,0.2759697012148799
OSMO_returns,CPOOL_returns,0.0
OSMO_returns,YGG_returns,0.0
OSMO_returns,SSV_returns,0.0
OSMO_returns,CETUS_returns,0.0
OSMO_returns,CGPT_returns,0.0
OSMO_returns,STIK_returns,0.0
OSMO_returns,PHA_returns,0.0
OSMO_returns,XVS_returns,0.0
OSMO_returns,KUB_returns,0.0
OSMO_returns,BICO_returns,0.0
OSMO_returns,UMA_returns,0.0
OSMO_returns,WAXP_returns,0.0
OSMO_returns,XPR_returns,0.0
OSMO_returns,RPL_returns,0.0
OSMO_returns,PUNDIX_returns,0.0
OSMO_returns,FLUX_returns,0.0
OSMO_returns,BORA_returns,0.0
OSMO_returns,POWR_returns,0.0
OSMO_returns,AUDIO_returns,0.0
OSMO_returns,PROM_returns,0.0
OSMO_returns,IOST_returns,0.0
OSMO_returns,ACX_returns,0.1614617523282391
OSMO_returns,ARDR_returns,0.0
OSMO_returns,SPELL_returns,0.0
OSMO_returns,ORBR_returns,0.0
OSMO_returns,LSK_returns,0.0
OSMO_returns,XOR_returns,0.0
OSMO_returns,GLMR_returns,0.0
OSMO_returns,BMX_returns,0.0
OSMO_returns,MVL_returns,0.0
OSMO_returns,ABT_returns,0.0
OSMO_returns,VELO_returns,0.0
OSMO_returns,IQ_returns,0.0
OSMO_returns,AGI_returns,0.0
OSMO_returns,WILD_returns,0.0
OSMO_returns,XEM_returns,0.0
OSMO_returns,LON_returns,0.0
OSMO_returns,POND_returns,0.0
OSMO_returns,ACT_returns,0.0
OSMO_returns,XRD_returns,0.0
OSMO_returns,RLC_returns,0.0
OSMO_returns,ILV_returns,0.0
OSMO_returns,FIDA_returns,0.0
OSMO_returns,BNT_returns,0.0
OSMO_returns,DENT_returns,0.4121028974778022
OSMO_returns,ORBS_returns,0.0
OSMO_returns,ONG_returns,0.0
OSMO_returns,CHR_returns,0.0
OSMO_returns,HEART_returns,0.0
OSMO_returns,VANRY_returns,0.0
OSMO_returns,LQTY_returns,0.0
OSMO_returns,KEEP_returns,0.0
OSMO_returns,DKA_returns,0.0
OSMO_returns,ELON_returns,0.0
OSMO_returns,ARK_returns,0.0
OSMO_returns,MLK_returns,0.0
OSMO_returns,AL_returns,0.0
OSMO_returns,JOE_returns,0.0
OSMO_returns,CELR_returns,0.42453850476458543
OSMO_returns,STEEM_returns,0.0
OSMO_returns,BAL_returns,0.0
OSMO_returns,PCI_returns,0.0
OSMO_returns,MOVR_returns,0.0
OSMO_returns,AUCTION_returns,0.0
OSMO_returns,AERGO_returns,0.0
OSMO_returns,MED_returns,0.0
OSMO_returns,NMR_returns,0.0
OSMO_returns,API3_returns,0.0
OSMO_returns,AGLD_returns,0.0
OSMO_returns,BONE_returns,0.0
OSMO_returns,SLP_returns,0.0
OSMO_returns,MTL_returns,0.0
OSMO_returns,KNC_returns,0.0
OSMO_returns,CTSI_returns,0.0
OSMO_returns,BTRST_returns,0.0
OSMO_returns,SCRT_returns,0.0
OSMO_returns,OMI_returns,0.0
OSMO_returns,GEOD_returns,0.0
OSMO_returns,EDU_returns,0.0
OSMO_returns,0x0_returns,0.0
OSMO_returns,KUJI_returns,0.0
GMT_returns,CTC_returns,0.0
GMT_returns,MINA_returns,0.0
GMT_returns,DASH_returns,0.0
GMT_returns,SFP_returns,0.0
GMT_returns,BabyDoge_returns,0.0
GMT_returns,SNX_returns,0.0
GMT_returns,TFUEL_returns,0.0
GMT_returns,DCR_returns,0.0
GMT_returns,GLM_returns,0.0
GMT_returns,MX_returns,0.0
GMT_returns,ZIL_returns,0.5062758442949824
GMT_returns,BLUR_returns,0.0
GMT_returns,ROSE_returns,0.0
GMT_returns,CKB_returns,0.0
GMT_returns,TRAC_returns,0.0
GMT_returns,QTUM_returns,0.0
GMT_returns,ORDI_returns,0.0
GMT_returns,LPT_returns,0.0
GMT_returns,MASK_returns,0.0
GMT_returns,ASTR_returns,0.0
GMT_returns,ZRX_returns,0.0
GMT_returns,VTHO_returns,0.0
GMT_returns,ACH_returns,0.0
GMT_returns,BAT_returns,0.5047246378407733
GMT_returns,CHEEL_returns,0.0
GMT_returns,CHEX_returns,0.0
GMT_returns,SNEK_returns,0.0
GMT_returns,BORG_returns,0.0
GMT_returns,KOGE_returns,0.0
GMT_returns,IOTX_returns,0.0
GMT_returns,CELO_returns,0.0
GMT_returns,GAS_returns,0.0
GMT_returns,ONE_returns,0.0
GMT_returns,ID_returns,0.0
GMT_returns,SUSHI_returns,0.0
GMT_returns,CSPR_returns,0.0
GMT_returns,HOT_returns,0.0
GMT_returns,SC_returns,0.0
GMT_returns,YFI_returns,0.0
GMT_returns,RVN_returns,0.0
GMT_returns,COW_returns,0.0
GMT_returns,ANKR_returns,0.0
GMT_returns,GOMINING_returns,0.0
GMT_returns,XCH_returns,0.0
GMT_returns,DGB_returns,0.0
GMT_returns,T_returns,0.0
GMT_returns,WOO_returns,0.0
GMT_returns,ELF_returns,0.0
GMT_returns,EUL_returns,0.0
GMT_returns,ORCA_returns,0.0
GMT_returns,KDA_returns,0.0
GMT_returns,OSMO_returns,0.0
GMT_returns,GMT_returns,0.0
GMT_returns,SNT_returns,0.0
GMT_returns,GMX_returns,0.0
GMT_returns,ENJ_returns,0.5014418106500385
GMT_returns,XYO_returns,0.0
GMT_returns,POLYX_returns,0.0
GMT_returns,ZIG_returns,0.0
GMT_returns,ZEN_returns,0.0
GMT_returns,COTI_returns,0.0
GMT_returns,WEMIX_returns,0.0
GMT_returns,SKL_returns,0.0
GMT_returns,LCX_returns,0.0
GMT_returns,WAVES_returns,0.0
GMT_returns,CVC_returns,0.0
GMT_returns,SWFTC_returns,0.0
GMT_returns,LUNA_returns,0.0
GMT_returns,HIVE_returns,0.0
GMT_returns,RLB_returns,0.0
GMT_returns,LRC_returns,0.45952559879215477
GMT_returns,DAG_returns,0.0
GMT_returns,ONT_returns,0.0
GMT_returns,TRB_returns,0.0
GMT_returns,XNO_returns,0.0
GMT_returns,DLC_returns,0.0
GMT_returns,METIS_returns,0.0
GMT_returns,ICX_returns,0.5043279622622694
GMT_returns,MYTH_returns,0.0
GMT_returns,MPLX_returns,0.0
GMT_returns,SXP_returns,0.0
GMT_returns,XVG_returns,0.0
GMT_returns,PEOPLE_returns,0.0
GMT_returns,AWE_returns,0.0
GMT_returns,REQ_returns,0.0
GMT_returns,STORJ_returns,0.0
GMT_returns,BAND_returns,0.0
GMT_returns,WMTX_returns,0.0
GMT_returns,CFG_returns,0.2670675413437975
GMT_returns,HONEY_returns,0.0
GMT_returns,PRO_returns,0.0
GMT_returns,PRIME_returns,0.0
GMT_returns,VVS_returns,0.0
GMT_returns,CPOOL_returns,0.0
GMT_returns,YGG_returns,0.4122862708876537
GMT_returns,SSV_returns,0.0
GMT_returns,CETUS_returns,0.0
GMT_returns,CGPT_returns,0.0
GMT_returns,STIK_returns,0.0
GMT_returns,PHA_returns,0.3742624708584315
GMT_returns,XVS_returns,0.0
GMT_returns,KUB_returns,0.0
GMT_returns,BICO_returns,0.0
GMT_returns,UMA_returns,0.0
GMT_returns,WAXP_returns,0.0
GMT_returns,XPR_returns,0.0
GMT_returns,RPL_returns,0.0
GMT_returns,PUNDIX_returns,0.0
GMT_returns,FLUX_returns,0.0
GMT_returns,BORA_returns,0.0
GMT_returns,POWR_returns,0.0
GMT_returns,AUDIO_returns,0.0
GMT_returns,PROM_returns,0.0
GMT_returns,IOST_returns,0.0
GMT_returns,ACX_returns,0.0
GMT_returns,ARDR_returns,0.0
GMT_returns,SPELL_returns,0.0
GMT_returns,ORBR_returns,0.0
GMT_returns,LSK_returns,0.0
GMT_returns,XOR_returns,0.0
GMT_returns,GLMR_returns,0.0
GMT_returns,BMX_returns,0.0
GMT_returns,MVL_returns,0.0
GMT_returns,ABT_returns,0.0
GMT_returns,VELO_returns,0.0
GMT_returns,IQ_returns,0.0
GMT_returns,AGI_returns,0.0
GMT_returns,WILD_returns,0.0
GMT_returns,XEM_returns,0.0
GMT_returns,LON_returns,0.0
GMT_returns,POND_returns,0.34886154367232425
GMT_returns,ACT_returns,0.0
GMT_returns,XRD_returns,0.0
GMT_returns,RLC_returns,0.0
GMT_returns,ILV_returns,0.0
GMT_returns,FIDA_returns,0.0
GMT_returns,BNT_returns,0.0
GMT_returns,DENT_returns,0.44685144541009564
GMT_returns,ORBS_returns,0.0
GMT_returns,ONG_returns,0.0
GMT_returns,CHR_returns,0.0
GMT_returns,HEART_returns,0.0
GMT_returns,VANRY_returns,0.0
GMT_returns,LQTY_returns,0.0
GMT_returns,KEEP_returns,0.0
GMT_returns,DKA_returns,0.0
GMT_returns,ELON_returns,0.0
GMT_returns,ARK_returns,0.0
GMT_returns,MLK_returns,0.0
GMT_returns,AL_returns,0.0
GMT_returns,JOE_returns,0.0
GMT_returns,CELR_returns,0.0
GMT_returns,STEEM_returns,0.0
GMT_returns,BAL_returns,0.0
GMT_returns,PCI_returns,0.0
GMT_returns,MOVR_returns,0.0
GMT_returns,AUCTION_returns,0.0
GMT_returns,AERGO_returns,0.0
GMT_returns,MED_returns,0.0
GMT_returns,NMR_returns,0.0
GMT_returns,API3_returns,0.0
GMT_returns,AGLD_returns,0.0
GMT_returns,BONE_returns,0.0
GMT_returns,SLP_returns,0.0
GMT_returns,MTL_returns,0.0
GMT_returns,KNC_returns,0.0
GMT_returns,CTSI_returns,0.0
GMT_returns,BTRST_returns,0.0
GMT_returns,SCRT_returns,0.0
GMT_returns,OMI_returns,0.0
GMT_returns,GEOD_returns,0.0
GMT_returns,EDU_returns,0.0
GMT_returns,0x0_returns,0.0
GMT_returns,KUJI_returns,0.0
SNT_returns,CTC_returns,0.0
SNT_returns,MINA_returns,0.0
SNT_returns,DASH_returns,0.3590066657545992
SNT_returns,SFP_returns,0.0
SNT_returns,BabyDoge_returns,0.0
SNT_returns,SNX_returns,0.0
SNT_returns,TFUEL_returns,0.0
SNT_returns,DCR_returns,0.0
SNT_returns,GLM_returns,0.0
SNT_returns,MX_returns,0.0
SNT_returns,ZIL_returns,0.3809223017120827
SNT_returns,BLUR_returns,0.0
SNT_returns,ROSE_returns,0.0
SNT_returns,CKB_returns,0.0
SNT_returns,TRAC_returns,0.0
SNT_returns,QTUM_returns,0.0
SNT_returns,ORDI_returns,0.0
SNT_returns,LPT_returns,0.0
SNT_returns,MASK_returns,0.0
SNT_returns,ASTR_returns,0.0
SNT_returns,ZRX_returns,0.0
SNT_returns,VTHO_returns,0.0
SNT_returns,ACH_returns,0.0
SNT_returns,BAT_returns,0.3594583773788462
SNT_returns,CHEEL_returns,0.0
SNT_returns,CHEX_returns,-0.00515815741849381
SNT_returns,SNEK_returns,0.0
SNT_returns,BORG_returns,0.0
SNT_returns,KOGE_returns,0.0
SNT_returns,IOTX_returns,0.0
SNT_returns,CELO_returns,0.0
SNT_returns,GAS_returns,0.3306975576407698
SNT_returns,ONE_returns,0.0
SNT_returns,ID_returns,0.0
SNT_returns,SUSHI_returns,0.0
SNT_returns,CSPR_returns,0.0
SNT_returns,HOT_returns,0.0
SNT_returns,SC_returns,0.0
SNT_returns,YFI_returns,0.0
SNT_returns,RVN_returns,0.0
SNT_returns,COW_returns,-0.000748583853727638
SNT_returns,ANKR_returns,0.337884059602266
SNT_returns,GOMINING_returns,0.0
SNT_returns,XCH_returns,0.0
SNT_returns,DGB_returns,0.0
SNT_returns,T_returns,0.0
SNT_returns,WOO_returns,0.0
SNT_returns,ELF_returns,0.0
SNT_returns,EUL_returns,0.0
SNT_returns,ORCA_returns,0.0
SNT_returns,KDA_returns,0.0
SNT_returns,OSMO_returns,0.0
SNT_returns,GMT_returns,0.0
SNT_returns,SNT_returns,0.0
SNT_returns,GMX_returns,0.0
SNT_returns,ENJ_returns,0.0
SNT_returns,XYO_returns,0.0
SNT_returns,POLYX_returns,0.0
SNT_returns,ZIG_returns,0.0
SNT_returns,ZEN_returns,0.0
SNT_returns,COTI_returns,0.0
SNT_returns,WEMIX_returns,0.0
SNT_returns,SKL_returns,0.0
SNT_returns,LCX_returns,0.0
SNT_returns,WAVES_returns,0.0
SNT_returns,CVC_returns,0.0
SNT_returns,SWFTC_returns,0.0
SNT_returns,LUNA_returns,0.0
SNT_returns,HIVE_returns,0.0
SNT_returns,RLB_returns,0.0
SNT_returns,LRC_returns,0.0
SNT_returns,DAG_returns,0.0
SNT_returns,ONT_returns,0.0
SNT_returns,TRB_returns,0.0
SNT_returns,XNO_returns,0.0
SNT_returns,DLC_returns,0.0
SNT_returns,METIS_returns,0.0
SNT_returns,ICX_returns,0.39712979642855467
SNT_returns,MYTH_returns,0.0
SNT_returns,MPLX_returns,0.0
SNT_returns,SXP_returns,0.0
SNT_returns,XVG_returns,0.0
SNT_returns,PEOPLE_returns,0.0
SNT_returns,AWE_returns,0.0
SNT_returns,REQ_returns,0.0
SNT_returns,STORJ_returns,0.0
SNT_returns,BAND_returns,0.0
SNT_returns,WMTX_returns,0.0
SNT_returns,CFG_returns,0.0
SNT_returns,HONEY_returns,0.0
SNT_returns,PRO_returns,0.0
SNT_returns,PRIME_returns,0.0
SNT_returns,VVS_returns,0.0
SNT_returns,CPOOL_returns,0.0
SNT_returns,YGG_returns,0.0
SNT_returns,SSV_returns,0.0
SNT_returns,CETUS_returns,0.0
SNT_returns,CGPT_returns,0.0
SNT_returns,STIK_returns,-0.03115258989474434
SNT_returns,PHA_returns,0.0
SNT_returns,XVS_returns,0.0
SNT_returns,KUB_returns,0.0
SNT_returns,BICO_returns,0.0
SNT_returns,UMA_returns,0.0
SNT_returns,WAXP_returns,0.34222179032900735
SNT_returns,XPR_returns,0.0
SNT_returns,RPL_returns,0.0
SNT_returns,PUNDIX_returns,0.0
SNT_returns,FLUX_returns,0.0
SNT_returns,BORA_returns,0.0
SNT_returns,POWR_returns,0.0
SNT_returns,AUDIO_returns,0.0
SNT_returns,PROM_returns,0.0
SNT_returns,IOST_returns,0.0
SNT_returns,ACX_returns,0.0
SNT_returns,ARDR_returns,0.0
SNT_returns,SPELL_returns,0.0
SNT_returns,ORBR_returns,0.0
SNT_returns,LSK_returns,0.0
SNT_returns,XOR_returns,-0.008141426132374112
SNT_returns,GLMR_returns,0.0
SNT_returns,BMX_returns,0.0
SNT_returns,MVL_returns,0.0
SNT_returns,ABT_returns,0.0
SNT_returns,VELO_returns,0.0
SNT_returns,IQ_returns,0.0
SNT_returns,AGI_returns,0.0
SNT_returns,WILD_returns,0.0
SNT_returns,XEM_returns,0.0
SNT_returns,LON_returns,0.0
SNT_returns,POND_returns,0.0
SNT_returns,ACT_returns,-0.032998129643865864
SNT_returns,XRD_returns,0.0
SNT_returns,RLC_returns,0.0
SNT_returns,ILV_returns,0.0
SNT_returns,FIDA_returns,0.0
SNT_returns,BNT_returns,0.0
SNT_returns,DENT_returns,0.0
SNT_returns,ORBS_returns,0.0
SNT_returns,ONG_returns,0.0
SNT_returns,CHR_returns,0.0
SNT_returns,HEART_returns,0.0
SNT_returns,VANRY_returns,0.0
SNT_returns,LQTY_returns,0.0
SNT_returns,KEEP_returns,0.0
SNT_returns,DKA_returns,0.0
SNT_returns,ELON_returns,0.0
SNT_returns,ARK_returns,0.0
SNT_returns,MLK_returns,0.0
SNT_returns,AL_returns,0.0
SNT_returns,JOE_returns,0.0
SNT_returns,CELR_returns,0.0
SNT_returns,STEEM_returns,0.0
SNT_returns,BAL_returns,0.0
SNT_returns,PCI_returns,0.0
SNT_returns,MOVR_returns,0.0
SNT_returns,AUCTION_returns,0.0
SNT_returns,AERGO_returns,0.0
SNT_returns,MED_returns,0.0
SNT_returns,NMR_returns,0.0
SNT_returns,API3_returns,0.0
SNT_returns,AGLD_returns,0.0
SNT_returns,BONE_returns,0.0
SNT_returns,SLP_returns,0.0
SNT_returns,MTL_returns,0.0
SNT_returns,KNC_returns,0.0
SNT_returns,CTSI_returns,0.0
SNT_returns,BTRST_returns,0.0
SNT_returns,SCRT_returns,0.0
SNT_returns,OMI_returns,0.0
SNT_returns,GEOD_returns,0.0
SNT_returns,EDU_returns,0.0
SNT_returns,0x0_returns,0.0
SNT_returns,KUJI_returns,0.0
GMX_returns,CTC_returns,0.0
GMX_returns,MINA_returns,0.0
GMX_returns,DASH_returns,0.0
GMX_returns,SFP_returns,0.0
GMX_returns,BabyDoge_returns,0.0
GMX_returns,SNX_returns,0.0
GMX_returns,TFUEL_returns,0.0
GMX_returns,DCR_returns,0.0
GMX_returns,GLM_returns,0.0
GMX_returns,MX_returns,0.0
GMX_returns,ZIL_returns,0.0
GMX_returns,BLUR_returns,0.0
GMX_returns,ROSE_returns,0.0
GMX_returns,CKB_returns,0.0
GMX_returns,TRAC_returns,0.0
GMX_returns,QTUM_returns,0.0
GMX_returns,ORDI_returns,0.0
GMX_returns,LPT_returns,0.0
GMX_returns,MASK_returns,0.0
GMX_returns,ASTR_returns,0.0
GMX_returns,ZRX_returns,0.0
GMX_returns,VTHO_returns,0.0
GMX_returns,ACH_returns,0.0
GMX_returns,BAT_returns,0.0
GMX_returns,CHEEL_returns,0.0
GMX_returns,CHEX_returns,0.0
GMX_returns,SNEK_returns,0.0
GMX_returns,BORG_returns,0.0
GMX_returns,KOGE_returns,0.0
GMX_returns,IOTX_returns,0.0
GMX_returns,CELO_returns,0.0
GMX_returns,GAS_returns,0.0
GMX_returns,ONE_returns,0.3762994155242164
GMX_returns,ID_returns,0.0
GMX_returns,SUSHI_returns,0.0
GMX_returns,CSPR_returns,0.0
GMX_returns,HOT_returns,0.3692393846762306
GMX_returns,SC_returns,0.0
GMX_returns,YFI_returns,0.0
GMX_returns,RVN_returns,0.0
GMX_returns,COW_returns,0.18441000047464293
GMX_returns,ANKR_returns,0.36663641809256786
GMX_returns,GOMINING_returns,0.0
GMX_returns,XCH_returns,0.0
GMX_returns,DGB_returns,0.0
GMX_returns,T_returns,0.0
GMX_returns,WOO_returns,0.0
GMX_returns,ELF_returns,0.0
GMX_returns,EUL_returns,0.0
GMX_returns,ORCA_returns,0.0
GMX_returns,KDA_returns,0.0
GMX_returns,OSMO_returns,0.0
GMX_returns,GMT_returns,0.0
GMX_returns,SNT_returns,0.0
GMX_returns,GMX_returns,0.0
GMX_returns,ENJ_returns,0.0
GMX_returns,XYO_returns,0.0
GMX_returns,POLYX_returns,0.0
GMX_returns,ZIG_returns,0.0
GMX_returns,ZEN_returns,0.0
GMX_returns,COTI_returns,0.0
GMX_returns,WEMIX_returns,0.0
GMX_returns,SKL_returns,0.0
GMX_returns,LCX_returns,0.0
GMX_returns,WAVES_returns,0.0
GMX_returns,CVC_returns,0.0
GMX_returns,SWFTC_returns,0.0
GMX_returns,LUNA_returns,0.0
GMX_returns,HIVE_returns,0.0
GMX_returns,RLB_returns,0.0
GMX_returns,LRC_returns,0.0
GMX_returns,DAG_returns,0.0
GMX_returns,ONT_returns,0.0
GMX_returns,TRB_returns,0.0
GMX_returns,XNO_returns,0.0
GMX_returns,DLC_returns,0.0
GMX_returns,METIS_returns,0.0
GMX_returns,ICX_returns,0.0
GMX_returns,MYTH_returns,0.0
GMX_returns,MPLX_returns,0.0
GMX_returns,SXP_returns,0.0
GMX_returns,XVG_returns,0.0
GMX_returns,PEOPLE_returns,0.0
GMX_returns,AWE_returns,0.0
GMX_returns,REQ_returns,0.0
GMX_returns,STORJ_returns,0.0
GMX_returns,BAND_returns,0.3811361162495691
GMX_returns,WMTX_returns,0.0
GMX_returns,CFG_returns,0.0
GMX_returns,HONEY_returns,0.0
GMX_returns,PRO_returns,0.0
GMX_returns,PRIME_returns,0.0
GMX_returns,VVS_returns,0.0
GMX_returns,CPOOL_returns,0.0
GMX_returns,YGG_returns,0.0
GMX_returns,SSV_returns,0.0
GMX_returns,CETUS_returns,0.0
GMX_returns,CGPT_returns,0.0
GMX_returns,STIK_returns,-0.08492386224632587
GMX_returns,PHA_returns,0.0
GMX_returns,XVS_returns,0.0
GMX_returns,KUB_returns,0.0
GMX_returns,BICO_returns,0.0
GMX_returns,UMA_returns,0.0
GMX_returns,WAXP_returns,0.0
GMX_returns,XPR_returns,0.0
GMX_returns,RPL_returns,0.27925235308802165
GMX_returns,PUNDIX_returns,0.0
GMX_returns,FLUX_returns,0.0
GMX_returns,BORA_returns,0.0
GMX_returns,POWR_returns,0.0
GMX_returns,AUDIO_returns,0.0
GMX_returns,PROM_returns,0.0
GMX_returns,IOST_returns,0.0
GMX_returns,ACX_returns,0.0
GMX_returns,ARDR_returns,0.0
GMX_returns,SPELL_returns,0.0
GMX_returns,ORBR_returns,0.0
GMX_returns,LSK_returns,0.0
GMX_returns,XOR_returns,0.0
GMX_returns,GLMR_returns,0.0
GMX_returns,BMX_returns,0.0
GMX_returns,MVL_returns,0.0
GMX_returns,ABT_returns,0.0
GMX_returns,VELO_returns,0.0
GMX_returns,IQ_returns,0.0
GMX_returns,AGI_returns,0.0
GMX_returns,WILD_returns,0.0
GMX_returns,XEM_returns,0.0
GMX_returns,LON_returns,0.0
GMX_returns,POND_returns,0.0
GMX_returns,ACT_returns,0.0
GMX_returns,XRD_returns,0.0
GMX_returns,RLC_returns,0.0
GMX_returns,ILV_returns,0.0
GMX_returns,FIDA_returns,0.0
GMX_returns,BNT_returns,0.0
GMX_returns,DENT_returns,0.37896171870585804
GMX_returns,ORBS_returns,0.0
GMX_returns,ONG_returns,0.0
GMX_returns,CHR_returns,0.0
GMX_returns,HEART_returns,0.0
GMX_returns,VANRY_returns,0.0
GMX_returns,LQTY_returns,0.0
GMX_returns,KEEP_returns,0.0
GMX_returns,DKA_returns,0.0
GMX_returns,ELON_returns,0.0
GMX_returns,ARK_returns,0.0
GMX_returns,MLK_returns,0.0
GMX_returns,AL_returns,0.0
GMX_returns,JOE_returns,0.0
GMX_returns,CELR_returns,0.3580525040236153
GMX_returns,STEEM_returns,0.0
GMX_returns,BAL_returns,0.0
GMX_returns,PCI_returns,0.0
GMX_returns,MOVR_returns,0.0
GMX_returns,AUCTION_returns,0.0
GMX_returns,AERGO_returns,0.0
GMX_returns,MED_returns,0.0
GMX_returns,NMR_returns,0.0
GMX_returns,API3_returns,0.0
GMX_returns,AGLD_returns,0.0
GMX_returns,BONE_returns,0.0
GMX_returns,SLP_returns,0.0
GMX_returns,MTL_returns,0.0
GMX_returns,KNC_returns,0.0
GMX_returns,CTSI_returns,0.0
GMX_returns,BTRST_returns,0.0
GMX_returns,SCRT_returns,0.0
GMX_returns,OMI_returns,0.0
GMX_returns,GEOD_returns,0.0
GMX_returns,EDU_returns,0.0
GMX_returns,0x0_returns,0.0
GMX_returns,KUJI_returns,0.0
ENJ_returns,CTC_returns,0.0
ENJ_returns,MINA_returns,0.0
ENJ_returns,DASH_returns,0.5491350655223243
ENJ_returns,SFP_returns,0.0
ENJ_returns,BabyDoge_returns,0.24648837284869457
ENJ_returns,SNX_returns,0.0
ENJ_returns,TFUEL_returns,0.0
ENJ_returns,DCR_returns,0.0
ENJ_returns,GLM_returns,0.0
ENJ_returns,MX_returns,0.0
ENJ_returns,ZIL_returns,0.6212893618962274
ENJ_returns,BLUR_returns,0.4132953230846634
ENJ_returns,ROSE_returns,0.5198292040302203
ENJ_returns,CKB_returns,0.33199222409521517
ENJ_returns,TRAC_returns,0.0
ENJ_returns,QTUM_returns,0.0
ENJ_returns,ORDI_returns,0.0
ENJ_returns,LPT_returns,0.0
ENJ_returns,MASK_returns,0.0
ENJ_returns,ASTR_returns,0.0
ENJ_returns,ZRX_returns,0.0
ENJ_returns,VTHO_returns,0.0
ENJ_returns,ACH_returns,0.41435384847948764
ENJ_returns,BAT_returns,0.6397810409828658
ENJ_returns,CHEEL_returns,0.0
ENJ_returns,CHEX_returns,0.0
ENJ_returns,SNEK_returns,0.2348734530598644
ENJ_returns,BORG_returns,0.0
ENJ_returns,KOGE_returns,0.0
ENJ_returns,IOTX_returns,0.0
ENJ_returns,CELO_returns,0.0
ENJ_returns,GAS_returns,0.0
ENJ_returns,ONE_returns,0.6132393146927274
ENJ_returns,ID_returns,0.0
ENJ_returns,SUSHI_returns,0.4560647662247999
ENJ_returns,CSPR_returns,0.0
ENJ_returns,HOT_returns,0.5994829268887304
ENJ_returns,SC_returns,0.0
ENJ_returns,YFI_returns,0.0
ENJ_returns,RVN_returns,0.0
ENJ_returns,COW_returns,0.0
ENJ_returns,ANKR_returns,0.0
ENJ_returns,GOMINING_returns,0.0
ENJ_returns,XCH_returns,0.0
ENJ_returns,DGB_returns,0.0
ENJ_returns,T_returns,0.0
ENJ_returns,WOO_returns,0.500362096497068
ENJ_returns,ELF_returns,0.0
ENJ_returns,EUL_returns,0.0
ENJ_returns,ORCA_returns,0.0
ENJ_returns,KDA_returns,0.0
ENJ_returns,OSMO_returns,0.3816511598562284
ENJ_returns,GMT_returns,0.5014418106500385
ENJ_returns,SNT_returns,0.0
ENJ_returns,GMX_returns,0.0
ENJ_returns,ENJ_returns,0.0
ENJ_returns,XYO_returns,0.0
ENJ_returns,POLYX_returns,0.0
ENJ_returns,ZIG_returns,0.0
ENJ_returns,ZEN_returns,0.34689936390076953
ENJ_returns,COTI_returns,0.4164212693632202
ENJ_returns,WEMIX_returns,0.0
ENJ_returns,SKL_returns,0.4016936968335839
ENJ_returns,LCX_returns,0.0
ENJ_returns,WAVES_returns,0.0
ENJ_returns,CVC_returns,0.0
ENJ_returns,SWFTC_returns,0.0
ENJ_returns,LUNA_returns,0.0
ENJ_returns,HIVE_returns,0.0
ENJ_returns,RLB_returns,0.0
ENJ_returns,LRC_returns,0.58897289135386
ENJ_returns,DAG_returns,0.0
ENJ_returns,ONT_returns,0.0
ENJ_returns,TRB_returns,0.0
ENJ_returns,XNO_returns,0.0
ENJ_returns,DLC_returns,0.0
ENJ_returns,METIS_returns,0.0
ENJ_returns,ICX_returns,0.0
ENJ_returns,MYTH_returns,0.0
ENJ_returns,MPLX_returns,0.0
ENJ_returns,SXP_returns,0.0
ENJ_returns,XVG_returns,0.0
ENJ_returns,PEOPLE_returns,0.3037795048408318
ENJ_returns,AWE_returns,0.0
ENJ_returns,REQ_returns,0.0
ENJ_returns,STORJ_returns,0.0
ENJ_returns,BAND_returns,0.5573425628320096
ENJ_returns,WMTX_returns,0.0
ENJ_returns,CFG_returns,0.0
ENJ_returns,HONEY_returns,0.0
ENJ_returns,PRO_returns,0.0
ENJ_returns,PRIME_returns,0.0
ENJ_returns,VVS_returns,0.0
ENJ_returns,CPOOL_returns,0.0
ENJ_returns,YGG_returns,0.4318261626084325
ENJ_returns,SSV_returns,0.0
ENJ_returns,CETUS_returns,0.0
ENJ_returns,CGPT_returns,0.30554569102584583
ENJ_returns,STIK_returns,-0.03472269098287339
ENJ_returns,PHA_returns,0.0
ENJ_returns,XVS_returns,0.0
ENJ_returns,KUB_returns,0.0
ENJ_returns,BICO_returns,0.42608419207026926
ENJ_returns,UMA_returns,0.0
ENJ_returns,WAXP_returns,0.0
ENJ_returns,XPR_returns,0.0
ENJ_returns,RPL_returns,0.0
ENJ_returns,PUNDIX_returns,0.0
ENJ_returns,FLUX_returns,0.46565426855381564
ENJ_returns,BORA_returns,0.0
ENJ_returns,POWR_returns,0.0
ENJ_returns,AUDIO_returns,0.0
ENJ_returns,PROM_returns,0.0
ENJ_returns,IOST_returns,0.0
ENJ_returns,ACX_returns,0.0
ENJ_returns,ARDR_returns,0.0
ENJ_returns,SPELL_returns,0.0
ENJ_returns,ORBR_returns,0.0
ENJ_returns,LSK_returns,0.0
ENJ_returns,XOR_returns,0.0
ENJ_returns,GLMR_returns,0.0
ENJ_returns,BMX_returns,0.0
ENJ_returns,MVL_returns,0.0
ENJ_returns,ABT_returns,0.0
ENJ_returns,VELO_returns,0.0
ENJ_returns,IQ_returns,0.0
ENJ_returns,AGI_returns,0.0
ENJ_returns,WILD_returns,0.23117411914127275
ENJ_returns,XEM_returns,0.0
ENJ_returns,LON_returns,0.0
ENJ_returns,POND_returns,0.0
ENJ_returns,ACT_returns,0.0
ENJ_returns,XRD_returns,0.0
ENJ_returns,RLC_returns,0.0
ENJ_returns,ILV_returns,0.4679236178253784
ENJ_returns,FIDA_returns,0.0
ENJ_returns,BNT_returns,0.0
ENJ_returns,DENT_returns,0.6367346193430427
ENJ_returns,ORBS_returns,0.0
ENJ_returns,ONG_returns,0.0
ENJ_returns,CHR_returns,0.0
ENJ_returns,HEART_returns,0.0
ENJ_returns,VANRY_returns,0.4297327220367562
ENJ_returns,LQTY_returns,0.32383113730687013
ENJ_returns,KEEP_returns,0.0
ENJ_returns,DKA_returns,0.0
ENJ_returns,ELON_returns,0.0
ENJ_returns,ARK_returns,0.0
ENJ_returns,MLK_returns,0.0
ENJ_returns,AL_returns,0.0
ENJ_returns,JOE_returns,0.4645491406524993
ENJ_returns,CELR_returns,0.0
ENJ_returns,STEEM_returns,0.0
ENJ_returns,BAL_returns,0.0
ENJ_returns,PCI_returns,0.0
ENJ_returns,MOVR_returns,0.3676821088394851
ENJ_returns,AUCTION_returns,0.0
ENJ_returns,AERGO_returns,0.0
ENJ_returns,MED_returns,0.0
ENJ_returns,NMR_returns,0.38802098124753154
ENJ_returns,API3_returns,0.37908983115172906
ENJ_returns,AGLD_returns,0.0
ENJ_returns,BONE_returns,0.23354506675171777
ENJ_returns,SLP_returns,0.4478067180647747
ENJ_returns,MTL_returns,0.0
ENJ_returns,KNC_returns,0.0
ENJ_returns,CTSI_returns,0.0
ENJ_returns,BTRST_returns,0.0
ENJ_returns,SCRT_returns,0.0
ENJ_returns,OMI_returns,0.0
ENJ_returns,GEOD_returns,0.0
ENJ_returns,EDU_returns,0.4877014898058261
ENJ_returns,0x0_returns,0.0
ENJ_returns,KUJI_returns,0.0
XYO_returns,CTC_returns,0.0
XYO_returns,MINA_returns,0.0
XYO_returns,DASH_returns,0.0
XYO_returns,SFP_returns,0.0
XYO_returns,BabyDoge_returns,0.0
XYO_returns,SNX_returns,0.0
XYO_returns,TFUEL_returns,0.0
XYO_returns,DCR_returns,0.0
XYO_returns,GLM_returns,0.0
XYO_returns,MX_returns,0.0
XYO_returns,ZIL_returns,0.2789188336469947
XYO_returns,BLUR_returns,0.0
XYO_returns,ROSE_returns,0.0
XYO_returns,CKB_returns,0.0
XYO_returns,TRAC_returns,0.0
XYO_returns,QTUM_returns,0.2780262349094827
XYO_returns,ORDI_returns,0.0
XYO_returns,LPT_returns,0.0
XYO_returns,MASK_returns,0.0
XYO_returns,ASTR_returns,0.0
XYO_returns,ZRX_returns,0.0
XYO_returns,VTHO_returns,0.0
XYO_returns,ACH_returns,0.0
XYO_returns,BAT_returns,0.0
XYO_returns,CHEEL_returns,0.0
XYO_returns,CHEX_returns,0.1568481533434405
XYO_returns,SNEK_returns,0.0
XYO_returns,BORG_returns,0.0
XYO_returns,KOGE_returns,0.0
XYO_returns,IOTX_returns,0.0
XYO_returns,CELO_returns,0.0
XYO_returns,GAS_returns,0.0
XYO_returns,ONE_returns,0.0
XYO_returns,ID_returns,0.0
XYO_returns,SUSHI_returns,0.0
XYO_returns,CSPR_returns,0.0
XYO_returns,HOT_returns,0.0
XYO_returns,SC_returns,0.0
XYO_returns,YFI_returns,0.0
XYO_returns,RVN_returns,0.0
XYO_returns,COW_returns,-0.04425975323836059
XYO_returns,ANKR_returns,0.0
XYO_returns,GOMINING_returns,0.0
XYO_returns,XCH_returns,0.0
XYO_returns,DGB_returns,0.0
XYO_returns,T_returns,0.0
XYO_returns,WOO_returns,0.0
XYO_returns,ELF_returns,0.0
XYO_returns,EUL_returns,0.0
XYO_returns,ORCA_returns,0.0
XYO_returns,KDA_returns,0.2735159398918365
XYO_returns,OSMO_returns,0.0
XYO_returns,GMT_returns,0.0
XYO_returns,SNT_returns,0.0
XYO_returns,GMX_returns,0.0
XYO_returns,ENJ_returns,0.0
XYO_returns,XYO_returns,0.0
XYO_returns,POLYX_returns,0.0
XYO_returns,ZIG_returns,0.0
XYO_returns,ZEN_returns,0.0
XYO_returns,COTI_returns,0.0
XYO_returns,WEMIX_returns,0.0
XYO_returns,SKL_returns,0.0
XYO_returns,LCX_returns,0.0
XYO_returns,WAVES_returns,0.0
XYO_returns,CVC_returns,0.0
XYO_returns,SWFTC_returns,0.0
XYO_returns,LUNA_returns,0.0
XYO_returns,HIVE_returns,0.0
XYO_returns,RLB_returns,0.0
XYO_returns,LRC_returns,0.0
XYO_returns,DAG_returns,0.0
XYO_returns,ONT_returns,0.2781153175448597
XYO_returns,TRB_returns,0.0
XYO_returns,XNO_returns,0.0
XYO_returns,DLC_returns,0.0
XYO_returns,METIS_returns,0.0
XYO_returns,ICX_returns,0.22061058916705245
XYO_returns,MYTH_returns,-0.010861418916557139
XYO_returns,MPLX_returns,0.0
XYO_returns,SXP_returns,0.0
XYO_returns,XVG_returns,0.0
XYO_returns,PEOPLE_returns,0.0
XYO_returns,AWE_returns,0.0
XYO_returns,REQ_returns,0.0
XYO_returns,STORJ_returns,0.0
XYO_returns,BAND_returns,0.0
XYO_returns,WMTX_returns,0.0
XYO_returns,CFG_returns,0.0
XYO_returns,HONEY_returns,0.0
XYO_returns,PRO_returns,0.0
XYO_returns,PRIME_returns,0.0
XYO_returns,VVS_returns,0.0
XYO_returns,CPOOL_returns,0.0
XYO_returns,YGG_returns,0.0
XYO_returns,SSV_returns,0.0
XYO_returns,CETUS_returns,0.0
XYO_returns,CGPT_returns,0.0
XYO_returns,STIK_returns,0.0
XYO_returns,PHA_returns,0.0
XYO_returns,XVS_returns,0.0
XYO_returns,KUB_returns,0.0
XYO_returns,BICO_returns,0.0
XYO_returns,UMA_returns,0.0
XYO_returns,WAXP_returns,0.0
XYO_returns,XPR_returns,0.0
XYO_returns,RPL_returns,0.0
XYO_returns,PUNDIX_returns,0.0
XYO_returns,FLUX_returns,0.0
XYO_returns,BORA_returns,0.0
XYO_returns,POWR_returns,0.0
XYO_returns,AUDIO_returns,0.0
XYO_returns,PROM_returns,0.0
XYO_returns,IOST_returns,0.24974091944231133
XYO_returns,ACX_returns,0.0
XYO_returns,ARDR_returns,0.0
XYO_returns,SPELL_returns,0.0
XYO_returns,ORBR_returns,0.0
XYO_returns,LSK_returns,0.0
XYO_returns,XOR_returns,0.0
XYO_returns,GLMR_returns,0.0
XYO_returns,BMX_returns,0.0
XYO_returns,MVL_returns,0.0
XYO_returns,ABT_returns,0.0
XYO_returns,VELO_returns,0.0
XYO_returns,IQ_returns,0.0
XYO_returns,AGI_returns,0.0
XYO_returns,WILD_returns,0.0
XYO_returns,XEM_returns,0.0
XYO_returns,LON_returns,0.0
XYO_returns,POND_returns,0.0
XYO_returns,ACT_returns,0.0
XYO_returns,XRD_returns,0.0
XYO_returns,RLC_returns,0.0
XYO_returns,ILV_returns,0.0
XYO_returns,FIDA_returns,0.0
XYO_returns,BNT_returns,0.0
XYO_returns,DENT_returns,0.0
XYO_returns,ORBS_returns,0.0
XYO_returns,ONG_returns,0.0
XYO_returns,CHR_returns,0.0
XYO_returns,HEART_returns,0.17119366303667743
XYO_returns,VANRY_returns,0.0
XYO_returns,LQTY_returns,0.0
XYO_returns,KEEP_returns,0.0
XYO_returns,DKA_returns,0.0
XYO_returns,ELON_returns,-0.06229696926957572
XYO_returns,ARK_returns,0.0
XYO_returns,MLK_returns,0.0
XYO_returns,AL_returns,0.0
XYO_returns,JOE_returns,0.0
XYO_returns,CELR_returns,0.0
XYO_returns,STEEM_returns,0.0
XYO_returns,BAL_returns,0.0
XYO_returns,PCI_returns,0.0
XYO_returns,MOVR_returns,0.0
XYO_returns,AUCTION_returns,0.0
XYO_returns,AERGO_returns,0.0
XYO_returns,MED_returns,0.0
XYO_returns,NMR_returns,0.0
XYO_returns,API3_returns,0.0
XYO_returns,AGLD_returns,-0.01933455467990393
XYO_returns,BONE_returns,0.0
XYO_returns,SLP_returns,0.0
XYO_returns,MTL_returns,0.0
XYO_returns,KNC_returns,0.0
XYO_returns,CTSI_returns,0.0
XYO_returns,BTRST_returns,0.0
XYO_returns,SCRT_returns,0.0
XYO_returns,OMI_returns,0.0
XYO_returns,GEOD_returns,0.0
XYO_returns,EDU_returns,0.0
XYO_returns,0x0_returns,0.0
XYO_returns,KUJI_returns,0.0
POLYX_returns,CTC_returns,0.0
POLYX_returns,MINA_returns,0.3765168844500526
POLYX_returns,DASH_returns,0.0
POLYX_returns,SFP_returns,0.0
POLYX_returns,BabyDoge_returns,0.0
POLYX_returns,SNX_returns,0.0
POLYX_returns,TFUEL_returns,0.0
POLYX_returns,DCR_returns,0.0
POLYX_returns,GLM_returns,0.0
POLYX_returns,MX_returns,0.0
POLYX_returns,ZIL_returns,0.39423146512523133
POLYX_returns,BLUR_returns,0.0
POLYX_returns,ROSE_returns,0.0
POLYX_returns,CKB_returns,0.0
POLYX_returns,TRAC_returns,0.0
POLYX_returns,QTUM_returns,0.0
POLYX_returns,ORDI_returns,0.0
POLYX_returns,LPT_returns,0.0
POLYX_returns,MASK_returns,0.0
POLYX_returns,ASTR_returns,0.0
POLYX_returns,ZRX_returns,0.0
POLYX_returns,VTHO_returns,0.0
POLYX_returns,ACH_returns,0.0
POLYX_returns,BAT_returns,0.3741064451396989
POLYX_returns,CHEEL_returns,0.0
POLYX_returns,CHEX_returns,0.0
POLYX_returns,SNEK_returns,0.0
POLYX_returns,BORG_returns,0.0
POLYX_returns,KOGE_returns,0.0
POLYX_returns,IOTX_returns,0.0
POLYX_returns,CELO_returns,0.0
POLYX_returns,GAS_returns,0.0
POLYX_returns,ONE_returns,0.0
POLYX_returns,ID_returns,0.0
POLYX_returns,SUSHI_returns,0.0
POLYX_returns,CSPR_returns,0.0
POLYX_returns,HOT_returns,0.0
POLYX_returns,SC_returns,0.0
POLYX_returns,YFI_returns,0.0
POLYX_returns,RVN_returns,0.0
POLYX_returns,COW_returns,0.0
POLYX_returns,ANKR_returns,0.0
POLYX_returns,GOMINING_returns,-0.012494356724174668
POLYX_returns,XCH_returns,0.0
POLYX_returns,DGB_returns,0.0
POLYX_returns,T_returns,0.0
POLYX_returns,WOO_returns,0.0
POLYX_returns,ELF_returns,0.0
POLYX_returns,EUL_returns,0.0
POLYX_returns,ORCA_returns,0.0
POLYX_returns,KDA_returns,0.0
POLYX_returns,OSMO_returns,0.0
POLYX_returns,GMT_returns,0.0
POLYX_returns,SNT_returns,0.0
POLYX_returns,GMX_returns,0.0
POLYX_returns,ENJ_returns,0.0
POLYX_returns,XYO_returns,0.0
POLYX_returns,POLYX_returns,0.0
POLYX_returns,ZIG_returns,0.0
POLYX_returns,ZEN_returns,0.0
POLYX_returns,COTI_returns,0.0
POLYX_returns,WEMIX_returns,0.0
POLYX_returns,SKL_returns,0.0
POLYX_returns,LCX_returns,0.0
POLYX_returns,WAVES_returns,0.0
POLYX_returns,CVC_returns,0.0
POLYX_returns,SWFTC_returns,0.0
POLYX_returns,LUNA_returns,0.0
POLYX_returns,HIVE_returns,0.0
POLYX_returns,RLB_returns,0.0
POLYX_returns,LRC_returns,0.0
POLYX_returns,DAG_returns,0.0
POLYX_returns,ONT_returns,0.0
POLYX_returns,TRB_returns,0.0
POLYX_returns,XNO_returns,0.0
POLYX_returns,DLC_returns,0.0
POLYX_returns,METIS_returns,0.0
POLYX_returns,ICX_returns,0.0
POLYX_returns,MYTH_returns,0.0
POLYX_returns,MPLX_returns,0.0
POLYX_returns,SXP_returns,0.0
POLYX_returns,XVG_returns,0.0
POLYX_returns,PEOPLE_returns,0.0
POLYX_returns,AWE_returns,0.0
POLYX_returns,REQ_returns,0.0
POLYX_returns,STORJ_returns,0.0
POLYX_returns,BAND_returns,0.0
POLYX_returns,WMTX_returns,0.0
POLYX_returns,CFG_returns,0.0
POLYX_returns,HONEY_returns,0.0
POLYX_returns,PRO_returns,0.0
POLYX_returns,PRIME_returns,0.0
POLYX_returns,VVS_returns,0.0
POLYX_returns,CPOOL_returns,0.0
POLYX_returns,YGG_returns,0.0
POLYX_returns,SSV_returns,0.0
POLYX_returns,CETUS_returns,0.0
POLYX_returns,CGPT_returns,0.0
POLYX_returns,STIK_returns,0.0
POLYX_returns,PHA_returns,0.0
POLYX_returns,XVS_returns,0.0
POLYX_returns,KUB_returns,0.0
POLYX_returns,BICO_returns,0.0
POLYX_returns,UMA_returns,0.0
POLYX_returns,WAXP_returns,0.3800892796653281
POLYX_returns,XPR_returns,0.0
POLYX_returns,RPL_returns,0.0
POLYX_returns,PUNDIX_returns,0.0
POLYX_returns,FLUX_returns,0.0
POLYX_returns,BORA_returns,0.0
POLYX_returns,POWR_returns,0.3690185099587885
POLYX_returns,AUDIO_returns,0.0
POLYX_returns,PROM_returns,0.0
POLYX_returns,IOST_returns,0.0
POLYX_returns,ACX_returns,0.0
POLYX_returns,ARDR_returns,0.0
POLYX_returns,SPELL_returns,0.0
POLYX_returns,ORBR_returns,0.0
POLYX_returns,LSK_returns,0.0
POLYX_returns,XOR_returns,-0.0006834988137153063
POLYX_returns,GLMR_returns,0.0
POLYX_returns,BMX_returns,0.0
POLYX_returns,MVL_returns,0.0
POLYX_returns,ABT_returns,0.0
POLYX_returns,VELO_returns,0.0
POLYX_returns,IQ_returns,0.0
POLYX_returns,AGI_returns,0.0
POLYX_returns,WILD_returns,0.0
POLYX_returns,XEM_returns,0.0
POLYX_returns,LON_returns,-0.013385389591488054
POLYX_returns,POND_returns,0.0
POLYX_returns,ACT_returns,0.0
POLYX_returns,XRD_returns,0.0
POLYX_returns,RLC_returns,0.0
POLYX_returns,ILV_returns,0.0
POLYX_returns,FIDA_returns,0.0
POLYX_returns,BNT_returns,0.0
POLYX_returns,DENT_returns,0.0
POLYX_returns,ORBS_returns,0.0
POLYX_returns,ONG_returns,0.0
POLYX_returns,CHR_returns,0.0
POLYX_returns,HEART_returns,0.0
POLYX_returns,VANRY_returns,0.0
POLYX_returns,LQTY_returns,0.0
POLYX_returns,KEEP_returns,0.0
POLYX_returns,DKA_returns,0.0
POLYX_returns,ELON_returns,0.0
POLYX_returns,ARK_returns,0.0
POLYX_returns,MLK_returns,0.0
POLYX_returns,AL_returns,0.0
POLYX_returns,JOE_returns,0.0
POLYX_returns,CELR_returns,0.0
POLYX_returns,STEEM_returns,0.0
POLYX_returns,BAL_returns,0.0
POLYX_returns,PCI_returns,0.0
POLYX_returns,MOVR_returns,0.0
POLYX_returns,AUCTION_returns,0.0
POLYX_returns,AERGO_returns,0.0
POLYX_returns,MED_returns,0.0
POLYX_returns,NMR_returns,0.0
POLYX_returns,API3_returns,0.0
POLYX_returns,AGLD_returns,0.0
POLYX_returns,BONE_returns,0.0
POLYX_returns,SLP_returns,0.0
POLYX_returns,MTL_returns,0.0
POLYX_returns,KNC_returns,0.3734592408829773
POLYX_returns,CTSI_returns,0.0
POLYX_returns,BTRST_returns,0.0
POLYX_returns,SCRT_returns,0.0
POLYX_returns,OMI_returns,0.0
POLYX_returns,GEOD_returns,0.0
POLYX_returns,EDU_returns,0.0
POLYX_returns,0x0_returns,0.0
POLYX_returns,KUJI_returns,0.0
ZIG_returns,CTC_returns,0.0
ZIG_returns,MINA_returns,0.0
ZIG_returns,DASH_returns,0.0
ZIG_returns,SFP_returns,0.0
ZIG_returns,BabyDoge_returns,0.0
ZIG_returns,SNX_returns,0.0
ZIG_returns,TFUEL_returns,0.0
ZIG_returns,DCR_returns,0.0
ZIG_returns,GLM_returns,0.0
ZIG_returns,MX_returns,0.0
ZIG_returns,ZIL_returns,0.0
ZIG_returns,BLUR_returns,0.0
ZIG_returns,ROSE_returns,0.0
ZIG_returns,CKB_returns,0.0
ZIG_returns,TRAC_returns,0.1415251145427539
ZIG_returns,QTUM_returns,0.0
ZIG_returns,ORDI_returns,0.0
ZIG_returns,LPT_returns,0.0
ZIG_returns,MASK_returns,0.0
ZIG_returns,ASTR_returns,0.0
ZIG_returns,ZRX_returns,0.0
ZIG_returns,VTHO_returns,0.0
ZIG_returns,ACH_returns,0.0
ZIG_returns,BAT_returns,0.0
ZIG_returns,CHEEL_returns,0.0
ZIG_returns,CHEX_returns,0.0
ZIG_returns,SNEK_returns,0.0
ZIG_returns,BORG_returns,0.0
ZIG_returns,KOGE_returns,0.0
ZIG_returns,IOTX_returns,0.0
ZIG_returns,CELO_returns,0.0
ZIG_returns,GAS_returns,0.0
ZIG_returns,ONE_returns,0.0
ZIG_returns,ID_returns,0.0
ZIG_returns,SUSHI_returns,0.0
ZIG_returns,CSPR_returns,0.0
ZIG_returns,HOT_returns,0.0
ZIG_returns,SC_returns,0.0
ZIG_returns,YFI_returns,0.0
ZIG_returns,RVN_returns,0.0
ZIG_returns,COW_returns,0.0
ZIG_returns,ANKR_returns,0.0
ZIG_returns,GOMINING_returns,0.0
ZIG_returns,XCH_returns,0.0
ZIG_returns,DGB_returns,0.0
ZIG_returns,T_returns,0.0
ZIG_returns,WOO_returns,0.0
ZIG_returns,ELF_returns,0.0
ZIG_returns,EUL_returns,0.0
ZIG_returns,ORCA_returns,0.0
ZIG_returns,KDA_returns,0.0
ZIG_returns,OSMO_returns,0.14917501443174946
ZIG_returns,GMT_returns,0.0
ZIG_returns,SNT_returns,0.0
ZIG_returns,GMX_returns,0.0
ZIG_returns,ENJ_returns,0.0
ZIG_returns,XYO_returns,0.0
ZIG_returns,POLYX_returns,0.0
ZIG_returns,ZIG_returns,0.0
ZIG_returns,ZEN_returns,0.0
ZIG_returns,COTI_returns,0.0
ZIG_returns,WEMIX_returns,0.0
ZIG_returns,SKL_returns,0.0
ZIG_returns,LCX_returns,0.0
ZIG_returns,WAVES_returns,0.0
ZIG_returns,CVC_returns,0.0
ZIG_returns,SWFTC_returns,0.0
ZIG_returns,LUNA_returns,0.0
ZIG_returns,HIVE_returns,0.0
ZIG_returns,RLB_returns,0.0
ZIG_returns,LRC_returns,0.0
ZIG_returns,DAG_returns,0.0
ZIG_returns,ONT_returns,0.0
ZIG_returns,TRB_returns,0.0
ZIG_returns,XNO_returns,0.0
ZIG_returns,DLC_returns,0.0
ZIG_returns,METIS_returns,0.0
ZIG_returns,ICX_returns,0.0
ZIG_returns,MYTH_returns,0.0
ZIG_returns,MPLX_returns,0.0
ZIG_returns,SXP_returns,0.0
ZIG_returns,XVG_returns,0.0
ZIG_returns,PEOPLE_returns,0.0
ZIG_returns,AWE_returns,0.0
ZIG_returns,REQ_returns,0.0
ZIG_returns,STORJ_returns,0.0
ZIG_returns,BAND_returns,0.0
ZIG_returns,WMTX_returns,0.0
ZIG_returns,CFG_returns,0.0
ZIG_returns,HONEY_returns,0.0
ZIG_returns,PRO_returns,0.0
ZIG_returns,PRIME_returns,0.0
ZIG_returns,VVS_returns,0.0
ZIG_returns,CPOOL_returns,0.15220447357219902
ZIG_returns,YGG_returns,0.0
ZIG_returns,SSV_returns,-0.004751257919065762
ZIG_returns,CETUS_returns,0.0
ZIG_returns,CGPT_returns,0.0
ZIG_returns,STIK_returns,0.0
ZIG_returns,PHA_returns,0.0
ZIG_returns,XVS_returns,0.0
ZIG_returns,KUB_returns,0.0
ZIG_returns,BICO_returns,0.0
ZIG_returns,UMA_returns,0.0
ZIG_returns,WAXP_returns,0.0
ZIG_returns,XPR_returns,0.0
ZIG_returns,RPL_returns,0.0
ZIG_returns,PUNDIX_returns,0.0
ZIG_returns,FLUX_returns,0.0
ZIG_returns,BORA_returns,0.0
ZIG_returns,POWR_returns,0.0
ZIG_returns,AUDIO_returns,0.0
ZIG_returns,PROM_returns,0.0
ZIG_returns,IOST_returns,0.0
ZIG_returns,ACX_returns,-0.03983130893546287
ZIG_returns,ARDR_returns,0.0
ZIG_returns,SPELL_returns,0.0
ZIG_returns,ORBR_returns,0.0
ZIG_returns,LSK_returns,0.0
ZIG_returns,XOR_returns,0.0
ZIG_returns,GLMR_returns,0.0
ZIG_returns,BMX_returns,0.0
ZIG_returns,MVL_returns,0.0
ZIG_returns,ABT_returns,0.0
ZIG_returns,VELO_returns,0.0
ZIG_returns,IQ_returns,0.1610140088749424
ZIG_returns,AGI_returns,0.0
ZIG_returns,WILD_returns,0.0
ZIG_returns,XEM_returns,0.0
ZIG_returns,LON_returns,0.0
ZIG_returns,POND_returns,0.0
ZIG_returns,ACT_returns,0.0
ZIG_returns,XRD_returns,0.0
ZIG_returns,RLC_returns,0.0
ZIG_returns,ILV_returns,0.16559890257620175
ZIG_returns,FIDA_returns,0.0
ZIG_returns,BNT_returns,0.0
ZIG_returns,DENT_returns,0.0
ZIG_returns,ORBS_returns,0.0
ZIG_returns,ONG_returns,0.0
ZIG_returns,CHR_returns,0.0
ZIG_returns,HEART_returns,0.0
ZIG_returns,VANRY_returns,0.0
ZIG_returns,LQTY_returns,0.0
ZIG_returns,KEEP_returns,0.0
ZIG_returns,DKA_returns,0.0
ZIG_returns,ELON_returns,0.0
ZIG_returns,ARK_returns,0.0
ZIG_returns,MLK_returns,0.0
ZIG_returns,AL_returns,0.0
ZIG_returns,JOE_returns,0.0
ZIG_returns,CELR_returns,0.0
ZIG_returns,STEEM_returns,0.0
ZIG_returns,BAL_returns,0.0
ZIG_returns,PCI_returns,0.0
ZIG_returns,MOVR_returns,0.0
ZIG_returns,AUCTION_returns,0.0
ZIG_returns,AERGO_returns,0.0
ZIG_returns,MED_returns,0.0
ZIG_returns,NMR_returns,0.0
ZIG_returns,API3_returns,0.0
ZIG_returns,AGLD_returns,0.0
ZIG_returns,BONE_returns,-0.018137325915335064
ZIG_returns,SLP_returns,0.0
ZIG_returns,MTL_returns,0.0
ZIG_returns,KNC_returns,0.0
ZIG_returns,CTSI_returns,0.0
ZIG_returns,BTRST_returns,0.0
ZIG_returns,SCRT_returns,0.0
ZIG_returns,OMI_returns,0.0
ZIG_returns,GEOD_returns,0.0
ZIG_returns,EDU_returns,0.0
ZIG_returns,0x0_returns,0.1541026255392852
ZIG_returns,KUJI_returns,0.0
ZEN_returns,CTC_returns,0.0
ZEN_returns,MINA_returns,0.0
ZEN_returns,DASH_returns,0.47396440788136635
ZEN_returns,SFP_returns,0.0
ZEN_returns,BabyDoge_returns,0.0
ZEN_returns,SNX_returns,0.0
ZEN_returns,TFUEL_returns,0.0
ZEN_returns,DCR_returns,0.0
ZEN_returns,GLM_returns,0.0
ZEN_returns,MX_returns,0.0
ZEN_returns,ZIL_returns,0.37042217520599896
ZEN_returns,BLUR_returns,0.0
ZEN_returns,ROSE_returns,0.0
ZEN_returns,CKB_returns,0.0
ZEN_returns,TRAC_returns,-0.022980003446957255
ZEN_returns,QTUM_returns,0.0
ZEN_returns,ORDI_returns,0.0
ZEN_returns,LPT_returns,0.3427192317312221
ZEN_returns,MASK_returns,0.0
ZEN_returns,ASTR_returns,0.0
ZEN_returns,ZRX_returns,0.0
ZEN_returns,VTHO_returns,0.0
ZEN_returns,ACH_returns,0.0
ZEN_returns,BAT_returns,0.35825623774024273
ZEN_returns,CHEEL_returns,0.0
ZEN_returns,CHEX_returns,0.0
ZEN_returns,SNEK_returns,0.0
ZEN_returns,BORG_returns,0.0
ZEN_returns,KOGE_returns,0.0
ZEN_returns,IOTX_returns,0.0
ZEN_returns,CELO_returns,0.0
ZEN_returns,GAS_returns,0.0
ZEN_returns,ONE_returns,0.35004297815746344
ZEN_returns,ID_returns,0.0
ZEN_returns,SUSHI_returns,0.0
ZEN_returns,CSPR_returns,0.0
ZEN_returns,HOT_returns,0.0
ZEN_returns,SC_returns,0.0
ZEN_returns,YFI_returns,0.0
ZEN_returns,RVN_returns,0.0
ZEN_returns,COW_returns,0.18823523180213503
ZEN_returns,ANKR_returns,0.0
ZEN_returns,GOMINING_returns,0.0
ZEN_returns,XCH_returns,0.0
ZEN_returns,DGB_returns,0.0
ZEN_returns,T_returns,0.0
ZEN_returns,WOO_returns,0.0
ZEN_returns,ELF_returns,0.0
ZEN_returns,EUL_returns,0.0
ZEN_returns,ORCA_returns,0.0
ZEN_returns,KDA_returns,0.0
ZEN_returns,OSMO_returns,0.0
ZEN_returns,GMT_returns,0.0
ZEN_returns,SNT_returns,0.0
ZEN_returns,GMX_returns,0.0
ZEN_returns,ENJ_returns,0.34689936390076953
ZEN_returns,XYO_returns,0.0
ZEN_returns,POLYX_returns,0.0
ZEN_returns,ZIG_returns,0.0
ZEN_returns,ZEN_returns,0.0
ZEN_returns,COTI_returns,0.0
ZEN_returns,WEMIX_returns,0.0
ZEN_returns,SKL_returns,0.0
ZEN_returns,LCX_returns,0.0
ZEN_returns,WAVES_returns,0.0
ZEN_returns,CVC_returns,0.0
ZEN_returns,SWFTC_returns,-0.023286156004533144
ZEN_returns,LUNA_returns,0.0
ZEN_returns,HIVE_returns,0.0
ZEN_returns,RLB_returns,0.0
ZEN_returns,LRC_returns,0.0
ZEN_returns,DAG_returns,0.0
ZEN_returns,ONT_returns,0.0
ZEN_returns,TRB_returns,0.0
ZEN_returns,XNO_returns,0.0
ZEN_returns,DLC_returns,0.0
ZEN_returns,METIS_returns,0.0
ZEN_returns,ICX_returns,0.0
ZEN_returns,MYTH_returns,0.0
ZEN_returns,MPLX_returns,0.0
ZEN_returns,SXP_returns,0.0
ZEN_returns,XVG_returns,0.0
ZEN_returns,PEOPLE_returns,0.0
ZEN_returns,AWE_returns,0.0
ZEN_returns,REQ_returns,0.0
ZEN_returns,STORJ_returns,0.0
ZEN_returns,BAND_returns,0.0
ZEN_returns,WMTX_returns,0.0
ZEN_returns,CFG_returns,0.0
ZEN_returns,HONEY_returns,0.0
ZEN_returns,PRO_returns,0.0
ZEN_returns,PRIME_returns,0.0
ZEN_returns,VVS_returns,0.0
ZEN_returns,CPOOL_returns,0.0
ZEN_returns,YGG_returns,0.0
ZEN_returns,SSV_returns,0.0
ZEN_returns,CETUS_returns,0.0
ZEN_returns,CGPT_returns,0.0
ZEN_returns,STIK_returns,-0.0026673229578366604
ZEN_returns,PHA_returns,0.0
ZEN_returns,XVS_returns,0.0
ZEN_returns,KUB_returns,0.0
ZEN_returns,BICO_returns,0.0
ZEN_returns,UMA_returns,0.0
ZEN_returns,WAXP_returns,0.0
ZEN_returns,XPR_returns,0.0
ZEN_returns,RPL_returns,0.0
ZEN_returns,PUNDIX_returns,0.0
ZEN_returns,FLUX_returns,0.0
ZEN_returns,BORA_returns,0.0
ZEN_returns,POWR_returns,0.0
ZEN_returns,AUDIO_returns,0.0
ZEN_returns,PROM_returns,0.0
ZEN_returns,IOST_returns,0.0
ZEN_returns,ACX_returns,0.0
ZEN_returns,ARDR_returns,0.0
ZEN_returns,SPELL_returns,0.0
ZEN_returns,ORBR_returns,0.0
ZEN_returns,LSK_returns,0.0
ZEN_returns,XOR_returns,0.0
ZEN_returns,GLMR_returns,0.0
ZEN_returns,BMX_returns,0.0
ZEN_returns,MVL_returns,0.0
ZEN_returns,ABT_returns,0.0
ZEN_returns,VELO_returns,0.0
ZEN_returns,IQ_returns,0.0
ZEN_returns,AGI_returns,0.0
ZEN_returns,WILD_returns,0.0
ZEN_returns,XEM_returns,0.0
ZEN_returns,LON_returns,0.0
ZEN_returns,POND_returns,0.0
ZEN_returns,ACT_returns,0.0
ZEN_returns,XRD_returns,0.0
ZEN_returns,RLC_returns,0.0
ZEN_returns,ILV_returns,0.0
ZEN_returns,FIDA_returns,0.0
ZEN_returns,BNT_returns,0.0
ZEN_returns,DENT_returns,0.38630168952477184
ZEN_returns,ORBS_returns,0.0
ZEN_returns,ONG_returns,0.0
ZEN_returns,CHR_returns,0.0
ZEN_returns,HEART_returns,0.0
ZEN_returns,VANRY_returns,0.0
ZEN_returns,LQTY_returns,0.0
ZEN_returns,KEEP_returns,0.0
ZEN_returns,DKA_returns,0.0
ZEN_returns,ELON_returns,0.0
ZEN_returns,ARK_returns,0.0
ZEN_returns,MLK_returns,0.0
ZEN_returns,AL_returns,0.0
ZEN_returns,JOE_returns,0.0
ZEN_returns,CELR_returns,0.0
ZEN_returns,STEEM_returns,0.0
ZEN_returns,BAL_returns,0.0
ZEN_returns,PCI_returns,0.0
ZEN_returns,MOVR_returns,0.0
ZEN_returns,AUCTION_returns,0.0
ZEN_returns,AERGO_returns,0.0
ZEN_returns,MED_returns,0.0
ZEN_returns,NMR_returns,0.0
ZEN_returns,API3_returns,0.0
ZEN_returns,AGLD_returns,0.0
ZEN_returns,BONE_returns,0.0
ZEN_returns,SLP_returns,0.0
ZEN_returns,MTL_returns,0.0
ZEN_returns,KNC_returns,0.0
ZEN_returns,CTSI_returns,0.0
ZEN_returns,BTRST_returns,0.0
ZEN_returns,SCRT_returns,0.0
ZEN_returns,OMI_returns,0.0
ZEN_returns,GEOD_returns,0.0
ZEN_returns,EDU_returns,0.0
ZEN_returns,0x0_returns,0.0
ZEN_returns,KUJI_returns,0.0
COTI_returns,CTC_returns,0.0
COTI_returns,MINA_returns,0.0
COTI_returns,DASH_returns,0.0
COTI_returns,SFP_returns,0.0
COTI_returns,BabyDoge_returns,0.0
COTI_returns,SNX_returns,0.0
COTI_returns,TFUEL_returns,0.0
COTI_returns,DCR_returns,0.0
COTI_returns,GLM_returns,0.0
COTI_returns,MX_returns,0.0
COTI_returns,ZIL_returns,0.4692068534813551
COTI_returns,BLUR_returns,0.0
COTI_returns,ROSE_returns,0.4282286413230737
COTI_returns,CKB_returns,0.0
COTI_returns,TRAC_returns,0.0
COTI_returns,QTUM_returns,0.0
COTI_returns,ORDI_returns,0.0
COTI_returns,LPT_returns,0.0
COTI_returns,MASK_returns,0.0
COTI_returns,ASTR_returns,0.0
COTI_returns,ZRX_returns,0.0
COTI_returns,VTHO_returns,0.0
COTI_returns,ACH_returns,0.0
COTI_returns,BAT_returns,0.4256636161330906
COTI_returns,CHEEL_returns,-0.02279690817070713
COTI_returns,CHEX_returns,0.0
COTI_returns,SNEK_returns,0.0
COTI_returns,BORG_returns,0.0
COTI_returns,KOGE_returns,0.0
COTI_returns,IOTX_returns,0.0
COTI_returns,CELO_returns,0.0
COTI_returns,GAS_returns,0.0
COTI_returns,ONE_returns,0.4510208318869052
COTI_returns,ID_returns,0.0
COTI_returns,SUSHI_returns,0.0
COTI_returns,CSPR_returns,0.0
COTI_returns,HOT_returns,0.0
COTI_returns,SC_returns,0.0
COTI_returns,YFI_returns,0.0
COTI_returns,RVN_returns,0.0
COTI_returns,COW_returns,0.0
COTI_returns,ANKR_returns,0.0
COTI_returns,GOMINING_returns,-0.016830114022432514
COTI_returns,XCH_returns,0.0
COTI_returns,DGB_returns,0.0
COTI_returns,T_returns,0.0
COTI_returns,WOO_returns,0.0
COTI_returns,ELF_returns,0.0
COTI_returns,EUL_returns,0.0
COTI_returns,ORCA_returns,0.0
COTI_returns,KDA_returns,0.0
COTI_returns,OSMO_returns,0.0
COTI_returns,GMT_returns,0.0
COTI_returns,SNT_returns,0.0
COTI_returns,GMX_returns,0.0
COTI_returns,ENJ_returns,0.4164212693632202
COTI_returns,XYO_returns,0.0
COTI_returns,POLYX_returns,0.0
COTI_returns,ZIG_returns,0.0
COTI_returns,ZEN_returns,0.0
COTI_returns,COTI_returns,0.0
COTI_returns,WEMIX_returns,0.0
COTI_returns,SKL_returns,0.0
COTI_returns,LCX_returns,0.0
COTI_returns,WAVES_returns,0.0
COTI_returns,CVC_returns,0.0
COTI_returns,SWFTC_returns,0.0
COTI_returns,LUNA_returns,0.0
COTI_returns,HIVE_returns,0.0
COTI_returns,RLB_returns,0.0
COTI_returns,LRC_returns,0.0
COTI_returns,DAG_returns,0.0
COTI_returns,ONT_returns,0.0
COTI_returns,TRB_returns,0.0
COTI_returns,XNO_returns,0.0
COTI_returns,DLC_returns,0.0
COTI_returns,METIS_returns,0.0
COTI_returns,ICX_returns,0.0
COTI_returns,MYTH_returns,-0.03878090244861949
COTI_returns,MPLX_returns,0.0
COTI_returns,SXP_returns,0.0
COTI_returns,XVG_returns,0.0
COTI_returns,PEOPLE_returns,0.0
COTI_returns,AWE_returns,0.0
COTI_returns,REQ_returns,0.0
COTI_returns,STORJ_returns,0.0
COTI_returns,BAND_returns,0.0
COTI_returns,WMTX_returns,0.0
COTI_returns,CFG_returns,0.0
COTI_returns,HONEY_returns,0.0
COTI_returns,PRO_returns,0.0
COTI_returns,PRIME_returns,0.0
COTI_returns,VVS_returns,0.0
COTI_returns,CPOOL_returns,0.0
COTI_returns,YGG_returns,0.0
COTI_returns,SSV_returns,0.0
COTI_returns,CETUS_returns,0.0
COTI_returns,CGPT_returns,0.0
COTI_returns,STIK_returns,-0.13600709044051384
COTI_returns,PHA_returns,0.0
COTI_returns,XVS_returns,0.0
COTI_returns,KUB_returns,0.0
COTI_returns,BICO_returns,0.0
COTI_returns,UMA_returns,0.0
COTI_returns,WAXP_returns,0.0
COTI_returns,XPR_returns,0.0
COTI_returns,RPL_returns,0.0
COTI_returns,PUNDIX_returns,0.0
COTI_returns,FLUX_returns,0.0
COTI_returns,BORA_returns,0.0
COTI_returns,POWR_returns,0.0
COTI_returns,AUDIO_returns,0.0
COTI_returns,PROM_returns,0.0
COTI_returns,IOST_returns,0.0
COTI_returns,ACX_returns,0.0
COTI_returns,ARDR_returns,0.0
COTI_returns,SPELL_returns,0.0
COTI_returns,ORBR_returns,0.0
COTI_returns,LSK_returns,0.0
COTI_returns,XOR_returns,0.0
COTI_returns,GLMR_returns,0.0
COTI_returns,BMX_returns,0.0
COTI_returns,MVL_returns,0.0
COTI_returns,ABT_returns,0.0
COTI_returns,VELO_returns,0.0
COTI_returns,IQ_returns,0.0
COTI_returns,AGI_returns,0.0
COTI_returns,WILD_returns,0.0
COTI_returns,XEM_returns,0.0
COTI_returns,LON_returns,-0.052657238710143384
COTI_returns,POND_returns,0.0
COTI_returns,ACT_returns,0.0
COTI_returns,XRD_returns,0.0
COTI_returns,RLC_returns,0.0
COTI_returns,ILV_returns,0.0
COTI_returns,FIDA_returns,0.0
COTI_returns,BNT_returns,0.0
COTI_returns,DENT_returns,0.0
COTI_returns,ORBS_returns,0.0
COTI_returns,ONG_returns,0.0
COTI_returns,CHR_returns,0.0
COTI_returns,HEART_returns,0.0
COTI_returns,VANRY_returns,0.0
COTI_returns,LQTY_returns,0.0
COTI_returns,KEEP_returns,0.0
COTI_returns,DKA_returns,0.0
COTI_returns,ELON_returns,0.0
COTI_returns,ARK_returns,0.0
COTI_returns,MLK_returns,0.0
COTI_returns,AL_returns,0.0
COTI_returns,JOE_returns,0.0
COTI_returns,CELR_returns,0.4174208423271167
COTI_returns,STEEM_returns,0.0
COTI_returns,BAL_returns,0.0
COTI_returns,PCI_returns,0.0
COTI_returns,MOVR_returns,0.0
COTI_returns,AUCTION_returns,0.0
COTI_returns,AERGO_returns,0.0
COTI_returns,MED_returns,0.0
COTI_returns,NMR_returns,0.0
COTI_returns,API3_returns,0.0
COTI_returns,AGLD_returns,0.0
COTI_returns,BONE_returns,0.0
COTI_returns,SLP_returns,0.0
COTI_returns,MTL_returns,0.0
COTI_returns,KNC_returns,0.0
COTI_returns,CTSI_returns,0.0
COTI_returns,BTRST_returns,-0.03875309785635959
COTI_returns,SCRT_returns,0.31643048452450284
COTI_returns,OMI_returns,0.0
COTI_returns,GEOD_returns,0.0
COTI_returns,EDU_returns,0.0
COTI_returns,0x0_returns,0.0
COTI_returns,KUJI_returns,0.0
WEMIX_returns,CTC_returns,0.0
WEMIX_returns,MINA_returns,0.0
WEMIX_returns,DASH_returns,0.2575113532748018
WEMIX_returns,SFP_returns,0.0
WEMIX_returns,BabyDoge_returns,0.0
WEMIX_returns,SNX_returns,0.0
WEMIX_returns,TFUEL_returns,0.0
WEMIX_returns,DCR_returns,0.0
WEMIX_returns,GLM_returns,0.0
WEMIX_returns,MX_returns,0.2955010167967118
WEMIX_returns,ZIL_returns,0.0
WEMIX_returns,BLUR_returns,0.0
WEMIX_returns,ROSE_returns,0.0
WEMIX_returns,CKB_returns,0.0
WEMIX_returns,TRAC_returns,0.0
WEMIX_returns,QTUM_returns,0.0
WEMIX_returns,ORDI_returns,0.0
WEMIX_returns,LPT_returns,0.0
WEMIX_returns,MASK_returns,0.0
WEMIX_returns,ASTR_returns,0.0
WEMIX_returns,ZRX_returns,0.0
WEMIX_returns,VTHO_returns,0.0
WEMIX_returns,ACH_returns,0.0
WEMIX_returns,BAT_returns,0.0
WEMIX_returns,CHEEL_returns,0.0
WEMIX_returns,CHEX_returns,0.0
WEMIX_returns,SNEK_returns,0.0
WEMIX_returns,BORG_returns,0.0
WEMIX_returns,KOGE_returns,0.0
WEMIX_returns,IOTX_returns,0.0
WEMIX_returns,CELO_returns,0.0
WEMIX_returns,GAS_returns,0.0
WEMIX_returns,ONE_returns,0.0
WEMIX_returns,ID_returns,0.0
WEMIX_returns,SUSHI_returns,0.0
WEMIX_returns,CSPR_returns,0.24101927947430585
WEMIX_returns,HOT_returns,0.0
WEMIX_returns,SC_returns,0.0
WEMIX_returns,YFI_returns,0.0
WEMIX_returns,RVN_returns,0.0
WEMIX_returns,COW_returns,0.0
WEMIX_returns,ANKR_returns,0.0
WEMIX_returns,GOMINING_returns,0.0
WEMIX_returns,XCH_returns,0.0
WEMIX_returns,DGB_returns,0.0
WEMIX_returns,T_returns,0.0
WEMIX_returns,WOO_returns,0.0
WEMIX_returns,ELF_returns,0.0
WEMIX_returns,EUL_returns,0.0
WEMIX_returns,ORCA_returns,0.0
WEMIX_returns,KDA_returns,0.0
WEMIX_returns,OSMO_returns,0.0
WEMIX_returns,GMT_returns,0.0
WEMIX_returns,SNT_returns,0.0
WEMIX_returns,GMX_returns,0.0
WEMIX_returns,ENJ_returns,0.0
WEMIX_returns,XYO_returns,0.0
WEMIX_returns,POLYX_returns,0.0
WEMIX_returns,ZIG_returns,0.0
WEMIX_returns,ZEN_returns,0.0
WEMIX_returns,COTI_returns,0.0
WEMIX_returns,WEMIX_returns,0.0
WEMIX_returns,SKL_returns,0.0
WEMIX_returns,LCX_returns,0.0
WEMIX_returns,WAVES_returns,0.0
WEMIX_returns,CVC_returns,0.0
WEMIX_returns,SWFTC_returns,0.0
WEMIX_returns,LUNA_returns,0.0
WEMIX_returns,HIVE_returns,0.0
WEMIX_returns,RLB_returns,0.0
WEMIX_returns,LRC_returns,0.0
WEMIX_returns,DAG_returns,0.0
WEMIX_returns,ONT_returns,0.0
WEMIX_returns,TRB_returns,0.0
WEMIX_returns,XNO_returns,0.0
WEMIX_returns,DLC_returns,0.0
WEMIX_returns,METIS_returns,0.0
WEMIX_returns,ICX_returns,0.26850746346120696
WEMIX_returns,MYTH_returns,0.17109765582086947
WEMIX_returns,MPLX_returns,0.0
WEMIX_returns,SXP_returns,0.0
WEMIX_returns,XVG_returns,0.0
WEMIX_returns,PEOPLE_returns,0.0
WEMIX_returns,AWE_returns,0.0
WEMIX_returns,REQ_returns,0.0
WEMIX_returns,STORJ_returns,0.0
WEMIX_returns,BAND_returns,0.0
WEMIX_returns,WMTX_returns,0.0
WEMIX_returns,CFG_returns,0.0
WEMIX_returns,HONEY_returns,0.0
WEMIX_returns,PRO_returns,0.0
WEMIX_returns,PRIME_returns,0.0
WEMIX_returns,VVS_returns,0.0
WEMIX_returns,CPOOL_returns,0.0
WEMIX_returns,YGG_returns,0.0
WEMIX_returns,SSV_returns,0.0
WEMIX_returns,CETUS_returns,0.0
WEMIX_returns,CGPT_returns,0.0
WEMIX_returns,STIK_returns,0.0
WEMIX_returns,PHA_returns,0.0
WEMIX_returns,XVS_returns,0.0
WEMIX_returns,KUB_returns,0.0
WEMIX_returns,BICO_returns,0.0
WEMIX_returns,UMA_returns,0.0
WEMIX_returns,WAXP_returns,0.0
WEMIX_returns,XPR_returns,0.0
WEMIX_returns,RPL_returns,0.0
WEMIX_returns,PUNDIX_returns,0.0
WEMIX_returns,FLUX_returns,0.0
WEMIX_returns,BORA_returns,0.28094246042943455
WEMIX_returns,POWR_returns,0.0
WEMIX_returns,AUDIO_returns,0.0
WEMIX_returns,PROM_returns,0.0
WEMIX_returns,IOST_returns,0.0
WEMIX_returns,ACX_returns,0.0
WEMIX_returns,ARDR_returns,0.0
WEMIX_returns,SPELL_returns,0.0
WEMIX_returns,ORBR_returns,0.0
WEMIX_returns,LSK_returns,0.0
WEMIX_returns,XOR_returns,0.0
WEMIX_returns,GLMR_returns,0.0
WEMIX_returns,BMX_returns,0.0
WEMIX_returns,MVL_returns,0.0
WEMIX_returns,ABT_returns,0.0
WEMIX_returns,VELO_returns,0.0
WEMIX_returns,IQ_returns,0.0
WEMIX_returns,AGI_returns,0.0
WEMIX_returns,WILD_returns,0.0
WEMIX_returns,XEM_returns,0.0
WEMIX_returns,LON_returns,0.0
WEMIX_returns,POND_returns,0.0
WEMIX_returns,ACT_returns,0.0
WEMIX_returns,XRD_returns,0.0
WEMIX_returns,RLC_returns,0.0
WEMIX_returns,ILV_returns,0.0
WEMIX_returns,FIDA_returns,0.0
WEMIX_returns,BNT_returns,0.0
WEMIX_returns,DENT_returns,0.0
WEMIX_returns,ORBS_returns,0.0
WEMIX_returns,ONG_returns,0.0
WEMIX_returns,CHR_returns,0.0
WEMIX_returns,HEART_returns,0.0
WEMIX_returns,VANRY_returns,0.0
WEMIX_returns,LQTY_returns,0.0
WEMIX_returns,KEEP_returns,0.0
WEMIX_returns,DKA_returns,0.0
WEMIX_returns,ELON_returns,0.0
WEMIX_returns,ARK_returns,0.0
WEMIX_returns,MLK_returns,0.0
WEMIX_returns,AL_returns,0.0
WEMIX_returns,JOE_returns,0.0
WEMIX_returns,CELR_returns,0.0
WEMIX_returns,STEEM_returns,0.0
WEMIX_returns,BAL_returns,0.0
WEMIX_returns,PCI_returns,0.0
WEMIX_returns,MOVR_returns,0.0
WEMIX_returns,AUCTION_returns,0.0
WEMIX_returns,AERGO_returns,0.0
WEMIX_returns,MED_returns,0.28167551304512695
WEMIX_returns,NMR_returns,0.0
WEMIX_returns,API3_returns,0.0
WEMIX_returns,AGLD_returns,0.0
WEMIX_returns,BONE_returns,0.0
WEMIX_returns,SLP_returns,0.0
WEMIX_returns,MTL_returns,0.0
WEMIX_returns,KNC_returns,0.25221042301277785
WEMIX_returns,CTSI_returns,0.0
WEMIX_returns,BTRST_returns,0.0
WEMIX_returns,SCRT_returns,0.0
WEMIX_returns,OMI_returns,0.0
WEMIX_returns,GEOD_returns,0.0
WEMIX_returns,EDU_returns,0.0
WEMIX_returns,0x0_returns,0.0
WEMIX_returns,KUJI_returns,0.0
SKL_returns,CTC_returns,0.0
SKL_returns,MINA_returns,0.0
SKL_returns,DASH_returns,0.0
SKL_returns,SFP_returns,0.0
SKL_returns,BabyDoge_returns,0.0
SKL_returns,SNX_returns,0.0
SKL_returns,TFUEL_returns,0.0
SKL_returns,DCR_returns,0.0
SKL_returns,GLM_returns,0.0
SKL_returns,MX_returns,0.0
SKL_returns,ZIL_returns,0.41606879552341197
SKL_returns,BLUR_returns,0.0
SKL_returns,ROSE_returns,0.0
SKL_returns,CKB_returns,0.0
SKL_returns,TRAC_returns,0.0
SKL_returns,QTUM_returns,0.0
SKL_returns,ORDI_returns,0.0
SKL_returns,LPT_returns,0.0
SKL_returns,MASK_returns,0.0
SKL_returns,ASTR_returns,0.0
SKL_returns,ZRX_returns,0.0
SKL_returns,VTHO_returns,0.0
SKL_returns,ACH_returns,0.0
SKL_returns,BAT_returns,0.0
SKL_returns,CHEEL_returns,-0.02377061432811452
SKL_returns,CHEX_returns,0.0
SKL_returns,SNEK_returns,0.0
SKL_returns,BORG_returns,0.0
SKL_returns,KOGE_returns,0.0
SKL_returns,IOTX_returns,0.0
SKL_returns,CELO_returns,0.0
SKL_returns,GAS_returns,0.0
SKL_returns,ONE_returns,0.3980918205086764
SKL_returns,ID_returns,0.0
SKL_returns,SUSHI_returns,0.0
SKL_returns,CSPR_returns,0.0
SKL_returns,HOT_returns,0.0
SKL_returns,SC_returns,0.0
SKL_returns,YFI_returns,0.0
SKL_returns,RVN_returns,0.0
SKL_returns,COW_returns,0.0
SKL_returns,ANKR_returns,0.0
SKL_returns,GOMINING_returns,0.0
SKL_returns,XCH_returns,0.0
SKL_returns,DGB_returns,0.0
SKL_returns,T_returns,0.0
SKL_returns,WOO_returns,0.0
SKL_returns,ELF_returns,0.0
SKL_returns,EUL_returns,0.0
SKL_returns,ORCA_returns,0.0
SKL_returns,KDA_returns,0.0
SKL_returns,OSMO_returns,0.0
SKL_returns,GMT_returns,0.0
SKL_returns,SNT_returns,0.0
SKL_returns,GMX_returns,0.0
SKL_returns,ENJ_returns,0.4016936968335839
SKL_returns,XYO_returns,0.0
SKL_returns,POLYX_returns,0.0
SKL_returns,ZIG_returns,0.0
SKL_returns,ZEN_returns,0.0
SKL_returns,COTI_returns,0.0
SKL_returns,WEMIX_returns,0.0
SKL_returns,SKL_returns,0.0
SKL_returns,LCX_returns,0.0
SKL_returns,WAVES_returns,0.0
SKL_returns,CVC_returns,0.0
SKL_returns,SWFTC_returns,0.0
SKL_returns,LUNA_returns,0.0
SKL_returns,HIVE_returns,0.0
SKL_returns,RLB_returns,0.0
SKL_returns,LRC_returns,0.0
SKL_returns,DAG_returns,0.0
SKL_returns,ONT_returns,0.0
SKL_returns,TRB_returns,0.0
SKL_returns,XNO_returns,0.0
SKL_returns,DLC_returns,0.0
SKL_returns,METIS_returns,0.0
SKL_returns,ICX_returns,0.0
SKL_returns,MYTH_returns,0.0
SKL_returns,MPLX_returns,0.0
SKL_returns,SXP_returns,0.0
SKL_returns,XVG_returns,0.0
SKL_returns,PEOPLE_returns,0.0
SKL_returns,AWE_returns,0.0
SKL_returns,REQ_returns,0.0
SKL_returns,STORJ_returns,0.0
SKL_returns,BAND_returns,0.4148970378305116
SKL_returns,WMTX_returns,0.0
SKL_returns,CFG_returns,0.0
SKL_returns,HONEY_returns,0.0
SKL_returns,PRO_returns,0.0
SKL_returns,PRIME_returns,0.0
SKL_returns,VVS_returns,0.0
SKL_returns,CPOOL_returns,0.0
SKL_returns,YGG_returns,0.0
SKL_returns,SSV_returns,0.0
SKL_returns,CETUS_returns,0.0
SKL_returns,CGPT_returns,0.0
SKL_returns,STIK_returns,-0.05955359300823467
SKL_returns,PHA_returns,0.0
SKL_returns,XVS_returns,0.0
SKL_returns,KUB_returns,0.0
SKL_returns,BICO_returns,0.0
SKL_returns,UMA_returns,0.0
SKL_returns,WAXP_returns,0.0
SKL_returns,XPR_returns,0.0
SKL_returns,RPL_returns,0.0
SKL_returns,PUNDIX_returns,0.0
SKL_returns,FLUX_returns,0.0
SKL_returns,BORA_returns,0.0
SKL_returns,POWR_returns,0.0
SKL_returns,AUDIO_returns,0.0
SKL_returns,PROM_returns,0.0
SKL_returns,IOST_returns,0.0
SKL_returns,ACX_returns,0.0
SKL_returns,ARDR_returns,0.0
SKL_returns,SPELL_returns,0.0
SKL_returns,ORBR_returns,0.0
SKL_returns,LSK_returns,0.0
SKL_returns,XOR_returns,0.0
SKL_returns,GLMR_returns,0.0
SKL_returns,BMX_returns,-0.006738266478903005
SKL_returns,MVL_returns,0.0
SKL_returns,ABT_returns,0.0
SKL_returns,VELO_returns,0.0
SKL_returns,IQ_returns,0.0
SKL_returns,AGI_returns,0.0
SKL_returns,WILD_returns,0.0
SKL_returns,XEM_returns,0.0
SKL_returns,LON_returns,-0.03919039863286792
SKL_returns,POND_returns,0.0
SKL_returns,ACT_returns,0.0
SKL_returns,XRD_returns,0.0
SKL_returns,RLC_returns,0.0
SKL_returns,ILV_returns,0.0
SKL_returns,FIDA_returns,0.0
SKL_returns,BNT_returns,0.0
SKL_returns,DENT_returns,0.0
SKL_returns,ORBS_returns,0.0
SKL_returns,ONG_returns,0.0
SKL_returns,CHR_returns,0.39665001114791293
SKL_returns,HEART_returns,0.0
SKL_returns,VANRY_returns,0.0
SKL_returns,LQTY_returns,0.0
SKL_returns,KEEP_returns,0.0
SKL_returns,DKA_returns,0.0
SKL_returns,ELON_returns,0.0
SKL_returns,ARK_returns,0.0
SKL_returns,MLK_returns,0.0
SKL_returns,AL_returns,0.0
SKL_returns,JOE_returns,0.0
SKL_returns,CELR_returns,0.41548504275903353
SKL_returns,STEEM_returns,0.0
SKL_returns,BAL_returns,0.0
SKL_returns,PCI_returns,0.0
SKL_returns,MOVR_returns,0.0
SKL_returns,AUCTION_returns,0.0
SKL_returns,AERGO_returns,0.0
SKL_returns,MED_returns,0.0
SKL_returns,NMR_returns,0.0
SKL_returns,API3_returns,0.0
SKL_returns,AGLD_returns,0.0
SKL_returns,BONE_returns,0.0
SKL_returns,SLP_returns,0.0
SKL_returns,MTL_returns,0.0
SKL_returns,KNC_returns,0.0
SKL_returns,CTSI_returns,0.0
SKL_returns,BTRST_returns,0.0
SKL_returns,SCRT_returns,0.0
SKL_returns,OMI_returns,0.0
SKL_returns,GEOD_returns,0.0
SKL_returns,EDU_returns,0.0
SKL_returns,0x0_returns,0.0
SKL_returns,KUJI_returns,0.0
LCX_returns,CTC_returns,0.0
LCX_returns,MINA_returns,0.0
LCX_returns,DASH_returns,0.0
LCX_returns,SFP_returns,0.0
LCX_returns,BabyDoge_returns,0.0
LCX_returns,SNX_returns,0.0
LCX_returns,TFUEL_returns,0.0
LCX_returns,DCR_returns,0.0
LCX_returns,GLM_returns,0.0
LCX_returns,MX_returns,0.0
LCX_returns,ZIL_returns,0.0
LCX_returns,BLUR_returns,0.2109961398470407
LCX_returns,ROSE_returns,0.0
LCX_returns,CKB_returns,0.0
LCX_returns,TRAC_returns,0.0
LCX_returns,QTUM_returns,0.0
LCX_returns,ORDI_returns,0.0
LCX_returns,LPT_returns,0.0
LCX_returns,MASK_returns,0.0
LCX_returns,ASTR_returns,0.0
LCX_returns,ZRX_returns,0.0
LCX_returns,VTHO_returns,0.0
LCX_returns,ACH_returns,0.0
LCX_returns,BAT_returns,0.23521519404884927
LCX_returns,CHEEL_returns,0.0
LCX_returns,CHEX_returns,0.0
LCX_returns,SNEK_returns,0.0
LCX_returns,BORG_returns,0.0
LCX_returns,KOGE_returns,0.0
LCX_returns,IOTX_returns,0.0
LCX_returns,CELO_returns,0.0
LCX_returns,GAS_returns,0.0
LCX_returns,ONE_returns,0.0
LCX_returns,ID_returns,0.0
LCX_returns,SUSHI_returns,0.0
LCX_returns,CSPR_returns,0.0
LCX_returns,HOT_returns,0.0
LCX_returns,SC_returns,0.0
LCX_returns,YFI_returns,0.0
LCX_returns,RVN_returns,0.0
LCX_returns,COW_returns,0.0
LCX_returns,ANKR_returns,0.2226602506535163
LCX_returns,GOMINING_returns,0.0
LCX_returns,XCH_returns,0.0
LCX_returns,DGB_returns,0.0
LCX_returns,T_returns,0.0
LCX_returns,WOO_returns,0.0
LCX_returns,ELF_returns,0.0
LCX_returns,EUL_returns,0.0
LCX_returns,ORCA_returns,0.0
LCX_returns,KDA_returns,0.0
LCX_returns,OSMO_returns,0.0
LCX_returns,GMT_returns,0.0
LCX_returns,SNT_returns,0.0
LCX_returns,GMX_returns,0.0
LCX_returns,ENJ_returns,0.0
LCX_returns,XYO_returns,0.0
LCX_returns,POLYX_returns,0.0
LCX_returns,ZIG_returns,0.0
LCX_returns,ZEN_returns,0.0
LCX_returns,COTI_returns,0.0
LCX_returns,WEMIX_returns,0.0
LCX_returns,SKL_returns,0.0
LCX_returns,LCX_returns,0.0
LCX_returns,WAVES_returns,0.0
LCX_returns,CVC_returns,0.0
LCX_returns,SWFTC_returns,0.0
LCX_returns,LUNA_returns,0.0
LCX_returns,HIVE_returns,0.0
LCX_returns,RLB_returns,0.0
LCX_returns,LRC_returns,0.0
LCX_returns,DAG_returns,0.0
LCX_returns,ONT_returns,0.0
LCX_returns,TRB_returns,0.0
LCX_returns,XNO_returns,0.0
LCX_returns,DLC_returns,0.0
LCX_returns,METIS_returns,0.0
LCX_returns,ICX_returns,0.22091762265519763
LCX_returns,MYTH_returns,-0.006120613427115074
LCX_returns,MPLX_returns,0.0
LCX_returns,SXP_returns,0.0
LCX_returns,XVG_returns,0.0
LCX_returns,PEOPLE_returns,0.0
LCX_returns,AWE_returns,0.0
LCX_returns,REQ_returns,0.0
LCX_returns,STORJ_returns,0.0
LCX_returns,BAND_returns,0.0
LCX_returns,WMTX_returns,0.0
LCX_returns,CFG_returns,0.0
LCX_returns,HONEY_returns,0.0
LCX_returns,PRO_returns,0.0
LCX_returns,PRIME_returns,0.0
LCX_returns,VVS_returns,0.0
LCX_returns,CPOOL_returns,0.0
LCX_returns,YGG_returns,0.0
LCX_returns,SSV_returns,0.0
LCX_returns,CETUS_returns,0.0
LCX_returns,CGPT_returns,0.0
LCX_returns,STIK_returns,0.0
LCX_returns,PHA_returns,0.0
LCX_returns,XVS_returns,0.0
LCX_returns,KUB_returns,0.0
LCX_returns,BICO_returns,0.0
LCX_returns,UMA_returns,0.0
LCX_returns,WAXP_returns,0.0
LCX_returns,XPR_returns,0.0
LCX_returns,RPL_returns,0.0
LCX_returns,PUNDIX_returns,0.0
LCX_returns,FLUX_returns,0.0
LCX_returns,BORA_returns,0.23238734618282803
LCX_returns,POWR_returns,0.0
LCX_returns,AUDIO_returns,0.0
LCX_returns,PROM_returns,0.0
LCX_returns,IOST_returns,0.0
LCX_returns,ACX_returns,0.0
LCX_returns,ARDR_returns,0.0
LCX_returns,SPELL_returns,0.0
LCX_returns,ORBR_returns,0.0
LCX_returns,LSK_returns,0.21055193843120243
LCX_returns,XOR_returns,0.0
LCX_returns,GLMR_returns,0.0
LCX_returns,BMX_returns,0.0
LCX_returns,MVL_returns,0.0
LCX_returns,ABT_returns,0.0
LCX_returns,VELO_returns,0.0
LCX_returns,IQ_returns,0.0
LCX_returns,AGI_returns,0.0
LCX_returns,WILD_returns,0.0
LCX_returns,XEM_returns,0.0
LCX_returns,LON_returns,0.0
LCX_returns,POND_returns,0.0
LCX_returns,ACT_returns,0.0
LCX_returns,XRD_returns,0.0
LCX_returns,RLC_returns,0.0
LCX_returns,ILV_returns,0.0
LCX_returns,FIDA_returns,0.0
LCX_returns,BNT_returns,0.0
LCX_returns,DENT_returns,0.0
LCX_returns,ORBS_returns,0.0
LCX_returns,ONG_returns,0.0
LCX_returns,CHR_returns,0.0
LCX_returns,HEART_returns,0.0
LCX_returns,VANRY_returns,0.0
LCX_returns,LQTY_returns,0.0
LCX_returns,KEEP_returns,0.0
LCX_returns,DKA_returns,0.0
LCX_returns,ELON_returns,-0.025231695463533845
LCX_returns,ARK_returns,0.0
LCX_returns,MLK_returns,0.0
LCX_returns,AL_returns,0.0
LCX_returns,JOE_returns,0.0
LCX_returns,CELR_returns,0.0
LCX_returns,STEEM_returns,0.0
LCX_returns,BAL_returns,0.0
LCX_returns,PCI_returns,0.0
LCX_returns,MOVR_returns,0.0
LCX_returns,AUCTION_returns,0.0
LCX_returns,AERGO_returns,0.0
LCX_returns,MED_returns,0.0
LCX_returns,NMR_returns,0.0
LCX_returns,API3_returns,0.0
LCX_returns,AGLD_returns,0.0
LCX_returns,BONE_returns,0.0
LCX_returns,SLP_returns,0.0
LCX_returns,MTL_returns,0.0
LCX_returns,KNC_returns,0.0
LCX_returns,CTSI_returns,0.0
LCX_returns,BTRST_returns,0.0
LCX_returns,SCRT_returns,0.0
LCX_returns,OMI_returns,0.0
LCX_returns,GEOD_returns,0.0
LCX_returns,EDU_returns,0.0
LCX_returns,0x0_returns,0.0
LCX_returns,KUJI_returns,0.0
WAVES_returns,CTC_returns,0.0
WAVES_returns,MINA_returns,0.0
WAVES_returns,DASH_returns,0.0
WAVES_returns,SFP_returns,0.0
WAVES_returns,BabyDoge_returns,0.0
WAVES_returns,SNX_returns,0.0
WAVES_returns,TFUEL_returns,0.0
WAVES_returns,DCR_returns,0.0
WAVES_returns,GLM_returns,0.0
WAVES_returns,MX_returns,0.0
WAVES_returns,ZIL_returns,0.3875070451943883
WAVES_returns,BLUR_returns,0.0
WAVES_returns,ROSE_returns,0.0
WAVES_returns,CKB_returns,0.0
WAVES_returns,TRAC_returns,0.0
WAVES_returns,QTUM_returns,0.0
WAVES_returns,ORDI_returns,0.0
WAVES_returns,LPT_returns,0.0
WAVES_returns,MASK_returns,0.0
WAVES_returns,ASTR_returns,0.0
WAVES_returns,ZRX_returns,0.0
WAVES_returns,VTHO_returns,0.0
WAVES_returns,ACH_returns,0.0
WAVES_returns,BAT_returns,0.0
WAVES_returns,CHEEL_returns,0.0
WAVES_returns,CHEX_returns,-0.012521825313815306
WAVES_returns,SNEK_returns,0.0
WAVES_returns,BORG_returns,0.0
WAVES_returns,KOGE_returns,0.0
WAVES_returns,IOTX_returns,0.0
WAVES_returns,CELO_returns,0.0
WAVES_returns,GAS_returns,0.0
WAVES_returns,ONE_returns,0.0
WAVES_returns,ID_returns,0.0
WAVES_returns,SUSHI_returns,0.0
WAVES_returns,CSPR_returns,0.0
WAVES_returns,HOT_returns,0.0
WAVES_returns,SC_returns,0.0
WAVES_returns,YFI_returns,0.0
WAVES_returns,RVN_returns,0.0
WAVES_returns,COW_returns,-0.025843115694637778
WAVES_returns,ANKR_returns,0.44695319535889316
WAVES_returns,GOMINING_returns,0.0
WAVES_returns,XCH_returns,0.0
WAVES_returns,DGB_returns,0.0
WAVES_returns,T_returns,0.0
WAVES_returns,WOO_returns,0.0
WAVES_returns,ELF_returns,0.0
WAVES_returns,EUL_returns,0.0
WAVES_returns,ORCA_returns,0.0
WAVES_returns,KDA_returns,0.0
WAVES_returns,OSMO_returns,0.0
WAVES_returns,GMT_returns,0.0
WAVES_returns,SNT_returns,0.0
WAVES_returns,GMX_returns,0.0
WAVES_returns,ENJ_returns,0.0
WAVES_returns,XYO_returns,0.0
WAVES_returns,POLYX_returns,0.0
WAVES_returns,ZIG_returns,0.0
WAVES_returns,ZEN_returns,0.0
WAVES_returns,COTI_returns,0.0
WAVES_returns,WEMIX_returns,0.0
WAVES_returns,SKL_returns,0.0
WAVES_returns,LCX_returns,0.0
WAVES_returns,WAVES_returns,0.0
WAVES_returns,CVC_returns,0.0
WAVES_returns,SWFTC_returns,0.0
WAVES_returns,LUNA_returns,0.0
WAVES_returns,HIVE_returns,0.0
WAVES_returns,RLB_returns,0.0
WAVES_returns,LRC_returns,0.37680534041988983
WAVES_returns,DAG_returns,0.0
WAVES_returns,ONT_returns,0.0
WAVES_returns,TRB_returns,0.0
WAVES_returns,XNO_returns,0.0
WAVES_returns,DLC_returns,0.0
WAVES_returns,METIS_returns,0.0
WAVES_returns,ICX_returns,0.39485465850954354
WAVES_returns,MYTH_returns,0.0
WAVES_returns,MPLX_returns,0.0
WAVES_returns,SXP_returns,0.0
WAVES_returns,XVG_returns,0.0
WAVES_returns,PEOPLE_returns,0.0
WAVES_returns,AWE_returns,0.0
WAVES_returns,REQ_returns,0.0
WAVES_returns,STORJ_returns,0.0
WAVES_returns,BAND_returns,0.0
WAVES_returns,WMTX_returns,0.0
WAVES_returns,CFG_returns,0.0
WAVES_returns,HONEY_returns,0.0
WAVES_returns,PRO_returns,0.0
WAVES_returns,PRIME_returns,0.0
WAVES_returns,VVS_returns,0.0
WAVES_returns,CPOOL_returns,0.0
WAVES_returns,YGG_returns,0.0
WAVES_returns,SSV_returns,0.0
WAVES_returns,CETUS_returns,0.0
WAVES_returns,CGPT_returns,0.0
WAVES_returns,STIK_returns,0.0
WAVES_returns,PHA_returns,0.0
WAVES_returns,XVS_returns,0.0
WAVES_returns,KUB_returns,0.0
WAVES_returns,BICO_returns,0.0
WAVES_returns,UMA_returns,0.0
WAVES_returns,WAXP_returns,0.0
WAVES_returns,XPR_returns,0.0
WAVES_returns,RPL_returns,0.0
WAVES_returns,PUNDIX_returns,0.0
WAVES_returns,FLUX_returns,0.0
WAVES_returns,BORA_returns,0.0
WAVES_returns,POWR_returns,0.0
WAVES_returns,AUDIO_returns,0.0
WAVES_returns,PROM_returns,0.0
WAVES_returns,IOST_returns,0.0
WAVES_returns,ACX_returns,0.0
WAVES_returns,ARDR_returns,0.0
WAVES_returns,SPELL_returns,0.0
WAVES_returns,ORBR_returns,0.0
WAVES_returns,LSK_returns,0.0
WAVES_returns,XOR_returns,-0.022549083363849608
WAVES_returns,GLMR_returns,0.0
WAVES_returns,BMX_returns,0.0
WAVES_returns,MVL_returns,0.0
WAVES_returns,ABT_returns,0.0
WAVES_returns,VELO_returns,0.0
WAVES_returns,IQ_returns,0.0
WAVES_returns,AGI_returns,0.0
WAVES_returns,WILD_returns,0.0
WAVES_returns,XEM_returns,0.5145566196869362
WAVES_returns,LON_returns,0.0
WAVES_returns,POND_returns,0.0
WAVES_returns,ACT_returns,0.0
WAVES_returns,XRD_returns,0.24145736176055232
WAVES_returns,RLC_returns,0.0
WAVES_returns,ILV_returns,0.0
WAVES_returns,FIDA_returns,0.0
WAVES_returns,BNT_returns,0.0
WAVES_returns,DENT_returns,0.0
WAVES_returns,ORBS_returns,0.0
WAVES_returns,ONG_returns,0.0
WAVES_returns,CHR_returns,0.0
WAVES_returns,HEART_returns,0.0
WAVES_returns,VANRY_returns,0.0
WAVES_returns,LQTY_returns,0.0
WAVES_returns,KEEP_returns,0.0
WAVES_returns,DKA_returns,0.0
WAVES_returns,ELON_returns,0.0
WAVES_returns,ARK_returns,0.0
WAVES_returns,MLK_returns,0.0
WAVES_returns,AL_returns,0.0
WAVES_returns,JOE_returns,0.0
WAVES_returns,CELR_returns,0.0
WAVES_returns,STEEM_returns,0.0
WAVES_returns,BAL_returns,0.0
WAVES_returns,PCI_returns,0.0
WAVES_returns,MOVR_returns,0.0
WAVES_returns,AUCTION_returns,0.0
WAVES_returns,AERGO_returns,0.0
WAVES_returns,MED_returns,0.0
WAVES_returns,NMR_returns,0.0
WAVES_returns,API3_returns,0.0
WAVES_returns,AGLD_returns,0.0
WAVES_returns,BONE_returns,0.0
WAVES_returns,SLP_returns,0.0
WAVES_returns,MTL_returns,0.0
WAVES_returns,KNC_returns,0.3833830579916465
WAVES_returns,CTSI_returns,0.0
WAVES_returns,BTRST_returns,0.0
WAVES_returns,SCRT_returns,0.0
WAVES_returns,OMI_returns,0.0
WAVES_returns,GEOD_returns,0.0
WAVES_returns,EDU_returns,0.0
WAVES_returns,0x0_returns,0.0
WAVES_returns,KUJI_returns,0.0
CVC_returns,CTC_returns,0.0
CVC_returns,MINA_returns,0.0
CVC_returns,DASH_returns,0.0
CVC_returns,SFP_returns,0.0
CVC_returns,BabyDoge_returns,0.0
CVC_returns,SNX_returns,0.0
CVC_returns,TFUEL_returns,0.0
CVC_returns,DCR_returns,0.0
CVC_returns,GLM_returns,0.0
CVC_returns,MX_returns,0.0
CVC_returns,ZIL_returns,0.0
CVC_returns,BLUR_returns,0.0
CVC_returns,ROSE_returns,0.0
CVC_returns,CKB_returns,0.0
CVC_returns,TRAC_returns,0.0
CVC_returns,QTUM_returns,0.0
CVC_returns,ORDI_returns,0.0
CVC_returns,LPT_returns,0.0
CVC_returns,MASK_returns,0.0
CVC_returns,ASTR_returns,0.0
CVC_returns,ZRX_returns,0.0
CVC_returns,VTHO_returns,0.0
CVC_returns,ACH_returns,0.0
CVC_returns,BAT_returns,0.3852930353317478
CVC_returns,CHEEL_returns,0.0
CVC_returns,CHEX_returns,0.0
CVC_returns,SNEK_returns,0.0
CVC_returns,BORG_returns,0.0
CVC_returns,KOGE_returns,0.0
CVC_returns,IOTX_returns,0.0
CVC_returns,CELO_returns,0.0
CVC_returns,GAS_returns,0.0
CVC_returns,ONE_returns,0.0
CVC_returns,ID_returns,0.0
CVC_returns,SUSHI_returns,0.0
CVC_returns,CSPR_returns,0.0
CVC_returns,HOT_returns,0.0
CVC_returns,SC_returns,0.0
CVC_returns,YFI_returns,0.36486947191717467
CVC_returns,RVN_returns,0.0
CVC_returns,COW_returns,0.0
CVC_returns,ANKR_returns,0.0
CVC_returns,GOMINING_returns,0.0
CVC_returns,XCH_returns,0.0
CVC_returns,DGB_returns,0.0
CVC_returns,T_returns,0.0
CVC_returns,WOO_returns,0.0
CVC_returns,ELF_returns,0.0
CVC_returns,EUL_returns,0.0
CVC_returns,ORCA_returns,0.0
CVC_returns,KDA_returns,0.0
CVC_returns,OSMO_returns,0.0
CVC_returns,GMT_returns,0.0
CVC_returns,SNT_returns,0.0
CVC_returns,GMX_returns,0.0
CVC_returns,ENJ_returns,0.0
CVC_returns,XYO_returns,0.0
CVC_returns,POLYX_returns,0.0
CVC_returns,ZIG_returns,0.0
CVC_returns,ZEN_returns,0.0
CVC_returns,COTI_returns,0.0
CVC_returns,WEMIX_returns,0.0
CVC_returns,SKL_returns,0.0
CVC_returns,LCX_returns,0.0
CVC_returns,WAVES_returns,0.0
CVC_returns,CVC_returns,0.0
CVC_returns,SWFTC_returns,0.0
CVC_returns,LUNA_returns,0.0
CVC_returns,HIVE_returns,0.0
CVC_returns,RLB_returns,0.0
CVC_returns,LRC_returns,0.0
CVC_returns,DAG_returns,0.0
CVC_returns,ONT_returns,0.0
CVC_returns,TRB_returns,0.0
CVC_returns,XNO_returns,0.0
CVC_returns,DLC_returns,0.0
CVC_returns,METIS_returns,0.0
CVC_returns,ICX_returns,0.4203380738217005
CVC_returns,MYTH_returns,0.0
CVC_returns,MPLX_returns,0.0
CVC_returns,SXP_returns,0.0
CVC_returns,XVG_returns,0.0
CVC_returns,PEOPLE_returns,0.0
CVC_returns,AWE_returns,0.0
CVC_returns,REQ_returns,0.0
CVC_returns,STORJ_returns,0.0
CVC_returns,BAND_returns,0.0
CVC_returns,WMTX_returns,0.0
CVC_returns,CFG_returns,0.0
CVC_returns,HONEY_returns,0.0
CVC_returns,PRO_returns,0.0
CVC_returns,PRIME_returns,-0.00427263086690206
CVC_returns,VVS_returns,0.0
CVC_returns,CPOOL_returns,0.0
CVC_returns,YGG_returns,0.0
CVC_returns,SSV_returns,0.0
CVC_returns,CETUS_returns,0.0
CVC_returns,CGPT_returns,0.0
CVC_returns,STIK_returns,0.0
CVC_returns,PHA_returns,0.0
CVC_returns,XVS_returns,0.0
CVC_returns,KUB_returns,0.0
CVC_returns,BICO_returns,0.0
CVC_returns,UMA_returns,0.0
CVC_returns,WAXP_returns,0.37428634477723116
CVC_returns,XPR_returns,0.0
CVC_returns,RPL_returns,0.0
CVC_returns,PUNDIX_returns,0.0
CVC_returns,FLUX_returns,0.0
CVC_returns,BORA_returns,0.36993211475092186
CVC_returns,POWR_returns,0.0
CVC_returns,AUDIO_returns,0.0
CVC_returns,PROM_returns,0.0
CVC_returns,IOST_returns,0.0
CVC_returns,ACX_returns,0.0
CVC_returns,ARDR_returns,0.3827675626598901
CVC_returns,SPELL_returns,0.0
CVC_returns,ORBR_returns,0.0
CVC_returns,LSK_returns,0.0
CVC_returns,XOR_returns,0.0
CVC_returns,GLMR_returns,0.0
CVC_returns,BMX_returns,0.0
CVC_returns,MVL_returns,0.0
CVC_returns,ABT_returns,0.0
CVC_returns,VELO_returns,0.0
CVC_returns,IQ_returns,0.0
CVC_returns,AGI_returns,0.0
CVC_returns,WILD_returns,0.0
CVC_returns,XEM_returns,0.0
CVC_returns,LON_returns,0.0
CVC_returns,POND_returns,0.0
CVC_returns,ACT_returns,0.0
CVC_returns,XRD_returns,0.0
CVC_returns,RLC_returns,0.0
CVC_returns,ILV_returns,0.0
CVC_returns,FIDA_returns,0.0
CVC_returns,BNT_returns,0.0
CVC_returns,DENT_returns,0.0
CVC_returns,ORBS_returns,0.0
CVC_returns,ONG_returns,0.0
CVC_returns,CHR_returns,0.0
CVC_returns,HEART_returns,0.0
CVC_returns,VANRY_returns,0.0
CVC_returns,LQTY_returns,0.0
CVC_returns,KEEP_returns,0.0
CVC_returns,DKA_returns,0.0
CVC_returns,ELON_returns,0.0
CVC_returns,ARK_returns,0.0
CVC_returns,MLK_returns,0.0
CVC_returns,AL_returns,0.0
CVC_returns,JOE_returns,0.0
CVC_returns,CELR_returns,0.0
CVC_returns,STEEM_returns,0.0
CVC_returns,BAL_returns,0.0
CVC_returns,PCI_returns,0.0
CVC_returns,MOVR_returns,0.0
CVC_returns,AUCTION_returns,0.0
CVC_returns,AERGO_returns,0.30646473449547784
CVC_returns,MED_returns,0.39938580755946124
CVC_returns,NMR_returns,0.0
CVC_returns,API3_returns,0.0
CVC_returns,AGLD_returns,0.0
CVC_returns,BONE_returns,0.0
CVC_returns,SLP_returns,0.0
CVC_returns,MTL_returns,0.0
CVC_returns,KNC_returns,0.0
CVC_returns,CTSI_returns,0.0
CVC_returns,BTRST_returns,0.0
CVC_returns,SCRT_returns,0.0
CVC_returns,OMI_returns,0.0
CVC_returns,GEOD_returns,0.0
CVC_returns,EDU_returns,0.0
CVC_returns,0x0_returns,0.0
CVC_returns,KUJI_returns,0.0
SWFTC_returns,CTC_returns,0.0
SWFTC_returns,MINA_returns,0.0
SWFTC_returns,DASH_returns,0.0
SWFTC_returns,SFP_returns,0.0
SWFTC_returns,BabyDoge_returns,0.0
SWFTC_returns,SNX_returns,0.0
SWFTC_returns,TFUEL_returns,0.17570940542313715
SWFTC_returns,DCR_returns,0.0
SWFTC_returns,GLM_returns,0.0
SWFTC_returns,MX_returns,0.0
SWFTC_returns,ZIL_returns,0.0
SWFTC_returns,BLUR_returns,-0.0057729350140086995
SWFTC_returns,ROSE_returns,0.0
SWFTC_returns,CKB_returns,-0.030188865175168278
SWFTC_returns,TRAC_returns,0.0
SWFTC_returns,QTUM_returns,0.0
SWFTC_returns,ORDI_returns,0.0
SWFTC_returns,LPT_returns,0.0
SWFTC_returns,MASK_returns,0.0
SWFTC_returns,ASTR_returns,0.0
SWFTC_returns,ZRX_returns,0.0
SWFTC_returns,VTHO_returns,0.0
SWFTC_returns,ACH_returns,0.0
SWFTC_returns,BAT_returns,0.0
SWFTC_returns,CHEEL_returns,0.0
SWFTC_returns,CHEX_returns,0.0
SWFTC_returns,SNEK_returns,0.0
SWFTC_returns,BORG_returns,0.0
SWFTC_returns,KOGE_returns,0.0
SWFTC_returns,IOTX_returns,0.0
SWFTC_returns,CELO_returns,0.0
SWFTC_returns,GAS_returns,0.0
SWFTC_returns,ONE_returns,0.0
SWFTC_returns,ID_returns,0.0
SWFTC_returns,SUSHI_returns,0.0
SWFTC_returns,CSPR_returns,0.0
SWFTC_returns,HOT_returns,0.0
SWFTC_returns,SC_returns,0.0
SWFTC_returns,YFI_returns,0.0
SWFTC_returns,RVN_returns,0.0
SWFTC_returns,COW_returns,-0.010928322802897168
SWFTC_returns,ANKR_returns,0.0
SWFTC_returns,GOMINING_returns,0.0
SWFTC_returns,XCH_returns,0.0
SWFTC_returns,DGB_returns,0.0
SWFTC_returns,T_returns,0.0
SWFTC_returns,WOO_returns,0.0
SWFTC_returns,ELF_returns,0.0
SWFTC_returns,EUL_returns,0.0
SWFTC_returns,ORCA_returns,0.0
SWFTC_returns,KDA_returns,0.0
SWFTC_returns,OSMO_returns,0.0
SWFTC_returns,GMT_returns,0.0
SWFTC_returns,SNT_returns,0.0
SWFTC_returns,GMX_returns,0.0
SWFTC_returns,ENJ_returns,0.0
SWFTC_returns,XYO_returns,0.0
SWFTC_returns,POLYX_returns,0.0
SWFTC_returns,ZIG_returns,0.0
SWFTC_returns,ZEN_returns,-0.023286156004533144
SWFTC_returns,COTI_returns,0.0
SWFTC_returns,WEMIX_returns,0.0
SWFTC_returns,SKL_returns,0.0
SWFTC_returns,LCX_returns,0.0
SWFTC_returns,WAVES_returns,0.0
SWFTC_returns,CVC_returns,0.0
SWFTC_returns,SWFTC_returns,0.0
SWFTC_returns,LUNA_returns,0.1937911379362934
SWFTC_returns,HIVE_returns,0.0
SWFTC_returns,RLB_returns,0.0
SWFTC_returns,LRC_returns,0.0
SWFTC_returns,DAG_returns,0.0
SWFTC_returns,ONT_returns,0.0
SWFTC_returns,TRB_returns,0.0
SWFTC_returns,XNO_returns,0.0
SWFTC_returns,DLC_returns,0.0
SWFTC_returns,METIS_returns,0.0
SWFTC_returns,ICX_returns,0.0
SWFTC_returns,MYTH_returns,0.0
SWFTC_returns,MPLX_returns,0.0
SWFTC_returns,SXP_returns,0.0
SWFTC_returns,XVG_returns,0.0
SWFTC_returns,PEOPLE_returns,0.0
SWFTC_returns,AWE_returns,-0.005875510281430927
SWFTC_returns,REQ_returns,0.0
SWFTC_returns,STORJ_returns,0.0
SWFTC_returns,BAND_returns,0.0
SWFTC_returns,WMTX_returns,0.0
SWFTC_returns,CFG_returns,0.0
SWFTC_returns,HONEY_returns,-0.0073983453974478435
SWFTC_returns,PRO_returns,0.0
SWFTC_returns,PRIME_returns,-0.03068073669054002
SWFTC_returns,VVS_returns,0.0
SWFTC_returns,CPOOL_returns,0.0
SWFTC_returns,YGG_returns,0.0
SWFTC_returns,SSV_returns,0.0
SWFTC_returns,CETUS_returns,0.0
SWFTC_returns,CGPT_returns,0.0
SWFTC_returns,STIK_returns,0.0
SWFTC_returns,PHA_returns,0.0
SWFTC_returns,XVS_returns,0.0
SWFTC_returns,KUB_returns,0.0
SWFTC_returns,BICO_returns,0.0
SWFTC_returns,UMA_returns,0.0
SWFTC_returns,WAXP_returns,0.0
SWFTC_returns,XPR_returns,0.2590831528038836
SWFTC_returns,RPL_returns,0.0
SWFTC_returns,PUNDIX_returns,0.0
SWFTC_returns,FLUX_returns,0.0
SWFTC_returns,BORA_returns,0.0
SWFTC_returns,POWR_returns,0.0
SWFTC_returns,AUDIO_returns,0.0
SWFTC_returns,PROM_returns,0.0
SWFTC_returns,IOST_returns,0.0
SWFTC_returns,ACX_returns,0.0
SWFTC_returns,ARDR_returns,0.0
SWFTC_returns,SPELL_returns,0.19065810019540744
SWFTC_returns,ORBR_returns,0.0
SWFTC_returns,LSK_returns,0.27542255902402385
SWFTC_returns,XOR_returns,0.0
SWFTC_returns,GLMR_returns,0.0
SWFTC_returns,BMX_returns,0.0
SWFTC_returns,MVL_returns,0.0
SWFTC_returns,ABT_returns,0.0
SWFTC_returns,VELO_returns,0.0
SWFTC_returns,IQ_returns,0.0
SWFTC_returns,AGI_returns,0.0
SWFTC_returns,WILD_returns,0.0
SWFTC_returns,XEM_returns,0.0
SWFTC_returns,LON_returns,0.0
SWFTC_returns,POND_returns,0.0
SWFTC_returns,ACT_returns,-0.010873531006231592
SWFTC_returns,XRD_returns,0.0
SWFTC_returns,RLC_returns,0.0
SWFTC_returns,ILV_returns,0.0
SWFTC_returns,FIDA_returns,0.0
SWFTC_returns,BNT_returns,0.0
SWFTC_returns,DENT_returns,0.0
SWFTC_returns,ORBS_returns,0.0
SWFTC_returns,ONG_returns,0.0
SWFTC_returns,CHR_returns,0.0
SWFTC_returns,HEART_returns,0.0
SWFTC_returns,VANRY_returns,0.0
SWFTC_returns,LQTY_returns,0.0
SWFTC_returns,KEEP_returns,0.0
SWFTC_returns,DKA_returns,0.0
SWFTC_returns,ELON_returns,-0.09201027489995638
SWFTC_returns,ARK_returns,0.0
SWFTC_returns,MLK_returns,0.0
SWFTC_returns,AL_returns,0.0
SWFTC_returns,JOE_returns,0.0
SWFTC_returns,CELR_returns,0.0
SWFTC_returns,STEEM_returns,0.0
SWFTC_returns,BAL_returns,0.0
SWFTC_returns,PCI_returns,0.0
SWFTC_returns,MOVR_returns,0.0
SWFTC_returns,AUCTION_returns,0.0
SWFTC_returns,AERGO_returns,0.0
SWFTC_returns,MED_returns,0.0
SWFTC_returns,NMR_returns,0.0
SWFTC_returns,API3_returns,0.0
SWFTC_returns,AGLD_returns,-0.00529164097690716
SWFTC_returns,BONE_returns,0.0
SWFTC_returns,SLP_returns,0.0
SWFTC_returns,MTL_returns,0.0
SWFTC_returns,KNC_returns,0.0
SWFTC_returns,CTSI_returns,0.0
SWFTC_returns,BTRST_returns,0.17520519982649377
SWFTC_returns,SCRT_returns,0.0
SWFTC_returns,OMI_returns,0.0
SWFTC_returns,GEOD_returns,0.0
SWFTC_returns,EDU_returns,0.0
SWFTC_returns,0x0_returns,0.0
SWFTC_returns,KUJI_returns,-0.010391880896184012
LUNA_returns,CTC_returns,0.0
LUNA_returns,MINA_returns,0.0
LUNA_returns,DASH_returns,0.0
LUNA_returns,SFP_returns,0.0
LUNA_returns,BabyDoge_returns,0.0
LUNA_returns,SNX_returns,0.0
LUNA_returns,TFUEL_returns,0.0
LUNA_returns,DCR_returns,0.0
LUNA_returns,GLM_returns,0.0
LUNA_returns,MX_returns,0.0
LUNA_returns,ZIL_returns,0.4235090941644974
LUNA_returns,BLUR_returns,0.0
LUNA_returns,ROSE_returns,0.4264154456520603
LUNA_returns,CKB_returns,0.0
LUNA_returns,TRAC_returns,0.0
LUNA_returns,QTUM_returns,0.0
LUNA_returns,ORDI_returns,0.0
LUNA_returns,LPT_returns,0.0
LUNA_returns,MASK_returns,0.0
LUNA_returns,ASTR_returns,0.0
LUNA_returns,ZRX_returns,0.0
LUNA_returns,VTHO_returns,0.0
LUNA_returns,ACH_returns,0.0
LUNA_returns,BAT_returns,0.0
LUNA_returns,CHEEL_returns,0.0
LUNA_returns,CHEX_returns,0.0
LUNA_returns,SNEK_returns,0.0
LUNA_returns,BORG_returns,0.0
LUNA_returns,KOGE_returns,0.0
LUNA_returns,IOTX_returns,0.0
LUNA_returns,CELO_returns,0.0
LUNA_returns,GAS_returns,0.0
LUNA_returns,ONE_returns,0.4197950512973077
LUNA_returns,ID_returns,0.0
LUNA_returns,SUSHI_returns,0.0
LUNA_returns,CSPR_returns,0.0
LUNA_returns,HOT_returns,0.0
LUNA_returns,SC_returns,0.0
LUNA_returns,YFI_returns,0.0
LUNA_returns,RVN_returns,0.0
LUNA_returns,COW_returns,0.0
LUNA_returns,ANKR_returns,0.0
LUNA_returns,GOMINING_returns,0.0
LUNA_returns,XCH_returns,0.0
LUNA_returns,DGB_returns,0.0
LUNA_returns,T_returns,0.0
LUNA_returns,WOO_returns,0.0
LUNA_returns,ELF_returns,0.0
LUNA_returns,EUL_returns,0.0
LUNA_returns,ORCA_returns,0.0
LUNA_returns,KDA_returns,0.0
LUNA_returns,OSMO_returns,0.0
LUNA_returns,GMT_returns,0.0
LUNA_returns,SNT_returns,0.0
LUNA_returns,GMX_returns,0.0
LUNA_returns,ENJ_returns,0.0
LUNA_returns,XYO_returns,0.0
LUNA_returns,POLYX_returns,0.0
LUNA_returns,ZIG_returns,0.0
LUNA_returns,ZEN_returns,0.0
LUNA_returns,COTI_returns,0.0
LUNA_returns,WEMIX_returns,0.0
LUNA_returns,SKL_returns,0.0
LUNA_returns,LCX_returns,0.0
LUNA_returns,WAVES_returns,0.0
LUNA_returns,CVC_returns,0.0
LUNA_returns,SWFTC_returns,0.1937911379362934
LUNA_returns,LUNA_returns,0.0
LUNA_returns,HIVE_returns,0.0
LUNA_returns,RLB_returns,0.0
LUNA_returns,LRC_returns,0.44921537392723077
LUNA_returns,DAG_returns,0.0
LUNA_returns,ONT_returns,0.0
LUNA_returns,TRB_returns,0.0
LUNA_returns,XNO_returns,0.0
LUNA_returns,DLC_returns,0.0
LUNA_returns,METIS_returns,0.0
LUNA_returns,ICX_returns,0.0
LUNA_returns,MYTH_returns,0.0
LUNA_returns,MPLX_returns,0.0
LUNA_returns,SXP_returns,0.0
LUNA_returns,XVG_returns,0.0
LUNA_returns,PEOPLE_returns,0.0
LUNA_returns,AWE_returns,0.0
LUNA_returns,REQ_returns,0.0
LUNA_returns,STORJ_returns,0.0
LUNA_returns,BAND_returns,0.0
LUNA_returns,WMTX_returns,0.0
LUNA_returns,CFG_returns,0.0
LUNA_returns,HONEY_returns,0.0
LUNA_returns,PRO_returns,0.0
LUNA_returns,PRIME_returns,0.0
LUNA_returns,VVS_returns,0.0
LUNA_returns,CPOOL_returns,0.0
LUNA_returns,YGG_returns,0.0
LUNA_returns,SSV_returns,0.0
LUNA_returns,CETUS_returns,0.0
LUNA_returns,CGPT_returns,0.0
LUNA_returns,STIK_returns,0.0
LUNA_returns,PHA_returns,0.0
LUNA_returns,XVS_returns,0.0
LUNA_returns,KUB_returns,0.0
LUNA_returns,BICO_returns,0.0
LUNA_returns,UMA_returns,0.0
LUNA_returns,WAXP_returns,0.0
LUNA_returns,XPR_returns,0.0
LUNA_returns,RPL_returns,0.0
LUNA_returns,PUNDIX_returns,0.0
LUNA_returns,FLUX_returns,0.0
LUNA_returns,BORA_returns,0.0
LUNA_returns,POWR_returns,0.0
LUNA_returns,AUDIO_returns,0.0
LUNA_returns,PROM_returns,0.0
LUNA_returns,IOST_returns,0.0
LUNA_returns,ACX_returns,0.0
LUNA_returns,ARDR_returns,0.0
LUNA_returns,SPELL_returns,0.0
LUNA_returns,ORBR_returns,0.0
LUNA_returns,LSK_returns,0.4272268113655285
LUNA_returns,XOR_returns,0.0
LUNA_returns,GLMR_returns,0.0
LUNA_returns,BMX_returns,0.0
LUNA_returns,MVL_returns,0.0
LUNA_returns,ABT_returns,0.0
LUNA_returns,VELO_returns,0.0
LUNA_returns,IQ_returns,0.0
LUNA_returns,AGI_returns,0.0
LUNA_returns,WILD_returns,0.20963864559237538
LUNA_returns,XEM_returns,0.0
LUNA_returns,LON_returns,0.0
LUNA_returns,POND_returns,0.0
LUNA_returns,ACT_returns,0.0
LUNA_returns,XRD_returns,0.0
LUNA_returns,RLC_returns,0.0
LUNA_returns,ILV_returns,0.0
LUNA_returns,FIDA_returns,0.0
LUNA_returns,BNT_returns,0.0
LUNA_returns,DENT_returns,0.0
LUNA_returns,ORBS_returns,0.0
LUNA_returns,ONG_returns,0.0
LUNA_returns,CHR_returns,0.0
LUNA_returns,HEART_returns,0.0
LUNA_returns,VANRY_returns,0.0
LUNA_returns,LQTY_returns,0.0
LUNA_returns,KEEP_returns,0.0
LUNA_returns,DKA_returns,0.0
LUNA_returns,ELON_returns,-0.06006725277801023
LUNA_returns,ARK_returns,0.0
LUNA_returns,MLK_returns,0.0
LUNA_returns,AL_returns,0.0
LUNA_returns,JOE_returns,0.0
LUNA_returns,CELR_returns,0.45077660098241745
LUNA_returns,STEEM_returns,0.0
LUNA_returns,BAL_returns,0.0
LUNA_returns,PCI_returns,0.0
LUNA_returns,MOVR_returns,0.0
LUNA_returns,AUCTION_returns,0.0
LUNA_returns,AERGO_returns,0.0
LUNA_returns,MED_returns,0.0
LUNA_returns,NMR_returns,0.0
LUNA_returns,API3_returns,0.0
LUNA_returns,AGLD_returns,0.0
LUNA_returns,BONE_returns,0.0
LUNA_returns,SLP_returns,0.0
LUNA_returns,MTL_returns,0.0
LUNA_returns,KNC_returns,0.0
LUNA_returns,CTSI_returns,0.0
LUNA_returns,BTRST_returns,0.0
LUNA_returns,SCRT_returns,0.0
LUNA_returns,OMI_returns,0.0
LUNA_returns,GEOD_returns,0.0
LUNA_returns,EDU_returns,0.0
LUNA_returns,0x0_returns,0.0
LUNA_returns,KUJI_returns,0.17392273137768424
HIVE_returns,CTC_returns,0.0
HIVE_returns,MINA_returns,0.0
HIVE_returns,DASH_returns,0.0
HIVE_returns,SFP_returns,0.0
HIVE_returns,BabyDoge_returns,0.0
HIVE_returns,SNX_returns,0.0
HIVE_returns,TFUEL_returns,0.0
HIVE_returns,DCR_returns,0.0
HIVE_returns,GLM_returns,0.0
HIVE_returns,MX_returns,0.0
HIVE_returns,ZIL_returns,0.0
HIVE_returns,BLUR_returns,0.0
HIVE_returns,ROSE_returns,0.0
HIVE_returns,CKB_returns,0.0
HIVE_returns,TRAC_returns,0.0
HIVE_returns,QTUM_returns,0.0
HIVE_returns,ORDI_returns,0.0
HIVE_returns,LPT_returns,0.0
HIVE_returns,MASK_returns,0.0
HIVE_returns,ASTR_returns,0.0
HIVE_returns,ZRX_returns,0.0
HIVE_returns,VTHO_returns,0.0
HIVE_returns,ACH_returns,0.0
HIVE_returns,BAT_returns,0.36878850948818276
HIVE_returns,CHEEL_returns,0.0
HIVE_returns,CHEX_returns,0.0
HIVE_returns,SNEK_returns,0.0
HIVE_returns,BORG_returns,0.0
HIVE_returns,KOGE_returns,0.0
HIVE_returns,IOTX_returns,0.0
HIVE_returns,CELO_returns,0.0
HIVE_returns,GAS_returns,0.0
HIVE_returns,ONE_returns,0.0
HIVE_returns,ID_returns,0.0
HIVE_returns,SUSHI_returns,0.0
HIVE_returns,CSPR_returns,0.0
HIVE_returns,HOT_returns,0.0
HIVE_returns,SC_returns,0.0
HIVE_returns,YFI_returns,0.0
HIVE_returns,RVN_returns,0.0
HIVE_returns,COW_returns,-0.014037192107254272
HIVE_returns,ANKR_returns,0.0
HIVE_returns,GOMINING_returns,0.0
HIVE_returns,XCH_returns,0.0
HIVE_returns,DGB_returns,0.0
HIVE_returns,T_returns,0.0
HIVE_returns,WOO_returns,0.0
HIVE_returns,ELF_returns,0.0
HIVE_returns,EUL_returns,0.0
HIVE_returns,ORCA_returns,0.0
HIVE_returns,KDA_returns,0.0
HIVE_returns,OSMO_returns,0.0
HIVE_returns,GMT_returns,0.0
HIVE_returns,SNT_returns,0.0
HIVE_returns,GMX_returns,0.0
HIVE_returns,ENJ_returns,0.0
HIVE_returns,XYO_returns,0.0
HIVE_returns,POLYX_returns,0.0
HIVE_returns,ZIG_returns,0.0
HIVE_returns,ZEN_returns,0.0
HIVE_returns,COTI_returns,0.0
HIVE_returns,WEMIX_returns,0.0
HIVE_returns,SKL_returns,0.0
HIVE_returns,LCX_returns,0.0
HIVE_returns,WAVES_returns,0.0
HIVE_returns,CVC_returns,0.0
HIVE_returns,SWFTC_returns,0.0
HIVE_returns,LUNA_returns,0.0
HIVE_returns,HIVE_returns,0.0
HIVE_returns,RLB_returns,0.0
HIVE_returns,LRC_returns,0.0
HIVE_returns,DAG_returns,0.0
HIVE_returns,ONT_returns,0.0
HIVE_returns,TRB_returns,0.0
HIVE_returns,XNO_returns,0.0
HIVE_returns,DLC_returns,0.0
HIVE_returns,METIS_returns,0.0
HIVE_returns,ICX_returns,0.0
HIVE_returns,MYTH_returns,0.0
HIVE_returns,MPLX_returns,0.0
HIVE_returns,SXP_returns,0.0
HIVE_returns,XVG_returns,0.0
HIVE_returns,PEOPLE_returns,0.0
HIVE_returns,AWE_returns,0.0
HIVE_returns,REQ_returns,0.0
HIVE_returns,STORJ_returns,0.0
HIVE_returns,BAND_returns,0.0
HIVE_returns,WMTX_returns,0.0
HIVE_returns,CFG_returns,0.0
HIVE_returns,HONEY_returns,0.0
HIVE_returns,PRO_returns,0.0
HIVE_returns,PRIME_returns,0.0
HIVE_returns,VVS_returns,0.0
HIVE_returns,CPOOL_returns,0.0
HIVE_returns,YGG_returns,0.0
HIVE_returns,SSV_returns,0.0
HIVE_returns,CETUS_returns,0.0
HIVE_returns,CGPT_returns,0.0
HIVE_returns,STIK_returns,0.0
HIVE_returns,PHA_returns,0.0
HIVE_returns,XVS_returns,0.0
HIVE_returns,KUB_returns,0.0
HIVE_returns,BICO_returns,0.0
HIVE_returns,UMA_returns,0.0
HIVE_returns,WAXP_returns,0.0
HIVE_returns,XPR_returns,0.23747038019098113
HIVE_returns,RPL_returns,0.0
HIVE_returns,PUNDIX_returns,0.0
HIVE_returns,FLUX_returns,0.0
HIVE_returns,BORA_returns,0.4287773262305007
HIVE_returns,POWR_returns,0.0
HIVE_returns,AUDIO_returns,0.0
HIVE_returns,PROM_returns,0.0
HIVE_returns,IOST_returns,0.0
HIVE_returns,ACX_returns,0.0
HIVE_returns,ARDR_returns,0.0
HIVE_returns,SPELL_returns,0.0
HIVE_returns,ORBR_returns,0.0
HIVE_returns,LSK_returns,0.0
HIVE_returns,XOR_returns,0.0
HIVE_returns,GLMR_returns,0.0
HIVE_returns,BMX_returns,0.0
HIVE_returns,MVL_returns,0.0
HIVE_returns,ABT_returns,0.0
HIVE_returns,VELO_returns,0.0
HIVE_returns,IQ_returns,0.0
HIVE_returns,AGI_returns,0.0
HIVE_returns,WILD_returns,0.0
HIVE_returns,XEM_returns,0.0
HIVE_returns,LON_returns,0.0
HIVE_returns,POND_returns,0.0
HIVE_returns,ACT_returns,0.14286843003649735
HIVE_returns,XRD_returns,0.0
HIVE_returns,RLC_returns,0.0
HIVE_returns,ILV_returns,0.0
HIVE_returns,FIDA_returns,0.0
HIVE_returns,BNT_returns,0.0
HIVE_returns,DENT_returns,0.0
HIVE_returns,ORBS_returns,0.0
HIVE_returns,ONG_returns,0.0
HIVE_returns,CHR_returns,0.0
HIVE_returns,HEART_returns,0.0
HIVE_returns,VANRY_returns,0.0
HIVE_returns,LQTY_returns,0.0
HIVE_returns,KEEP_returns,0.0
HIVE_returns,DKA_returns,0.3751955841588286
HIVE_returns,ELON_returns,0.0
HIVE_returns,ARK_returns,0.0
HIVE_returns,MLK_returns,0.42285382443622005
HIVE_returns,AL_returns,0.0
HIVE_returns,JOE_returns,0.0
HIVE_returns,CELR_returns,0.0
HIVE_returns,STEEM_returns,0.4533787278614804
HIVE_returns,BAL_returns,0.0
HIVE_returns,PCI_returns,0.0
HIVE_returns,MOVR_returns,0.0
HIVE_returns,AUCTION_returns,0.0
HIVE_returns,AERGO_returns,0.0
HIVE_returns,MED_returns,0.4175302193496149
HIVE_returns,NMR_returns,0.0
HIVE_returns,API3_returns,0.0
HIVE_returns,AGLD_returns,0.0
HIVE_returns,BONE_returns,0.0
HIVE_returns,SLP_returns,0.0
HIVE_returns,MTL_returns,0.0
HIVE_returns,KNC_returns,0.0
HIVE_returns,CTSI_returns,0.0
HIVE_returns,BTRST_returns,0.0
HIVE_returns,SCRT_returns,0.0
HIVE_returns,OMI_returns,0.0
HIVE_returns,GEOD_returns,0.0
HIVE_returns,EDU_returns,0.0
HIVE_returns,0x0_returns,0.0
HIVE_returns,KUJI_returns,0.0
RLB_returns,CTC_returns,0.0
RLB_returns,MINA_returns,0.0
RLB_returns,DASH_returns,0.0
RLB_returns,SFP_returns,0.0
RLB_returns,BabyDoge_returns,-0.013869485344749669
RLB_returns,SNX_returns,0.0
RLB_returns,TFUEL_returns,0.0
RLB_returns,DCR_returns,0.0
RLB_returns,GLM_returns,0.0
RLB_returns,MX_returns,0.22113289735625222
RLB_returns,ZIL_returns,0.0
RLB_returns,BLUR_returns,0.0
RLB_returns,ROSE_returns,0.0
RLB_returns,CKB_returns,0.0
RLB_returns,TRAC_returns,0.0
RLB_returns,QTUM_returns,0.0
RLB_returns,ORDI_returns,0.0
RLB_returns,LPT_returns,0.0
RLB_returns,MASK_returns,0.0
RLB_returns,ASTR_returns,0.0
RLB_returns,ZRX_returns,0.0
RLB_returns,VTHO_returns,0.0
RLB_returns,ACH_returns,0.0
RLB_returns,BAT_returns,0.0
RLB_returns,CHEEL_returns,0.2017805378346224
RLB_returns,CHEX_returns,0.0
RLB_returns,SNEK_returns,0.0
RLB_returns,BORG_returns,0.0
RLB_returns,KOGE_returns,0.0
RLB_returns,IOTX_returns,0.0
RLB_returns,CELO_returns,0.0
RLB_returns,GAS_returns,0.0
RLB_returns,ONE_returns,0.0
RLB_returns,ID_returns,0.0
RLB_returns,SUSHI_returns,0.0
RLB_returns,CSPR_returns,0.0
RLB_returns,HOT_returns,0.0
RLB_returns,SC_returns,0.0
RLB_returns,YFI_returns,0.0
RLB_returns,RVN_returns,0.0
RLB_returns,COW_returns,0.0
RLB_returns,ANKR_returns,0.0
RLB_returns,GOMINING_returns,0.0
RLB_returns,XCH_returns,0.0
RLB_returns,DGB_returns,0.0
RLB_returns,T_returns,0.0
RLB_returns,WOO_returns,0.0
RLB_returns,ELF_returns,0.0
RLB_returns,EUL_returns,0.0
RLB_returns,ORCA_returns,0.0
RLB_returns,KDA_returns,0.0
RLB_returns,OSMO_returns,0.0
RLB_returns,GMT_returns,0.0
RLB_returns,SNT_returns,0.0
RLB_returns,GMX_returns,0.0
RLB_returns,ENJ_returns,0.0
RLB_returns,XYO_returns,0.0
RLB_returns,POLYX_returns,0.0
RLB_returns,ZIG_returns,0.0
RLB_returns,ZEN_returns,0.0
RLB_returns,COTI_returns,0.0
RLB_returns,WEMIX_returns,0.0
RLB_returns,SKL_returns,0.0
RLB_returns,LCX_returns,0.0
RLB_returns,WAVES_returns,0.0
RLB_returns,CVC_returns,0.0
RLB_returns,SWFTC_returns,0.0
RLB_returns,LUNA_returns,0.0
RLB_returns,HIVE_returns,0.0
RLB_returns,RLB_returns,0.0
RLB_returns,LRC_returns,0.0
RLB_returns,DAG_returns,0.0
RLB_returns,ONT_returns,0.0
RLB_returns,TRB_returns,0.0
RLB_returns,XNO_returns,0.0
RLB_returns,DLC_returns,0.0
RLB_returns,METIS_returns,0.0
RLB_returns,ICX_returns,0.19135231789700874
RLB_returns,MYTH_returns,0.0
RLB_returns,MPLX_returns,0.0
RLB_returns,SXP_returns,0.0
RLB_returns,XVG_returns,0.0
RLB_returns,PEOPLE_returns,0.0
RLB_returns,AWE_returns,0.0
RLB_returns,REQ_returns,0.0
RLB_returns,STORJ_returns,0.0
RLB_returns,BAND_returns,0.0
RLB_returns,WMTX_returns,0.0
RLB_returns,CFG_returns,0.0
RLB_returns,HONEY_returns,0.0
RLB_returns,PRO_returns,0.0
RLB_returns,PRIME_returns,0.0
RLB_returns,VVS_returns,0.0
RLB_returns,CPOOL_returns,0.0
RLB_returns,YGG_returns,0.0
RLB_returns,SSV_returns,0.0
RLB_returns,CETUS_returns,0.0
RLB_returns,CGPT_returns,0.0
RLB_returns,STIK_returns,0.0
RLB_returns,PHA_returns,0.0
RLB_returns,XVS_returns,0.0
RLB_returns,KUB_returns,0.0
RLB_returns,BICO_returns,0.0
RLB_returns,UMA_returns,0.0
RLB_returns,WAXP_returns,0.0
RLB_returns,XPR_returns,0.0
RLB_returns,RPL_returns,0.0
RLB_returns,PUNDIX_returns,0.0
RLB_returns,FLUX_returns,0.0
RLB_returns,BORA_returns,0.0
RLB_returns,POWR_returns,0.0
RLB_returns,AUDIO_returns,0.0
RLB_returns,PROM_returns,0.0
RLB_returns,IOST_returns,0.1815770476875974
RLB_returns,ACX_returns,0.0
RLB_returns,ARDR_returns,0.0
RLB_returns,SPELL_returns,0.0
RLB_returns,ORBR_returns,0.0
RLB_returns,LSK_returns,0.0
RLB_returns,XOR_returns,0.0
RLB_returns,GLMR_returns,0.0
RLB_returns,BMX_returns,0.0
RLB_returns,MVL_returns,0.0
RLB_returns,ABT_returns,0.0
RLB_returns,VELO_returns,0.0
RLB_returns,IQ_returns,0.0
RLB_returns,AGI_returns,0.0
RLB_returns,WILD_returns,0.0
RLB_returns,XEM_returns,0.0
RLB_returns,LON_returns,0.0
RLB_returns,POND_returns,0.0
RLB_returns,ACT_returns,0.0
RLB_returns,XRD_returns,0.0
RLB_returns,RLC_returns,0.0
RLB_returns,ILV_returns,0.0
RLB_returns,FIDA_returns,0.0
RLB_returns,BNT_returns,0.0
RLB_returns,DENT_returns,0.0
RLB_returns,ORBS_returns,0.0
RLB_returns,ONG_returns,0.0
RLB_returns,CHR_returns,0.0
RLB_returns,HEART_returns,0.0
RLB_returns,VANRY_returns,0.0
RLB_returns,LQTY_returns,0.0
RLB_returns,KEEP_returns,0.0
RLB_returns,DKA_returns,0.0
RLB_returns,ELON_returns,0.0
RLB_returns,ARK_returns,0.0
RLB_returns,MLK_returns,0.0
RLB_returns,AL_returns,0.0
RLB_returns,JOE_returns,0.0
RLB_returns,CELR_returns,0.0
RLB_returns,STEEM_returns,0.0
RLB_returns,BAL_returns,0.0
RLB_returns,PCI_returns,0.0
RLB_returns,MOVR_returns,-0.017943408985127175
RLB_returns,AUCTION_returns,0.0
RLB_returns,AERGO_returns,0.0
RLB_returns,MED_returns,0.2077329846597352
RLB_returns,NMR_returns,0.0
RLB_returns,API3_returns,0.0
RLB_returns,AGLD_returns,0.0
RLB_returns,BONE_returns,0.0
RLB_returns,SLP_returns,0.0
RLB_returns,MTL_returns,0.0
RLB_returns,KNC_returns,0.17945754724880222
RLB_returns,CTSI_returns,0.0
RLB_returns,BTRST_returns,0.0
RLB_returns,SCRT_returns,0.0
RLB_returns,OMI_returns,0.0
RLB_returns,GEOD_returns,0.0
RLB_returns,EDU_returns,0.0
RLB_returns,0x0_returns,0.0
RLB_returns,KUJI_returns,0.0
LRC_returns,CTC_returns,0.0
LRC_returns,MINA_returns,0.0
LRC_returns,DASH_returns,0.0
LRC_returns,SFP_returns,0.0
LRC_returns,BabyDoge_returns,0.0
LRC_returns,SNX_returns,0.0
LRC_returns,TFUEL_returns,0.0
LRC_returns,DCR_returns,0.4332721263694583
LRC_returns,GLM_returns,0.0
LRC_returns,MX_returns,0.0
LRC_returns,ZIL_returns,0.6409197663998203
LRC_returns,BLUR_returns,0.0
LRC_returns,ROSE_returns,0.0
LRC_returns,CKB_returns,0.0
LRC_returns,TRAC_returns,0.0
LRC_returns,QTUM_returns,0.0
LRC_returns,ORDI_returns,0.0
LRC_returns,LPT_returns,0.3961653740786367
LRC_returns,MASK_returns,0.0
LRC_returns,ASTR_returns,0.0
LRC_returns,ZRX_returns,0.4849771621867494
LRC_returns,VTHO_returns,0.0
LRC_returns,ACH_returns,0.4375633833900116
LRC_returns,BAT_returns,0.6143321012518091
LRC_returns,CHEEL_returns,0.0
LRC_returns,CHEX_returns,0.0
LRC_returns,SNEK_returns,0.0
LRC_returns,BORG_returns,0.0
LRC_returns,KOGE_returns,0.0
LRC_returns,IOTX_returns,0.0
LRC_returns,CELO_returns,0.48356742470403824
LRC_returns,GAS_returns,0.0
LRC_returns,ONE_returns,0.5860129720306148
LRC_returns,ID_returns,0.4364580179083049
LRC_returns,SUSHI_returns,0.4661514777133065
LRC_returns,CSPR_returns,0.2677614659573953
LRC_returns,HOT_returns,0.0
LRC_returns,SC_returns,0.0
LRC_returns,YFI_returns,0.0
LRC_returns,RVN_returns,0.4933408437531393
LRC_returns,COW_returns,0.0
LRC_returns,ANKR_returns,0.5766739533101495
LRC_returns,GOMINING_returns,0.0
LRC_returns,XCH_returns,0.0
LRC_returns,DGB_returns,0.0
LRC_returns,T_returns,0.0
LRC_returns,WOO_returns,0.0
LRC_returns,ELF_returns,0.0
LRC_returns,EUL_returns,0.0
LRC_returns,ORCA_returns,0.0
LRC_returns,KDA_returns,0.0
LRC_returns,OSMO_returns,0.4049453878250087
LRC_returns,GMT_returns,0.45952559879215477
LRC_returns,SNT_returns,0.0
LRC_returns,GMX_returns,0.0
LRC_returns,ENJ_returns,0.58897289135386
LRC_returns,XYO_returns,0.0
LRC_returns,POLYX_returns,0.0
LRC_returns,ZIG_returns,0.0
LRC_returns,ZEN_returns,0.0
LRC_returns,COTI_returns,0.0
LRC_returns,WEMIX_returns,0.0
LRC_returns,SKL_returns,0.0
LRC_returns,LCX_returns,0.0
LRC_returns,WAVES_returns,0.37680534041988983
LRC_returns,CVC_returns,0.0
LRC_returns,SWFTC_returns,0.0
LRC_returns,LUNA_returns,0.44921537392723077
LRC_returns,HIVE_returns,0.0
LRC_returns,RLB_returns,0.0
LRC_returns,LRC_returns,0.0
LRC_returns,DAG_returns,0.0
LRC_returns,ONT_returns,0.0
LRC_returns,TRB_returns,0.0
LRC_returns,XNO_returns,0.4010799793913352
LRC_returns,DLC_returns,0.0
LRC_returns,METIS_returns,0.0
LRC_returns,ICX_returns,0.6117433811711972
LRC_returns,MYTH_returns,0.0
LRC_returns,MPLX_returns,0.0
LRC_returns,SXP_returns,0.0
LRC_returns,XVG_returns,0.0
LRC_returns,PEOPLE_returns,0.0
LRC_returns,AWE_returns,0.0
LRC_returns,REQ_returns,0.0
LRC_returns,STORJ_returns,0.0
LRC_returns,BAND_returns,0.5569818113337919
LRC_returns,WMTX_returns,0.0
LRC_returns,CFG_returns,0.0
LRC_returns,HONEY_returns,0.0
LRC_returns,PRO_returns,0.0
LRC_returns,PRIME_returns,0.0
LRC_returns,VVS_returns,0.0
LRC_returns,CPOOL_returns,0.0
LRC_returns,YGG_returns,0.0
LRC_returns,SSV_returns,0.0
LRC_returns,CETUS_returns,0.0
LRC_returns,CGPT_returns,0.0
LRC_returns,STIK_returns,-0.0007277998882947491
LRC_returns,PHA_returns,0.0
LRC_returns,XVS_returns,0.0
LRC_returns,KUB_returns,0.0
LRC_returns,BICO_returns,0.4161686438189664
LRC_returns,UMA_returns,0.0
LRC_returns,WAXP_returns,0.0
LRC_returns,XPR_returns,0.0
LRC_returns,RPL_returns,0.2860598298153338
LRC_returns,PUNDIX_returns,0.0
LRC_returns,FLUX_returns,0.4538285115461319
LRC_returns,BORA_returns,0.0
LRC_returns,POWR_returns,0.0
LRC_returns,AUDIO_returns,0.5108684206154043
LRC_returns,PROM_returns,0.0
LRC_returns,IOST_returns,0.0
LRC_returns,ACX_returns,0.0
LRC_returns,ARDR_returns,0.0
LRC_returns,SPELL_returns,0.34508428197663144
LRC_returns,ORBR_returns,0.0
LRC_returns,LSK_returns,0.0
LRC_returns,XOR_returns,0.0
LRC_returns,GLMR_returns,0.45418795192650585
LRC_returns,BMX_returns,0.0
LRC_returns,MVL_returns,0.0
LRC_returns,ABT_returns,0.0
LRC_returns,VELO_returns,0.0
LRC_returns,IQ_returns,0.0
LRC_returns,AGI_returns,0.26831338302724705
LRC_returns,WILD_returns,0.0
LRC_returns,XEM_returns,0.0
LRC_returns,LON_returns,0.0
LRC_returns,POND_returns,0.28665963409845124
LRC_returns,ACT_returns,0.0
LRC_returns,XRD_returns,0.0
LRC_returns,RLC_returns,0.0
LRC_returns,ILV_returns,0.0
LRC_returns,FIDA_returns,0.0
LRC_returns,BNT_returns,0.0
LRC_returns,DENT_returns,0.0
LRC_returns,ORBS_returns,0.0
LRC_returns,ONG_returns,0.0
LRC_returns,CHR_returns,0.0
LRC_returns,HEART_returns,0.0
LRC_returns,VANRY_returns,0.0
LRC_returns,LQTY_returns,0.0
LRC_returns,KEEP_returns,0.0
LRC_returns,DKA_returns,0.0
LRC_returns,ELON_returns,0.0
LRC_returns,ARK_returns,0.0
LRC_returns,MLK_returns,0.0
LRC_returns,AL_returns,0.0
LRC_returns,JOE_returns,0.0
LRC_returns,CELR_returns,0.5478483250189722
LRC_returns,STEEM_returns,0.0
LRC_returns,BAL_returns,0.3686085178231386
LRC_returns,PCI_returns,0.0
LRC_returns,MOVR_returns,0.3689562713132837
LRC_returns,AUCTION_returns,0.0
LRC_returns,AERGO_returns,0.0
LRC_returns,MED_returns,0.0
LRC_returns,NMR_returns,0.3784792356387609
LRC_returns,API3_returns,0.36649930947425624
LRC_returns,AGLD_returns,0.0
LRC_returns,BONE_returns,0.0
LRC_returns,SLP_returns,0.4245966032666554
LRC_returns,MTL_returns,0.0
LRC_returns,KNC_returns,0.0
LRC_returns,CTSI_returns,0.4894828209489672
LRC_returns,BTRST_returns,0.0
LRC_returns,SCRT_returns,0.30629551929365034
LRC_returns,OMI_returns,0.0
LRC_returns,GEOD_returns,0.0
LRC_returns,EDU_returns,0.0
LRC_returns,0x0_returns,0.0
LRC_returns,KUJI_returns,0.0
DAG_returns,CTC_returns,0.0
DAG_returns,MINA_returns,0.0
DAG_returns,DASH_returns,0.2573842528483262
DAG_returns,SFP_returns,0.0
DAG_returns,BabyDoge_returns,0.0
DAG_returns,SNX_returns,0.0
DAG_returns,TFUEL_returns,0.0
DAG_returns,DCR_returns,0.0
DAG_returns,GLM_returns,0.0
DAG_returns,MX_returns,0.0
DAG_returns,ZIL_returns,0.2756162512507358
DAG_returns,BLUR_returns,0.0
DAG_returns,ROSE_returns,0.0
DAG_returns,CKB_returns,0.0
DAG_returns,TRAC_returns,0.0
DAG_returns,QTUM_returns,0.0
DAG_returns,ORDI_returns,0.0
DAG_returns,LPT_returns,0.0
DAG_returns,MASK_returns,0.0
DAG_returns,ASTR_returns,0.0
DAG_returns,ZRX_returns,0.0
DAG_returns,VTHO_returns,0.0
DAG_returns,ACH_returns,0.0
DAG_returns,BAT_returns,0.2640285837695107
DAG_returns,CHEEL_returns,0.0
DAG_returns,CHEX_returns,0.0
DAG_returns,SNEK_returns,0.0
DAG_returns,BORG_returns,0.0
DAG_returns,KOGE_returns,0.0
DAG_returns,IOTX_returns,0.0
DAG_returns,CELO_returns,0.2647748150272724
DAG_returns,GAS_returns,0.0
DAG_returns,ONE_returns,0.0
DAG_returns,ID_returns,0.0
DAG_returns,SUSHI_returns,0.0
DAG_returns,CSPR_returns,0.0
DAG_returns,HOT_returns,0.27087985112411395
DAG_returns,SC_returns,0.0
DAG_returns,YFI_returns,0.0
DAG_returns,RVN_returns,0.0
DAG_returns,COW_returns,-0.020424002712099713
DAG_returns,ANKR_returns,0.0
DAG_returns,GOMINING_returns,0.0
DAG_returns,XCH_returns,0.0
DAG_returns,DGB_returns,0.0
DAG_returns,T_returns,0.0
DAG_returns,WOO_returns,0.0
DAG_returns,ELF_returns,0.0
DAG_returns,EUL_returns,0.0
DAG_returns,ORCA_returns,0.0
DAG_returns,KDA_returns,0.0
DAG_returns,OSMO_returns,0.0
DAG_returns,GMT_returns,0.0
DAG_returns,SNT_returns,0.0
DAG_returns,GMX_returns,0.0
DAG_returns,ENJ_returns,0.0
DAG_returns,XYO_returns,0.0
DAG_returns,POLYX_returns,0.0
DAG_returns,ZIG_returns,0.0
DAG_returns,ZEN_returns,0.0
DAG_returns,COTI_returns,0.0
DAG_returns,WEMIX_returns,0.0
DAG_returns,SKL_returns,0.0
DAG_returns,LCX_returns,0.0
DAG_returns,WAVES_returns,0.0
DAG_returns,CVC_returns,0.0
DAG_returns,SWFTC_returns,0.0
DAG_returns,LUNA_returns,0.0
DAG_returns,HIVE_returns,0.0
DAG_returns,RLB_returns,0.0
DAG_returns,LRC_returns,0.0
DAG_returns,DAG_returns,0.0
DAG_returns,ONT_returns,0.0
DAG_returns,TRB_returns,0.0
DAG_returns,XNO_returns,0.0
DAG_returns,DLC_returns,0.0
DAG_returns,METIS_returns,0.0
DAG_returns,ICX_returns,0.2552356054673578
DAG_returns,MYTH_returns,0.0
DAG_returns,MPLX_returns,0.0
DAG_returns,SXP_returns,0.0
DAG_returns,XVG_returns,0.0
DAG_returns,PEOPLE_returns,0.0
DAG_returns,AWE_returns,0.0
DAG_returns,REQ_returns,0.0
DAG_returns,STORJ_returns,0.0
DAG_returns,BAND_returns,0.0
DAG_returns,WMTX_returns,0.0
DAG_returns,CFG_returns,0.0
DAG_returns,HONEY_returns,0.0
DAG_returns,PRO_returns,0.0
DAG_returns,PRIME_returns,0.0
DAG_returns,VVS_returns,0.0
DAG_returns,CPOOL_returns,0.0
DAG_returns,YGG_returns,0.0
DAG_returns,SSV_returns,0.0
DAG_returns,CETUS_returns,0.0
DAG_returns,CGPT_returns,0.0
DAG_returns,STIK_returns,0.0
DAG_returns,PHA_returns,0.0
DAG_returns,XVS_returns,0.0
DAG_returns,KUB_returns,0.0
DAG_returns,BICO_returns,0.0
DAG_returns,UMA_returns,0.0
DAG_returns,WAXP_returns,0.0
DAG_returns,XPR_returns,0.0
DAG_returns,RPL_returns,0.0
DAG_returns,PUNDIX_returns,0.0
DAG_returns,FLUX_returns,0.0
DAG_returns,BORA_returns,0.0
DAG_returns,POWR_returns,0.0
DAG_returns,AUDIO_returns,0.0
DAG_returns,PROM_returns,0.0
DAG_returns,IOST_returns,0.0
DAG_returns,ACX_returns,0.0
DAG_returns,ARDR_returns,0.0
DAG_returns,SPELL_returns,0.0
DAG_returns,ORBR_returns,0.0
DAG_returns,LSK_returns,0.0
DAG_returns,XOR_returns,0.0
DAG_returns,GLMR_returns,0.0
DAG_returns,BMX_returns,0.0
DAG_returns,MVL_returns,0.0
DAG_returns,ABT_returns,0.0
DAG_returns,VELO_returns,0.0
DAG_returns,IQ_returns,0.0
DAG_returns,AGI_returns,0.0
DAG_returns,WILD_returns,0.0
DAG_returns,XEM_returns,0.0
DAG_returns,LON_returns,0.0
DAG_returns,POND_returns,0.0
DAG_returns,ACT_returns,0.0
DAG_returns,XRD_returns,0.0
DAG_returns,RLC_returns,0.0
DAG_returns,ILV_returns,0.0
DAG_returns,FIDA_returns,0.0
DAG_returns,BNT_returns,0.0
DAG_returns,DENT_returns,0.0
DAG_returns,ORBS_returns,0.0
DAG_returns,ONG_returns,0.0
DAG_returns,CHR_returns,0.0
DAG_returns,HEART_returns,0.0
DAG_returns,VANRY_returns,0.0
DAG_returns,LQTY_returns,0.0
DAG_returns,KEEP_returns,0.0
DAG_returns,DKA_returns,0.0
DAG_returns,ELON_returns,0.0
DAG_returns,ARK_returns,0.0
DAG_returns,MLK_returns,0.0
DAG_returns,AL_returns,0.0
DAG_returns,JOE_returns,0.0
DAG_returns,CELR_returns,0.0
DAG_returns,STEEM_returns,0.0
DAG_returns,BAL_returns,0.0
DAG_returns,PCI_returns,0.0
DAG_returns,MOVR_returns,0.0
DAG_returns,AUCTION_returns,0.0
DAG_returns,AERGO_returns,0.0
DAG_returns,MED_returns,0.0
DAG_returns,NMR_returns,0.0
DAG_returns,API3_returns,0.0
DAG_returns,AGLD_returns,0.0
DAG_returns,BONE_returns,0.0
DAG_returns,SLP_returns,0.0
DAG_returns,MTL_returns,0.0
DAG_returns,KNC_returns,0.0
DAG_returns,CTSI_returns,0.0
DAG_returns,BTRST_returns,0.0
DAG_returns,SCRT_returns,0.0
DAG_returns,OMI_returns,0.0
DAG_returns,GEOD_returns,0.0
DAG_returns,EDU_returns,0.0
DAG_returns,0x0_returns,0.0
DAG_returns,KUJI_returns,0.0
ONT_returns,CTC_returns,0.0
ONT_returns,MINA_returns,0.0
ONT_returns,DASH_returns,0.0
ONT_returns,SFP_returns,0.0
ONT_returns,BabyDoge_returns,0.0
ONT_returns,SNX_returns,0.0
ONT_returns,TFUEL_returns,0.0
ONT_returns,DCR_returns,0.0
ONT_returns,GLM_returns,0.0
ONT_returns,MX_returns,0.0
ONT_returns,ZIL_returns,0.6362597553206015
ONT_returns,BLUR_returns,0.0
ONT_returns,ROSE_returns,0.0
ONT_returns,CKB_returns,0.0
ONT_returns,TRAC_returns,0.0
ONT_returns,QTUM_returns,0.6818595353380078
ONT_returns,ORDI_returns,0.0
ONT_returns,LPT_returns,0.0
ONT_returns,MASK_returns,0.0
ONT_returns,ASTR_returns,0.0
ONT_returns,ZRX_returns,0.0
ONT_returns,VTHO_returns,0.0
ONT_returns,ACH_returns,0.0
ONT_returns,BAT_returns,0.6266308838171123
ONT_returns,CHEEL_returns,0.0
ONT_returns,CHEX_returns,0.0
ONT_returns,SNEK_returns,0.0
ONT_returns,BORG_returns,0.0
ONT_returns,KOGE_returns,0.0
ONT_returns,IOTX_returns,0.0
ONT_returns,CELO_returns,0.0
ONT_returns,GAS_returns,0.3900535693255921
ONT_returns,ONE_returns,0.0
ONT_returns,ID_returns,0.0
ONT_returns,SUSHI_returns,0.0
ONT_returns,CSPR_returns,0.0
ONT_returns,HOT_returns,0.0
ONT_returns,SC_returns,0.0
ONT_returns,YFI_returns,0.0
ONT_returns,RVN_returns,0.0
ONT_returns,COW_returns,0.0
ONT_returns,ANKR_returns,0.0
ONT_returns,GOMINING_returns,0.0
ONT_returns,XCH_returns,0.0
ONT_returns,DGB_returns,0.0
ONT_returns,T_returns,0.0
ONT_returns,WOO_returns,0.0
ONT_returns,ELF_returns,0.0
ONT_returns,EUL_returns,0.0
ONT_returns,ORCA_returns,0.0
ONT_returns,KDA_returns,0.0
ONT_returns,OSMO_returns,0.0
ONT_returns,GMT_returns,0.0
ONT_returns,SNT_returns,0.0
ONT_returns,GMX_returns,0.0
ONT_returns,ENJ_returns,0.0
ONT_returns,XYO_returns,0.2781153175448597
ONT_returns,POLYX_returns,0.0
ONT_returns,ZIG_returns,0.0
ONT_returns,ZEN_returns,0.0
ONT_returns,COTI_returns,0.0
ONT_returns,WEMIX_returns,0.0
ONT_returns,SKL_returns,0.0
ONT_returns,LCX_returns,0.0
ONT_returns,WAVES_returns,0.0
ONT_returns,CVC_returns,0.0
ONT_returns,SWFTC_returns,0.0
ONT_returns,LUNA_returns,0.0
ONT_returns,HIVE_returns,0.0
ONT_returns,RLB_returns,0.0
ONT_returns,LRC_returns,0.0
ONT_returns,DAG_returns,0.0
ONT_returns,ONT_returns,0.0
ONT_returns,TRB_returns,0.0
ONT_returns,XNO_returns,0.0
ONT_returns,DLC_returns,0.0
ONT_returns,METIS_returns,0.0
ONT_returns,ICX_returns,0.5758269871264275
ONT_returns,MYTH_returns,0.0
ONT_returns,MPLX_returns,0.0
ONT_returns,SXP_returns,0.0
ONT_returns,XVG_returns,0.0
ONT_returns,PEOPLE_returns,0.0
ONT_returns,AWE_returns,0.0
ONT_returns,REQ_returns,0.0
ONT_returns,STORJ_returns,0.0
ONT_returns,BAND_returns,0.0
ONT_returns,WMTX_returns,0.0
ONT_returns,CFG_returns,0.0
ONT_returns,HONEY_returns,0.0
ONT_returns,PRO_returns,0.0
ONT_returns,PRIME_returns,0.0
ONT_returns,VVS_returns,0.0
ONT_returns,CPOOL_returns,0.0
ONT_returns,YGG_returns,0.0
ONT_returns,SSV_returns,0.0
ONT_returns,CETUS_returns,0.0
ONT_returns,CGPT_returns,0.0
ONT_returns,STIK_returns,-0.017878711536826183
ONT_returns,PHA_returns,0.0
ONT_returns,XVS_returns,0.0
ONT_returns,KUB_returns,0.0
ONT_returns,BICO_returns,0.0
ONT_returns,UMA_returns,0.0
ONT_returns,WAXP_returns,0.0
ONT_returns,XPR_returns,0.0
ONT_returns,RPL_returns,0.0
ONT_returns,PUNDIX_returns,0.0
ONT_returns,FLUX_returns,0.0
ONT_returns,BORA_returns,0.0
ONT_returns,POWR_returns,0.0
ONT_returns,AUDIO_returns,0.0
ONT_returns,PROM_returns,0.0
ONT_returns,IOST_returns,0.5650748274549281
ONT_returns,ACX_returns,0.0
ONT_returns,ARDR_returns,0.0
ONT_returns,SPELL_returns,0.0
ONT_returns,ORBR_returns,0.0
ONT_returns,LSK_returns,0.0
ONT_returns,XOR_returns,0.0
ONT_returns,GLMR_returns,0.0
ONT_returns,BMX_returns,0.0
ONT_returns,MVL_returns,0.0
ONT_returns,ABT_returns,0.0
ONT_returns,VELO_returns,0.0
ONT_returns,IQ_returns,0.0
ONT_returns,AGI_returns,0.0
ONT_returns,WILD_returns,0.0
ONT_returns,XEM_returns,0.0
ONT_returns,LON_returns,0.0
ONT_returns,POND_returns,0.0
ONT_returns,ACT_returns,0.0
ONT_returns,XRD_returns,0.0
ONT_returns,RLC_returns,0.0
ONT_returns,ILV_returns,0.0
ONT_returns,FIDA_returns,0.0
ONT_returns,BNT_returns,0.0
ONT_returns,DENT_returns,0.0
ONT_returns,ORBS_returns,0.0
ONT_returns,ONG_returns,0.6308159105657213
ONT_returns,CHR_returns,0.0
ONT_returns,HEART_returns,0.0
ONT_returns,VANRY_returns,0.0
ONT_returns,LQTY_returns,0.0
ONT_returns,KEEP_returns,0.0
ONT_returns,DKA_returns,0.0
ONT_returns,ELON_returns,0.0
ONT_returns,ARK_returns,0.0
ONT_returns,MLK_returns,0.0
ONT_returns,AL_returns,0.0
ONT_returns,JOE_returns,0.0
ONT_returns,CELR_returns,0.0
ONT_returns,STEEM_returns,0.0
ONT_returns,BAL_returns,0.0
ONT_returns,PCI_returns,0.0
ONT_returns,MOVR_returns,0.0
ONT_returns,AUCTION_returns,0.0
ONT_returns,AERGO_returns,0.0
ONT_returns,MED_returns,0.0
ONT_returns,NMR_returns,0.0
ONT_returns,API3_returns,0.0
ONT_returns,AGLD_returns,0.0
ONT_returns,BONE_returns,0.0
ONT_returns,SLP_returns,0.0
ONT_returns,MTL_returns,0.0
ONT_returns,KNC_returns,0.0
ONT_returns,CTSI_returns,0.0
ONT_returns,BTRST_returns,0.0
ONT_returns,SCRT_returns,0.0
ONT_returns,OMI_returns,0.0
ONT_returns,GEOD_returns,0.0
ONT_returns,EDU_returns,0.0
ONT_returns,0x0_returns,0.0
ONT_returns,KUJI_returns,0.0
TRB_returns,CTC_returns,0.0
TRB_returns,MINA_returns,0.0
TRB_returns,DASH_returns,0.0
TRB_returns,SFP_returns,0.0
TRB_returns,BabyDoge_returns,0.0
TRB_returns,SNX_returns,0.0
TRB_returns,TFUEL_returns,0.0
TRB_returns,DCR_returns,0.0
TRB_returns,GLM_returns,0.0
TRB_returns,MX_returns,0.0
TRB_returns,ZIL_returns,0.34219117373143765
TRB_returns,BLUR_returns,0.0
TRB_returns,ROSE_returns,0.0
TRB_returns,CKB_returns,0.0
TRB_returns,TRAC_returns,0.0
TRB_returns,QTUM_returns,0.0
TRB_returns,ORDI_returns,0.0
TRB_returns,LPT_returns,0.0
TRB_returns,MASK_returns,0.0
TRB_returns,ASTR_returns,0.0
TRB_returns,ZRX_returns,0.0
TRB_returns,VTHO_returns,0.0
TRB_returns,ACH_returns,0.0
TRB_returns,BAT_returns,0.0
TRB_returns,CHEEL_returns,0.0
TRB_returns,CHEX_returns,0.0
TRB_returns,SNEK_returns,0.0
TRB_returns,BORG_returns,0.0
TRB_returns,KOGE_returns,0.0
TRB_returns,IOTX_returns,0.0
TRB_returns,CELO_returns,0.0
TRB_returns,GAS_returns,0.0
TRB_returns,ONE_returns,0.0
TRB_returns,ID_returns,0.0
TRB_returns,SUSHI_returns,0.0
TRB_returns,CSPR_returns,0.0
TRB_returns,HOT_returns,0.3196961118003308
TRB_returns,SC_returns,0.0
TRB_returns,YFI_returns,0.0
TRB_returns,RVN_returns,0.0
TRB_returns,COW_returns,0.0
TRB_returns,ANKR_returns,0.0
TRB_returns,GOMINING_returns,0.0
TRB_returns,XCH_returns,0.0
TRB_returns,DGB_returns,0.0
TRB_returns,T_returns,0.0
TRB_returns,WOO_returns,0.0
TRB_returns,ELF_returns,0.0
TRB_returns,EUL_returns,0.0
TRB_returns,ORCA_returns,0.0
TRB_returns,KDA_returns,0.0
TRB_returns,OSMO_returns,0.0
TRB_returns,GMT_returns,0.0
TRB_returns,SNT_returns,0.0
TRB_returns,GMX_returns,0.0
TRB_returns,ENJ_returns,0.0
TRB_returns,XYO_returns,0.0
TRB_returns,POLYX_returns,0.0
TRB_returns,ZIG_returns,0.0
TRB_returns,ZEN_returns,0.0
TRB_returns,COTI_returns,0.0
TRB_returns,WEMIX_returns,0.0
TRB_returns,SKL_returns,0.0
TRB_returns,LCX_returns,0.0
TRB_returns,WAVES_returns,0.0
TRB_returns,CVC_returns,0.0
TRB_returns,SWFTC_returns,0.0
TRB_returns,LUNA_returns,0.0
TRB_returns,HIVE_returns,0.0
TRB_returns,RLB_returns,0.0
TRB_returns,LRC_returns,0.0
TRB_returns,DAG_returns,0.0
TRB_returns,ONT_returns,0.0
TRB_returns,TRB_returns,0.0
TRB_returns,XNO_returns,0.0
TRB_returns,DLC_returns,0.0
TRB_returns,METIS_returns,0.0
TRB_returns,ICX_returns,0.0
TRB_returns,MYTH_returns,0.0
TRB_returns,MPLX_returns,0.0
TRB_returns,SXP_returns,0.0
TRB_returns,XVG_returns,0.0
TRB_returns,PEOPLE_returns,0.0
TRB_returns,AWE_returns,0.0
TRB_returns,REQ_returns,0.0
TRB_returns,STORJ_returns,0.0
TRB_returns,BAND_returns,0.34090482009838446
TRB_returns,WMTX_returns,0.0
TRB_returns,CFG_returns,0.0
TRB_returns,HONEY_returns,-0.005629744118637702
TRB_returns,PRO_returns,0.0
TRB_returns,PRIME_returns,0.0
TRB_returns,VVS_returns,0.0
TRB_returns,CPOOL_returns,0.0
TRB_returns,YGG_returns,0.0
TRB_returns,SSV_returns,0.0
TRB_returns,CETUS_returns,0.0
TRB_returns,CGPT_returns,0.0
TRB_returns,STIK_returns,-0.020535047598988564
TRB_returns,PHA_returns,0.0
TRB_returns,XVS_returns,0.3206395438576938
TRB_returns,KUB_returns,0.0
TRB_returns,BICO_returns,0.0
TRB_returns,UMA_returns,0.0
TRB_returns,WAXP_returns,0.0
TRB_returns,XPR_returns,0.0
TRB_returns,RPL_returns,0.0
TRB_returns,PUNDIX_returns,0.0
TRB_returns,FLUX_returns,0.0
TRB_returns,BORA_returns,0.0
TRB_returns,POWR_returns,0.0
TRB_returns,AUDIO_returns,0.0
TRB_returns,PROM_returns,0.0
TRB_returns,IOST_returns,0.0
TRB_returns,ACX_returns,0.0
TRB_returns,ARDR_returns,0.0
TRB_returns,SPELL_returns,0.0
TRB_returns,ORBR_returns,0.0
TRB_returns,LSK_returns,0.0
TRB_returns,XOR_returns,0.0
TRB_returns,GLMR_returns,0.0
TRB_returns,BMX_returns,0.0
TRB_returns,MVL_returns,0.0
TRB_returns,ABT_returns,0.0
TRB_returns,VELO_returns,0.0
TRB_returns,IQ_returns,0.0
TRB_returns,AGI_returns,0.0
TRB_returns,WILD_returns,0.0
TRB_returns,XEM_returns,0.0
TRB_returns,LON_returns,-0.009729151823397073
TRB_returns,POND_returns,0.0
TRB_returns,ACT_returns,-0.016861982259757206
TRB_returns,XRD_returns,0.0
TRB_returns,RLC_returns,0.0
TRB_returns,ILV_returns,0.0
TRB_returns,FIDA_returns,0.0
TRB_returns,BNT_returns,0.0
TRB_returns,DENT_returns,0.3302272416457326
TRB_returns,ORBS_returns,0.0
TRB_returns,ONG_returns,0.0
TRB_returns,CHR_returns,0.0
TRB_returns,HEART_returns,0.0
TRB_returns,VANRY_returns,0.0
TRB_returns,LQTY_returns,0.0
TRB_returns,KEEP_returns,0.0
TRB_returns,DKA_returns,0.0
TRB_returns,ELON_returns,0.0
TRB_returns,ARK_returns,0.0
TRB_returns,MLK_returns,0.0
TRB_returns,AL_returns,0.0
TRB_returns,JOE_returns,0.0
TRB_returns,CELR_returns,0.2966201645838565
TRB_returns,STEEM_returns,0.0
TRB_returns,BAL_returns,0.0
TRB_returns,PCI_returns,-0.01923501528849681
TRB_returns,MOVR_returns,0.0
TRB_returns,AUCTION_returns,0.0
TRB_returns,AERGO_returns,0.0
TRB_returns,MED_returns,0.0
TRB_returns,NMR_returns,0.0
TRB_returns,API3_returns,0.0
TRB_returns,AGLD_returns,0.0
TRB_returns,BONE_returns,0.0
TRB_returns,SLP_returns,0.0
TRB_returns,MTL_returns,0.0
TRB_returns,KNC_returns,0.0
TRB_returns,CTSI_returns,0.0
TRB_returns,BTRST_returns,0.0
TRB_returns,SCRT_returns,0.0
TRB_returns,OMI_returns,0.0
TRB_returns,GEOD_returns,0.0
TRB_returns,EDU_returns,0.0
TRB_returns,0x0_returns,0.0
TRB_returns,KUJI_returns,0.0
XNO_returns,CTC_returns,0.3542925355451108
XNO_returns,MINA_returns,0.0
XNO_returns,DASH_returns,0.4268766409462806
XNO_returns,SFP_returns,0.0
XNO_returns,BabyDoge_returns,0.0
XNO_returns,SNX_returns,0.0
XNO_returns,TFUEL_returns,0.0
XNO_returns,DCR_returns,0.0
XNO_returns,GLM_returns,0.0
XNO_returns,MX_returns,0.0
XNO_returns,ZIL_returns,0.4355847407194165
XNO_returns,BLUR_returns,0.0
XNO_returns,ROSE_returns,0.0
XNO_returns,CKB_returns,0.0
XNO_returns,TRAC_returns,0.0
XNO_returns,QTUM_returns,0.0
XNO_returns,ORDI_returns,0.0
XNO_returns,LPT_returns,0.0
XNO_returns,MASK_returns,0.0
XNO_returns,ASTR_returns,0.0
XNO_returns,ZRX_returns,0.0
XNO_returns,VTHO_returns,0.0
XNO_returns,ACH_returns,0.0
XNO_returns,BAT_returns,0.4356951365231972
XNO_returns,CHEEL_returns,0.0
XNO_returns,CHEX_returns,0.0
XNO_returns,SNEK_returns,0.0
XNO_returns,BORG_returns,0.0
XNO_returns,KOGE_returns,0.0
XNO_returns,IOTX_returns,0.0
XNO_returns,CELO_returns,0.0
XNO_returns,GAS_returns,0.0
XNO_returns,ONE_returns,0.0
XNO_returns,ID_returns,0.0
XNO_returns,SUSHI_returns,0.0
XNO_returns,CSPR_returns,0.0
XNO_returns,HOT_returns,0.0
XNO_returns,SC_returns,0.0
XNO_returns,YFI_returns,0.0
XNO_returns,RVN_returns,0.0
XNO_returns,COW_returns,0.0
XNO_returns,ANKR_returns,0.0
XNO_returns,GOMINING_returns,0.0
XNO_returns,XCH_returns,0.0
XNO_returns,DGB_returns,0.0
XNO_returns,T_returns,0.0
XNO_returns,WOO_returns,0.0
XNO_returns,ELF_returns,0.0
XNO_returns,EUL_returns,0.0
XNO_returns,ORCA_returns,0.0
XNO_returns,KDA_returns,0.0
XNO_returns,OSMO_returns,0.0
XNO_returns,GMT_returns,0.0
XNO_returns,SNT_returns,0.0
XNO_returns,GMX_returns,0.0
XNO_returns,ENJ_returns,0.0
XNO_returns,XYO_returns,0.0
XNO_returns,POLYX_returns,0.0
XNO_returns,ZIG_returns,0.0
XNO_returns,ZEN_returns,0.0
XNO_returns,COTI_returns,0.0
XNO_returns,WEMIX_returns,0.0
XNO_returns,SKL_returns,0.0
XNO_returns,LCX_returns,0.0
XNO_returns,WAVES_returns,0.0
XNO_returns,CVC_returns,0.0
XNO_returns,SWFTC_returns,0.0
XNO_returns,LUNA_returns,0.0
XNO_returns,HIVE_returns,0.0
XNO_returns,RLB_returns,0.0
XNO_returns,LRC_returns,0.4010799793913352
XNO_returns,DAG_returns,0.0
XNO_returns,ONT_returns,0.0
XNO_returns,TRB_returns,0.0
XNO_returns,XNO_returns,0.0
XNO_returns,DLC_returns,0.0
XNO_returns,METIS_returns,0.0
XNO_returns,ICX_returns,0.39889905893521155
XNO_returns,MYTH_returns,0.0
XNO_returns,MPLX_returns,0.0
XNO_returns,SXP_returns,0.0
XNO_returns,XVG_returns,0.0
XNO_returns,PEOPLE_returns,0.0
XNO_returns,AWE_returns,0.0
XNO_returns,REQ_returns,0.0
XNO_returns,STORJ_returns,0.0
XNO_returns,BAND_returns,0.0
XNO_returns,WMTX_returns,0.2779012619187008
XNO_returns,CFG_returns,0.0
XNO_returns,HONEY_returns,0.0
XNO_returns,PRO_returns,0.0
XNO_returns,PRIME_returns,0.0
XNO_returns,VVS_returns,0.0
XNO_returns,CPOOL_returns,0.0
XNO_returns,YGG_returns,0.0
XNO_returns,SSV_returns,0.0
XNO_returns,CETUS_returns,0.0
XNO_returns,CGPT_returns,0.0
XNO_returns,STIK_returns,0.0
XNO_returns,PHA_returns,0.0
XNO_returns,XVS_returns,0.0
XNO_returns,KUB_returns,0.0
XNO_returns,BICO_returns,0.0
XNO_returns,UMA_returns,0.0
XNO_returns,WAXP_returns,0.0
XNO_returns,XPR_returns,0.0
XNO_returns,RPL_returns,0.0
XNO_returns,PUNDIX_returns,0.0
XNO_returns,FLUX_returns,0.0
XNO_returns,BORA_returns,0.0
XNO_returns,POWR_returns,0.0
XNO_returns,AUDIO_returns,0.0
XNO_returns,PROM_returns,0.25725221189162484
XNO_returns,IOST_returns,0.4050759365116379
XNO_returns,ACX_returns,0.0
XNO_returns,ARDR_returns,0.0
XNO_returns,SPELL_returns,0.0
XNO_returns,ORBR_returns,0.0
XNO_returns,LSK_returns,0.0
XNO_returns,XOR_returns,0.0
XNO_returns,GLMR_returns,0.0
XNO_returns,BMX_returns,0.0
XNO_returns,MVL_returns,0.0
XNO_returns,ABT_returns,0.0
XNO_returns,VELO_returns,0.0
XNO_returns,IQ_returns,0.0
XNO_returns,AGI_returns,0.0
XNO_returns,WILD_returns,0.0
XNO_returns,XEM_returns,0.0
XNO_returns,LON_returns,0.0
XNO_returns,POND_returns,0.0
XNO_returns,ACT_returns,0.0
XNO_returns,XRD_returns,0.2611940745582886
XNO_returns,RLC_returns,0.0
XNO_returns,ILV_returns,0.0
XNO_returns,FIDA_returns,0.0
XNO_returns,BNT_returns,0.0
XNO_returns,DENT_returns,0.0
XNO_returns,ORBS_returns,0.0
XNO_returns,ONG_returns,0.0
XNO_returns,CHR_returns,0.0
XNO_returns,HEART_returns,0.0
XNO_returns,VANRY_returns,0.0
XNO_returns,LQTY_returns,0.0
XNO_returns,KEEP_returns,0.0
XNO_returns,DKA_returns,0.0
XNO_returns,ELON_returns,0.0
XNO_returns,ARK_returns,0.0
XNO_returns,MLK_returns,0.0
XNO_returns,AL_returns,0.0
XNO_returns,JOE_returns,0.0
XNO_returns,CELR_returns,0.0
XNO_returns,STEEM_returns,0.0
XNO_returns,BAL_returns,0.0
XNO_returns,PCI_returns,0.0
XNO_returns,MOVR_returns,0.0
XNO_returns,AUCTION_returns,0.0
XNO_returns,AERGO_returns,0.0
XNO_returns,MED_returns,0.0
XNO_returns,NMR_returns,0.0
XNO_returns,API3_returns,0.0
XNO_returns,AGLD_returns,0.0
XNO_returns,BONE_returns,0.0
XNO_returns,SLP_returns,0.0
XNO_returns,MTL_returns,0.0
XNO_returns,KNC_returns,0.0
XNO_returns,CTSI_returns,0.0
XNO_returns,BTRST_returns,0.0
XNO_returns,SCRT_returns,0.0
XNO_returns,OMI_returns,0.0
XNO_returns,GEOD_returns,0.0
XNO_returns,EDU_returns,0.0
XNO_returns,0x0_returns,0.0
XNO_returns,KUJI_returns,0.17981710085313682
DLC_returns,CTC_returns,0.0
DLC_returns,MINA_returns,0.0
DLC_returns,DASH_returns,0.0
DLC_returns,SFP_returns,0.0
DLC_returns,BabyDoge_returns,0.0
DLC_returns,SNX_returns,-0.01586890862157615
DLC_returns,TFUEL_returns,0.18425507816229933
DLC_returns,DCR_returns,0.0
DLC_returns,GLM_returns,0.0
DLC_returns,MX_returns,0.0
DLC_returns,ZIL_returns,0.0
DLC_returns,BLUR_returns,0.0
DLC_returns,ROSE_returns,0.0
DLC_returns,CKB_returns,0.0
DLC_returns,TRAC_returns,-0.003804189670946705
DLC_returns,QTUM_returns,0.0
DLC_returns,ORDI_returns,0.0
DLC_returns,LPT_returns,0.0
DLC_returns,MASK_returns,0.0
DLC_returns,ASTR_returns,0.0
DLC_returns,ZRX_returns,0.0
DLC_returns,VTHO_returns,0.0
DLC_returns,ACH_returns,0.0
DLC_returns,BAT_returns,0.0
DLC_returns,CHEEL_returns,0.15504649505242102
DLC_returns,CHEX_returns,0.0
DLC_returns,SNEK_returns,0.0
DLC_returns,BORG_returns,0.0
DLC_returns,KOGE_returns,0.1409549208588256
DLC_returns,IOTX_returns,0.0
DLC_returns,CELO_returns,0.0
DLC_returns,GAS_returns,0.0
DLC_returns,ONE_returns,0.0
DLC_returns,ID_returns,0.0
DLC_returns,SUSHI_returns,0.0
DLC_returns,CSPR_returns,0.0
DLC_returns,HOT_returns,0.0
DLC_returns,SC_returns,0.0
DLC_returns,YFI_returns,0.0
DLC_returns,RVN_returns,0.0
DLC_returns,COW_returns,-0.051399321002364794
DLC_returns,ANKR_returns,0.0
DLC_returns,GOMINING_returns,0.0
DLC_returns,XCH_returns,0.0
DLC_returns,DGB_returns,0.0
DLC_returns,T_returns,0.0
DLC_returns,WOO_returns,0.0
DLC_returns,ELF_returns,0.0
DLC_returns,EUL_returns,0.0
DLC_returns,ORCA_returns,0.0
DLC_returns,KDA_returns,0.0
DLC_returns,OSMO_returns,0.0
DLC_returns,GMT_returns,0.0
DLC_returns,SNT_returns,0.0
DLC_returns,GMX_returns,0.0
DLC_returns,ENJ_returns,0.0
DLC_returns,XYO_returns,0.0
DLC_returns,POLYX_returns,0.0
DLC_returns,ZIG_returns,0.0
DLC_returns,ZEN_returns,0.0
DLC_returns,COTI_returns,0.0
DLC_returns,WEMIX_returns,0.0
DLC_returns,SKL_returns,0.0
DLC_returns,LCX_returns,0.0
DLC_returns,WAVES_returns,0.0
DLC_returns,CVC_returns,0.0
DLC_returns,SWFTC_returns,0.0
DLC_returns,LUNA_returns,0.0
DLC_returns,HIVE_returns,0.0
DLC_returns,RLB_returns,0.0
DLC_returns,LRC_returns,0.0
DLC_returns,DAG_returns,0.0
DLC_returns,ONT_returns,0.0
DLC_returns,TRB_returns,0.0
DLC_returns,XNO_returns,0.0
DLC_returns,DLC_returns,0.0
DLC_returns,METIS_returns,0.0
DLC_returns,ICX_returns,0.0
DLC_returns,MYTH_returns,0.0
DLC_returns,MPLX_returns,0.0
DLC_returns,SXP_returns,0.0
DLC_returns,XVG_returns,0.0
DLC_returns,PEOPLE_returns,0.0
DLC_returns,AWE_returns,0.0
DLC_returns,REQ_returns,0.0
DLC_returns,STORJ_returns,0.0
DLC_returns,BAND_returns,0.0
DLC_returns,WMTX_returns,0.0
DLC_returns,CFG_returns,-0.0015346418236667938
DLC_returns,HONEY_returns,0.0
DLC_returns,PRO_returns,0.0
DLC_returns,PRIME_returns,0.0
DLC_returns,VVS_returns,0.0
DLC_returns,CPOOL_returns,0.0
DLC_returns,YGG_returns,0.0
DLC_returns,SSV_returns,-0.06037177699952059
DLC_returns,CETUS_returns,-0.06822046491416911
DLC_returns,CGPT_returns,0.0
DLC_returns,STIK_returns,0.0
DLC_returns,PHA_returns,0.0
DLC_returns,XVS_returns,0.0
DLC_returns,KUB_returns,0.0
DLC_returns,BICO_returns,0.0
DLC_returns,UMA_returns,0.0
DLC_returns,WAXP_returns,0.0
DLC_returns,XPR_returns,0.0
DLC_returns,RPL_returns,0.0
DLC_returns,PUNDIX_returns,0.0
DLC_returns,FLUX_returns,0.0
DLC_returns,BORA_returns,0.0
DLC_returns,POWR_returns,0.0
DLC_returns,AUDIO_returns,0.0
DLC_returns,PROM_returns,0.0
DLC_returns,IOST_returns,0.0
DLC_returns,ACX_returns,0.0
DLC_returns,ARDR_returns,0.0
DLC_returns,SPELL_returns,-0.0004507599394691358
DLC_returns,ORBR_returns,0.0
DLC_returns,LSK_returns,0.0
DLC_returns,XOR_returns,0.38740215110704507
DLC_returns,GLMR_returns,0.0
DLC_returns,BMX_returns,0.0
DLC_returns,MVL_returns,0.0
DLC_returns,ABT_returns,0.0
DLC_returns,VELO_returns,0.0
DLC_returns,IQ_returns,0.0
DLC_returns,AGI_returns,0.0
DLC_returns,WILD_returns,0.0
DLC_returns,XEM_returns,0.0
DLC_returns,LON_returns,0.13354103314309432
DLC_returns,POND_returns,0.0
DLC_returns,ACT_returns,0.0
DLC_returns,XRD_returns,0.0
DLC_returns,RLC_returns,0.0
DLC_returns,ILV_returns,0.0
DLC_returns,FIDA_returns,0.0
DLC_returns,BNT_returns,0.0
DLC_returns,DENT_returns,0.0
DLC_returns,ORBS_returns,0.0
DLC_returns,ONG_returns,0.0
DLC_returns,CHR_returns,0.0
DLC_returns,HEART_returns,-0.014336930547979956
DLC_returns,VANRY_returns,0.0
DLC_returns,LQTY_returns,0.0
DLC_returns,KEEP_returns,0.0
DLC_returns,DKA_returns,0.0
DLC_returns,ELON_returns,0.0
DLC_returns,ARK_returns,0.0
DLC_returns,MLK_returns,0.0
DLC_returns,AL_returns,0.0
DLC_returns,JOE_returns,0.0
DLC_returns,CELR_returns,0.0
DLC_returns,STEEM_returns,0.0
DLC_returns,BAL_returns,0.0
DLC_returns,PCI_returns,0.0
DLC_returns,MOVR_returns,0.0
DLC_returns,AUCTION_returns,0.0
DLC_returns,AERGO_returns,0.0
DLC_returns,MED_returns,0.0
DLC_returns,NMR_returns,0.0
DLC_returns,API3_returns,0.0
DLC_returns,AGLD_returns,0.0
DLC_returns,BONE_returns,0.0
DLC_returns,SLP_returns,0.0
DLC_returns,MTL_returns,0.0
DLC_returns,KNC_returns,0.0
DLC_returns,CTSI_returns,0.1566221061276449
DLC_returns,BTRST_returns,0.0
DLC_returns,SCRT_returns,0.0
DLC_returns,OMI_returns,0.0
DLC_returns,GEOD_returns,0.0
DLC_returns,EDU_returns,0.0
DLC_returns,0x0_returns,-0.03320331976472325
DLC_returns,KUJI_returns,-0.044249802164237136
METIS_returns,CTC_returns,0.0
METIS_returns,MINA_returns,0.0
METIS_returns,DASH_returns,0.0
METIS_returns,SFP_returns,0.0
METIS_returns,BabyDoge_returns,0.0
METIS_returns,SNX_returns,0.0
METIS_returns,TFUEL_returns,0.0
METIS_returns,DCR_returns,0.0
METIS_returns,GLM_returns,0.0
METIS_returns,MX_returns,-0.08116678670463401
METIS_returns,ZIL_returns,0.0
METIS_returns,BLUR_returns,0.0
METIS_returns,ROSE_returns,0.32918519546110375
METIS_returns,CKB_returns,0.0
METIS_returns,TRAC_returns,0.0
METIS_returns,QTUM_returns,0.0
METIS_returns,ORDI_returns,0.2756141672073035
METIS_returns,LPT_returns,0.0
METIS_returns,MASK_returns,0.0
METIS_returns,ASTR_returns,0.0
METIS_returns,ZRX_returns,0.0
METIS_returns,VTHO_returns,0.0
METIS_returns,ACH_returns,0.0
METIS_returns,BAT_returns,0.0
METIS_returns,CHEEL_returns,-0.15967640014356946
METIS_returns,CHEX_returns,0.0
METIS_returns,SNEK_returns,0.0
METIS_returns,BORG_returns,0.0
METIS_returns,KOGE_returns,-0.034345014116220096
METIS_returns,IOTX_returns,0.0
METIS_returns,CELO_returns,0.0
METIS_returns,GAS_returns,0.0
METIS_returns,ONE_returns,0.35254332759156287
METIS_returns,ID_returns,0.0
METIS_returns,SUSHI_returns,0.0
METIS_returns,CSPR_returns,0.0
METIS_returns,HOT_returns,0.0
METIS_returns,SC_returns,0.0
METIS_returns,YFI_returns,0.0
METIS_returns,RVN_returns,0.0
METIS_returns,COW_returns,0.0
METIS_returns,ANKR_returns,0.0
METIS_returns,GOMINING_returns,-0.07020559886107008
METIS_returns,XCH_returns,0.0
METIS_returns,DGB_returns,0.0
METIS_returns,T_returns,0.0
METIS_returns,WOO_returns,0.3208094712854275
METIS_returns,ELF_returns,-0.08711499512559237
METIS_returns,EUL_returns,-0.020461428573035647
METIS_returns,ORCA_returns,0.0
METIS_returns,KDA_returns,0.320489915946601
METIS_returns,OSMO_returns,0.0
METIS_returns,GMT_returns,0.0
METIS_returns,SNT_returns,0.0
METIS_returns,GMX_returns,0.0
METIS_returns,ENJ_returns,0.0
METIS_returns,XYO_returns,0.0
METIS_returns,POLYX_returns,0.0
METIS_returns,ZIG_returns,0.0
METIS_returns,ZEN_returns,0.0
METIS_returns,COTI_returns,0.0
METIS_returns,WEMIX_returns,0.0
METIS_returns,SKL_returns,0.0
METIS_returns,LCX_returns,0.0
METIS_returns,WAVES_returns,0.0
METIS_returns,CVC_returns,0.0
METIS_returns,SWFTC_returns,0.0
METIS_returns,LUNA_returns,0.0
METIS_returns,HIVE_returns,0.0
METIS_returns,RLB_returns,0.0
METIS_returns,LRC_returns,0.0
METIS_returns,DAG_returns,0.0
METIS_returns,ONT_returns,0.0
METIS_returns,TRB_returns,0.0
METIS_returns,XNO_returns,0.0
METIS_returns,DLC_returns,0.0
METIS_returns,METIS_returns,0.0
METIS_returns,ICX_returns,0.0
METIS_returns,MYTH_returns,0.0
METIS_returns,MPLX_returns,0.0
METIS_returns,SXP_returns,0.0
METIS_returns,XVG_returns,0.0
METIS_returns,PEOPLE_returns,0.0
METIS_returns,AWE_returns,0.0
METIS_returns,REQ_returns,0.0
METIS_returns,STORJ_returns,0.0
METIS_returns,BAND_returns,0.0
METIS_returns,WMTX_returns,0.0
METIS_returns,CFG_returns,0.0
METIS_returns,HONEY_returns,0.0
METIS_returns,PRO_returns,-0.06842563412733206
METIS_returns,PRIME_returns,0.0
METIS_returns,VVS_returns,0.0
METIS_returns,CPOOL_returns,0.0
METIS_returns,YGG_returns,0.0
METIS_returns,SSV_returns,0.3351100136263432
METIS_returns,CETUS_returns,0.0
METIS_returns,CGPT_returns,0.0
METIS_returns,STIK_returns,-0.12275820584039933
METIS_returns,PHA_returns,0.0
METIS_returns,XVS_returns,0.0
METIS_returns,KUB_returns,-0.04352806958593646
METIS_returns,BICO_returns,0.0
METIS_returns,UMA_returns,0.0
METIS_returns,WAXP_returns,0.0
METIS_returns,XPR_returns,0.0
METIS_returns,RPL_returns,0.0
METIS_returns,PUNDIX_returns,0.0
METIS_returns,FLUX_returns,0.0
METIS_returns,BORA_returns,-0.0007948444260318362
METIS_returns,POWR_returns,0.0
METIS_returns,AUDIO_returns,0.0
METIS_returns,PROM_returns,0.0
METIS_returns,IOST_returns,0.0
METIS_returns,ACX_returns,0.0
METIS_returns,ARDR_returns,0.0
METIS_returns,SPELL_returns,0.0
METIS_returns,ORBR_returns,-0.042749026156769274
METIS_returns,LSK_returns,0.0
METIS_returns,XOR_returns,0.0
METIS_returns,GLMR_returns,0.0
METIS_returns,BMX_returns,0.0
METIS_returns,MVL_returns,0.0
METIS_returns,ABT_returns,0.0
METIS_returns,VELO_returns,0.0
METIS_returns,IQ_returns,0.0
METIS_returns,AGI_returns,0.0
METIS_returns,WILD_returns,0.0
METIS_returns,XEM_returns,0.0
METIS_returns,LON_returns,-0.2041805998846127
METIS_returns,POND_returns,0.0
METIS_returns,ACT_returns,0.0
METIS_returns,XRD_returns,0.0
METIS_returns,RLC_returns,0.0
METIS_returns,ILV_returns,0.0
METIS_returns,FIDA_returns,0.0
METIS_returns,BNT_returns,0.0
METIS_returns,DENT_returns,0.0
METIS_returns,ORBS_returns,0.0
METIS_returns,ONG_returns,0.0
METIS_returns,CHR_returns,0.0
METIS_returns,HEART_returns,0.0
METIS_returns,VANRY_returns,0.0
METIS_returns,LQTY_returns,0.0
METIS_returns,KEEP_returns,0.0
METIS_returns,DKA_returns,-0.032323830410373164
METIS_returns,ELON_returns,0.0
METIS_returns,ARK_returns,0.0
METIS_returns,MLK_returns,-0.048202284148176254
METIS_returns,AL_returns,0.0
METIS_returns,JOE_returns,0.0
METIS_returns,CELR_returns,0.33765340846373676
METIS_returns,STEEM_returns,0.0
METIS_returns,BAL_returns,0.0
METIS_returns,PCI_returns,-0.02329339116452406
METIS_returns,MOVR_returns,0.0
METIS_returns,AUCTION_returns,0.0
METIS_returns,AERGO_returns,0.0
METIS_returns,MED_returns,-0.005115176975896962
METIS_returns,NMR_returns,0.0
METIS_returns,API3_returns,0.0
METIS_returns,AGLD_returns,0.0
METIS_returns,BONE_returns,0.0
METIS_returns,SLP_returns,0.0
METIS_returns,MTL_returns,0.0
METIS_returns,KNC_returns,0.0
METIS_returns,CTSI_returns,0.0
METIS_returns,BTRST_returns,-0.06200779117604425
METIS_returns,SCRT_returns,0.0
METIS_returns,OMI_returns,0.0
METIS_returns,GEOD_returns,-0.07890534179960484
METIS_returns,EDU_returns,0.0
METIS_returns,0x0_returns,0.0
METIS_returns,KUJI_returns,0.0
ICX_returns,CTC_returns,0.0
ICX_returns,MINA_returns,0.0
ICX_returns,DASH_returns,0.5555545432839284
ICX_returns,SFP_returns,0.0
ICX_returns,BabyDoge_returns,0.0
ICX_returns,SNX_returns,0.0
ICX_returns,TFUEL_returns,0.40219885726531357
ICX_returns,DCR_returns,0.42626378256922104
ICX_returns,GLM_returns,0.0
ICX_returns,MX_returns,0.0
ICX_returns,ZIL_returns,0.7045929300407637
ICX_returns,BLUR_returns,0.0
ICX_returns,ROSE_returns,0.0
ICX_returns,CKB_returns,0.0
ICX_returns,TRAC_returns,0.0
ICX_returns,QTUM_returns,0.5429956825761099
ICX_returns,ORDI_returns,0.0
ICX_returns,LPT_returns,0.0
ICX_returns,MASK_returns,0.4462464136354345
ICX_returns,ASTR_returns,0.43640873752749976
ICX_returns,ZRX_returns,0.5195524550784403
ICX_returns,VTHO_returns,0.0
ICX_returns,ACH_returns,0.0
ICX_returns,BAT_returns,0.6972325455313179
ICX_returns,CHEEL_returns,0.0
ICX_returns,CHEX_returns,0.0
ICX_returns,SNEK_returns,0.0
ICX_returns,BORG_returns,0.0
ICX_returns,KOGE_returns,0.0
ICX_returns,IOTX_returns,0.0
ICX_returns,CELO_returns,0.46570243819780166
ICX_returns,GAS_returns,0.0
ICX_returns,ONE_returns,0.0
ICX_returns,ID_returns,0.0
ICX_returns,SUSHI_returns,0.0
ICX_returns,CSPR_returns,0.0
ICX_returns,HOT_returns,0.0
ICX_returns,SC_returns,0.39217148333609503
ICX_returns,YFI_returns,0.366792374300072
ICX_returns,RVN_returns,0.5140827507329407
ICX_returns,COW_returns,0.0
ICX_returns,ANKR_returns,0.61209687321559
ICX_returns,GOMINING_returns,0.0
ICX_returns,XCH_returns,0.0
ICX_returns,DGB_returns,0.0
ICX_returns,T_returns,0.48762960114981624
ICX_returns,WOO_returns,0.0
ICX_returns,ELF_returns,0.0
ICX_returns,EUL_returns,0.0
ICX_returns,ORCA_returns,0.0
ICX_returns,KDA_returns,0.0
ICX_returns,OSMO_returns,0.0
ICX_returns,GMT_returns,0.5043279622622694
ICX_returns,SNT_returns,0.39712979642855467
ICX_returns,GMX_returns,0.0
ICX_returns,ENJ_returns,0.0
ICX_returns,XYO_returns,0.22061058916705245
ICX_returns,POLYX_returns,0.0
ICX_returns,ZIG_returns,0.0
ICX_returns,ZEN_returns,0.0
ICX_returns,COTI_returns,0.0
ICX_returns,WEMIX_returns,0.26850746346120696
ICX_returns,SKL_returns,0.0
ICX_returns,LCX_returns,0.22091762265519763
ICX_returns,WAVES_returns,0.39485465850954354
ICX_returns,CVC_returns,0.4203380738217005
ICX_returns,SWFTC_returns,0.0
ICX_returns,LUNA_returns,0.0
ICX_returns,HIVE_returns,0.0
ICX_returns,RLB_returns,0.19135231789700874
ICX_returns,LRC_returns,0.6117433811711972
ICX_returns,DAG_returns,0.2552356054673578
ICX_returns,ONT_returns,0.5758269871264275
ICX_returns,TRB_returns,0.0
ICX_returns,XNO_returns,0.39889905893521155
ICX_returns,DLC_returns,0.0
ICX_returns,METIS_returns,0.0
ICX_returns,ICX_returns,0.0
ICX_returns,MYTH_returns,0.0
ICX_returns,MPLX_returns,0.0
ICX_returns,SXP_returns,0.593840297510504
ICX_returns,XVG_returns,0.0
ICX_returns,PEOPLE_returns,0.0
ICX_returns,AWE_returns,0.3526069618431392
ICX_returns,REQ_returns,0.0
ICX_returns,STORJ_returns,0.4165003605640763
ICX_returns,BAND_returns,0.5355266575660304
ICX_returns,WMTX_returns,0.0
ICX_returns,CFG_returns,0.2742706980462302
ICX_returns,HONEY_returns,0.0
ICX_returns,PRO_returns,0.0
ICX_returns,PRIME_returns,0.0
ICX_returns,VVS_returns,0.0
ICX_returns,CPOOL_returns,0.0
ICX_returns,YGG_returns,0.0
ICX_returns,SSV_returns,0.0
ICX_returns,CETUS_returns,0.0
ICX_returns,CGPT_returns,0.0
ICX_returns,STIK_returns,0.0
ICX_returns,PHA_returns,0.0
ICX_returns,XVS_returns,0.3526238676326178
ICX_returns,KUB_returns,0.0
ICX_returns,BICO_returns,0.0
ICX_returns,UMA_returns,0.0
ICX_returns,WAXP_returns,0.5903701433106509
ICX_returns,XPR_returns,0.2138956245241648
ICX_returns,RPL_returns,0.0
ICX_returns,PUNDIX_returns,0.0
ICX_returns,FLUX_returns,0.0
ICX_returns,BORA_returns,0.49932106469201626
ICX_returns,POWR_returns,0.36777638492017534
ICX_returns,AUDIO_returns,0.4825055951974144
ICX_returns,PROM_returns,0.24614354995922383
ICX_returns,IOST_returns,0.6429440472647183
ICX_returns,ACX_returns,0.0
ICX_returns,ARDR_returns,0.39829280309469767
ICX_returns,SPELL_returns,0.0
ICX_returns,ORBR_returns,0.0
ICX_returns,LSK_returns,0.42247564593061243
ICX_returns,XOR_returns,0.0
ICX_returns,GLMR_returns,0.0
ICX_returns,BMX_returns,0.0
ICX_returns,MVL_returns,0.3989375897002225
ICX_returns,ABT_returns,0.0
ICX_returns,VELO_returns,0.0
ICX_returns,IQ_returns,0.38723575157129236
ICX_returns,AGI_returns,0.0
ICX_returns,WILD_returns,0.0
ICX_returns,XEM_returns,0.4140476095895337
ICX_returns,LON_returns,0.0
ICX_returns,POND_returns,0.2813594643747778
ICX_returns,ACT_returns,0.0
ICX_returns,XRD_returns,0.0
ICX_returns,RLC_returns,0.0
ICX_returns,ILV_returns,0.0
ICX_returns,FIDA_returns,0.0
ICX_returns,BNT_returns,0.3244713461870056
ICX_returns,DENT_returns,0.0
ICX_returns,ORBS_returns,0.4135398429058004
ICX_returns,ONG_returns,0.4660563212203152
ICX_returns,CHR_returns,0.0
ICX_returns,HEART_returns,0.0
ICX_returns,VANRY_returns,0.0
ICX_returns,LQTY_returns,0.0
ICX_returns,KEEP_returns,0.2668622848155648
ICX_returns,DKA_returns,0.0
ICX_returns,ELON_returns,0.0
ICX_returns,ARK_returns,0.3537368034793508
ICX_returns,MLK_returns,0.0
ICX_returns,AL_returns,0.0
ICX_returns,JOE_returns,0.0
ICX_returns,CELR_returns,0.0
ICX_returns,STEEM_returns,0.44678083408164426
ICX_returns,BAL_returns,0.0
ICX_returns,PCI_returns,0.0
ICX_returns,MOVR_returns,0.0
ICX_returns,AUCTION_returns,0.0
ICX_returns,AERGO_returns,0.0
ICX_returns,MED_returns,0.0
ICX_returns,NMR_returns,0.0
ICX_returns,API3_returns,0.0
ICX_returns,AGLD_returns,0.0
ICX_returns,BONE_returns,0.0
ICX_returns,SLP_returns,0.0
ICX_returns,MTL_returns,0.4998413383230515
ICX_returns,KNC_returns,0.5908619998385889
ICX_returns,CTSI_returns,0.0
ICX_returns,BTRST_returns,0.0
ICX_returns,SCRT_returns,0.0
ICX_returns,OMI_returns,0.0
ICX_returns,GEOD_returns,0.0
ICX_returns,EDU_returns,0.0
ICX_returns,0x0_returns,0.0
ICX_returns,KUJI_returns,0.0
MYTH_returns,CTC_returns,0.0
MYTH_returns,MINA_returns,0.0
MYTH_returns,DASH_returns,0.0
MYTH_returns,SFP_returns,0.0
MYTH_returns,BabyDoge_returns,-0.023302302085492235
MYTH_returns,SNX_returns,0.0
MYTH_returns,TFUEL_returns,0.0
MYTH_returns,DCR_returns,0.0
MYTH_returns,GLM_returns,0.0
MYTH_returns,MX_returns,0.0
MYTH_returns,ZIL_returns,0.0
MYTH_returns,BLUR_returns,-0.0016536885877330408
MYTH_returns,ROSE_returns,-0.0015054947888300345
MYTH_returns,CKB_returns,-0.017601794007949652
MYTH_returns,TRAC_returns,0.0
MYTH_returns,QTUM_returns,0.0
MYTH_returns,ORDI_returns,-0.06888537363834614
MYTH_returns,LPT_returns,0.0
MYTH_returns,MASK_returns,0.0
MYTH_returns,ASTR_returns,0.0
MYTH_returns,ZRX_returns,0.0
MYTH_returns,VTHO_returns,0.0
MYTH_returns,ACH_returns,-0.014361555149651976
MYTH_returns,BAT_returns,0.0
MYTH_returns,CHEEL_returns,0.1547989089340268
MYTH_returns,CHEX_returns,0.0
MYTH_returns,SNEK_returns,0.0
MYTH_returns,BORG_returns,0.0
MYTH_returns,KOGE_returns,0.0
MYTH_returns,IOTX_returns,0.0
MYTH_returns,CELO_returns,0.0
MYTH_returns,GAS_returns,0.0
MYTH_returns,ONE_returns,0.0
MYTH_returns,ID_returns,0.0
MYTH_returns,SUSHI_returns,0.0
MYTH_returns,CSPR_returns,0.0
MYTH_returns,HOT_returns,0.0
MYTH_returns,SC_returns,0.0
MYTH_returns,YFI_returns,0.0
MYTH_returns,RVN_returns,0.0
MYTH_returns,COW_returns,0.0
MYTH_returns,ANKR_returns,0.0
MYTH_returns,GOMINING_returns,0.0
MYTH_returns,XCH_returns,0.0
MYTH_returns,DGB_returns,0.0
MYTH_returns,T_returns,0.0
MYTH_returns,WOO_returns,0.0
MYTH_returns,ELF_returns,0.0
MYTH_returns,EUL_returns,0.0
MYTH_returns,ORCA_returns,-0.012744398586228023
MYTH_returns,KDA_returns,0.0
MYTH_returns,OSMO_returns,0.0
MYTH_returns,GMT_returns,0.0
MYTH_returns,SNT_returns,0.0
MYTH_returns,GMX_returns,0.0
MYTH_returns,ENJ_returns,0.0
MYTH_returns,XYO_returns,-0.010861418916557139
MYTH_returns,POLYX_returns,0.0
MYTH_returns,ZIG_returns,0.0
MYTH_returns,ZEN_returns,0.0
MYTH_returns,COTI_returns,-0.03878090244861949
MYTH_returns,WEMIX_returns,0.17109765582086947
MYTH_returns,SKL_returns,0.0
MYTH_returns,LCX_returns,-0.006120613427115074
MYTH_returns,WAVES_returns,0.0
MYTH_returns,CVC_returns,0.0
MYTH_returns,SWFTC_returns,0.0
MYTH_returns,LUNA_returns,0.0
MYTH_returns,HIVE_returns,0.0
MYTH_returns,RLB_returns,0.0
MYTH_returns,LRC_returns,0.0
MYTH_returns,DAG_returns,0.0
MYTH_returns,ONT_returns,0.0
MYTH_returns,TRB_returns,0.0
MYTH_returns,XNO_returns,0.0
MYTH_returns,DLC_returns,0.0
MYTH_returns,METIS_returns,0.0
MYTH_returns,ICX_returns,0.0
MYTH_returns,MYTH_returns,0.0
MYTH_returns,MPLX_returns,0.0
MYTH_returns,SXP_returns,-0.007142619008707894
MYTH_returns,XVG_returns,-0.022084662948810004
MYTH_returns,PEOPLE_returns,0.0
MYTH_returns,AWE_returns,0.0
MYTH_returns,REQ_returns,0.0
MYTH_returns,STORJ_returns,0.0
MYTH_returns,BAND_returns,0.0
MYTH_returns,WMTX_returns,0.0
MYTH_returns,CFG_returns,0.0
MYTH_returns,HONEY_returns,0.0
MYTH_returns,PRO_returns,0.0
MYTH_returns,PRIME_returns,0.0
MYTH_returns,VVS_returns,0.0
MYTH_returns,CPOOL_returns,-0.01816676718274235
MYTH_returns,YGG_returns,-0.002789816598195807
MYTH_returns,SSV_returns,0.0
MYTH_returns,CETUS_returns,0.0
MYTH_returns,CGPT_returns,0.0
MYTH_returns,STIK_returns,0.0
MYTH_returns,PHA_returns,0.0
MYTH_returns,XVS_returns,0.0
MYTH_returns,KUB_returns,0.17938724863576633
MYTH_returns,BICO_returns,0.0
MYTH_returns,UMA_returns,0.0
MYTH_returns,WAXP_returns,0.0
MYTH_returns,XPR_returns,0.0
MYTH_returns,RPL_returns,0.0
MYTH_returns,PUNDIX_returns,0.0
MYTH_returns,FLUX_returns,0.0
MYTH_returns,BORA_returns,0.15974388671869025
MYTH_returns,POWR_returns,0.0
MYTH_returns,AUDIO_returns,-0.018974711547296658
MYTH_returns,PROM_returns,0.0
MYTH_returns,IOST_returns,0.0
MYTH_returns,ACX_returns,0.0
MYTH_returns,ARDR_returns,0.0
MYTH_returns,SPELL_returns,0.0
MYTH_returns,ORBR_returns,0.0
MYTH_returns,LSK_returns,0.0
MYTH_returns,XOR_returns,0.0
MYTH_returns,GLMR_returns,0.0
MYTH_returns,BMX_returns,0.0
MYTH_returns,MVL_returns,0.0
MYTH_returns,ABT_returns,0.0
MYTH_returns,VELO_returns,0.0
MYTH_returns,IQ_returns,0.0
MYTH_returns,AGI_returns,-0.044638716770867566
MYTH_returns,WILD_returns,-0.05359085500549814
MYTH_returns,XEM_returns,0.0
MYTH_returns,LON_returns,0.15836395137829107
MYTH_returns,POND_returns,0.0
MYTH_returns,ACT_returns,0.0
MYTH_returns,XRD_returns,0.0
MYTH_returns,RLC_returns,0.0
MYTH_returns,ILV_returns,0.0
MYTH_returns,FIDA_returns,0.0
MYTH_returns,BNT_returns,0.0
MYTH_returns,DENT_returns,0.0
MYTH_returns,ORBS_returns,0.0
MYTH_returns,ONG_returns,0.0
MYTH_returns,CHR_returns,0.0
MYTH_returns,HEART_returns,0.0
MYTH_returns,VANRY_returns,-0.02754016512258253
MYTH_returns,LQTY_returns,-0.029367586246792463
MYTH_returns,KEEP_returns,0.0
MYTH_returns,DKA_returns,0.0
MYTH_returns,ELON_returns,-0.05508667109712399
MYTH_returns,ARK_returns,-0.001886760697635906
MYTH_returns,MLK_returns,0.0
MYTH_returns,AL_returns,0.0
MYTH_returns,JOE_returns,-0.0171346729742503
MYTH_returns,CELR_returns,0.0
MYTH_returns,STEEM_returns,0.0
MYTH_returns,BAL_returns,0.0
MYTH_returns,PCI_returns,0.17709839431749902
MYTH_returns,MOVR_returns,0.0
MYTH_returns,AUCTION_returns,0.0
MYTH_returns,AERGO_returns,0.0
MYTH_returns,MED_returns,0.0
MYTH_returns,NMR_returns,0.0
MYTH_returns,API3_returns,0.0
MYTH_returns,AGLD_returns,0.0
MYTH_returns,BONE_returns,0.0
MYTH_returns,SLP_returns,0.0
MYTH_returns,MTL_returns,0.0
MYTH_returns,KNC_returns,0.0
MYTH_returns,CTSI_returns,0.0
MYTH_returns,BTRST_returns,0.0
MYTH_returns,SCRT_returns,-0.004152299389527955
MYTH_returns,OMI_returns,0.0
MYTH_returns,GEOD_returns,0.0
MYTH_returns,EDU_returns,0.0
MYTH_returns,0x0_returns,0.0
MYTH_returns,KUJI_returns,0.0
MPLX_returns,CTC_returns,0.0
MPLX_returns,MINA_returns,0.0
MPLX_returns,DASH_returns,0.0
MPLX_returns,SFP_returns,0.0
MPLX_returns,BabyDoge_returns,0.0
MPLX_returns,SNX_returns,0.0
MPLX_returns,TFUEL_returns,0.0
MPLX_returns,DCR_returns,0.0
MPLX_returns,GLM_returns,0.0
MPLX_returns,MX_returns,0.1807993844360054
MPLX_returns,ZIL_returns,0.0
MPLX_returns,BLUR_returns,-0.007148349416443132
MPLX_returns,ROSE_returns,0.0
MPLX_returns,CKB_returns,-0.03158681036086537
MPLX_returns,TRAC_returns,0.0
MPLX_returns,QTUM_returns,0.0
MPLX_returns,ORDI_returns,0.0
MPLX_returns,LPT_returns,0.0
MPLX_returns,MASK_returns,0.0
MPLX_returns,ASTR_returns,0.0
MPLX_returns,ZRX_returns,0.0
MPLX_returns,VTHO_returns,0.0
MPLX_returns,ACH_returns,-0.004049753172863075
MPLX_returns,BAT_returns,0.0
MPLX_returns,CHEEL_returns,0.20155309212428488
MPLX_returns,CHEX_returns,0.0
MPLX_returns,SNEK_returns,0.0
MPLX_returns,BORG_returns,0.0
MPLX_returns,KOGE_returns,0.16660690955494611
MPLX_returns,IOTX_returns,0.0
MPLX_returns,CELO_returns,-0.039150001161593465
MPLX_returns,GAS_returns,0.0
MPLX_returns,ONE_returns,0.0
MPLX_returns,ID_returns,0.0
MPLX_returns,SUSHI_returns,-0.033145797602553394
MPLX_returns,CSPR_returns,0.0
MPLX_returns,HOT_returns,0.0
MPLX_returns,SC_returns,0.0
MPLX_returns,YFI_returns,0.0
MPLX_returns,RVN_returns,0.0
MPLX_returns,COW_returns,-0.03218415191951471
MPLX_returns,ANKR_returns,0.0
MPLX_returns,GOMINING_returns,0.0
MPLX_returns,XCH_returns,0.0
MPLX_returns,DGB_returns,0.0
MPLX_returns,T_returns,0.0
MPLX_returns,WOO_returns,0.0
MPLX_returns,ELF_returns,0.0
MPLX_returns,EUL_returns,0.0
MPLX_returns,ORCA_returns,0.0
MPLX_returns,KDA_returns,0.0
MPLX_returns,OSMO_returns,0.0
MPLX_returns,GMT_returns,0.0
MPLX_returns,SNT_returns,0.0
MPLX_returns,GMX_returns,0.0
MPLX_returns,ENJ_returns,0.0
MPLX_returns,XYO_returns,0.0
MPLX_returns,POLYX_returns,0.0
MPLX_returns,ZIG_returns,0.0
MPLX_returns,ZEN_returns,0.0
MPLX_returns,COTI_returns,0.0
MPLX_returns,WEMIX_returns,0.0
MPLX_returns,SKL_returns,0.0
MPLX_returns,LCX_returns,0.0
MPLX_returns,WAVES_returns,0.0
MPLX_returns,CVC_returns,0.0
MPLX_returns,SWFTC_returns,0.0
MPLX_returns,LUNA_returns,0.0
MPLX_returns,HIVE_returns,0.0
MPLX_returns,RLB_returns,0.0
MPLX_returns,LRC_returns,0.0
MPLX_returns,DAG_returns,0.0
MPLX_returns,ONT_returns,0.0
MPLX_returns,TRB_returns,0.0
MPLX_returns,XNO_returns,0.0
MPLX_returns,DLC_returns,0.0
MPLX_returns,METIS_returns,0.0
MPLX_returns,ICX_returns,0.0
MPLX_returns,MYTH_returns,0.0
MPLX_returns,MPLX_returns,0.0
MPLX_returns,SXP_returns,0.0
MPLX_returns,XVG_returns,-0.01457762262803256
MPLX_returns,PEOPLE_returns,-0.03128786485928141
MPLX_returns,AWE_returns,0.0
MPLX_returns,REQ_returns,0.0
MPLX_returns,STORJ_returns,0.0
MPLX_returns,BAND_returns,0.0
MPLX_returns,WMTX_returns,0.0
MPLX_returns,CFG_returns,0.0
MPLX_returns,HONEY_returns,0.0
MPLX_returns,PRO_returns,0.0
MPLX_returns,PRIME_returns,0.0
MPLX_returns,VVS_returns,0.0
MPLX_returns,CPOOL_returns,0.0
MPLX_returns,YGG_returns,0.0
MPLX_returns,SSV_returns,0.0
MPLX_returns,CETUS_returns,0.0
MPLX_returns,CGPT_returns,0.0
MPLX_returns,STIK_returns,0.0
MPLX_returns,PHA_returns,0.0
MPLX_returns,XVS_returns,0.0
MPLX_returns,KUB_returns,0.0
MPLX_returns,BICO_returns,0.0
MPLX_returns,UMA_returns,0.0
MPLX_returns,WAXP_returns,0.0
MPLX_returns,XPR_returns,0.16300662379253078
MPLX_returns,RPL_returns,0.0
MPLX_returns,PUNDIX_returns,0.0
MPLX_returns,FLUX_returns,0.0
MPLX_returns,BORA_returns,0.0
MPLX_returns,POWR_returns,0.0
MPLX_returns,AUDIO_returns,0.0
MPLX_returns,PROM_returns,0.0
MPLX_returns,IOST_returns,0.0
MPLX_returns,ACX_returns,0.0
MPLX_returns,ARDR_returns,0.0
MPLX_returns,SPELL_returns,0.0
MPLX_returns,ORBR_returns,0.0
MPLX_returns,LSK_returns,0.0
MPLX_returns,XOR_returns,0.0
MPLX_returns,GLMR_returns,0.0
MPLX_returns,BMX_returns,0.0
MPLX_returns,MVL_returns,0.0
MPLX_returns,ABT_returns,0.0
MPLX_returns,VELO_returns,0.0
MPLX_returns,IQ_returns,0.0
MPLX_returns,AGI_returns,0.0
MPLX_returns,WILD_returns,0.0
MPLX_returns,XEM_returns,0.0
MPLX_returns,LON_returns,0.0
MPLX_returns,POND_returns,0.0
MPLX_returns,ACT_returns,-0.04307950830292053
MPLX_returns,XRD_returns,0.0
MPLX_returns,RLC_returns,0.0
MPLX_returns,ILV_returns,0.0
MPLX_returns,FIDA_returns,0.0
MPLX_returns,BNT_returns,0.0
MPLX_returns,DENT_returns,0.0
MPLX_returns,ORBS_returns,0.0
MPLX_returns,ONG_returns,0.0
MPLX_returns,CHR_returns,0.0
MPLX_returns,HEART_returns,0.0
MPLX_returns,VANRY_returns,0.0
MPLX_returns,LQTY_returns,0.0
MPLX_returns,KEEP_returns,0.0
MPLX_returns,DKA_returns,0.0
MPLX_returns,ELON_returns,0.0
MPLX_returns,ARK_returns,0.0
MPLX_returns,MLK_returns,0.0
MPLX_returns,AL_returns,0.0
MPLX_returns,JOE_returns,0.0
MPLX_returns,CELR_returns,0.0
MPLX_returns,STEEM_returns,0.0
MPLX_returns,BAL_returns,0.0
MPLX_returns,PCI_returns,0.1470890832620423
MPLX_returns,MOVR_returns,0.0
MPLX_returns,AUCTION_returns,0.0
MPLX_returns,AERGO_returns,0.0
MPLX_returns,MED_returns,0.0
MPLX_returns,NMR_returns,0.0
MPLX_returns,API3_returns,0.0
MPLX_returns,AGLD_returns,0.0
MPLX_returns,BONE_returns,-0.009322944598100387
MPLX_returns,SLP_returns,0.0
MPLX_returns,MTL_returns,0.0
MPLX_returns,KNC_returns,0.0
MPLX_returns,CTSI_returns,0.0
MPLX_returns,BTRST_returns,0.0
MPLX_returns,SCRT_returns,0.0
MPLX_returns,OMI_returns,0.0
MPLX_returns,GEOD_returns,0.18617077078292854
MPLX_returns,EDU_returns,0.0
MPLX_returns,0x0_returns,0.0
MPLX_returns,KUJI_returns,0.0
SXP_returns,CTC_returns,0.0
SXP_returns,MINA_returns,0.0
SXP_returns,DASH_returns,0.0
SXP_returns,SFP_returns,0.0
SXP_returns,BabyDoge_returns,0.0
SXP_returns,SNX_returns,0.0
SXP_returns,TFUEL_returns,0.0
SXP_returns,DCR_returns,0.0
SXP_returns,GLM_returns,0.0
SXP_returns,MX_returns,0.0
SXP_returns,ZIL_returns,0.5379760500976078
SXP_returns,BLUR_returns,0.0
SXP_returns,ROSE_returns,0.0
SXP_returns,CKB_returns,0.0
SXP_returns,TRAC_returns,0.0
SXP_returns,QTUM_returns,0.0
SXP_returns,ORDI_returns,0.0
SXP_returns,LPT_returns,0.0
SXP_returns,MASK_returns,0.0
SXP_returns,ASTR_returns,0.0
SXP_returns,ZRX_returns,0.0
SXP_returns,VTHO_returns,0.0
SXP_returns,ACH_returns,0.0
SXP_returns,BAT_returns,0.5390543500456066
SXP_returns,CHEEL_returns,0.0
SXP_returns,CHEX_returns,0.0
SXP_returns,SNEK_returns,0.0
SXP_returns,BORG_returns,0.0
SXP_returns,KOGE_returns,0.0
SXP_returns,IOTX_returns,0.0
SXP_returns,CELO_returns,0.0
SXP_returns,GAS_returns,0.0
SXP_returns,ONE_returns,0.0
SXP_returns,ID_returns,0.0
SXP_returns,SUSHI_returns,0.0
SXP_returns,CSPR_returns,0.0
SXP_returns,HOT_returns,0.0
SXP_returns,SC_returns,0.0
SXP_returns,YFI_returns,0.0
SXP_returns,RVN_returns,0.0
SXP_returns,COW_returns,0.0
SXP_returns,ANKR_returns,0.48942330799274647
SXP_returns,GOMINING_returns,0.0
SXP_returns,XCH_returns,0.0
SXP_returns,DGB_returns,0.0
SXP_returns,T_returns,0.0
SXP_returns,WOO_returns,0.0
SXP_returns,ELF_returns,0.0
SXP_returns,EUL_returns,0.0
SXP_returns,ORCA_returns,0.0
SXP_returns,KDA_returns,0.0
SXP_returns,OSMO_returns,0.0
SXP_returns,GMT_returns,0.0
SXP_returns,SNT_returns,0.0
SXP_returns,GMX_returns,0.0
SXP_returns,ENJ_returns,0.0
SXP_returns,XYO_returns,0.0
SXP_returns,POLYX_returns,0.0
SXP_returns,ZIG_returns,0.0
SXP_returns,ZEN_returns,0.0
SXP_returns,COTI_returns,0.0
SXP_returns,WEMIX_returns,0.0
SXP_returns,SKL_returns,0.0
SXP_returns,LCX_returns,0.0
SXP_returns,WAVES_returns,0.0
SXP_returns,CVC_returns,0.0
SXP_returns,SWFTC_returns,0.0
SXP_returns,LUNA_returns,0.0
SXP_returns,HIVE_returns,0.0
SXP_returns,RLB_returns,0.0
SXP_returns,LRC_returns,0.0
SXP_returns,DAG_returns,0.0
SXP_returns,ONT_returns,0.0
SXP_returns,TRB_returns,0.0
SXP_returns,XNO_returns,0.0
SXP_returns,DLC_returns,0.0
SXP_returns,METIS_returns,0.0
SXP_returns,ICX_returns,0.593840297510504
SXP_returns,MYTH_returns,-0.007142619008707894
SXP_returns,MPLX_returns,0.0
SXP_returns,SXP_returns,0.0
SXP_returns,XVG_returns,0.0
SXP_returns,PEOPLE_returns,0.0
SXP_returns,AWE_returns,0.0
SXP_returns,REQ_returns,0.0
SXP_returns,STORJ_returns,0.0
SXP_returns,BAND_returns,0.0
SXP_returns,WMTX_returns,0.0
SXP_returns,CFG_returns,0.0
SXP_returns,HONEY_returns,0.0
SXP_returns,PRO_returns,0.0
SXP_returns,PRIME_returns,0.0
SXP_returns,VVS_returns,0.0
SXP_returns,CPOOL_returns,0.0
SXP_returns,YGG_returns,0.0
SXP_returns,SSV_returns,0.0
SXP_returns,CETUS_returns,0.0
SXP_returns,CGPT_returns,0.0
SXP_returns,STIK_returns,-0.03164862000978048
SXP_returns,PHA_returns,0.0
SXP_returns,XVS_returns,0.0
SXP_returns,KUB_returns,0.0
SXP_returns,BICO_returns,0.0
SXP_returns,UMA_returns,0.0
SXP_returns,WAXP_returns,0.0
SXP_returns,XPR_returns,0.0
SXP_returns,RPL_returns,0.0
SXP_returns,PUNDIX_returns,0.0
SXP_returns,FLUX_returns,0.0
SXP_returns,BORA_returns,0.0
SXP_returns,POWR_returns,0.0
SXP_returns,AUDIO_returns,0.0
SXP_returns,PROM_returns,0.0
SXP_returns,IOST_returns,0.49577031532627436
SXP_returns,ACX_returns,0.0
SXP_returns,ARDR_returns,0.0
SXP_returns,SPELL_returns,0.0
SXP_returns,ORBR_returns,0.0
SXP_returns,LSK_returns,0.0
SXP_returns,XOR_returns,0.0
SXP_returns,GLMR_returns,0.0
SXP_returns,BMX_returns,0.0
SXP_returns,MVL_returns,0.0
SXP_returns,ABT_returns,0.0
SXP_returns,VELO_returns,0.0
SXP_returns,IQ_returns,0.0
SXP_returns,AGI_returns,0.0
SXP_returns,WILD_returns,0.0
SXP_returns,XEM_returns,0.0
SXP_returns,LON_returns,0.0
SXP_returns,POND_returns,0.0
SXP_returns,ACT_returns,0.0
SXP_returns,XRD_returns,0.0
SXP_returns,RLC_returns,0.0
SXP_returns,ILV_returns,0.0
SXP_returns,FIDA_returns,0.4401748678558934
SXP_returns,BNT_returns,0.0
SXP_returns,DENT_returns,0.0
SXP_returns,ORBS_returns,0.0
SXP_returns,ONG_returns,0.0
SXP_returns,CHR_returns,0.0
SXP_returns,HEART_returns,0.0
SXP_returns,VANRY_returns,0.0
SXP_returns,LQTY_returns,0.0
SXP_returns,KEEP_returns,0.0
SXP_returns,DKA_returns,0.0
SXP_returns,ELON_returns,0.0
SXP_returns,ARK_returns,0.34956720634231453
SXP_returns,MLK_returns,0.0
SXP_returns,AL_returns,0.0
SXP_returns,JOE_returns,0.0
SXP_returns,CELR_returns,0.0
SXP_returns,STEEM_returns,0.0
SXP_returns,BAL_returns,0.0
SXP_returns,PCI_returns,0.0
SXP_returns,MOVR_returns,0.0
SXP_returns,AUCTION_returns,0.0
SXP_returns,AERGO_returns,0.0
SXP_returns,MED_returns,0.0
SXP_returns,NMR_returns,0.0
SXP_returns,API3_returns,0.0
SXP_returns,AGLD_returns,0.0
SXP_returns,BONE_returns,0.0
SXP_returns,SLP_returns,0.0
SXP_returns,MTL_returns,0.0
SXP_returns,KNC_returns,0.5152663826191554
SXP_returns,CTSI_returns,0.0
SXP_returns,BTRST_returns,0.0
SXP_returns,SCRT_returns,0.0
SXP_returns,OMI_returns,0.0
SXP_returns,GEOD_returns,0.0
SXP_returns,EDU_returns,0.0
SXP_returns,0x0_returns,0.0
SXP_returns,KUJI_returns,0.0
XVG_returns,CTC_returns,0.0
XVG_returns,MINA_returns,0.0
XVG_returns,DASH_returns,0.0
XVG_returns,SFP_returns,0.0
XVG_returns,BabyDoge_returns,0.0
XVG_returns,SNX_returns,0.0
XVG_returns,TFUEL_returns,0.0
XVG_returns,DCR_returns,0.0
XVG_returns,GLM_returns,0.0
XVG_returns,MX_returns,0.0
XVG_returns,ZIL_returns,0.31550652702347365
XVG_returns,BLUR_returns,0.0
XVG_returns,ROSE_returns,0.0
XVG_returns,CKB_returns,0.0
XVG_returns,TRAC_returns,0.0
XVG_returns,QTUM_returns,0.0
XVG_returns,ORDI_returns,0.0
XVG_returns,LPT_returns,0.0
XVG_returns,MASK_returns,0.0
XVG_returns,ASTR_returns,0.0
XVG_returns,ZRX_returns,0.0
XVG_returns,VTHO_returns,0.0
XVG_returns,ACH_returns,0.0
XVG_returns,BAT_returns,0.0
XVG_returns,CHEEL_returns,-0.001381947047255737
XVG_returns,CHEX_returns,0.1499495822285974
XVG_returns,SNEK_returns,0.0
XVG_returns,BORG_returns,0.0
XVG_returns,KOGE_returns,0.0
XVG_returns,IOTX_returns,0.0
XVG_returns,CELO_returns,0.0
XVG_returns,GAS_returns,0.0
XVG_returns,ONE_returns,0.0
XVG_returns,ID_returns,0.0
XVG_returns,SUSHI_returns,0.0
XVG_returns,CSPR_returns,0.0
XVG_returns,HOT_returns,0.0
XVG_returns,SC_returns,0.0
XVG_returns,YFI_returns,0.0
XVG_returns,RVN_returns,0.33146693395481325
XVG_returns,COW_returns,0.0
XVG_returns,ANKR_returns,0.0
XVG_returns,GOMINING_returns,0.0
XVG_returns,XCH_returns,0.0
XVG_returns,DGB_returns,0.4120861619469075
XVG_returns,T_returns,0.0
XVG_returns,WOO_returns,0.0
XVG_returns,ELF_returns,0.0
XVG_returns,EUL_returns,0.0
XVG_returns,ORCA_returns,0.0
XVG_returns,KDA_returns,0.31683136876023427
XVG_returns,OSMO_returns,0.0
XVG_returns,GMT_returns,0.0
XVG_returns,SNT_returns,0.0
XVG_returns,GMX_returns,0.0
XVG_returns,ENJ_returns,0.0
XVG_returns,XYO_returns,0.0
XVG_returns,POLYX_returns,0.0
XVG_returns,ZIG_returns,0.0
XVG_returns,ZEN_returns,0.0
XVG_returns,COTI_returns,0.0
XVG_returns,WEMIX_returns,0.0
XVG_returns,SKL_returns,0.0
XVG_returns,LCX_returns,0.0
XVG_returns,WAVES_returns,0.0
XVG_returns,CVC_returns,0.0
XVG_returns,SWFTC_returns,0.0
XVG_returns,LUNA_returns,0.0
XVG_returns,HIVE_returns,0.0
XVG_returns,RLB_returns,0.0
XVG_returns,LRC_returns,0.0
XVG_returns,DAG_returns,0.0
XVG_returns,ONT_returns,0.0
XVG_returns,TRB_returns,0.0
XVG_returns,XNO_returns,0.0
XVG_returns,DLC_returns,0.0
XVG_returns,METIS_returns,0.0
XVG_returns,ICX_returns,0.0
XVG_returns,MYTH_returns,-0.022084662948810004
XVG_returns,MPLX_returns,-0.01457762262803256
XVG_returns,SXP_returns,0.0
XVG_returns,XVG_returns,0.0
XVG_returns,PEOPLE_returns,0.0
XVG_returns,AWE_returns,0.0
XVG_returns,REQ_returns,0.0
XVG_returns,STORJ_returns,0.0
XVG_returns,BAND_returns,0.0
XVG_returns,WMTX_returns,0.0
XVG_returns,CFG_returns,0.0
XVG_returns,HONEY_returns,0.0
XVG_returns,PRO_returns,0.0
XVG_returns,PRIME_returns,0.0
XVG_returns,VVS_returns,0.0
XVG_returns,CPOOL_returns,0.0
XVG_returns,YGG_returns,0.0
XVG_returns,SSV_returns,0.0
XVG_returns,CETUS_returns,0.0
XVG_returns,CGPT_returns,0.0
XVG_returns,STIK_returns,-0.06464201962167727
XVG_returns,PHA_returns,0.0
XVG_returns,XVS_returns,0.0
XVG_returns,KUB_returns,0.0
XVG_returns,BICO_returns,0.0
XVG_returns,UMA_returns,0.0
XVG_returns,WAXP_returns,0.0
XVG_returns,XPR_returns,0.0
XVG_returns,RPL_returns,0.0
XVG_returns,PUNDIX_returns,0.0
XVG_returns,FLUX_returns,0.0
XVG_returns,BORA_returns,0.0
XVG_returns,POWR_returns,0.0
XVG_returns,AUDIO_returns,0.0
XVG_returns,PROM_returns,0.0
XVG_returns,IOST_returns,0.0
XVG_returns,ACX_returns,0.0
XVG_returns,ARDR_returns,0.0
XVG_returns,SPELL_returns,0.0
XVG_returns,ORBR_returns,0.0
XVG_returns,LSK_returns,0.0
XVG_returns,XOR_returns,0.0
XVG_returns,GLMR_returns,0.0
XVG_returns,BMX_returns,0.0
XVG_returns,MVL_returns,0.0
XVG_returns,ABT_returns,0.0
XVG_returns,VELO_returns,0.0
XVG_returns,IQ_returns,0.0
XVG_returns,AGI_returns,0.0
XVG_returns,WILD_returns,0.0
XVG_returns,XEM_returns,0.0
XVG_returns,LON_returns,-0.004830617322427934
XVG_returns,POND_returns,0.0
XVG_returns,ACT_returns,0.0
XVG_returns,XRD_returns,0.0
XVG_returns,RLC_returns,0.0
XVG_returns,ILV_returns,0.0
XVG_returns,FIDA_returns,0.0
XVG_returns,BNT_returns,0.0
XVG_returns,DENT_returns,0.3300759000959212
XVG_returns,ORBS_returns,0.0
XVG_returns,ONG_returns,0.0
XVG_returns,CHR_returns,0.0
XVG_returns,HEART_returns,0.0
XVG_returns,VANRY_returns,0.0
XVG_returns,LQTY_returns,0.0
XVG_returns,KEEP_returns,0.0
XVG_returns,DKA_returns,0.0
XVG_returns,ELON_returns,0.0
XVG_returns,ARK_returns,0.0
XVG_returns,MLK_returns,0.0
XVG_returns,AL_returns,0.0
XVG_returns,JOE_returns,0.0
XVG_returns,CELR_returns,0.29972903484137303
XVG_returns,STEEM_returns,0.0
XVG_returns,BAL_returns,0.0
XVG_returns,PCI_returns,0.0
XVG_returns,MOVR_returns,0.0
XVG_returns,AUCTION_returns,0.0
XVG_returns,AERGO_returns,0.0
XVG_returns,MED_returns,0.0
XVG_returns,NMR_returns,0.0
XVG_returns,API3_returns,0.0
XVG_returns,AGLD_returns,0.0
XVG_returns,BONE_returns,0.0
XVG_returns,SLP_returns,0.0
XVG_returns,MTL_returns,0.0
XVG_returns,KNC_returns,0.0
XVG_returns,CTSI_returns,0.0
XVG_returns,BTRST_returns,0.0
XVG_returns,SCRT_returns,0.0
XVG_returns,OMI_returns,0.0
XVG_returns,GEOD_returns,0.0
XVG_returns,EDU_returns,0.0
XVG_returns,0x0_returns,0.0
XVG_returns,KUJI_returns,0.0
PEOPLE_returns,CTC_returns,0.0
PEOPLE_returns,MINA_returns,0.0
PEOPLE_returns,DASH_returns,0.0
PEOPLE_returns,SFP_returns,0.0
PEOPLE_returns,BabyDoge_returns,0.0
PEOPLE_returns,SNX_returns,0.0
PEOPLE_returns,TFUEL_returns,0.0
PEOPLE_returns,DCR_returns,0.0
PEOPLE_returns,GLM_returns,0.0
PEOPLE_returns,MX_returns,0.0
PEOPLE_returns,ZIL_returns,0.0
PEOPLE_returns,BLUR_returns,0.0
PEOPLE_returns,ROSE_returns,0.0
PEOPLE_returns,CKB_returns,0.0
PEOPLE_returns,TRAC_returns,0.0
PEOPLE_returns,QTUM_returns,0.0
PEOPLE_returns,ORDI_returns,0.0
PEOPLE_returns,LPT_returns,0.0
PEOPLE_returns,MASK_returns,0.0
PEOPLE_returns,ASTR_returns,0.0
PEOPLE_returns,ZRX_returns,0.0
PEOPLE_returns,VTHO_returns,0.0
PEOPLE_returns,ACH_returns,0.0
PEOPLE_returns,BAT_returns,0.0
PEOPLE_returns,CHEEL_returns,-0.0562907632579256
PEOPLE_returns,CHEX_returns,0.0
PEOPLE_returns,SNEK_returns,0.0
PEOPLE_returns,BORG_returns,0.0
PEOPLE_returns,KOGE_returns,0.0
PEOPLE_returns,IOTX_returns,0.0
PEOPLE_returns,CELO_returns,0.0
PEOPLE_returns,GAS_returns,0.0
PEOPLE_returns,ONE_returns,0.3053930705600785
PEOPLE_returns,ID_returns,0.0
PEOPLE_returns,SUSHI_returns,0.0
PEOPLE_returns,CSPR_returns,0.0
PEOPLE_returns,HOT_returns,0.0
PEOPLE_returns,SC_returns,0.0
PEOPLE_returns,YFI_returns,0.0
PEOPLE_returns,RVN_returns,0.0
PEOPLE_returns,COW_returns,0.0
PEOPLE_returns,ANKR_returns,0.0
PEOPLE_returns,GOMINING_returns,0.0
PEOPLE_returns,XCH_returns,0.0
PEOPLE_returns,DGB_returns,0.0
PEOPLE_returns,T_returns,0.0
PEOPLE_returns,WOO_returns,0.0
PEOPLE_returns,ELF_returns,0.0
PEOPLE_returns,EUL_returns,0.0
PEOPLE_returns,ORCA_returns,0.0
PEOPLE_returns,KDA_returns,0.0
PEOPLE_returns,OSMO_returns,0.0
PEOPLE_returns,GMT_returns,0.0
PEOPLE_returns,SNT_returns,0.0
PEOPLE_returns,GMX_returns,0.0
PEOPLE_returns,ENJ_returns,0.3037795048408318
PEOPLE_returns,XYO_returns,0.0
PEOPLE_returns,POLYX_returns,0.0
PEOPLE_returns,ZIG_returns,0.0
PEOPLE_returns,ZEN_returns,0.0
PEOPLE_returns,COTI_returns,0.0
PEOPLE_returns,WEMIX_returns,0.0
PEOPLE_returns,SKL_returns,0.0
PEOPLE_returns,LCX_returns,0.0
PEOPLE_returns,WAVES_returns,0.0
PEOPLE_returns,CVC_returns,0.0
PEOPLE_returns,SWFTC_returns,0.0
PEOPLE_returns,LUNA_returns,0.0
PEOPLE_returns,HIVE_returns,0.0
PEOPLE_returns,RLB_returns,0.0
PEOPLE_returns,LRC_returns,0.0
PEOPLE_returns,DAG_returns,0.0
PEOPLE_returns,ONT_returns,0.0
PEOPLE_returns,TRB_returns,0.0
PEOPLE_returns,XNO_returns,0.0
PEOPLE_returns,DLC_returns,0.0
PEOPLE_returns,METIS_returns,0.0
PEOPLE_returns,ICX_returns,0.0
PEOPLE_returns,MYTH_returns,0.0
PEOPLE_returns,MPLX_returns,-0.03128786485928141
PEOPLE_returns,SXP_returns,0.0
PEOPLE_returns,XVG_returns,0.0
PEOPLE_returns,PEOPLE_returns,0.0
PEOPLE_returns,AWE_returns,0.0
PEOPLE_returns,REQ_returns,0.0
PEOPLE_returns,STORJ_returns,0.0
PEOPLE_returns,BAND_returns,0.3303883554789543
PEOPLE_returns,WMTX_returns,0.0
PEOPLE_returns,CFG_returns,0.0
PEOPLE_returns,HONEY_returns,0.0
PEOPLE_returns,PRO_returns,0.0
PEOPLE_returns,PRIME_returns,0.0
PEOPLE_returns,VVS_returns,0.0
PEOPLE_returns,CPOOL_returns,0.0
PEOPLE_returns,YGG_returns,0.3254870602923829
PEOPLE_returns,SSV_returns,0.29711492649296745
PEOPLE_returns,CETUS_returns,0.0
PEOPLE_returns,CGPT_returns,0.0
PEOPLE_returns,STIK_returns,-0.09341597978979085
PEOPLE_returns,PHA_returns,0.0
PEOPLE_returns,XVS_returns,0.0
PEOPLE_returns,KUB_returns,0.0
PEOPLE_returns,BICO_returns,0.0
PEOPLE_returns,UMA_returns,0.0
PEOPLE_returns,WAXP_returns,0.0
PEOPLE_returns,XPR_returns,0.0
PEOPLE_returns,RPL_returns,0.0
PEOPLE_returns,PUNDIX_returns,0.0
PEOPLE_returns,FLUX_returns,0.0
PEOPLE_returns,BORA_returns,0.0
PEOPLE_returns,POWR_returns,0.0
PEOPLE_returns,AUDIO_returns,0.0
PEOPLE_returns,PROM_returns,0.0
PEOPLE_returns,IOST_returns,0.0
PEOPLE_returns,ACX_returns,0.0
PEOPLE_returns,ARDR_returns,0.0
PEOPLE_returns,SPELL_returns,0.0
PEOPLE_returns,ORBR_returns,0.0
PEOPLE_returns,LSK_returns,0.0
PEOPLE_returns,XOR_returns,0.0
PEOPLE_returns,GLMR_returns,0.0
PEOPLE_returns,BMX_returns,-0.08251136989146876
PEOPLE_returns,MVL_returns,0.0
PEOPLE_returns,ABT_returns,0.0
PEOPLE_returns,VELO_returns,0.0
PEOPLE_returns,IQ_returns,0.0
PEOPLE_returns,AGI_returns,0.0
PEOPLE_returns,WILD_returns,0.0
PEOPLE_returns,XEM_returns,0.0
PEOPLE_returns,LON_returns,-0.04185088471581764
PEOPLE_returns,POND_returns,0.0
PEOPLE_returns,ACT_returns,0.0
PEOPLE_returns,XRD_returns,0.0
PEOPLE_returns,RLC_returns,0.0
PEOPLE_returns,ILV_returns,0.0
PEOPLE_returns,FIDA_returns,0.0
PEOPLE_returns,BNT_returns,0.0
PEOPLE_returns,DENT_returns,0.0
PEOPLE_returns,ORBS_returns,0.0
PEOPLE_returns,ONG_returns,0.0
PEOPLE_returns,CHR_returns,0.0
PEOPLE_returns,HEART_returns,0.0
PEOPLE_returns,VANRY_returns,0.0
PEOPLE_returns,LQTY_returns,0.0
PEOPLE_returns,KEEP_returns,0.0
PEOPLE_returns,DKA_returns,0.0
PEOPLE_returns,ELON_returns,0.0
PEOPLE_returns,ARK_returns,0.0
PEOPLE_returns,MLK_returns,0.0
PEOPLE_returns,AL_returns,0.0
PEOPLE_returns,JOE_returns,0.0
PEOPLE_returns,CELR_returns,0.0
PEOPLE_returns,STEEM_returns,0.0
PEOPLE_returns,BAL_returns,0.0
PEOPLE_returns,PCI_returns,-0.02440189302602586
PEOPLE_returns,MOVR_returns,0.0
PEOPLE_returns,AUCTION_returns,0.0
PEOPLE_returns,AERGO_returns,0.0
PEOPLE_returns,MED_returns,0.0
PEOPLE_returns,NMR_returns,0.0
PEOPLE_returns,API3_returns,0.0
PEOPLE_returns,AGLD_returns,0.0
PEOPLE_returns,BONE_returns,0.0
PEOPLE_returns,SLP_returns,0.0
PEOPLE_returns,MTL_returns,0.0
PEOPLE_returns,KNC_returns,0.0
PEOPLE_returns,CTSI_returns,0.0
PEOPLE_returns,BTRST_returns,0.0
PEOPLE_returns,SCRT_returns,0.0
PEOPLE_returns,OMI_returns,0.0
PEOPLE_returns,GEOD_returns,0.0
PEOPLE_returns,EDU_returns,0.3134472467433449
PEOPLE_returns,0x0_returns,0.0
PEOPLE_returns,KUJI_returns,0.0
AWE_returns,CTC_returns,0.0
AWE_returns,MINA_returns,0.0
AWE_returns,DASH_returns,0.0
AWE_returns,SFP_returns,0.0
AWE_returns,BabyDoge_returns,0.0
AWE_returns,SNX_returns,0.0
AWE_returns,TFUEL_returns,0.0
AWE_returns,DCR_returns,0.0
AWE_returns,GLM_returns,0.0
AWE_returns,MX_returns,0.0
AWE_returns,ZIL_returns,0.0
AWE_returns,BLUR_returns,0.0
AWE_returns,ROSE_returns,0.0
AWE_returns,CKB_returns,0.0
AWE_returns,TRAC_returns,0.0
AWE_returns,QTUM_returns,0.0
AWE_returns,ORDI_returns,0.0
AWE_returns,LPT_returns,0.0
AWE_returns,MASK_returns,0.0
AWE_returns,ASTR_returns,0.0
AWE_returns,ZRX_returns,0.0
AWE_returns,VTHO_returns,0.0
AWE_returns,ACH_returns,0.0
AWE_returns,BAT_returns,0.0
AWE_returns,CHEEL_returns,0.0
AWE_returns,CHEX_returns,0.0
AWE_returns,SNEK_returns,0.0
AWE_returns,BORG_returns,0.0
AWE_returns,KOGE_returns,0.0
AWE_returns,IOTX_returns,0.0
AWE_returns,CELO_returns,0.0
AWE_returns,GAS_returns,0.0
AWE_returns,ONE_returns,0.0
AWE_returns,ID_returns,0.0
AWE_returns,SUSHI_returns,0.0
AWE_returns,CSPR_returns,0.0
AWE_returns,HOT_returns,0.0
AWE_returns,SC_returns,0.0
AWE_returns,YFI_returns,0.0
AWE_returns,RVN_returns,0.0
AWE_returns,COW_returns,0.0
AWE_returns,ANKR_returns,0.0
AWE_returns,GOMINING_returns,0.0
AWE_returns,XCH_returns,0.0
AWE_returns,DGB_returns,0.0
AWE_returns,T_returns,0.0
AWE_returns,WOO_returns,0.0
AWE_returns,ELF_returns,0.0
AWE_returns,EUL_returns,0.0
AWE_returns,ORCA_returns,0.0
AWE_returns,KDA_returns,0.0
AWE_returns,OSMO_returns,0.0
AWE_returns,GMT_returns,0.0
AWE_returns,SNT_returns,0.0
AWE_returns,GMX_returns,0.0
AWE_returns,ENJ_returns,0.0
AWE_returns,XYO_returns,0.0
AWE_returns,POLYX_returns,0.0
AWE_returns,ZIG_returns,0.0
AWE_returns,ZEN_returns,0.0
AWE_returns,COTI_returns,0.0
AWE_returns,WEMIX_returns,0.0
AWE_returns,SKL_returns,0.0
AWE_returns,LCX_returns,0.0
AWE_returns,WAVES_returns,0.0
AWE_returns,CVC_returns,0.0
AWE_returns,SWFTC_returns,-0.005875510281430927
AWE_returns,LUNA_returns,0.0
AWE_returns,HIVE_returns,0.0
AWE_returns,RLB_returns,0.0
AWE_returns,LRC_returns,0.0
AWE_returns,DAG_returns,0.0
AWE_returns,ONT_returns,0.0
AWE_returns,TRB_returns,0.0
AWE_returns,XNO_returns,0.0
AWE_returns,DLC_returns,0.0
AWE_returns,METIS_returns,0.0
AWE_returns,ICX_returns,0.3526069618431392
AWE_returns,MYTH_returns,0.0
AWE_returns,MPLX_returns,0.0
AWE_returns,SXP_returns,0.0
AWE_returns,XVG_returns,0.0
AWE_returns,PEOPLE_returns,0.0
AWE_returns,AWE_returns,0.0
AWE_returns,REQ_returns,0.0
AWE_returns,STORJ_returns,0.0
AWE_returns,BAND_returns,0.0
AWE_returns,WMTX_returns,0.0
AWE_returns,CFG_returns,0.0
AWE_returns,HONEY_returns,0.0
AWE_returns,PRO_returns,0.0
AWE_returns,PRIME_returns,0.0
AWE_returns,VVS_returns,0.0
AWE_returns,CPOOL_returns,0.0
AWE_returns,YGG_returns,0.0
AWE_returns,SSV_returns,0.0
AWE_returns,CETUS_returns,0.0
AWE_returns,CGPT_returns,0.0
AWE_returns,STIK_returns,0.0
AWE_returns,PHA_returns,0.0
AWE_returns,XVS_returns,0.0
AWE_returns,KUB_returns,0.0
AWE_returns,BICO_returns,0.0
AWE_returns,UMA_returns,0.0
AWE_returns,WAXP_returns,0.40121604253401855
AWE_returns,XPR_returns,0.0
AWE_returns,RPL_returns,0.0
AWE_returns,PUNDIX_returns,0.0
AWE_returns,FLUX_returns,0.0
AWE_returns,BORA_returns,0.3357373639735384
AWE_returns,POWR_returns,0.0
AWE_returns,AUDIO_returns,0.0
AWE_returns,PROM_returns,0.0
AWE_returns,IOST_returns,0.0
AWE_returns,ACX_returns,0.0
AWE_returns,ARDR_returns,0.0
AWE_returns,SPELL_returns,0.0
AWE_returns,ORBR_returns,0.0
AWE_returns,LSK_returns,0.0
AWE_returns,XOR_returns,-0.025771094378391313
AWE_returns,GLMR_returns,0.0
AWE_returns,BMX_returns,0.0
AWE_returns,MVL_returns,0.0
AWE_returns,ABT_returns,0.0
AWE_returns,VELO_returns,0.0
AWE_returns,IQ_returns,0.0
AWE_returns,AGI_returns,0.0
AWE_returns,WILD_returns,0.0
AWE_returns,XEM_returns,0.0
AWE_returns,LON_returns,0.0
AWE_returns,POND_returns,0.0
AWE_returns,ACT_returns,0.0
AWE_returns,XRD_returns,0.0
AWE_returns,RLC_returns,0.0
AWE_returns,ILV_returns,0.0
AWE_returns,FIDA_returns,0.0
AWE_returns,BNT_returns,0.0
AWE_returns,DENT_returns,0.0
AWE_returns,ORBS_returns,0.0
AWE_returns,ONG_returns,0.0
AWE_returns,CHR_returns,0.0
AWE_returns,HEART_returns,0.0
AWE_returns,VANRY_returns,0.0
AWE_returns,LQTY_returns,0.0
AWE_returns,KEEP_returns,0.0
AWE_returns,DKA_returns,0.37367375556586935
AWE_returns,ELON_returns,0.0
AWE_returns,ARK_returns,0.0
AWE_returns,MLK_returns,0.0
AWE_returns,AL_returns,0.0
AWE_returns,JOE_returns,0.0
AWE_returns,CELR_returns,0.0
AWE_returns,STEEM_returns,0.0
AWE_returns,BAL_returns,0.0
AWE_returns,PCI_returns,0.0
AWE_returns,MOVR_returns,0.0
AWE_returns,AUCTION_returns,0.0
AWE_returns,AERGO_returns,0.0
AWE_returns,MED_returns,0.39760996573029067
AWE_returns,NMR_returns,0.0
AWE_returns,API3_returns,0.0
AWE_returns,AGLD_returns,0.0
AWE_returns,BONE_returns,0.0
AWE_returns,SLP_returns,0.0
AWE_returns,MTL_returns,0.0
AWE_returns,KNC_returns,0.36353299699345887
AWE_returns,CTSI_returns,0.0
AWE_returns,BTRST_returns,0.0
AWE_returns,SCRT_returns,0.0
AWE_returns,OMI_returns,0.0
AWE_returns,GEOD_returns,0.0
AWE_returns,EDU_returns,0.0
AWE_returns,0x0_returns,-0.030845570447167715
AWE_returns,KUJI_returns,0.0
REQ_returns,CTC_returns,0.0
REQ_returns,MINA_returns,0.0
REQ_returns,DASH_returns,0.338520834653977
REQ_returns,SFP_returns,0.0
REQ_returns,BabyDoge_returns,0.0
REQ_returns,SNX_returns,0.0
REQ_returns,TFUEL_returns,0.0
REQ_returns,DCR_returns,0.0
REQ_returns,GLM_returns,0.0
REQ_returns,MX_returns,0.0
REQ_returns,ZIL_returns,0.3449553556803736
REQ_returns,BLUR_returns,0.0
REQ_returns,ROSE_returns,0.0
REQ_returns,CKB_returns,0.0
REQ_returns,TRAC_returns,0.0
REQ_returns,QTUM_returns,0.0
REQ_returns,ORDI_returns,0.0
REQ_returns,LPT_returns,0.0
REQ_returns,MASK_returns,0.0
REQ_returns,ASTR_returns,0.0
REQ_returns,ZRX_returns,0.0
REQ_returns,VTHO_returns,0.0
REQ_returns,ACH_returns,0.0
REQ_returns,BAT_returns,0.36212696737981676
REQ_returns,CHEEL_returns,0.0
REQ_returns,CHEX_returns,0.0
REQ_returns,SNEK_returns,0.0
REQ_returns,BORG_returns,0.0
REQ_returns,KOGE_returns,0.0
REQ_returns,IOTX_returns,0.0
REQ_returns,CELO_returns,0.0
REQ_returns,GAS_returns,0.0
REQ_returns,ONE_returns,0.0
REQ_returns,ID_returns,0.0
REQ_returns,SUSHI_returns,0.0
REQ_returns,CSPR_returns,0.0
REQ_returns,HOT_returns,0.0
REQ_returns,SC_returns,0.0
REQ_returns,YFI_returns,0.0
REQ_returns,RVN_returns,0.3714889673924837
REQ_returns,COW_returns,0.0
REQ_returns,ANKR_returns,0.3599720122499189
REQ_returns,GOMINING_returns,0.0
REQ_returns,XCH_returns,0.0
REQ_returns,DGB_returns,0.0
REQ_returns,T_returns,0.0
REQ_returns,WOO_returns,0.0
REQ_returns,ELF_returns,0.0
REQ_returns,EUL_returns,0.0
REQ_returns,ORCA_returns,0.0
REQ_returns,KDA_returns,0.0
REQ_returns,OSMO_returns,0.0
REQ_returns,GMT_returns,0.0
REQ_returns,SNT_returns,0.0
REQ_returns,GMX_returns,0.0
REQ_returns,ENJ_returns,0.0
REQ_returns,XYO_returns,0.0
REQ_returns,POLYX_returns,0.0
REQ_returns,ZIG_returns,0.0
REQ_returns,ZEN_returns,0.0
REQ_returns,COTI_returns,0.0
REQ_returns,WEMIX_returns,0.0
REQ_returns,SKL_returns,0.0
REQ_returns,LCX_returns,0.0
REQ_returns,WAVES_returns,0.0
REQ_returns,CVC_returns,0.0
REQ_returns,SWFTC_returns,0.0
REQ_returns,LUNA_returns,0.0
REQ_returns,HIVE_returns,0.0
REQ_returns,RLB_returns,0.0
REQ_returns,LRC_returns,0.0
REQ_returns,DAG_returns,0.0
REQ_returns,ONT_returns,0.0
REQ_returns,TRB_returns,0.0
REQ_returns,XNO_returns,0.0
REQ_returns,DLC_returns,0.0
REQ_returns,METIS_returns,0.0
REQ_returns,ICX_returns,0.0
REQ_returns,MYTH_returns,0.0
REQ_returns,MPLX_returns,0.0
REQ_returns,SXP_returns,0.0
REQ_returns,XVG_returns,0.0
REQ_returns,PEOPLE_returns,0.0
REQ_returns,AWE_returns,0.0
REQ_returns,REQ_returns,0.0
REQ_returns,STORJ_returns,0.0
REQ_returns,BAND_returns,0.0
REQ_returns,WMTX_returns,0.0
REQ_returns,CFG_returns,0.0
REQ_returns,HONEY_returns,0.0
REQ_returns,PRO_returns,0.0
REQ_returns,PRIME_returns,0.0
REQ_returns,VVS_returns,0.0
REQ_returns,CPOOL_returns,0.0
REQ_returns,YGG_returns,0.0
REQ_returns,SSV_returns,0.0
REQ_returns,CETUS_returns,0.0
REQ_returns,CGPT_returns,0.0
REQ_returns,STIK_returns,0.0
REQ_returns,PHA_returns,0.0
REQ_returns,XVS_returns,0.0
REQ_returns,KUB_returns,0.0
REQ_returns,BICO_returns,0.0
REQ_returns,UMA_returns,0.0
REQ_returns,WAXP_returns,0.0
REQ_returns,XPR_returns,0.0
REQ_returns,RPL_returns,0.0
REQ_returns,PUNDIX_returns,0.0
REQ_returns,FLUX_returns,0.0
REQ_returns,BORA_returns,0.0
REQ_returns,POWR_returns,0.0
REQ_returns,AUDIO_returns,0.0
REQ_returns,PROM_returns,0.2626249447895667
REQ_returns,IOST_returns,0.36298446427677566
REQ_returns,ACX_returns,0.0
REQ_returns,ARDR_returns,0.0
REQ_returns,SPELL_returns,0.0
REQ_returns,ORBR_returns,0.0
REQ_returns,LSK_returns,0.0
REQ_returns,XOR_returns,-0.04811204620081221
REQ_returns,GLMR_returns,0.0
REQ_returns,BMX_returns,0.0
REQ_returns,MVL_returns,0.0
REQ_returns,ABT_returns,0.0
REQ_returns,VELO_returns,0.0
REQ_returns,IQ_returns,0.0
REQ_returns,AGI_returns,0.0
REQ_returns,WILD_returns,-0.023478525977861715
REQ_returns,XEM_returns,0.0
REQ_returns,LON_returns,0.0
REQ_returns,POND_returns,0.0
REQ_returns,ACT_returns,0.0
REQ_returns,XRD_returns,0.0
REQ_returns,RLC_returns,0.0
REQ_returns,ILV_returns,0.0
REQ_returns,FIDA_returns,0.0
REQ_returns,BNT_returns,0.0
REQ_returns,DENT_returns,0.0
REQ_returns,ORBS_returns,0.0
REQ_returns,ONG_returns,0.0
REQ_returns,CHR_returns,0.0
REQ_returns,HEART_returns,0.0
REQ_returns,VANRY_returns,0.0
REQ_returns,LQTY_returns,0.0
REQ_returns,KEEP_returns,0.0
REQ_returns,DKA_returns,0.0
REQ_returns,ELON_returns,0.0
REQ_returns,ARK_returns,0.0
REQ_returns,MLK_returns,0.0
REQ_returns,AL_returns,0.0
REQ_returns,JOE_returns,0.0
REQ_returns,CELR_returns,0.0
REQ_returns,STEEM_returns,0.0
REQ_returns,BAL_returns,0.0
REQ_returns,PCI_returns,0.0
REQ_returns,MOVR_returns,0.0
REQ_returns,AUCTION_returns,0.0
REQ_returns,AERGO_returns,0.0
REQ_returns,MED_returns,0.0
REQ_returns,NMR_returns,0.0
REQ_returns,API3_returns,0.0
REQ_returns,AGLD_returns,0.0
REQ_returns,BONE_returns,0.0
REQ_returns,SLP_returns,0.0
REQ_returns,MTL_returns,0.0
REQ_returns,KNC_returns,0.0
REQ_returns,CTSI_returns,0.0
REQ_returns,BTRST_returns,0.0
REQ_returns,SCRT_returns,0.0
REQ_returns,OMI_returns,0.0
REQ_returns,GEOD_returns,0.0
REQ_returns,EDU_returns,0.0
REQ_returns,0x0_returns,0.0
REQ_returns,KUJI_returns,0.0
STORJ_returns,CTC_returns,0.0
STORJ_returns,MINA_returns,0.0
STORJ_returns,DASH_returns,0.0
STORJ_returns,SFP_returns,0.0
STORJ_returns,BabyDoge_returns,0.0
STORJ_returns,SNX_returns,0.0
STORJ_returns,TFUEL_returns,0.0
STORJ_returns,DCR_returns,0.0
STORJ_returns,GLM_returns,0.0
STORJ_returns,MX_returns,0.0
STORJ_returns,ZIL_returns,0.43840975310632646
STORJ_returns,BLUR_returns,0.0
STORJ_returns,ROSE_returns,0.0
STORJ_returns,CKB_returns,0.0
STORJ_returns,TRAC_returns,0.0
STORJ_returns,QTUM_returns,0.0
STORJ_returns,ORDI_returns,0.0
STORJ_returns,LPT_returns,0.0
STORJ_returns,MASK_returns,0.0
STORJ_returns,ASTR_returns,0.0
STORJ_returns,ZRX_returns,0.0
STORJ_returns,VTHO_returns,0.0
STORJ_returns,ACH_returns,0.0
STORJ_returns,BAT_returns,0.44323735455416585
STORJ_returns,CHEEL_returns,0.0
STORJ_returns,CHEX_returns,-0.003474749284156782
STORJ_returns,SNEK_returns,0.0
STORJ_returns,BORG_returns,0.0
STORJ_returns,KOGE_returns,0.0
STORJ_returns,IOTX_returns,0.0
STORJ_returns,CELO_returns,0.0
STORJ_returns,GAS_returns,0.0
STORJ_returns,ONE_returns,0.0
STORJ_returns,ID_returns,0.0
STORJ_returns,SUSHI_returns,0.0
STORJ_returns,CSPR_returns,0.0
STORJ_returns,HOT_returns,0.0
STORJ_returns,SC_returns,0.0
STORJ_returns,YFI_returns,0.0
STORJ_returns,RVN_returns,0.0
STORJ_returns,COW_returns,0.0
STORJ_returns,ANKR_returns,0.44274093095083816
STORJ_returns,GOMINING_returns,0.0
STORJ_returns,XCH_returns,0.0
STORJ_returns,DGB_returns,0.0
STORJ_returns,T_returns,0.0
STORJ_returns,WOO_returns,0.0
STORJ_returns,ELF_returns,0.0
STORJ_returns,EUL_returns,0.0
STORJ_returns,ORCA_returns,0.0
STORJ_returns,KDA_returns,0.0
STORJ_returns,OSMO_returns,0.0
STORJ_returns,GMT_returns,0.0
STORJ_returns,SNT_returns,0.0
STORJ_returns,GMX_returns,0.0
STORJ_returns,ENJ_returns,0.0
STORJ_returns,XYO_returns,0.0
STORJ_returns,POLYX_returns,0.0
STORJ_returns,ZIG_returns,0.0
STORJ_returns,ZEN_returns,0.0
STORJ_returns,COTI_returns,0.0
STORJ_returns,WEMIX_returns,0.0
STORJ_returns,SKL_returns,0.0
STORJ_returns,LCX_returns,0.0
STORJ_returns,WAVES_returns,0.0
STORJ_returns,CVC_returns,0.0
STORJ_returns,SWFTC_returns,0.0
STORJ_returns,LUNA_returns,0.0
STORJ_returns,HIVE_returns,0.0
STORJ_returns,RLB_returns,0.0
STORJ_returns,LRC_returns,0.0
STORJ_returns,DAG_returns,0.0
STORJ_returns,ONT_returns,0.0
STORJ_returns,TRB_returns,0.0
STORJ_returns,XNO_returns,0.0
STORJ_returns,DLC_returns,0.0
STORJ_returns,METIS_returns,0.0
STORJ_returns,ICX_returns,0.4165003605640763
STORJ_returns,MYTH_returns,0.0
STORJ_returns,MPLX_returns,0.0
STORJ_returns,SXP_returns,0.0
STORJ_returns,XVG_returns,0.0
STORJ_returns,PEOPLE_returns,0.0
STORJ_returns,AWE_returns,0.0
STORJ_returns,REQ_returns,0.0
STORJ_returns,STORJ_returns,0.0
STORJ_returns,BAND_returns,0.0
STORJ_returns,WMTX_returns,0.0
STORJ_returns,CFG_returns,0.0
STORJ_returns,HONEY_returns,0.0
STORJ_returns,PRO_returns,0.0
STORJ_returns,PRIME_returns,0.0
STORJ_returns,VVS_returns,0.0
STORJ_returns,CPOOL_returns,0.0
STORJ_returns,YGG_returns,0.0
STORJ_returns,SSV_returns,0.0
STORJ_returns,CETUS_returns,0.0
STORJ_returns,CGPT_returns,0.0
STORJ_returns,STIK_returns,0.0
STORJ_returns,PHA_returns,0.0
STORJ_returns,XVS_returns,0.0
STORJ_returns,KUB_returns,0.0
STORJ_returns,BICO_returns,0.0
STORJ_returns,UMA_returns,0.0
STORJ_returns,WAXP_returns,0.3852817260037212
STORJ_returns,XPR_returns,0.0
STORJ_returns,RPL_returns,0.0
STORJ_returns,PUNDIX_returns,0.0
STORJ_returns,FLUX_returns,0.0
STORJ_returns,BORA_returns,0.0
STORJ_returns,POWR_returns,0.0
STORJ_returns,AUDIO_returns,0.0
STORJ_returns,PROM_returns,0.0
STORJ_returns,IOST_returns,0.39067933143861444
STORJ_returns,ACX_returns,0.0
STORJ_returns,ARDR_returns,0.0
STORJ_returns,SPELL_returns,0.0
STORJ_returns,ORBR_returns,0.0
STORJ_returns,LSK_returns,0.0
STORJ_returns,XOR_returns,-0.00021915372385674397
STORJ_returns,GLMR_returns,0.0
STORJ_returns,BMX_returns,0.0
STORJ_returns,MVL_returns,0.0
STORJ_returns,ABT_returns,0.0
STORJ_returns,VELO_returns,0.0
STORJ_returns,IQ_returns,0.0
STORJ_returns,AGI_returns,0.0
STORJ_returns,WILD_returns,0.0
STORJ_returns,XEM_returns,0.0
STORJ_returns,LON_returns,0.0
STORJ_returns,POND_returns,0.0
STORJ_returns,ACT_returns,0.0
STORJ_returns,XRD_returns,0.0
STORJ_returns,RLC_returns,0.0
STORJ_returns,ILV_returns,0.0
STORJ_returns,FIDA_returns,0.0
STORJ_returns,BNT_returns,0.0
STORJ_returns,DENT_returns,0.0
STORJ_returns,ORBS_returns,0.0
STORJ_returns,ONG_returns,0.0
STORJ_returns,CHR_returns,0.0
STORJ_returns,HEART_returns,0.0
STORJ_returns,VANRY_returns,0.0
STORJ_returns,LQTY_returns,0.0
STORJ_returns,KEEP_returns,0.0
STORJ_returns,DKA_returns,0.0
STORJ_returns,ELON_returns,0.0
STORJ_returns,ARK_returns,0.0
STORJ_returns,MLK_returns,0.0
STORJ_returns,AL_returns,0.0
STORJ_returns,JOE_returns,0.0
STORJ_returns,CELR_returns,0.0
STORJ_returns,STEEM_returns,0.0
STORJ_returns,BAL_returns,0.0
STORJ_returns,PCI_returns,0.0
STORJ_returns,MOVR_returns,0.0
STORJ_returns,AUCTION_returns,0.0
STORJ_returns,AERGO_returns,0.0
STORJ_returns,MED_returns,0.0
STORJ_returns,NMR_returns,0.0
STORJ_returns,API3_returns,0.0
STORJ_returns,AGLD_returns,0.0
STORJ_returns,BONE_returns,0.0
STORJ_returns,SLP_returns,0.0
STORJ_returns,MTL_returns,0.0
STORJ_returns,KNC_returns,0.0
STORJ_returns,CTSI_returns,0.0
STORJ_returns,BTRST_returns,0.0
STORJ_returns,SCRT_returns,0.0
STORJ_returns,OMI_returns,0.0
STORJ_returns,GEOD_returns,0.0
STORJ_returns,EDU_returns,0.0
STORJ_returns,0x0_returns,0.0
STORJ_returns,KUJI_returns,0.0
BAND_returns,CTC_returns,0.0
BAND_returns,MINA_returns,0.0
BAND_returns,DASH_returns,0.0
BAND_returns,SFP_returns,0.0
BAND_returns,BabyDoge_returns,0.0
BAND_returns,SNX_returns,0.0
BAND_returns,TFUEL_returns,0.0
BAND_returns,DCR_returns,0.0
BAND_returns,GLM_returns,0.0
BAND_returns,MX_returns,0.0
BAND_returns,ZIL_returns,0.5684898115692105
BAND_returns,BLUR_returns,0.42771100563319947
BAND_returns,ROSE_returns,0.0
BAND_returns,CKB_returns,0.0
BAND_returns,TRAC_returns,0.0
BAND_returns,QTUM_returns,0.0
BAND_returns,ORDI_returns,0.2734966399328002
BAND_returns,LPT_returns,0.0
BAND_returns,MASK_returns,0.3834258323402829
BAND_returns,ASTR_returns,0.0
BAND_returns,ZRX_returns,0.0
BAND_returns,VTHO_returns,0.0
BAND_returns,ACH_returns,0.0
BAND_returns,BAT_returns,0.5787927305415551
BAND_returns,CHEEL_returns,0.0
BAND_returns,CHEX_returns,0.0
BAND_returns,SNEK_returns,0.0
BAND_returns,BORG_returns,0.0
BAND_returns,KOGE_returns,0.0
BAND_returns,IOTX_returns,0.0
BAND_returns,CELO_returns,0.0
BAND_returns,GAS_returns,0.0
BAND_returns,ONE_returns,0.0
BAND_returns,ID_returns,0.40264522484261833
BAND_returns,SUSHI_returns,0.0
BAND_returns,CSPR_returns,0.0
BAND_returns,HOT_returns,0.5274542982575895
BAND_returns,SC_returns,0.0
BAND_returns,YFI_returns,0.0
BAND_returns,RVN_returns,0.0
BAND_returns,COW_returns,0.0
BAND_returns,ANKR_returns,0.0
BAND_returns,GOMINING_returns,0.0
BAND_returns,XCH_returns,0.0
BAND_returns,DGB_returns,0.0
BAND_returns,T_returns,0.0
BAND_returns,WOO_returns,0.0
BAND_returns,ELF_returns,0.0
BAND_returns,EUL_returns,0.0
BAND_returns,ORCA_returns,0.0
BAND_returns,KDA_returns,0.0
BAND_returns,OSMO_returns,0.0
BAND_returns,GMT_returns,0.0
BAND_returns,SNT_returns,0.0
BAND_returns,GMX_returns,0.3811361162495691
BAND_returns,ENJ_returns,0.5573425628320096
BAND_returns,XYO_returns,0.0
BAND_returns,POLYX_returns,0.0
BAND_returns,ZIG_returns,0.0
BAND_returns,ZEN_returns,0.0
BAND_returns,COTI_returns,0.0
BAND_returns,WEMIX_returns,0.0
BAND_returns,SKL_returns,0.4148970378305116
BAND_returns,LCX_returns,0.0
BAND_returns,WAVES_returns,0.0
BAND_returns,CVC_returns,0.0
BAND_returns,SWFTC_returns,0.0
BAND_returns,LUNA_returns,0.0
BAND_returns,HIVE_returns,0.0
BAND_returns,RLB_returns,0.0
BAND_returns,LRC_returns,0.5569818113337919
BAND_returns,DAG_returns,0.0
BAND_returns,ONT_returns,0.0
BAND_returns,TRB_returns,0.34090482009838446
BAND_returns,XNO_returns,0.0
BAND_returns,DLC_returns,0.0
BAND_returns,METIS_returns,0.0
BAND_returns,ICX_returns,0.5355266575660304
BAND_returns,MYTH_returns,0.0
BAND_returns,MPLX_returns,0.0
BAND_returns,SXP_returns,0.0
BAND_returns,XVG_returns,0.0
BAND_returns,PEOPLE_returns,0.3303883554789543
BAND_returns,AWE_returns,0.0
BAND_returns,REQ_returns,0.0
BAND_returns,STORJ_returns,0.0
BAND_returns,BAND_returns,0.0
BAND_returns,WMTX_returns,0.0
BAND_returns,CFG_returns,0.0
BAND_returns,HONEY_returns,0.0
BAND_returns,PRO_returns,0.0
BAND_returns,PRIME_returns,0.0
BAND_returns,VVS_returns,0.0
BAND_returns,CPOOL_returns,0.0
BAND_returns,YGG_returns,0.42738000443578544
BAND_returns,SSV_returns,0.0
BAND_returns,CETUS_returns,0.0
BAND_returns,CGPT_returns,0.0
BAND_returns,STIK_returns,-0.005788119403030318
BAND_returns,PHA_returns,0.0
BAND_returns,XVS_returns,0.39713599244751663
BAND_returns,KUB_returns,0.0
BAND_returns,BICO_returns,0.4103427075977511
BAND_returns,UMA_returns,0.3577522822749403
BAND_returns,WAXP_returns,0.0
BAND_returns,XPR_returns,0.0
BAND_returns,RPL_returns,0.0
BAND_returns,PUNDIX_returns,0.0
BAND_returns,FLUX_returns,0.0
BAND_returns,BORA_returns,0.0
BAND_returns,POWR_returns,0.0
BAND_returns,AUDIO_returns,0.0
BAND_returns,PROM_returns,0.0
BAND_returns,IOST_returns,0.0
BAND_returns,ACX_returns,0.0
BAND_returns,ARDR_returns,0.0
BAND_returns,SPELL_returns,0.0
BAND_returns,ORBR_returns,0.0
BAND_returns,LSK_returns,0.0
BAND_returns,XOR_returns,0.0
BAND_returns,GLMR_returns,0.0
BAND_returns,BMX_returns,0.0
BAND_returns,MVL_returns,0.0
BAND_returns,ABT_returns,0.0
BAND_returns,VELO_returns,0.0
BAND_returns,IQ_returns,0.0
BAND_returns,AGI_returns,0.0
BAND_returns,WILD_returns,0.0
BAND_returns,XEM_returns,0.0
BAND_returns,LON_returns,0.0
BAND_returns,POND_returns,0.0
BAND_returns,ACT_returns,0.0
BAND_returns,XRD_returns,0.0
BAND_returns,RLC_returns,0.0
BAND_returns,ILV_returns,0.0
BAND_returns,FIDA_returns,0.0
BAND_returns,BNT_returns,0.2924923617323698
BAND_returns,DENT_returns,0.554765829406956
BAND_returns,ORBS_returns,0.0
BAND_returns,ONG_returns,0.0
BAND_returns,CHR_returns,0.0
BAND_returns,HEART_returns,0.0
BAND_returns,VANRY_returns,0.0
BAND_returns,LQTY_returns,0.33511582071886553
BAND_returns,KEEP_returns,0.0
BAND_returns,DKA_returns,0.0
BAND_returns,ELON_returns,0.0
BAND_returns,ARK_returns,0.0
BAND_returns,MLK_returns,0.0
BAND_returns,AL_returns,0.2647447671498534
BAND_returns,JOE_returns,0.0
BAND_returns,CELR_returns,0.0
BAND_returns,STEEM_returns,0.0
BAND_returns,BAL_returns,0.0
BAND_returns,PCI_returns,0.0
BAND_returns,MOVR_returns,0.0
BAND_returns,AUCTION_returns,0.0
BAND_returns,AERGO_returns,0.0
BAND_returns,MED_returns,0.0
BAND_returns,NMR_returns,0.0
BAND_returns,API3_returns,0.4573725655272036
BAND_returns,AGLD_returns,0.0
BAND_returns,BONE_returns,0.0
BAND_returns,SLP_returns,0.0
BAND_returns,MTL_returns,0.0
BAND_returns,KNC_returns,0.0
BAND_returns,CTSI_returns,0.0
BAND_returns,BTRST_returns,0.0
BAND_returns,SCRT_returns,0.0
BAND_returns,OMI_returns,0.0
BAND_returns,GEOD_returns,0.0
BAND_returns,EDU_returns,0.0
BAND_returns,0x0_returns,0.0
BAND_returns,KUJI_returns,0.0
WMTX_returns,CTC_returns,0.0
WMTX_returns,MINA_returns,0.0
WMTX_returns,DASH_returns,0.30219654401746204
WMTX_returns,SFP_returns,0.0
WMTX_returns,BabyDoge_returns,0.0
WMTX_returns,SNX_returns,0.0
WMTX_returns,TFUEL_returns,0.0
WMTX_returns,DCR_returns,0.0
WMTX_returns,GLM_returns,0.0
WMTX_returns,MX_returns,0.0
WMTX_returns,ZIL_returns,0.2856858659006881
WMTX_returns,BLUR_returns,0.0
WMTX_returns,ROSE_returns,0.0
WMTX_returns,CKB_returns,0.0
WMTX_returns,TRAC_returns,0.0
WMTX_returns,QTUM_returns,0.0
WMTX_returns,ORDI_returns,0.0
WMTX_returns,LPT_returns,0.0
WMTX_returns,MASK_returns,0.0
WMTX_returns,ASTR_returns,0.0
WMTX_returns,ZRX_returns,0.0
WMTX_returns,VTHO_returns,0.0
WMTX_returns,ACH_returns,0.0
WMTX_returns,BAT_returns,0.2742406760919239
WMTX_returns,CHEEL_returns,0.0
WMTX_returns,CHEX_returns,0.0
WMTX_returns,SNEK_returns,0.24861563387610852
WMTX_returns,BORG_returns,0.0
WMTX_returns,KOGE_returns,0.0
WMTX_returns,IOTX_returns,0.0
WMTX_returns,CELO_returns,0.0
WMTX_returns,GAS_returns,0.0
WMTX_returns,ONE_returns,0.0
WMTX_returns,ID_returns,0.0
WMTX_returns,SUSHI_returns,0.0
WMTX_returns,CSPR_returns,0.0
WMTX_returns,HOT_returns,0.0
WMTX_returns,SC_returns,0.0
WMTX_returns,YFI_returns,0.0
WMTX_returns,RVN_returns,0.0
WMTX_returns,COW_returns,-0.011814633168667038
WMTX_returns,ANKR_returns,0.29259914998257247
WMTX_returns,GOMINING_returns,0.0
WMTX_returns,XCH_returns,0.0
WMTX_returns,DGB_returns,0.0
WMTX_returns,T_returns,0.0
WMTX_returns,WOO_returns,0.0
WMTX_returns,ELF_returns,0.0
WMTX_returns,EUL_returns,0.0
WMTX_returns,ORCA_returns,0.0
WMTX_returns,KDA_returns,0.0
WMTX_returns,OSMO_returns,0.0
WMTX_returns,GMT_returns,0.0
WMTX_returns,SNT_returns,0.0
WMTX_returns,GMX_returns,0.0
WMTX_returns,ENJ_returns,0.0
WMTX_returns,XYO_returns,0.0
WMTX_returns,POLYX_returns,0.0
WMTX_returns,ZIG_returns,0.0
WMTX_returns,ZEN_returns,0.0
WMTX_returns,COTI_returns,0.0
WMTX_returns,WEMIX_returns,0.0
WMTX_returns,SKL_returns,0.0
WMTX_returns,LCX_returns,0.0
WMTX_returns,WAVES_returns,0.0
WMTX_returns,CVC_returns,0.0
WMTX_returns,SWFTC_returns,0.0
WMTX_returns,LUNA_returns,0.0
WMTX_returns,HIVE_returns,0.0
WMTX_returns,RLB_returns,0.0
WMTX_returns,LRC_returns,0.0
WMTX_returns,DAG_returns,0.0
WMTX_returns,ONT_returns,0.0
WMTX_returns,TRB_returns,0.0
WMTX_returns,XNO_returns,0.2779012619187008
WMTX_returns,DLC_returns,0.0
WMTX_returns,METIS_returns,0.0
WMTX_returns,ICX_returns,0.0
WMTX_returns,MYTH_returns,0.0
WMTX_returns,MPLX_returns,0.0
WMTX_returns,SXP_returns,0.0
WMTX_returns,XVG_returns,0.0
WMTX_returns,PEOPLE_returns,0.0
WMTX_returns,AWE_returns,0.0
WMTX_returns,REQ_returns,0.0
WMTX_returns,STORJ_returns,0.0
WMTX_returns,BAND_returns,0.0
WMTX_returns,WMTX_returns,0.0
WMTX_returns,CFG_returns,0.0
WMTX_returns,HONEY_returns,0.0
WMTX_returns,PRO_returns,0.0
WMTX_returns,PRIME_returns,0.0
WMTX_returns,VVS_returns,0.0
WMTX_returns,CPOOL_returns,0.0
WMTX_returns,YGG_returns,0.0
WMTX_returns,SSV_returns,0.0
WMTX_returns,CETUS_returns,0.0
WMTX_returns,CGPT_returns,0.0
WMTX_returns,STIK_returns,0.0
WMTX_returns,PHA_returns,0.0
WMTX_returns,XVS_returns,0.0
WMTX_returns,KUB_returns,0.0
WMTX_returns,BICO_returns,0.0
WMTX_returns,UMA_returns,0.0
WMTX_returns,WAXP_returns,0.0
WMTX_returns,XPR_returns,0.0
WMTX_returns,RPL_returns,0.0
WMTX_returns,PUNDIX_returns,0.0
WMTX_returns,FLUX_returns,0.0
WMTX_returns,BORA_returns,0.0
WMTX_returns,POWR_returns,0.0
WMTX_returns,AUDIO_returns,0.0
WMTX_returns,PROM_returns,0.0
WMTX_returns,IOST_returns,0.0
WMTX_returns,ACX_returns,0.0
WMTX_returns,ARDR_returns,0.0
WMTX_returns,SPELL_returns,0.0
WMTX_returns,ORBR_returns,0.0
WMTX_returns,LSK_returns,0.0
WMTX_returns,XOR_returns,-0.005056131291810304
WMTX_returns,GLMR_returns,0.0
WMTX_returns,BMX_returns,0.0
WMTX_returns,MVL_returns,0.0
WMTX_returns,ABT_returns,0.0
WMTX_returns,VELO_returns,0.0
WMTX_returns,IQ_returns,0.0
WMTX_returns,AGI_returns,0.0
WMTX_returns,WILD_returns,0.0
WMTX_returns,XEM_returns,0.0
WMTX_returns,LON_returns,0.0
WMTX_returns,POND_returns,0.0
WMTX_returns,ACT_returns,-0.02081092888722852
WMTX_returns,XRD_returns,0.0
WMTX_returns,RLC_returns,0.0
WMTX_returns,ILV_returns,0.0
WMTX_returns,FIDA_returns,0.0
WMTX_returns,BNT_returns,0.0
WMTX_returns,DENT_returns,0.2938983221597647
WMTX_returns,ORBS_returns,0.0
WMTX_returns,ONG_returns,0.0
WMTX_returns,CHR_returns,0.0
WMTX_returns,HEART_returns,0.0
WMTX_returns,VANRY_returns,0.0
WMTX_returns,LQTY_returns,0.0
WMTX_returns,KEEP_returns,0.0
WMTX_returns,DKA_returns,0.0
WMTX_returns,ELON_returns,0.0
WMTX_returns,ARK_returns,0.0
WMTX_returns,MLK_returns,0.0
WMTX_returns,AL_returns,0.0
WMTX_returns,JOE_returns,0.0
WMTX_returns,CELR_returns,0.0
WMTX_returns,STEEM_returns,0.0
WMTX_returns,BAL_returns,0.0
WMTX_returns,PCI_returns,0.0
WMTX_returns,MOVR_returns,0.0
WMTX_returns,AUCTION_returns,0.0
WMTX_returns,AERGO_returns,0.0
WMTX_returns,MED_returns,0.0
WMTX_returns,NMR_returns,0.0
WMTX_returns,API3_returns,0.0
WMTX_returns,AGLD_returns,0.0
WMTX_returns,BONE_returns,0.0
WMTX_returns,SLP_returns,0.0
WMTX_returns,MTL_returns,0.0
WMTX_returns,KNC_returns,0.0
WMTX_returns,CTSI_returns,0.0
WMTX_returns,BTRST_returns,0.0
WMTX_returns,SCRT_returns,0.0
WMTX_returns,OMI_returns,0.0
WMTX_returns,GEOD_returns,0.0
WMTX_returns,EDU_returns,0.0
WMTX_returns,0x0_returns,0.0
WMTX_returns,KUJI_returns,0.0
CFG_returns,CTC_returns,0.0
CFG_returns,MINA_returns,0.0
CFG_returns,DASH_returns,0.0
CFG_returns,SFP_returns,0.0
CFG_returns,BabyDoge_returns,0.0
CFG_returns,SNX_returns,0.0
CFG_returns,TFUEL_returns,0.0
CFG_returns,DCR_returns,0.0
CFG_returns,GLM_returns,0.0
CFG_returns,MX_returns,0.0
CFG_returns,ZIL_returns,0.31502093436292344
CFG_returns,BLUR_returns,0.0
CFG_returns,ROSE_returns,0.2703495254452031
CFG_returns,CKB_returns,0.0
CFG_returns,TRAC_returns,0.0
CFG_returns,QTUM_returns,0.0
CFG_returns,ORDI_returns,0.0
CFG_returns,LPT_returns,0.0
CFG_returns,MASK_returns,0.0
CFG_returns,ASTR_returns,0.0
CFG_returns,ZRX_returns,0.0
CFG_returns,VTHO_returns,0.0
CFG_returns,ACH_returns,0.0
CFG_returns,BAT_returns,0.28230439650396
CFG_returns,CHEEL_returns,0.0
CFG_returns,CHEX_returns,0.0
CFG_returns,SNEK_returns,0.0
CFG_returns,BORG_returns,0.0
CFG_returns,KOGE_returns,0.0
CFG_returns,IOTX_returns,0.0
CFG_returns,CELO_returns,0.0
CFG_returns,GAS_returns,0.0
CFG_returns,ONE_returns,0.0
CFG_returns,ID_returns,0.0
CFG_returns,SUSHI_returns,0.0
CFG_returns,CSPR_returns,0.0
CFG_returns,HOT_returns,0.0
CFG_returns,SC_returns,0.0
CFG_returns,YFI_returns,0.0
CFG_returns,RVN_returns,0.0
CFG_returns,COW_returns,0.0
CFG_returns,ANKR_returns,0.0
CFG_returns,GOMINING_returns,0.0
CFG_returns,XCH_returns,0.0
CFG_returns,DGB_returns,0.0
CFG_returns,T_returns,0.0
CFG_returns,WOO_returns,0.0
CFG_returns,ELF_returns,0.0
CFG_returns,EUL_returns,0.0
CFG_returns,ORCA_returns,0.0
CFG_returns,KDA_returns,0.0
CFG_returns,OSMO_returns,0.27583537499612293
CFG_returns,GMT_returns,0.2670675413437975
CFG_returns,SNT_returns,0.0
CFG_returns,GMX_returns,0.0
CFG_returns,ENJ_returns,0.0
CFG_returns,XYO_returns,0.0
CFG_returns,POLYX_returns,0.0
CFG_returns,ZIG_returns,0.0
CFG_returns,ZEN_returns,0.0
CFG_returns,COTI_returns,0.0
CFG_returns,WEMIX_returns,0.0
CFG_returns,SKL_returns,0.0
CFG_returns,LCX_returns,0.0
CFG_returns,WAVES_returns,0.0
CFG_returns,CVC_returns,0.0
CFG_returns,SWFTC_returns,0.0
CFG_returns,LUNA_returns,0.0
CFG_returns,HIVE_returns,0.0
CFG_returns,RLB_returns,0.0
CFG_returns,LRC_returns,0.0
CFG_returns,DAG_returns,0.0
CFG_returns,ONT_returns,0.0
CFG_returns,TRB_returns,0.0
CFG_returns,XNO_returns,0.0
CFG_returns,DLC_returns,-0.0015346418236667938
CFG_returns,METIS_returns,0.0
CFG_returns,ICX_returns,0.2742706980462302
CFG_returns,MYTH_returns,0.0
CFG_returns,MPLX_returns,0.0
CFG_returns,SXP_returns,0.0
CFG_returns,XVG_returns,0.0
CFG_returns,PEOPLE_returns,0.0
CFG_returns,AWE_returns,0.0
CFG_returns,REQ_returns,0.0
CFG_returns,STORJ_returns,0.0
CFG_returns,BAND_returns,0.0
CFG_returns,WMTX_returns,0.0
CFG_returns,CFG_returns,0.0
CFG_returns,HONEY_returns,0.0
CFG_returns,PRO_returns,0.0
CFG_returns,PRIME_returns,0.0
CFG_returns,VVS_returns,0.0
CFG_returns,CPOOL_returns,0.2513902420574257
CFG_returns,YGG_returns,0.0
CFG_returns,SSV_returns,0.0
CFG_returns,CETUS_returns,0.0
CFG_returns,CGPT_returns,0.0
CFG_returns,STIK_returns,0.0
CFG_returns,PHA_returns,0.0
CFG_returns,XVS_returns,0.0
CFG_returns,KUB_returns,0.0
CFG_returns,BICO_returns,0.0
CFG_returns,UMA_returns,0.0
CFG_returns,WAXP_returns,0.0
CFG_returns,XPR_returns,0.0
CFG_returns,RPL_returns,0.0
CFG_returns,PUNDIX_returns,0.0
CFG_returns,FLUX_returns,0.0
CFG_returns,BORA_returns,0.0
CFG_returns,POWR_returns,0.0
CFG_returns,AUDIO_returns,0.0
CFG_returns,PROM_returns,0.0
CFG_returns,IOST_returns,0.0
CFG_returns,ACX_returns,0.0
CFG_returns,ARDR_returns,0.0
CFG_returns,SPELL_returns,0.0
CFG_returns,ORBR_returns,0.0
CFG_returns,LSK_returns,0.0
CFG_returns,XOR_returns,0.0
CFG_returns,GLMR_returns,0.0
CFG_returns,BMX_returns,0.0
CFG_returns,MVL_returns,0.0
CFG_returns,ABT_returns,0.0
CFG_returns,VELO_returns,0.0
CFG_returns,IQ_returns,0.0
CFG_returns,AGI_returns,0.0
CFG_returns,WILD_returns,0.0
CFG_returns,XEM_returns,0.0
CFG_returns,LON_returns,0.0
CFG_returns,POND_returns,0.0
CFG_returns,ACT_returns,0.0
CFG_returns,XRD_returns,0.0
CFG_returns,RLC_returns,0.0
CFG_returns,ILV_returns,0.0
CFG_returns,FIDA_returns,0.0
CFG_returns,BNT_returns,0.0
CFG_returns,DENT_returns,0.0
CFG_returns,ORBS_returns,0.0
CFG_returns,ONG_returns,0.0
CFG_returns,CHR_returns,0.0
CFG_returns,HEART_returns,0.0
CFG_returns,VANRY_returns,0.0
CFG_returns,LQTY_returns,0.0
CFG_returns,KEEP_returns,0.0
CFG_returns,DKA_returns,0.0
CFG_returns,ELON_returns,-0.05166249146589781
CFG_returns,ARK_returns,0.0
CFG_returns,MLK_returns,0.0
CFG_returns,AL_returns,0.0
CFG_returns,JOE_returns,0.0
CFG_returns,CELR_returns,0.0
CFG_returns,STEEM_returns,0.0
CFG_returns,BAL_returns,0.0
CFG_returns,PCI_returns,0.0
CFG_returns,MOVR_returns,0.0
CFG_returns,AUCTION_returns,0.0
CFG_returns,AERGO_returns,0.0
CFG_returns,MED_returns,0.0
CFG_returns,NMR_returns,0.0
CFG_returns,API3_returns,0.0
CFG_returns,AGLD_returns,0.0
CFG_returns,BONE_returns,0.0
CFG_returns,SLP_returns,0.0
CFG_returns,MTL_returns,0.0
CFG_returns,KNC_returns,0.0
CFG_returns,CTSI_returns,0.0
CFG_returns,BTRST_returns,0.0
CFG_returns,SCRT_returns,0.0
CFG_returns,OMI_returns,0.0
CFG_returns,GEOD_returns,0.0
CFG_returns,EDU_returns,0.0
CFG_returns,0x0_returns,0.0
CFG_returns,KUJI_returns,0.0
HONEY_returns,CTC_returns,0.20774365715179854
HONEY_returns,MINA_returns,0.0
HONEY_returns,DASH_returns,0.0
HONEY_returns,SFP_returns,0.0
HONEY_returns,BabyDoge_returns,0.0
HONEY_returns,SNX_returns,0.0
HONEY_returns,TFUEL_returns,0.0
HONEY_returns,DCR_returns,0.0
HONEY_returns,GLM_returns,0.0
HONEY_returns,MX_returns,0.0
HONEY_returns,ZIL_returns,0.0
HONEY_returns,BLUR_returns,0.0
HONEY_returns,ROSE_returns,0.0
HONEY_returns,CKB_returns,0.0
HONEY_returns,TRAC_returns,0.0
HONEY_returns,QTUM_returns,0.0
HONEY_returns,ORDI_returns,0.0
HONEY_returns,LPT_returns,0.0
HONEY_returns,MASK_returns,0.0
HONEY_returns,ASTR_returns,0.0
HONEY_returns,ZRX_returns,0.0
HONEY_returns,VTHO_returns,0.0
HONEY_returns,ACH_returns,0.0
HONEY_returns,BAT_returns,0.0
HONEY_returns,CHEEL_returns,0.0
HONEY_returns,CHEX_returns,0.0
HONEY_returns,SNEK_returns,0.0
HONEY_returns,BORG_returns,0.0
HONEY_returns,KOGE_returns,0.0
HONEY_returns,IOTX_returns,0.0
HONEY_returns,CELO_returns,0.0
HONEY_returns,GAS_returns,0.0
HONEY_returns,ONE_returns,0.0
HONEY_returns,ID_returns,0.0
HONEY_returns,SUSHI_returns,0.0
HONEY_returns,CSPR_returns,0.0
HONEY_returns,HOT_returns,0.0
HONEY_returns,SC_returns,0.0
HONEY_returns,YFI_returns,0.0
HONEY_returns,RVN_returns,0.0
HONEY_returns,COW_returns,0.0
HONEY_returns,ANKR_returns,0.0
HONEY_returns,GOMINING_returns,0.0
HONEY_returns,XCH_returns,0.16467643579822855
HONEY_returns,DGB_returns,0.0
HONEY_returns,T_returns,0.0
HONEY_returns,WOO_returns,0.0
HONEY_returns,ELF_returns,0.0
HONEY_returns,EUL_returns,0.0
HONEY_returns,ORCA_returns,0.0
HONEY_returns,KDA_returns,0.0
HONEY_returns,OSMO_returns,0.0
HONEY_returns,GMT_returns,0.0
HONEY_returns,SNT_returns,0.0
HONEY_returns,GMX_returns,0.0
HONEY_returns,ENJ_returns,0.0
HONEY_returns,XYO_returns,0.0
HONEY_returns,POLYX_returns,0.0
HONEY_returns,ZIG_returns,0.0
HONEY_returns,ZEN_returns,0.0
HONEY_returns,COTI_returns,0.0
HONEY_returns,WEMIX_returns,0.0
HONEY_returns,SKL_returns,0.0
HONEY_returns,LCX_returns,0.0
HONEY_returns,WAVES_returns,0.0
HONEY_returns,CVC_returns,0.0
HONEY_returns,SWFTC_returns,-0.0073983453974478435
HONEY_returns,LUNA_returns,0.0
HONEY_returns,HIVE_returns,0.0
HONEY_returns,RLB_returns,0.0
HONEY_returns,LRC_returns,0.0
HONEY_returns,DAG_returns,0.0
HONEY_returns,ONT_returns,0.0
HONEY_returns,TRB_returns,-0.005629744118637702
HONEY_returns,XNO_returns,0.0
HONEY_returns,DLC_returns,0.0
HONEY_returns,METIS_returns,0.0
HONEY_returns,ICX_returns,0.0
HONEY_returns,MYTH_returns,0.0
HONEY_returns,MPLX_returns,0.0
HONEY_returns,SXP_returns,0.0
HONEY_returns,XVG_returns,0.0
HONEY_returns,PEOPLE_returns,0.0
HONEY_returns,AWE_returns,0.0
HONEY_returns,REQ_returns,0.0
HONEY_returns,STORJ_returns,0.0
HONEY_returns,BAND_returns,0.0
HONEY_returns,WMTX_returns,0.0
HONEY_returns,CFG_returns,0.0
HONEY_returns,HONEY_returns,0.0
HONEY_returns,PRO_returns,0.0
HONEY_returns,PRIME_returns,0.0
HONEY_returns,VVS_returns,0.0
HONEY_returns,CPOOL_returns,0.0
HONEY_returns,YGG_returns,0.0
HONEY_returns,SSV_returns,0.0
HONEY_returns,CETUS_returns,0.0
HONEY_returns,CGPT_returns,0.0
HONEY_returns,STIK_returns,0.0
HONEY_returns,PHA_returns,-0.001814491446912402
HONEY_returns,XVS_returns,0.0
HONEY_returns,KUB_returns,0.1883575604787619
HONEY_returns,BICO_returns,0.0
HONEY_returns,UMA_returns,0.0
HONEY_returns,WAXP_returns,0.0
HONEY_returns,XPR_returns,0.0
HONEY_returns,RPL_returns,0.0
HONEY_returns,PUNDIX_returns,0.0
HONEY_returns,FLUX_returns,0.0
HONEY_returns,BORA_returns,0.0
HONEY_returns,POWR_returns,0.0
HONEY_returns,AUDIO_returns,0.0
HONEY_returns,PROM_returns,0.1683691217866691
HONEY_returns,IOST_returns,0.0
HONEY_returns,ACX_returns,0.0
HONEY_returns,ARDR_returns,0.0
HONEY_returns,SPELL_returns,0.0
HONEY_returns,ORBR_returns,0.0
HONEY_returns,LSK_returns,0.0
HONEY_returns,XOR_returns,-0.022016648168344286
HONEY_returns,GLMR_returns,0.0
HONEY_returns,BMX_returns,0.0
HONEY_returns,MVL_returns,0.0
HONEY_returns,ABT_returns,0.0
HONEY_returns,VELO_returns,0.0
HONEY_returns,IQ_returns,0.0
HONEY_returns,AGI_returns,0.0
HONEY_returns,WILD_returns,-0.011873506294442024
HONEY_returns,XEM_returns,0.1759669017201767
HONEY_returns,LON_returns,0.0
HONEY_returns,POND_returns,0.0
HONEY_returns,ACT_returns,0.0
HONEY_returns,XRD_returns,0.0
HONEY_returns,RLC_returns,0.0
HONEY_returns,ILV_returns,0.0
HONEY_returns,FIDA_returns,0.0
HONEY_returns,BNT_returns,0.0
HONEY_returns,DENT_returns,0.0
HONEY_returns,ORBS_returns,0.0
HONEY_returns,ONG_returns,0.0
HONEY_returns,CHR_returns,0.16821010263807598
HONEY_returns,HEART_returns,0.0
HONEY_returns,VANRY_returns,0.0
HONEY_returns,LQTY_returns,0.0
HONEY_returns,KEEP_returns,0.0
HONEY_returns,DKA_returns,0.0
HONEY_returns,ELON_returns,0.0
HONEY_returns,ARK_returns,0.0
HONEY_returns,MLK_returns,0.0
HONEY_returns,AL_returns,0.0
HONEY_returns,JOE_returns,0.0
HONEY_returns,CELR_returns,0.0
HONEY_returns,STEEM_returns,0.0
HONEY_returns,BAL_returns,0.0
HONEY_returns,PCI_returns,0.0
HONEY_returns,MOVR_returns,0.0
HONEY_returns,AUCTION_returns,0.0
HONEY_returns,AERGO_returns,0.0
HONEY_returns,MED_returns,0.0
HONEY_returns,NMR_returns,0.0
HONEY_returns,API3_returns,0.0
HONEY_returns,AGLD_returns,0.0
HONEY_returns,BONE_returns,0.0
HONEY_returns,SLP_returns,0.0
HONEY_returns,MTL_returns,0.0
HONEY_returns,KNC_returns,0.0
HONEY_returns,CTSI_returns,0.0
HONEY_returns,BTRST_returns,0.0
HONEY_returns,SCRT_returns,0.0
HONEY_returns,OMI_returns,0.0
HONEY_returns,GEOD_returns,0.0
HONEY_returns,EDU_returns,0.0
HONEY_returns,0x0_returns,0.0
HONEY_returns,KUJI_returns,0.0
PRO_returns,CTC_returns,0.0
PRO_returns,MINA_returns,-0.006582364808376723
PRO_returns,DASH_returns,0.0
PRO_returns,SFP_returns,0.0
PRO_returns,BabyDoge_returns,0.0
PRO_returns,SNX_returns,-0.05082712736817256
PRO_returns,TFUEL_returns,0.0
PRO_returns,DCR_returns,0.0
PRO_returns,GLM_returns,0.0
PRO_returns,MX_returns,0.2007199713569324
PRO_returns,ZIL_returns,0.0
PRO_returns,BLUR_returns,-0.008204313346350625
PRO_returns,ROSE_returns,0.0
PRO_returns,CKB_returns,0.0
PRO_returns,TRAC_returns,0.0
PRO_returns,QTUM_returns,0.0
PRO_returns,ORDI_returns,0.0
PRO_returns,LPT_returns,0.0
PRO_returns,MASK_returns,0.0
PRO_returns,ASTR_returns,0.0
PRO_returns,ZRX_returns,0.0
PRO_returns,VTHO_returns,0.0
PRO_returns,ACH_returns,0.0
PRO_returns,BAT_returns,0.0
PRO_returns,CHEEL_returns,0.1851089333142801
PRO_returns,CHEX_returns,0.0
PRO_returns,SNEK_returns,0.0
PRO_returns,BORG_returns,0.0
PRO_returns,KOGE_returns,0.0
PRO_returns,IOTX_returns,0.0
PRO_returns,CELO_returns,0.0
PRO_returns,GAS_returns,0.0
PRO_returns,ONE_returns,-0.01367431351167489
PRO_returns,ID_returns,0.0
PRO_returns,SUSHI_returns,0.0
PRO_returns,CSPR_returns,0.0
PRO_returns,HOT_returns,0.0
PRO_returns,SC_returns,0.0
PRO_returns,YFI_returns,0.0
PRO_returns,RVN_returns,0.0
PRO_returns,COW_returns,-0.04085630880973829
PRO_returns,ANKR_returns,0.0
PRO_returns,GOMINING_returns,0.0
PRO_returns,XCH_returns,0.0
PRO_returns,DGB_returns,0.0
PRO_returns,T_returns,0.0
PRO_returns,WOO_returns,0.0
PRO_returns,ELF_returns,0.0
PRO_returns,EUL_returns,0.0
PRO_returns,ORCA_returns,0.0
PRO_returns,KDA_returns,0.0
PRO_returns,OSMO_returns,0.0
PRO_returns,GMT_returns,0.0
PRO_returns,SNT_returns,0.0
PRO_returns,GMX_returns,0.0
PRO_returns,ENJ_returns,0.0
PRO_returns,XYO_returns,0.0
PRO_returns,POLYX_returns,0.0
PRO_returns,ZIG_returns,0.0
PRO_returns,ZEN_returns,0.0
PRO_returns,COTI_returns,0.0
PRO_returns,WEMIX_returns,0.0
PRO_returns,SKL_returns,0.0
PRO_returns,LCX_returns,0.0
PRO_returns,WAVES_returns,0.0
PRO_returns,CVC_returns,0.0
PRO_returns,SWFTC_returns,0.0
PRO_returns,LUNA_returns,0.0
PRO_returns,HIVE_returns,0.0
PRO_returns,RLB_returns,0.0
PRO_returns,LRC_returns,0.0
PRO_returns,DAG_returns,0.0
PRO_returns,ONT_returns,0.0
PRO_returns,TRB_returns,0.0
PRO_returns,XNO_returns,0.0
PRO_returns,DLC_returns,0.0
PRO_returns,METIS_returns,-0.06842563412733206
PRO_returns,ICX_returns,0.0
PRO_returns,MYTH_returns,0.0
PRO_returns,MPLX_returns,0.0
PRO_returns,SXP_returns,0.0
PRO_returns,XVG_returns,0.0
PRO_returns,PEOPLE_returns,0.0
PRO_returns,AWE_returns,0.0
PRO_returns,REQ_returns,0.0
PRO_returns,STORJ_returns,0.0
PRO_returns,BAND_returns,0.0
PRO_returns,WMTX_returns,0.0
PRO_returns,CFG_returns,0.0
PRO_returns,HONEY_returns,0.0
PRO_returns,PRO_returns,0.0
PRO_returns,PRIME_returns,0.0
PRO_returns,VVS_returns,0.0
PRO_returns,CPOOL_returns,0.0
PRO_returns,YGG_returns,0.0
PRO_returns,SSV_returns,-0.032266448046005904
PRO_returns,CETUS_returns,0.0
PRO_returns,CGPT_returns,0.0
PRO_returns,STIK_returns,0.19072610464605225
PRO_returns,PHA_returns,0.0
PRO_returns,XVS_returns,0.0
PRO_returns,KUB_returns,0.20193421706304696
PRO_returns,BICO_returns,0.0
PRO_returns,UMA_returns,0.0
PRO_returns,WAXP_returns,0.0
PRO_returns,XPR_returns,0.0
PRO_returns,RPL_returns,0.0
PRO_returns,PUNDIX_returns,0.0
PRO_returns,FLUX_returns,0.0
PRO_returns,BORA_returns,0.0
PRO_returns,POWR_returns,0.0
PRO_returns,AUDIO_returns,0.0
PRO_returns,PROM_returns,0.0
PRO_returns,IOST_returns,0.0
PRO_returns,ACX_returns,-0.07121742116387865
PRO_returns,ARDR_returns,0.0
PRO_returns,SPELL_returns,0.0
PRO_returns,ORBR_returns,-0.020359809189230693
PRO_returns,LSK_returns,0.0
PRO_returns,XOR_returns,0.0
PRO_returns,GLMR_returns,0.0
PRO_returns,BMX_returns,0.0
PRO_returns,MVL_returns,0.0
PRO_returns,ABT_returns,0.17702106909046822
PRO_returns,VELO_returns,0.0
PRO_returns,IQ_returns,0.0
PRO_returns,AGI_returns,0.0
PRO_returns,WILD_returns,0.0
PRO_returns,XEM_returns,0.0
PRO_returns,LON_returns,0.1885106459119355
PRO_returns,POND_returns,0.0
PRO_returns,ACT_returns,-0.028869225285926257
PRO_returns,XRD_returns,0.0
PRO_returns,RLC_returns,0.0
PRO_returns,ILV_returns,0.0
PRO_returns,FIDA_returns,0.0
PRO_returns,BNT_returns,0.0
PRO_returns,DENT_returns,0.0
PRO_returns,ORBS_returns,0.0
PRO_returns,ONG_returns,0.0
PRO_returns,CHR_returns,0.0
PRO_returns,HEART_returns,0.0
PRO_returns,VANRY_returns,0.0
PRO_returns,LQTY_returns,0.0
PRO_returns,KEEP_returns,0.0
PRO_returns,DKA_returns,0.2011166798795212
PRO_returns,ELON_returns,0.0
PRO_returns,ARK_returns,0.0
PRO_returns,MLK_returns,0.0
PRO_returns,AL_returns,0.0
PRO_returns,JOE_returns,0.0
PRO_returns,CELR_returns,0.0
PRO_returns,STEEM_returns,0.0
PRO_returns,BAL_returns,0.0
PRO_returns,PCI_returns,0.0
PRO_returns,MOVR_returns,0.0
PRO_returns,AUCTION_returns,0.0
PRO_returns,AERGO_returns,0.0
PRO_returns,MED_returns,0.0
PRO_returns,NMR_returns,0.0
PRO_returns,API3_returns,0.0
PRO_returns,AGLD_returns,0.0
PRO_returns,BONE_returns,0.0
PRO_returns,SLP_returns,0.0
PRO_returns,MTL_returns,0.0
PRO_returns,KNC_returns,0.0
PRO_returns,CTSI_returns,0.0
PRO_returns,BTRST_returns,0.0
PRO_returns,SCRT_returns,0.0
PRO_returns,OMI_returns,0.0
PRO_returns,GEOD_returns,0.0
PRO_returns,EDU_returns,0.0
PRO_returns,0x0_returns,0.0
PRO_returns,KUJI_returns,0.0
PRIME_returns,CTC_returns,0.0
PRIME_returns,MINA_returns,0.0
PRIME_returns,DASH_returns,0.0
PRIME_returns,SFP_returns,0.0
PRIME_returns,BabyDoge_returns,0.0
PRIME_returns,SNX_returns,0.0
PRIME_returns,TFUEL_returns,0.0
PRIME_returns,DCR_returns,0.0
PRIME_returns,GLM_returns,0.0
PRIME_returns,MX_returns,-0.05391051034195901
PRIME_returns,ZIL_returns,0.0
PRIME_returns,BLUR_returns,0.0
PRIME_returns,ROSE_returns,0.0
PRIME_returns,CKB_returns,0.0
PRIME_returns,TRAC_returns,0.0
PRIME_returns,QTUM_returns,0.0
PRIME_returns,ORDI_returns,0.0
PRIME_returns,LPT_returns,0.0
PRIME_returns,MASK_returns,0.0
PRIME_returns,ASTR_returns,0.0
PRIME_returns,ZRX_returns,0.0
PRIME_returns,VTHO_returns,0.0
PRIME_returns,ACH_returns,0.0
PRIME_returns,BAT_returns,0.0
PRIME_returns,CHEEL_returns,-0.044751005479807184
PRIME_returns,CHEX_returns,0.0
PRIME_returns,SNEK_returns,0.0
PRIME_returns,BORG_returns,0.0
PRIME_returns,KOGE_returns,-0.026129393286362854
PRIME_returns,IOTX_returns,0.0
PRIME_returns,CELO_returns,0.0
PRIME_returns,GAS_returns,-0.008617939040729336
PRIME_returns,ONE_returns,0.0
PRIME_returns,ID_returns,0.0
PRIME_returns,SUSHI_returns,0.0
PRIME_returns,CSPR_returns,0.0
PRIME_returns,HOT_returns,0.0
PRIME_returns,SC_returns,0.0
PRIME_returns,YFI_returns,0.0
PRIME_returns,RVN_returns,0.0
PRIME_returns,COW_returns,0.0
PRIME_returns,ANKR_returns,0.0
PRIME_returns,GOMINING_returns,-0.08713930456590364
PRIME_returns,XCH_returns,0.0
PRIME_returns,DGB_returns,0.0
PRIME_returns,T_returns,0.0
PRIME_returns,WOO_returns,0.23567303901763237
PRIME_returns,ELF_returns,0.0
PRIME_returns,EUL_returns,0.0
PRIME_returns,ORCA_returns,0.0
PRIME_returns,KDA_returns,0.0
PRIME_returns,OSMO_returns,0.0
PRIME_returns,GMT_returns,0.0
PRIME_returns,SNT_returns,0.0
PRIME_returns,GMX_returns,0.0
PRIME_returns,ENJ_returns,0.0
PRIME_returns,XYO_returns,0.0
PRIME_returns,POLYX_returns,0.0
PRIME_returns,ZIG_returns,0.0
PRIME_returns,ZEN_returns,0.0
PRIME_returns,COTI_returns,0.0
PRIME_returns,WEMIX_returns,0.0
PRIME_returns,SKL_returns,0.0
PRIME_returns,LCX_returns,0.0
PRIME_returns,WAVES_returns,0.0
PRIME_returns,CVC_returns,-0.00427263086690206
PRIME_returns,SWFTC_returns,-0.03068073669054002
PRIME_returns,LUNA_returns,0.0
PRIME_returns,HIVE_returns,0.0
PRIME_returns,RLB_returns,0.0
PRIME_returns,LRC_returns,0.0
PRIME_returns,DAG_returns,0.0
PRIME_returns,ONT_returns,0.0
PRIME_returns,TRB_returns,0.0
PRIME_returns,XNO_returns,0.0
PRIME_returns,DLC_returns,0.0
PRIME_returns,METIS_returns,0.0
PRIME_returns,ICX_returns,0.0
PRIME_returns,MYTH_returns,0.0
PRIME_returns,MPLX_returns,0.0
PRIME_returns,SXP_returns,0.0
PRIME_returns,XVG_returns,0.0
PRIME_returns,PEOPLE_returns,0.0
PRIME_returns,AWE_returns,0.0
PRIME_returns,REQ_returns,0.0
PRIME_returns,STORJ_returns,0.0
PRIME_returns,BAND_returns,0.0
PRIME_returns,WMTX_returns,0.0
PRIME_returns,CFG_returns,0.0
PRIME_returns,HONEY_returns,0.0
PRIME_returns,PRO_returns,0.0
PRIME_returns,PRIME_returns,0.0
PRIME_returns,VVS_returns,0.0
PRIME_returns,CPOOL_returns,0.0
PRIME_returns,YGG_returns,0.0
PRIME_returns,SSV_returns,0.0
PRIME_returns,CETUS_returns,0.0
PRIME_returns,CGPT_returns,0.2333642250391523
PRIME_returns,STIK_returns,-0.039938797009317545
PRIME_returns,PHA_returns,0.0
PRIME_returns,XVS_returns,0.0
PRIME_returns,KUB_returns,-0.013994662678512647
PRIME_returns,BICO_returns,0.0
PRIME_returns,UMA_returns,0.0
PRIME_returns,WAXP_returns,0.0
PRIME_returns,XPR_returns,0.0
PRIME_returns,RPL_returns,0.0
PRIME_returns,PUNDIX_returns,0.0
PRIME_returns,FLUX_returns,0.0
PRIME_returns,BORA_returns,0.0
PRIME_returns,POWR_returns,0.0
PRIME_returns,AUDIO_returns,0.0
PRIME_returns,PROM_returns,0.0
PRIME_returns,IOST_returns,0.0
PRIME_returns,ACX_returns,0.0
PRIME_returns,ARDR_returns,0.0
PRIME_returns,SPELL_returns,0.0
PRIME_returns,ORBR_returns,0.0
PRIME_returns,LSK_returns,0.0
PRIME_returns,XOR_returns,0.0
PRIME_returns,GLMR_returns,0.0
PRIME_returns,BMX_returns,0.0
PRIME_returns,MVL_returns,0.0
PRIME_returns,ABT_returns,0.0
PRIME_returns,VELO_returns,0.0
PRIME_returns,IQ_returns,0.0
PRIME_returns,AGI_returns,0.0
PRIME_returns,WILD_returns,0.0
PRIME_returns,XEM_returns,0.0
PRIME_returns,LON_returns,-0.03940691815897428
PRIME_returns,POND_returns,0.0
PRIME_returns,ACT_returns,0.0
PRIME_returns,XRD_returns,0.0
PRIME_returns,RLC_returns,0.0
PRIME_returns,ILV_returns,0.2572858853052643
PRIME_returns,FIDA_returns,0.24587575031153028
PRIME_returns,BNT_returns,0.0
PRIME_returns,DENT_returns,0.21651442278234156
PRIME_returns,ORBS_returns,0.0
PRIME_returns,ONG_returns,0.0
PRIME_returns,CHR_returns,0.0
PRIME_returns,HEART_returns,0.0
PRIME_returns,VANRY_returns,0.23680731286127438
PRIME_returns,LQTY_returns,0.0
PRIME_returns,KEEP_returns,0.0
PRIME_returns,DKA_returns,0.0
PRIME_returns,ELON_returns,0.0
PRIME_returns,ARK_returns,0.0
PRIME_returns,MLK_returns,-0.019221622022331505
PRIME_returns,AL_returns,-0.03714344715734645
PRIME_returns,JOE_returns,0.0
PRIME_returns,CELR_returns,0.0
PRIME_returns,STEEM_returns,0.0
PRIME_returns,BAL_returns,0.0
PRIME_returns,PCI_returns,-0.017719901422758526
PRIME_returns,MOVR_returns,0.0
PRIME_returns,AUCTION_returns,0.0
PRIME_returns,AERGO_returns,0.0
PRIME_returns,MED_returns,0.0
PRIME_returns,NMR_returns,0.0
PRIME_returns,API3_returns,0.0
PRIME_returns,AGLD_returns,0.0
PRIME_returns,BONE_returns,0.0
PRIME_returns,SLP_returns,0.0
PRIME_returns,MTL_returns,0.0
PRIME_returns,KNC_returns,0.0
PRIME_returns,CTSI_returns,0.0
PRIME_returns,BTRST_returns,0.0
PRIME_returns,SCRT_returns,0.0
PRIME_returns,OMI_returns,-0.04521092665129329
PRIME_returns,GEOD_returns,0.0
PRIME_returns,EDU_returns,0.0
PRIME_returns,0x0_returns,0.20250500635040103
PRIME_returns,KUJI_returns,0.0
VVS_returns,CTC_returns,0.0
VVS_returns,MINA_returns,0.0
VVS_returns,DASH_returns,0.290813143078747
VVS_returns,SFP_returns,0.0
VVS_returns,BabyDoge_returns,0.0
VVS_returns,SNX_returns,0.0
VVS_returns,TFUEL_returns,0.0
VVS_returns,DCR_returns,0.0
VVS_returns,GLM_returns,0.0
VVS_returns,MX_returns,0.0
VVS_returns,ZIL_returns,0.3485087164134841
VVS_returns,BLUR_returns,0.0
VVS_returns,ROSE_returns,0.0
VVS_returns,CKB_returns,0.0
VVS_returns,TRAC_returns,0.0
VVS_returns,QTUM_returns,0.0
VVS_returns,ORDI_returns,0.0
VVS_returns,LPT_returns,0.0
VVS_returns,MASK_returns,0.0
VVS_returns,ASTR_returns,0.0
VVS_returns,ZRX_returns,0.0
VVS_returns,VTHO_returns,0.0
VVS_returns,ACH_returns,0.0
VVS_returns,BAT_returns,0.2986138687669574
VVS_returns,CHEEL_returns,0.0
VVS_returns,CHEX_returns,0.0
VVS_returns,SNEK_returns,0.0
VVS_returns,BORG_returns,0.0
VVS_returns,KOGE_returns,0.0
VVS_returns,IOTX_returns,0.0
VVS_returns,CELO_returns,0.0
VVS_returns,GAS_returns,0.0
VVS_returns,ONE_returns,0.0
VVS_returns,ID_returns,0.0
VVS_returns,SUSHI_returns,0.0
VVS_returns,CSPR_returns,0.0
VVS_returns,HOT_returns,0.3119510190705115
VVS_returns,SC_returns,0.0
VVS_returns,YFI_returns,0.0
VVS_returns,RVN_returns,0.0
VVS_returns,COW_returns,0.0
VVS_returns,ANKR_returns,0.0
VVS_returns,GOMINING_returns,0.0
VVS_returns,XCH_returns,0.0
VVS_returns,DGB_returns,0.0
VVS_returns,T_returns,0.0
VVS_returns,WOO_returns,0.0
VVS_returns,ELF_returns,0.0
VVS_returns,EUL_returns,0.0
VVS_returns,ORCA_returns,0.0
VVS_returns,KDA_returns,0.0
VVS_returns,OSMO_returns,0.2759697012148799
VVS_returns,GMT_returns,0.0
VVS_returns,SNT_returns,0.0
VVS_returns,GMX_returns,0.0
VVS_returns,ENJ_returns,0.0
VVS_returns,XYO_returns,0.0
VVS_returns,POLYX_returns,0.0
VVS_returns,ZIG_returns,0.0
VVS_returns,ZEN_returns,0.0
VVS_returns,COTI_returns,0.0
VVS_returns,WEMIX_returns,0.0
VVS_returns,SKL_returns,0.0
VVS_returns,LCX_returns,0.0
VVS_returns,WAVES_returns,0.0
VVS_returns,CVC_returns,0.0
VVS_returns,SWFTC_returns,0.0
VVS_returns,LUNA_returns,0.0
VVS_returns,HIVE_returns,0.0
VVS_returns,RLB_returns,0.0
VVS_returns,LRC_returns,0.0
VVS_returns,DAG_returns,0.0
VVS_returns,ONT_returns,0.0
VVS_returns,TRB_returns,0.0
VVS_returns,XNO_returns,0.0
VVS_returns,DLC_returns,0.0
VVS_returns,METIS_returns,0.0
VVS_returns,ICX_returns,0.0
VVS_returns,MYTH_returns,0.0
VVS_returns,MPLX_returns,0.0
VVS_returns,SXP_returns,0.0
VVS_returns,XVG_returns,0.0
VVS_returns,PEOPLE_returns,0.0
VVS_returns,AWE_returns,0.0
VVS_returns,REQ_returns,0.0
VVS_returns,STORJ_returns,0.0
VVS_returns,BAND_returns,0.0
VVS_returns,WMTX_returns,0.0
VVS_returns,CFG_returns,0.0
VVS_returns,HONEY_returns,0.0
VVS_returns,PRO_returns,0.0
VVS_returns,PRIME_returns,0.0
VVS_returns,VVS_returns,0.0
VVS_returns,CPOOL_returns,0.0
VVS_returns,YGG_returns,0.0
VVS_returns,SSV_returns,-0.022203345806214653
VVS_returns,CETUS_returns,0.0
VVS_returns,CGPT_returns,0.0
VVS_returns,STIK_returns,0.0
VVS_returns,PHA_returns,0.0
VVS_returns,XVS_returns,0.0
VVS_returns,KUB_returns,0.0
VVS_returns,BICO_returns,0.0
VVS_returns,UMA_returns,0.0
VVS_returns,WAXP_returns,0.0
VVS_returns,XPR_returns,0.0
VVS_returns,RPL_returns,0.0
VVS_returns,PUNDIX_returns,0.0
VVS_returns,FLUX_returns,0.0
VVS_returns,BORA_returns,0.0
VVS_returns,POWR_returns,0.0
VVS_returns,AUDIO_returns,0.0
VVS_returns,PROM_returns,0.0
VVS_returns,IOST_returns,0.0
VVS_returns,ACX_returns,0.0
VVS_returns,ARDR_returns,0.0
VVS_returns,SPELL_returns,0.0
VVS_returns,ORBR_returns,0.25701010032863586
VVS_returns,LSK_returns,0.28585849329346774
VVS_returns,XOR_returns,-0.0018172968315470445
VVS_returns,GLMR_returns,0.0
VVS_returns,BMX_returns,0.0
VVS_returns,MVL_returns,0.0
VVS_returns,ABT_returns,0.0
VVS_returns,VELO_returns,0.0
VVS_returns,IQ_returns,0.0
VVS_returns,AGI_returns,0.0
VVS_returns,WILD_returns,0.0
VVS_returns,XEM_returns,0.0
VVS_returns,LON_returns,0.0
VVS_returns,POND_returns,0.0
VVS_returns,ACT_returns,0.1962268722069312
VVS_returns,XRD_returns,0.0
VVS_returns,RLC_returns,0.0
VVS_returns,ILV_returns,0.0
VVS_returns,FIDA_returns,0.0
VVS_returns,BNT_returns,0.0
VVS_returns,DENT_returns,0.0
VVS_returns,ORBS_returns,0.0
VVS_returns,ONG_returns,0.0
VVS_returns,CHR_returns,0.0
VVS_returns,HEART_returns,0.0
VVS_returns,VANRY_returns,0.0
VVS_returns,LQTY_returns,0.0
VVS_returns,KEEP_returns,0.0
VVS_returns,DKA_returns,0.0
VVS_returns,ELON_returns,0.22102363167382244
VVS_returns,ARK_returns,0.0
VVS_returns,MLK_returns,0.0
VVS_returns,AL_returns,0.0
VVS_returns,JOE_returns,0.0
VVS_returns,CELR_returns,0.0
VVS_returns,STEEM_returns,0.0
VVS_returns,BAL_returns,0.0
VVS_returns,PCI_returns,0.0
VVS_returns,MOVR_returns,0.0
VVS_returns,AUCTION_returns,0.0
VVS_returns,AERGO_returns,0.0
VVS_returns,MED_returns,0.0
VVS_returns,NMR_returns,0.0
VVS_returns,API3_returns,0.0
VVS_returns,AGLD_returns,0.0
VVS_returns,BONE_returns,0.0
VVS_returns,SLP_returns,0.0
VVS_returns,MTL_returns,0.0
VVS_returns,KNC_returns,0.0
VVS_returns,CTSI_returns,0.0
VVS_returns,BTRST_returns,0.0
VVS_returns,SCRT_returns,0.0
VVS_returns,OMI_returns,0.0
VVS_returns,GEOD_returns,0.0
VVS_returns,EDU_returns,0.0
VVS_returns,0x0_returns,0.0
VVS_returns,KUJI_returns,0.0
CPOOL_returns,CTC_returns,0.0
CPOOL_returns,MINA_returns,0.2408771492366945
CPOOL_returns,DASH_returns,0.0
CPOOL_returns,SFP_returns,0.0
CPOOL_returns,BabyDoge_returns,0.0
CPOOL_returns,SNX_returns,0.0
CPOOL_returns,TFUEL_returns,0.0
CPOOL_returns,DCR_returns,0.0
CPOOL_returns,GLM_returns,0.0
CPOOL_returns,MX_returns,0.0
CPOOL_returns,ZIL_returns,0.0
CPOOL_returns,BLUR_returns,0.0
CPOOL_returns,ROSE_returns,0.25328202288078244
CPOOL_returns,CKB_returns,0.0
CPOOL_returns,TRAC_returns,0.0
CPOOL_returns,QTUM_returns,0.0
CPOOL_returns,ORDI_returns,0.0
CPOOL_returns,LPT_returns,0.0
CPOOL_returns,MASK_returns,0.0
CPOOL_returns,ASTR_returns,0.0
CPOOL_returns,ZRX_returns,0.0
CPOOL_returns,VTHO_returns,0.0
CPOOL_returns,ACH_returns,0.0
CPOOL_returns,BAT_returns,0.0
CPOOL_returns,CHEEL_returns,0.0
CPOOL_returns,CHEX_returns,0.19477074090129298
CPOOL_returns,SNEK_returns,0.0
CPOOL_returns,BORG_returns,0.0
CPOOL_returns,KOGE_returns,0.0
CPOOL_returns,IOTX_returns,0.0
CPOOL_returns,CELO_returns,0.0
CPOOL_returns,GAS_returns,0.0
CPOOL_returns,ONE_returns,0.0
CPOOL_returns,ID_returns,0.0
CPOOL_returns,SUSHI_returns,0.0
CPOOL_returns,CSPR_returns,0.0
CPOOL_returns,HOT_returns,0.0
CPOOL_returns,SC_returns,0.0
CPOOL_returns,YFI_returns,0.0
CPOOL_returns,RVN_returns,0.0
CPOOL_returns,COW_returns,0.0
CPOOL_returns,ANKR_returns,0.0
CPOOL_returns,GOMINING_returns,-0.006473876075757025
CPOOL_returns,XCH_returns,0.0
CPOOL_returns,DGB_returns,0.0
CPOOL_returns,T_returns,0.0
CPOOL_returns,WOO_returns,0.25831455135093323
CPOOL_returns,ELF_returns,-0.02905632327706488
CPOOL_returns,EUL_returns,0.0
CPOOL_returns,ORCA_returns,0.0
CPOOL_returns,KDA_returns,0.0
CPOOL_returns,OSMO_returns,0.0
CPOOL_returns,GMT_returns,0.0
CPOOL_returns,SNT_returns,0.0
CPOOL_returns,GMX_returns,0.0
CPOOL_returns,ENJ_returns,0.0
CPOOL_returns,XYO_returns,0.0
CPOOL_returns,POLYX_returns,0.0
CPOOL_returns,ZIG_returns,0.15220447357219902
CPOOL_returns,ZEN_returns,0.0
CPOOL_returns,COTI_returns,0.0
CPOOL_returns,WEMIX_returns,0.0
CPOOL_returns,SKL_returns,0.0
CPOOL_returns,LCX_returns,0.0
CPOOL_returns,WAVES_returns,0.0
CPOOL_returns,CVC_returns,0.0
CPOOL_returns,SWFTC_returns,0.0
CPOOL_returns,LUNA_returns,0.0
CPOOL_returns,HIVE_returns,0.0
CPOOL_returns,RLB_returns,0.0
CPOOL_returns,LRC_returns,0.0
CPOOL_returns,DAG_returns,0.0
CPOOL_returns,ONT_returns,0.0
CPOOL_returns,TRB_returns,0.0
CPOOL_returns,XNO_returns,0.0
CPOOL_returns,DLC_returns,0.0
CPOOL_returns,METIS_returns,0.0
CPOOL_returns,ICX_returns,0.0
CPOOL_returns,MYTH_returns,-0.01816676718274235
CPOOL_returns,MPLX_returns,0.0
CPOOL_returns,SXP_returns,0.0
CPOOL_returns,XVG_returns,0.0
CPOOL_returns,PEOPLE_returns,0.0
CPOOL_returns,AWE_returns,0.0
CPOOL_returns,REQ_returns,0.0
CPOOL_returns,STORJ_returns,0.0
CPOOL_returns,BAND_returns,0.0
CPOOL_returns,WMTX_returns,0.0
CPOOL_returns,CFG_returns,0.2513902420574257
CPOOL_returns,HONEY_returns,0.0
CPOOL_returns,PRO_returns,0.0
CPOOL_returns,PRIME_returns,0.0
CPOOL_returns,VVS_returns,0.0
CPOOL_returns,CPOOL_returns,0.0
CPOOL_returns,YGG_returns,0.0
CPOOL_returns,SSV_returns,0.0
CPOOL_returns,CETUS_returns,0.0
CPOOL_returns,CGPT_returns,0.0
CPOOL_returns,STIK_returns,-0.021077425938655258
CPOOL_returns,PHA_returns,0.0
CPOOL_returns,XVS_returns,0.0
CPOOL_returns,KUB_returns,0.0
CPOOL_returns,BICO_returns,0.0
CPOOL_returns,UMA_returns,0.0
CPOOL_returns,WAXP_returns,0.0
CPOOL_returns,XPR_returns,0.0
CPOOL_returns,RPL_returns,0.0
CPOOL_returns,PUNDIX_returns,0.0
CPOOL_returns,FLUX_returns,0.0
CPOOL_returns,BORA_returns,0.0
CPOOL_returns,POWR_returns,0.0
CPOOL_returns,AUDIO_returns,0.0
CPOOL_returns,PROM_returns,0.0
CPOOL_returns,IOST_returns,0.0
CPOOL_returns,ACX_returns,0.0
CPOOL_returns,ARDR_returns,0.0
CPOOL_returns,SPELL_returns,0.0
CPOOL_returns,ORBR_returns,0.0
CPOOL_returns,LSK_returns,0.0
CPOOL_returns,XOR_returns,0.11879574730295234
CPOOL_returns,GLMR_returns,0.23734516364255262
CPOOL_returns,BMX_returns,0.0
CPOOL_returns,MVL_returns,0.0
CPOOL_returns,ABT_returns,0.0
CPOOL_returns,VELO_returns,0.0
CPOOL_returns,IQ_returns,0.0
CPOOL_returns,AGI_returns,0.0
CPOOL_returns,WILD_returns,0.0
CPOOL_returns,XEM_returns,0.0
CPOOL_returns,LON_returns,-0.03434479722862314
CPOOL_returns,POND_returns,0.0
CPOOL_returns,ACT_returns,0.0
CPOOL_returns,XRD_returns,0.0
CPOOL_returns,RLC_returns,0.0
CPOOL_returns,ILV_returns,0.0
CPOOL_returns,FIDA_returns,0.0
CPOOL_returns,BNT_returns,0.0
CPOOL_returns,DENT_returns,0.0
CPOOL_returns,ORBS_returns,0.0
CPOOL_returns,ONG_returns,0.0
CPOOL_returns,CHR_returns,0.2269538440307891
CPOOL_returns,HEART_returns,0.0
CPOOL_returns,VANRY_returns,0.0
CPOOL_returns,LQTY_returns,0.0
CPOOL_returns,KEEP_returns,0.0
CPOOL_returns,DKA_returns,0.0
CPOOL_returns,ELON_returns,-0.02420797561188907
CPOOL_returns,ARK_returns,0.0
CPOOL_returns,MLK_returns,0.0
CPOOL_returns,AL_returns,0.0
CPOOL_returns,JOE_returns,0.0
CPOOL_returns,CELR_returns,0.0
CPOOL_returns,STEEM_returns,0.0
CPOOL_returns,BAL_returns,0.0
CPOOL_returns,PCI_returns,0.0
CPOOL_returns,MOVR_returns,0.0
CPOOL_returns,AUCTION_returns,0.0
CPOOL_returns,AERGO_returns,0.0
CPOOL_returns,MED_returns,0.0
CPOOL_returns,NMR_returns,0.0
CPOOL_returns,API3_returns,0.0
CPOOL_returns,AGLD_returns,0.0
CPOOL_returns,BONE_returns,0.0
CPOOL_returns,SLP_returns,0.0
CPOOL_returns,MTL_returns,0.0
CPOOL_returns,KNC_returns,0.0
CPOOL_returns,CTSI_returns,0.0
CPOOL_returns,BTRST_returns,0.0
CPOOL_returns,SCRT_returns,0.0
CPOOL_returns,OMI_returns,0.0
CPOOL_returns,GEOD_returns,0.0
CPOOL_returns,EDU_returns,0.0
CPOOL_returns,0x0_returns,0.0
CPOOL_returns,KUJI_returns,0.0
YGG_returns,CTC_returns,0.0
YGG_returns,MINA_returns,0.0
YGG_returns,DASH_returns,0.0
YGG_returns,SFP_returns,0.0
YGG_returns,BabyDoge_returns,0.0
YGG_returns,SNX_returns,0.0
YGG_returns,TFUEL_returns,0.0
YGG_returns,DCR_returns,0.0
YGG_returns,GLM_returns,0.0
YGG_returns,MX_returns,0.0
YGG_returns,ZIL_returns,0.4064189383750439
YGG_returns,BLUR_returns,0.0
YGG_returns,ROSE_returns,0.0
YGG_returns,CKB_returns,0.0
YGG_returns,TRAC_returns,0.0
YGG_returns,QTUM_returns,0.0
YGG_returns,ORDI_returns,0.0
YGG_returns,LPT_returns,0.0
YGG_returns,MASK_returns,0.0
YGG_returns,ASTR_returns,0.0
YGG_returns,ZRX_returns,0.0
YGG_returns,VTHO_returns,0.0
YGG_returns,ACH_returns,0.0
YGG_returns,BAT_returns,0.40361804634913195
YGG_returns,CHEEL_returns,0.0
YGG_returns,CHEX_returns,0.0
YGG_returns,SNEK_returns,0.0
YGG_returns,BORG_returns,0.0
YGG_returns,KOGE_returns,0.0
YGG_returns,IOTX_returns,0.0
YGG_returns,CELO_returns,0.0
YGG_returns,GAS_returns,0.0
YGG_returns,ONE_returns,0.42092063963562687
YGG_returns,ID_returns,0.0
YGG_returns,SUSHI_returns,0.0
YGG_returns,CSPR_returns,0.0
YGG_returns,HOT_returns,0.0
YGG_returns,SC_returns,0.0
YGG_returns,YFI_returns,0.0
YGG_returns,RVN_returns,0.0
YGG_returns,COW_returns,0.0
YGG_returns,ANKR_returns,0.0
YGG_returns,GOMINING_returns,-0.03741902398638494
YGG_returns,XCH_returns,0.0
YGG_returns,DGB_returns,0.0
YGG_returns,T_returns,0.0
YGG_returns,WOO_returns,0.0
YGG_returns,ELF_returns,0.0
YGG_returns,EUL_returns,0.0
YGG_returns,ORCA_returns,0.0
YGG_returns,KDA_returns,0.0
YGG_returns,OSMO_returns,0.0
YGG_returns,GMT_returns,0.4122862708876537
YGG_returns,SNT_returns,0.0
YGG_returns,GMX_returns,0.0
YGG_returns,ENJ_returns,0.4318261626084325
YGG_returns,XYO_returns,0.0
YGG_returns,POLYX_returns,0.0
YGG_returns,ZIG_returns,0.0
YGG_returns,ZEN_returns,0.0
YGG_returns,COTI_returns,0.0
YGG_returns,WEMIX_returns,0.0
YGG_returns,SKL_returns,0.0
YGG_returns,LCX_returns,0.0
YGG_returns,WAVES_returns,0.0
YGG_returns,CVC_returns,0.0
YGG_returns,SWFTC_returns,0.0
YGG_returns,LUNA_returns,0.0
YGG_returns,HIVE_returns,0.0
YGG_returns,RLB_returns,0.0
YGG_returns,LRC_returns,0.0
YGG_returns,DAG_returns,0.0
YGG_returns,ONT_returns,0.0
YGG_returns,TRB_returns,0.0
YGG_returns,XNO_returns,0.0
YGG_returns,DLC_returns,0.0
YGG_returns,METIS_returns,0.0
YGG_returns,ICX_returns,0.0
YGG_returns,MYTH_returns,-0.002789816598195807
YGG_returns,MPLX_returns,0.0
YGG_returns,SXP_returns,0.0
YGG_returns,XVG_returns,0.0
YGG_returns,PEOPLE_returns,0.3254870602923829
YGG_returns,AWE_returns,0.0
YGG_returns,REQ_returns,0.0
YGG_returns,STORJ_returns,0.0
YGG_returns,BAND_returns,0.42738000443578544
YGG_returns,WMTX_returns,0.0
YGG_returns,CFG_returns,0.0
YGG_returns,HONEY_returns,0.0
YGG_returns,PRO_returns,0.0
YGG_returns,PRIME_returns,0.0
YGG_returns,VVS_returns,0.0
YGG_returns,CPOOL_returns,0.0
YGG_returns,YGG_returns,0.0
YGG_returns,SSV_returns,0.0
YGG_returns,CETUS_returns,0.31227171212520083
YGG_returns,CGPT_returns,0.0
YGG_returns,STIK_returns,-0.06723124581221357
YGG_returns,PHA_returns,0.0
YGG_returns,XVS_returns,0.0
YGG_returns,KUB_returns,0.0
YGG_returns,BICO_returns,0.0
YGG_returns,UMA_returns,0.0
YGG_returns,WAXP_returns,0.0
YGG_returns,XPR_returns,0.0
YGG_returns,RPL_returns,0.0
YGG_returns,PUNDIX_returns,0.0
YGG_returns,FLUX_returns,0.0
YGG_returns,BORA_returns,0.0
YGG_returns,POWR_returns,0.0
YGG_returns,AUDIO_returns,0.0
YGG_returns,PROM_returns,0.0
YGG_returns,IOST_returns,0.0
YGG_returns,ACX_returns,0.0
YGG_returns,ARDR_returns,0.0
YGG_returns,SPELL_returns,0.0
YGG_returns,ORBR_returns,0.0
YGG_returns,LSK_returns,0.0
YGG_returns,XOR_returns,0.0
YGG_returns,GLMR_returns,0.0
YGG_returns,BMX_returns,-0.037311494790869676
YGG_returns,MVL_returns,0.0
YGG_returns,ABT_returns,0.0
YGG_returns,VELO_returns,0.0
YGG_returns,IQ_returns,0.0
YGG_returns,AGI_returns,0.0
YGG_returns,WILD_returns,0.0
YGG_returns,XEM_returns,0.0
YGG_returns,LON_returns,-0.03494976455171279
YGG_returns,POND_returns,0.0
YGG_returns,ACT_returns,0.0
YGG_returns,XRD_returns,0.0
YGG_returns,RLC_returns,0.0
YGG_returns,ILV_returns,0.0
YGG_returns,FIDA_returns,0.0
YGG_returns,BNT_returns,0.0
YGG_returns,DENT_returns,0.0
YGG_returns,ORBS_returns,0.0
YGG_returns,ONG_returns,0.0
YGG_returns,CHR_returns,0.0
YGG_returns,HEART_returns,0.0
YGG_returns,VANRY_returns,0.0
YGG_returns,LQTY_returns,0.0
YGG_returns,KEEP_returns,0.0
YGG_returns,DKA_returns,0.0
YGG_returns,ELON_returns,0.0
YGG_returns,ARK_returns,0.0
YGG_returns,MLK_returns,0.0
YGG_returns,AL_returns,0.0
YGG_returns,JOE_returns,0.0
YGG_returns,CELR_returns,0.0
YGG_returns,STEEM_returns,0.0
YGG_returns,BAL_returns,0.0
YGG_returns,PCI_returns,0.0
YGG_returns,MOVR_returns,0.0
YGG_returns,AUCTION_returns,0.0
YGG_returns,AERGO_returns,0.0
YGG_returns,MED_returns,0.0
YGG_returns,NMR_returns,0.0
YGG_returns,API3_returns,0.0
YGG_returns,AGLD_returns,0.0
YGG_returns,BONE_returns,0.0
YGG_returns,SLP_returns,0.0
YGG_returns,MTL_returns,0.0
YGG_returns,KNC_returns,0.0
YGG_returns,CTSI_returns,0.0
YGG_returns,BTRST_returns,0.0
YGG_returns,SCRT_returns,0.0
YGG_returns,OMI_returns,0.0
YGG_returns,GEOD_returns,0.0
YGG_returns,EDU_returns,0.0
YGG_returns,0x0_returns,0.0
YGG_returns,KUJI_returns,0.0
SSV_returns,CTC_returns,0.0
SSV_returns,MINA_returns,0.0
SSV_returns,DASH_returns,0.0
SSV_returns,SFP_returns,-0.02693182218063802
SSV_returns,BabyDoge_returns,0.0
SSV_returns,SNX_returns,0.36942457127594736
SSV_returns,TFUEL_returns,0.0
SSV_returns,DCR_returns,0.0
SSV_returns,GLM_returns,0.0
SSV_returns,MX_returns,-0.08075105987622025
SSV_returns,ZIL_returns,0.0
SSV_returns,BLUR_returns,0.3714756652927183
SSV_returns,ROSE_returns,0.0
SSV_returns,CKB_returns,0.0
SSV_returns,TRAC_returns,0.0
SSV_returns,QTUM_returns,0.0
SSV_returns,ORDI_returns,0.0
SSV_returns,LPT_returns,0.0
SSV_returns,MASK_returns,0.0
SSV_returns,ASTR_returns,0.0
SSV_returns,ZRX_returns,0.0
SSV_returns,VTHO_returns,0.0
SSV_returns,ACH_returns,0.0
SSV_returns,BAT_returns,0.0
SSV_returns,CHEEL_returns,-0.2095073733325508
SSV_returns,CHEX_returns,0.15391901325249863
SSV_returns,SNEK_returns,0.0
SSV_returns,BORG_returns,0.0
SSV_returns,KOGE_returns,0.0
SSV_returns,IOTX_returns,0.0
SSV_returns,CELO_returns,0.0
SSV_returns,GAS_returns,0.0
SSV_returns,ONE_returns,0.34908990757326747
SSV_returns,ID_returns,0.0
SSV_returns,SUSHI_returns,0.3548968164550277
SSV_returns,CSPR_returns,0.0
SSV_returns,HOT_returns,0.0
SSV_returns,SC_returns,0.0
SSV_returns,YFI_returns,0.0
SSV_returns,RVN_returns,0.0
SSV_returns,COW_returns,0.16617390106311575
SSV_returns,ANKR_returns,0.0
SSV_returns,GOMINING_returns,-0.11861132347808748
SSV_returns,XCH_returns,0.0
SSV_returns,DGB_returns,0.0
SSV_returns,T_returns,0.0
SSV_returns,WOO_returns,0.0
SSV_returns,ELF_returns,0.0
SSV_returns,EUL_returns,0.0
SSV_returns,ORCA_returns,0.0
SSV_returns,KDA_returns,0.0
SSV_returns,OSMO_returns,0.0
SSV_returns,GMT_returns,0.0
SSV_returns,SNT_returns,0.0
SSV_returns,GMX_returns,0.0
SSV_returns,ENJ_returns,0.0
SSV_returns,XYO_returns,0.0
SSV_returns,POLYX_returns,0.0
SSV_returns,ZIG_returns,-0.004751257919065762
SSV_returns,ZEN_returns,0.0
SSV_returns,COTI_returns,0.0
SSV_returns,WEMIX_returns,0.0
SSV_returns,SKL_returns,0.0
SSV_returns,LCX_returns,0.0
SSV_returns,WAVES_returns,0.0
SSV_returns,CVC_returns,0.0
SSV_returns,SWFTC_returns,0.0
SSV_returns,LUNA_returns,0.0
SSV_returns,HIVE_returns,0.0
SSV_returns,RLB_returns,0.0
SSV_returns,LRC_returns,0.0
SSV_returns,DAG_returns,0.0
SSV_returns,ONT_returns,0.0
SSV_returns,TRB_returns,0.0
SSV_returns,XNO_returns,0.0
SSV_returns,DLC_returns,-0.06037177699952059
SSV_returns,METIS_returns,0.3351100136263432
SSV_returns,ICX_returns,0.0
SSV_returns,MYTH_returns,0.0
SSV_returns,MPLX_returns,0.0
SSV_returns,SXP_returns,0.0
SSV_returns,XVG_returns,0.0
SSV_returns,PEOPLE_returns,0.29711492649296745
SSV_returns,AWE_returns,0.0
SSV_returns,REQ_returns,0.0
SSV_returns,STORJ_returns,0.0
SSV_returns,BAND_returns,0.0
SSV_returns,WMTX_returns,0.0
SSV_returns,CFG_returns,0.0
SSV_returns,HONEY_returns,0.0
SSV_returns,PRO_returns,-0.032266448046005904
SSV_returns,PRIME_returns,0.0
SSV_returns,VVS_returns,-0.022203345806214653
SSV_returns,CPOOL_returns,0.0
SSV_returns,YGG_returns,0.0
SSV_returns,SSV_returns,0.0
SSV_returns,CETUS_returns,0.0
SSV_returns,CGPT_returns,0.0
SSV_returns,STIK_returns,-0.13055273687606564
SSV_returns,PHA_returns,0.0
SSV_returns,XVS_returns,0.0
SSV_returns,KUB_returns,-0.055450779203230126
SSV_returns,BICO_returns,0.0
SSV_returns,UMA_returns,0.0
SSV_returns,WAXP_returns,0.0
SSV_returns,XPR_returns,0.0
SSV_returns,RPL_returns,0.29770154918278624
SSV_returns,PUNDIX_returns,0.0
SSV_returns,FLUX_returns,0.0
SSV_returns,BORA_returns,0.0
SSV_returns,POWR_returns,0.0
SSV_returns,AUDIO_returns,0.0
SSV_returns,PROM_returns,0.0
SSV_returns,IOST_returns,0.0
SSV_returns,ACX_returns,0.0
SSV_returns,ARDR_returns,0.0
SSV_returns,SPELL_returns,0.0
SSV_returns,ORBR_returns,-0.04560244671788062
SSV_returns,LSK_returns,0.0
SSV_returns,XOR_returns,0.0
SSV_returns,GLMR_returns,0.0
SSV_returns,BMX_returns,-0.05100049211478626
SSV_returns,MVL_returns,-0.003321319855872064
SSV_returns,ABT_returns,0.0
SSV_returns,VELO_returns,0.0
SSV_returns,IQ_returns,0.0
SSV_returns,AGI_returns,0.0
SSV_returns,WILD_returns,0.0
SSV_returns,XEM_returns,0.0
SSV_returns,LON_returns,-0.17343366007882327
SSV_returns,POND_returns,0.0
SSV_returns,ACT_returns,0.0
SSV_returns,XRD_returns,0.0
SSV_returns,RLC_returns,0.0
SSV_returns,ILV_returns,0.0
SSV_returns,FIDA_returns,0.0
SSV_returns,BNT_returns,0.0
SSV_returns,DENT_returns,0.0
SSV_returns,ORBS_returns,0.0
SSV_returns,ONG_returns,0.0
SSV_returns,CHR_returns,0.0
SSV_returns,HEART_returns,0.0
SSV_returns,VANRY_returns,0.3566454430605734
SSV_returns,LQTY_returns,0.0
SSV_returns,KEEP_returns,0.0
SSV_returns,DKA_returns,-0.018992690152222293
SSV_returns,ELON_returns,0.0
SSV_returns,ARK_returns,0.0
SSV_returns,MLK_returns,0.0
SSV_returns,AL_returns,0.0
SSV_returns,JOE_returns,0.0
SSV_returns,CELR_returns,0.0
SSV_returns,STEEM_returns,0.0
SSV_returns,BAL_returns,0.0
SSV_returns,PCI_returns,-0.02633319204263111
SSV_returns,MOVR_returns,0.0
SSV_returns,AUCTION_returns,0.0
SSV_returns,AERGO_returns,0.0
SSV_returns,MED_returns,-0.01104123313577924
SSV_returns,NMR_returns,0.0
SSV_returns,API3_returns,0.0
SSV_returns,AGLD_returns,0.0
SSV_returns,BONE_returns,0.0
SSV_returns,SLP_returns,0.0
SSV_returns,MTL_returns,0.0
SSV_returns,KNC_returns,0.0
SSV_returns,CTSI_returns,0.0
SSV_returns,BTRST_returns,-0.12332706680649441
SSV_returns,SCRT_returns,0.0
SSV_returns,OMI_returns,-0.06595790225762173
SSV_returns,GEOD_returns,0.0
SSV_returns,EDU_returns,0.0
SSV_returns,0x0_returns,0.0
SSV_returns,KUJI_returns,0.0
CETUS_returns,CTC_returns,0.0
CETUS_returns,MINA_returns,0.33118899010087033
CETUS_returns,DASH_returns,0.0
CETUS_returns,SFP_returns,0.0
CETUS_returns,BabyDoge_returns,0.0
CETUS_returns,SNX_returns,0.0
CETUS_returns,TFUEL_returns,0.0
CETUS_returns,DCR_returns,0.0
CETUS_returns,GLM_returns,0.0
CETUS_returns,MX_returns,0.0
CETUS_returns,ZIL_returns,0.0
CETUS_returns,BLUR_returns,0.0
CETUS_returns,ROSE_returns,0.3009190993886702
CETUS_returns,CKB_returns,0.0
CETUS_returns,TRAC_returns,0.0
CETUS_returns,QTUM_returns,0.0
CETUS_returns,ORDI_returns,0.0
CETUS_returns,LPT_returns,0.0
CETUS_returns,MASK_returns,0.0
CETUS_returns,ASTR_returns,0.0
CETUS_returns,ZRX_returns,0.0
CETUS_returns,VTHO_returns,0.0
CETUS_returns,ACH_returns,0.0
CETUS_returns,BAT_returns,0.0
CETUS_returns,CHEEL_returns,-0.012651372713926566
CETUS_returns,CHEX_returns,0.0
CETUS_returns,SNEK_returns,0.0
CETUS_returns,BORG_returns,0.0
CETUS_returns,KOGE_returns,0.0
CETUS_returns,IOTX_returns,0.0
CETUS_returns,CELO_returns,0.0
CETUS_returns,GAS_returns,0.0
CETUS_returns,ONE_returns,0.3283110032969853
CETUS_returns,ID_returns,0.0
CETUS_returns,SUSHI_returns,0.29366748690085315
CETUS_returns,CSPR_returns,0.0
CETUS_returns,HOT_returns,0.0
CETUS_returns,SC_returns,0.0
CETUS_returns,YFI_returns,0.0
CETUS_returns,RVN_returns,0.0
CETUS_returns,COW_returns,0.21694434730513357
CETUS_returns,ANKR_returns,0.0
CETUS_returns,GOMINING_returns,0.0
CETUS_returns,XCH_returns,0.0
CETUS_returns,DGB_returns,0.0
CETUS_returns,T_returns,0.0
CETUS_returns,WOO_returns,0.0
CETUS_returns,ELF_returns,0.0
CETUS_returns,EUL_returns,0.0
CETUS_returns,ORCA_returns,0.0
CETUS_returns,KDA_returns,0.0
CETUS_returns,OSMO_returns,0.0
CETUS_returns,GMT_returns,0.0
CETUS_returns,SNT_returns,0.0
CETUS_returns,GMX_returns,0.0
CETUS_returns,ENJ_returns,0.0
CETUS_returns,XYO_returns,0.0
CETUS_returns,POLYX_returns,0.0
CETUS_returns,ZIG_returns,0.0
CETUS_returns,ZEN_returns,0.0
CETUS_returns,COTI_returns,0.0
CETUS_returns,WEMIX_returns,0.0
CETUS_returns,SKL_returns,0.0
CETUS_returns,LCX_returns,0.0
CETUS_returns,WAVES_returns,0.0
CETUS_returns,CVC_returns,0.0
CETUS_returns,SWFTC_returns,0.0
CETUS_returns,LUNA_returns,0.0
CETUS_returns,HIVE_returns,0.0
CETUS_returns,RLB_returns,0.0
CETUS_returns,LRC_returns,0.0
CETUS_returns,DAG_returns,0.0
CETUS_returns,ONT_returns,0.0
CETUS_returns,TRB_returns,0.0
CETUS_returns,XNO_returns,0.0
CETUS_returns,DLC_returns,-0.06822046491416911
CETUS_returns,METIS_returns,0.0
CETUS_returns,ICX_returns,0.0
CETUS_returns,MYTH_returns,0.0
CETUS_returns,MPLX_returns,0.0
CETUS_returns,SXP_returns,0.0
CETUS_returns,XVG_returns,0.0
CETUS_returns,PEOPLE_returns,0.0
CETUS_returns,AWE_returns,0.0
CETUS_returns,REQ_returns,0.0
CETUS_returns,STORJ_returns,0.0
CETUS_returns,BAND_returns,0.0
CETUS_returns,WMTX_returns,0.0
CETUS_returns,CFG_returns,0.0
CETUS_returns,HONEY_returns,0.0
CETUS_returns,PRO_returns,0.0
CETUS_returns,PRIME_returns,0.0
CETUS_returns,VVS_returns,0.0
CETUS_returns,CPOOL_returns,0.0
CETUS_returns,YGG_returns,0.31227171212520083
CETUS_returns,SSV_returns,0.0
CETUS_returns,CETUS_returns,0.0
CETUS_returns,CGPT_returns,0.0
CETUS_returns,STIK_returns,-0.016117592510114426
CETUS_returns,PHA_returns,0.0
CETUS_returns,XVS_returns,0.0
CETUS_returns,KUB_returns,0.0
CETUS_returns,BICO_returns,0.0
CETUS_returns,UMA_returns,0.0
CETUS_returns,WAXP_returns,0.0
CETUS_returns,XPR_returns,0.0
CETUS_returns,RPL_returns,0.0
CETUS_returns,PUNDIX_returns,0.0
CETUS_returns,FLUX_returns,0.0
CETUS_returns,BORA_returns,0.0
CETUS_returns,POWR_returns,0.0
CETUS_returns,AUDIO_returns,0.0
CETUS_returns,PROM_returns,0.0
CETUS_returns,IOST_returns,0.0
CETUS_returns,ACX_returns,0.0
CETUS_returns,ARDR_returns,0.0
CETUS_returns,SPELL_returns,0.0
CETUS_returns,ORBR_returns,0.0
CETUS_returns,LSK_returns,0.0
CETUS_returns,XOR_returns,-0.07455051400973298
CETUS_returns,GLMR_returns,0.0
CETUS_returns,BMX_returns,-0.010192834362454507
CETUS_returns,MVL_returns,0.0
CETUS_returns,ABT_returns,0.0
CETUS_returns,VELO_returns,0.0
CETUS_returns,IQ_returns,0.0
CETUS_returns,AGI_returns,0.0
CETUS_returns,WILD_returns,0.0
CETUS_returns,XEM_returns,0.0
CETUS_returns,LON_returns,0.0
CETUS_returns,POND_returns,0.0
CETUS_returns,ACT_returns,-0.05974562830529034
CETUS_returns,XRD_returns,0.0
CETUS_returns,RLC_returns,0.0
CETUS_returns,ILV_returns,0.0
CETUS_returns,FIDA_returns,0.0
CETUS_returns,BNT_returns,0.0
CETUS_returns,DENT_returns,0.0
CETUS_returns,ORBS_returns,0.0
CETUS_returns,ONG_returns,0.0
CETUS_returns,CHR_returns,0.0
CETUS_returns,HEART_returns,0.0
CETUS_returns,VANRY_returns,0.0
CETUS_returns,LQTY_returns,0.0
CETUS_returns,KEEP_returns,0.0
CETUS_returns,DKA_returns,0.0
CETUS_returns,ELON_returns,0.0
CETUS_returns,ARK_returns,0.0
CETUS_returns,MLK_returns,0.0
CETUS_returns,AL_returns,0.0
CETUS_returns,JOE_returns,0.0
CETUS_returns,CELR_returns,0.3154095016029687
CETUS_returns,STEEM_returns,0.0
CETUS_returns,BAL_returns,0.0
CETUS_returns,PCI_returns,0.0
CETUS_returns,MOVR_returns,0.0
CETUS_returns,AUCTION_returns,0.0
CETUS_returns,AERGO_returns,0.0
CETUS_returns,MED_returns,0.0
CETUS_returns,NMR_returns,0.0
CETUS_returns,API3_returns,0.0
CETUS_returns,AGLD_returns,0.19014638406519718
CETUS_returns,BONE_returns,0.0
CETUS_returns,SLP_returns,0.0
CETUS_returns,MTL_returns,0.0
CETUS_returns,KNC_returns,0.0
CETUS_returns,CTSI_returns,0.0
CETUS_returns,BTRST_returns,0.0
CETUS_returns,SCRT_returns,0.0
CETUS_returns,OMI_returns,0.0
CETUS_returns,GEOD_returns,0.0
CETUS_returns,EDU_returns,0.0
CETUS_returns,0x0_returns,0.0
CETUS_returns,KUJI_returns,0.0
CGPT_returns,CTC_returns,0.0
CGPT_returns,MINA_returns,0.0
CGPT_returns,DASH_returns,0.0
CGPT_returns,SFP_returns,0.0
CGPT_returns,BabyDoge_returns,0.0
CGPT_returns,SNX_returns,0.0
CGPT_returns,TFUEL_returns,0.0
CGPT_returns,DCR_returns,0.0
CGPT_returns,GLM_returns,0.0
CGPT_returns,MX_returns,0.0
CGPT_returns,ZIL_returns,0.0
CGPT_returns,BLUR_returns,0.2875245430295363
CGPT_returns,ROSE_returns,0.0
CGPT_returns,CKB_returns,0.0
CGPT_returns,TRAC_returns,0.19338977744093352
CGPT_returns,QTUM_returns,0.0
CGPT_returns,ORDI_returns,0.0
CGPT_returns,LPT_returns,0.0
CGPT_returns,MASK_returns,0.0
CGPT_returns,ASTR_returns,0.0
CGPT_returns,ZRX_returns,0.0
CGPT_returns,VTHO_returns,0.0
CGPT_returns,ACH_returns,0.0
CGPT_returns,BAT_returns,0.0
CGPT_returns,CHEEL_returns,0.0
CGPT_returns,CHEX_returns,0.0
CGPT_returns,SNEK_returns,0.0
CGPT_returns,BORG_returns,0.0
CGPT_returns,KOGE_returns,0.0
CGPT_returns,IOTX_returns,0.0
CGPT_returns,CELO_returns,0.0
CGPT_returns,GAS_returns,0.0
CGPT_returns,ONE_returns,0.28565509462621386
CGPT_returns,ID_returns,0.0
CGPT_returns,SUSHI_returns,0.0
CGPT_returns,CSPR_returns,0.0
CGPT_returns,HOT_returns,0.0
CGPT_returns,SC_returns,0.0
CGPT_returns,YFI_returns,0.0
CGPT_returns,RVN_returns,0.0
CGPT_returns,COW_returns,0.20429237849745338
CGPT_returns,ANKR_returns,0.0
CGPT_returns,GOMINING_returns,-0.021079004618214933
CGPT_returns,XCH_returns,0.0
CGPT_returns,DGB_returns,0.0
CGPT_returns,T_returns,0.0
CGPT_returns,WOO_returns,0.2695560558459907
CGPT_returns,ELF_returns,0.0
CGPT_returns,EUL_returns,0.0
CGPT_returns,ORCA_returns,0.0
CGPT_returns,KDA_returns,0.0
CGPT_returns,OSMO_returns,0.0
CGPT_returns,GMT_returns,0.0
CGPT_returns,SNT_returns,0.0
CGPT_returns,GMX_returns,0.0
CGPT_returns,ENJ_returns,0.30554569102584583
CGPT_returns,XYO_returns,0.0
CGPT_returns,POLYX_returns,0.0
CGPT_returns,ZIG_returns,0.0
CGPT_returns,ZEN_returns,0.0
CGPT_returns,COTI_returns,0.0
CGPT_returns,WEMIX_returns,0.0
CGPT_returns,SKL_returns,0.0
CGPT_returns,LCX_returns,0.0
CGPT_returns,WAVES_returns,0.0
CGPT_returns,CVC_returns,0.0
CGPT_returns,SWFTC_returns,0.0
CGPT_returns,LUNA_returns,0.0
CGPT_returns,HIVE_returns,0.0
CGPT_returns,RLB_returns,0.0
CGPT_returns,LRC_returns,0.0
CGPT_returns,DAG_returns,0.0
CGPT_returns,ONT_returns,0.0
CGPT_returns,TRB_returns,0.0
CGPT_returns,XNO_returns,0.0
CGPT_returns,DLC_returns,0.0
CGPT_returns,METIS_returns,0.0
CGPT_returns,ICX_returns,0.0
CGPT_returns,MYTH_returns,0.0
CGPT_returns,MPLX_returns,0.0
CGPT_returns,SXP_returns,0.0
CGPT_returns,XVG_returns,0.0
CGPT_returns,PEOPLE_returns,0.0
CGPT_returns,AWE_returns,0.0
CGPT_returns,REQ_returns,0.0
CGPT_returns,STORJ_returns,0.0
CGPT_returns,BAND_returns,0.0
CGPT_returns,WMTX_returns,0.0
CGPT_returns,CFG_returns,0.0
CGPT_returns,HONEY_returns,0.0
CGPT_returns,PRO_returns,0.0
CGPT_returns,PRIME_returns,0.2333642250391523
CGPT_returns,VVS_returns,0.0
CGPT_returns,CPOOL_returns,0.0
CGPT_returns,YGG_returns,0.0
CGPT_returns,SSV_returns,0.0
CGPT_returns,CETUS_returns,0.0
CGPT_returns,CGPT_returns,0.0
CGPT_returns,STIK_returns,0.0
CGPT_returns,PHA_returns,0.0
CGPT_returns,XVS_returns,0.0
CGPT_returns,KUB_returns,0.0
CGPT_returns,BICO_returns,0.0
CGPT_returns,UMA_returns,0.0
CGPT_returns,WAXP_returns,0.0
CGPT_returns,XPR_returns,0.0
CGPT_returns,RPL_returns,0.0
CGPT_returns,PUNDIX_returns,0.0
CGPT_returns,FLUX_returns,0.2733386295696783
CGPT_returns,BORA_returns,0.0
CGPT_returns,POWR_returns,0.0
CGPT_returns,AUDIO_returns,0.0
CGPT_returns,PROM_returns,0.0
CGPT_returns,IOST_returns,0.0
CGPT_returns,ACX_returns,0.0
CGPT_returns,ARDR_returns,0.0
CGPT_returns,SPELL_returns,0.0
CGPT_returns,ORBR_returns,0.0
CGPT_returns,LSK_returns,0.0
CGPT_returns,XOR_returns,0.0
CGPT_returns,GLMR_returns,0.0
CGPT_returns,BMX_returns,0.0
CGPT_returns,MVL_returns,-0.00871065045526637
CGPT_returns,ABT_returns,0.0
CGPT_returns,VELO_returns,0.0
CGPT_returns,IQ_returns,0.0
CGPT_returns,AGI_returns,0.0
CGPT_returns,WILD_returns,0.0
CGPT_returns,XEM_returns,0.0
CGPT_returns,LON_returns,-0.020098799718287902
CGPT_returns,POND_returns,0.0
CGPT_returns,ACT_returns,0.0
CGPT_returns,XRD_returns,0.0
CGPT_returns,RLC_returns,0.0
CGPT_returns,ILV_returns,0.0
CGPT_returns,FIDA_returns,0.0
CGPT_returns,BNT_returns,0.0
CGPT_returns,DENT_returns,0.0
CGPT_returns,ORBS_returns,0.0
CGPT_returns,ONG_returns,0.0
CGPT_returns,CHR_returns,0.0
CGPT_returns,HEART_returns,0.0
CGPT_returns,VANRY_returns,0.2816819995410846
CGPT_returns,LQTY_returns,0.0
CGPT_returns,KEEP_returns,0.0
CGPT_returns,DKA_returns,0.0
CGPT_returns,ELON_returns,0.0
CGPT_returns,ARK_returns,0.0
CGPT_returns,MLK_returns,0.0
CGPT_returns,AL_returns,0.0
CGPT_returns,JOE_returns,0.0
CGPT_returns,CELR_returns,0.0
CGPT_returns,STEEM_returns,0.0
CGPT_returns,BAL_returns,0.0
CGPT_returns,PCI_returns,0.0
CGPT_returns,MOVR_returns,0.0
CGPT_returns,AUCTION_returns,0.0
CGPT_returns,AERGO_returns,0.0
CGPT_returns,MED_returns,-0.0032017053291256144
CGPT_returns,NMR_returns,0.0
CGPT_returns,API3_returns,0.0
CGPT_returns,AGLD_returns,0.0
CGPT_returns,BONE_returns,0.0
CGPT_returns,SLP_returns,0.0
CGPT_returns,MTL_returns,0.0
CGPT_returns,KNC_returns,0.0
CGPT_returns,CTSI_returns,0.0
CGPT_returns,BTRST_returns,0.0
CGPT_returns,SCRT_returns,0.0
CGPT_returns,OMI_returns,0.0
CGPT_returns,GEOD_returns,0.0
CGPT_returns,EDU_returns,0.0
CGPT_returns,0x0_returns,0.0
CGPT_returns,KUJI_returns,0.0
STIK_returns,CTC_returns,0.0
STIK_returns,MINA_returns,0.0
STIK_returns,DASH_returns,0.0
STIK_returns,SFP_returns,0.0
STIK_returns,BabyDoge_returns,0.0
STIK_returns,SNX_returns,-0.10460713742645297
STIK_returns,TFUEL_returns,0.0
STIK_returns,DCR_returns,0.0
STIK_returns,GLM_returns,0.0
STIK_returns,MX_returns,0.346700002069195
STIK_returns,ZIL_returns,0.0
STIK_returns,BLUR_returns,-0.07189922190418516
STIK_returns,ROSE_returns,-0.03248345179152231
STIK_returns,CKB_returns,-0.058748210029059916
STIK_returns,TRAC_returns,-0.013839833839210216
STIK_returns,QTUM_returns,0.0
STIK_returns,ORDI_returns,-0.13684896201395144
STIK_returns,LPT_returns,-0.016988115374682373
STIK_returns,MASK_returns,0.0
STIK_returns,ASTR_returns,0.0
STIK_returns,ZRX_returns,-0.021219095006030624
STIK_returns,VTHO_returns,0.0
STIK_returns,ACH_returns,-0.05366269200879304
STIK_returns,BAT_returns,0.0
STIK_returns,CHEEL_returns,0.4436635687621694
STIK_returns,CHEX_returns,0.0
STIK_returns,SNEK_returns,-0.1109597199870195
STIK_returns,BORG_returns,0.0
STIK_returns,KOGE_returns,0.0
STIK_returns,IOTX_returns,-0.010914122530289158
STIK_returns,CELO_returns,-0.01630900469918255
STIK_returns,GAS_returns,-0.08884640993976764
STIK_returns,ONE_returns,-0.07951717292050922
STIK_returns,ID_returns,0.0
STIK_returns,SUSHI_returns,-0.07996927674272977
STIK_returns,CSPR_returns,0.0
STIK_returns,HOT_returns,-0.023459022865580593
STIK_returns,SC_returns,0.0
STIK_returns,YFI_returns,0.0
STIK_returns,RVN_returns,-0.018416858801677833
STIK_returns,COW_returns,-0.08553707050853593
STIK_returns,ANKR_returns,-0.027017389165889326
STIK_returns,GOMINING_returns,0.28691485944665834
STIK_returns,XCH_returns,0.0
STIK_returns,DGB_returns,0.0
STIK_returns,T_returns,0.0
STIK_returns,WOO_returns,-0.09634899726009948
STIK_returns,ELF_returns,0.0
STIK_returns,EUL_returns,0.0
STIK_returns,ORCA_returns,0.0
STIK_returns,KDA_returns,-0.03233268425468707
STIK_returns,OSMO_returns,0.0
STIK_returns,GMT_returns,0.0
STIK_returns,SNT_returns,-0.03115258989474434
STIK_returns,GMX_returns,-0.08492386224632587
STIK_returns,ENJ_returns,-0.03472269098287339
STIK_returns,XYO_returns,0.0
STIK_returns,POLYX_returns,0.0
STIK_returns,ZIG_returns,0.0
STIK_returns,ZEN_returns,-0.0026673229578366604
STIK_returns,COTI_returns,-0.13600709044051384
STIK_returns,WEMIX_returns,0.0
STIK_returns,SKL_returns,-0.05955359300823467
STIK_returns,LCX_returns,0.0
STIK_returns,WAVES_returns,0.0
STIK_returns,CVC_returns,0.0
STIK_returns,SWFTC_returns,0.0
STIK_returns,LUNA_returns,0.0
STIK_returns,HIVE_returns,0.0
STIK_returns,RLB_returns,0.0
STIK_returns,LRC_returns,-0.0007277998882947491
STIK_returns,DAG_returns,0.0
STIK_returns,ONT_returns,-0.017878711536826183
STIK_returns,TRB_returns,-0.020535047598988564
STIK_returns,XNO_returns,0.0
STIK_returns,DLC_returns,0.0
STIK_returns,METIS_returns,-0.12275820584039933
STIK_returns,ICX_returns,0.0
STIK_returns,MYTH_returns,0.0
STIK_returns,MPLX_returns,0.0
STIK_returns,SXP_returns,-0.03164862000978048
STIK_returns,XVG_returns,-0.06464201962167727
STIK_returns,PEOPLE_returns,-0.09341597978979085
STIK_returns,AWE_returns,0.0
STIK_returns,REQ_returns,0.0
STIK_returns,STORJ_returns,0.0
STIK_returns,BAND_returns,-0.005788119403030318
STIK_returns,WMTX_returns,0.0
STIK_returns,CFG_returns,0.0
STIK_returns,HONEY_returns,0.0
STIK_returns,PRO_returns,0.19072610464605225
STIK_returns,PRIME_returns,-0.039938797009317545
STIK_returns,VVS_returns,0.0
STIK_returns,CPOOL_returns,-0.021077425938655258
STIK_returns,YGG_returns,-0.06723124581221357
STIK_returns,SSV_returns,-0.13055273687606564
STIK_returns,CETUS_returns,-0.016117592510114426
STIK_returns,CGPT_returns,0.0
STIK_returns,STIK_returns,0.0
STIK_returns,PHA_returns,0.0
STIK_returns,XVS_returns,0.0
STIK_returns,KUB_returns,0.24954620755413598
STIK_returns,BICO_returns,0.0
STIK_returns,UMA_returns,0.0
STIK_returns,WAXP_returns,0.0
STIK_returns,XPR_returns,0.0
STIK_returns,RPL_returns,-0.09504885909768021
STIK_returns,PUNDIX_returns,0.0
STIK_returns,FLUX_returns,0.0
STIK_returns,BORA_returns,0.0
STIK_returns,POWR_returns,0.0
STIK_returns,AUDIO_returns,0.0
STIK_returns,PROM_returns,0.0
STIK_returns,IOST_returns,0.0
STIK_returns,ACX_returns,0.0
STIK_returns,ARDR_returns,0.0
STIK_returns,SPELL_returns,0.0
STIK_returns,ORBR_returns,0.1983853723085066
STIK_returns,LSK_returns,0.0
STIK_returns,XOR_returns,0.0
STIK_returns,GLMR_returns,0.0
STIK_returns,BMX_returns,0.0
STIK_returns,MVL_returns,0.0
STIK_returns,ABT_returns,0.0
STIK_returns,VELO_returns,-0.044431647602821964
STIK_returns,IQ_returns,0.0
STIK_returns,AGI_returns,-0.0016532359779903936
STIK_returns,WILD_returns,-0.1246520921637266
STIK_returns,XEM_returns,0.0
STIK_returns,LON_returns,0.4288195325960306
STIK_returns,POND_returns,0.0
STIK_returns,ACT_returns,0.0
STIK_returns,XRD_returns,0.0
STIK_returns,RLC_returns,-0.012992048237883295
STIK_returns,ILV_returns,-0.11124268547048728
STIK_returns,FIDA_returns,-0.05522787019834932
STIK_returns,BNT_returns,-0.0034186391803091463
STIK_returns,DENT_returns,-0.07315968017791809
STIK_returns,ORBS_returns,0.0
STIK_returns,ONG_returns,0.0
STIK_returns,CHR_returns,-0.05477731406840127
STIK_returns,HEART_returns,0.0
STIK_returns,VANRY_returns,-0.09090570398813985
STIK_returns,LQTY_returns,-0.126903918978795
STIK_returns,KEEP_returns,0.0
STIK_returns,DKA_returns,0.24276835416932277
STIK_returns,ELON_returns,0.0
STIK_returns,ARK_returns,0.0
STIK_returns,MLK_returns,0.0
STIK_returns,AL_returns,0.0
STIK_returns,JOE_returns,-0.051482997185551126
STIK_returns,CELR_returns,-0.06323068734346639
STIK_returns,STEEM_returns,0.0
STIK_returns,BAL_returns,-0.050224735960682276
STIK_returns,PCI_returns,0.0
STIK_returns,MOVR_returns,0.0
STIK_returns,AUCTION_returns,0.0
STIK_returns,AERGO_returns,0.0
STIK_returns,MED_returns,0.0
STIK_returns,NMR_returns,0.0
STIK_returns,API3_returns,-0.041420852999663825
STIK_returns,AGLD_returns,0.0
STIK_returns,BONE_returns,-0.0018737919715366843
STIK_returns,SLP_returns,-0.05253793228089913
STIK_returns,MTL_returns,0.0
STIK_returns,KNC_returns,0.0
STIK_returns,CTSI_returns,-0.05163877592174409
STIK_returns,BTRST_returns,0.0
STIK_returns,SCRT_returns,0.0
STIK_returns,OMI_returns,0.0
STIK_returns,GEOD_returns,0.0
STIK_returns,EDU_returns,0.0
STIK_returns,0x0_returns,0.0
STIK_returns,KUJI_returns,0.0
PHA_returns,CTC_returns,0.0
PHA_returns,MINA_returns,0.0
PHA_returns,DASH_returns,0.0
PHA_returns,SFP_returns,0.0
PHA_returns,BabyDoge_returns,0.0
PHA_returns,SNX_returns,0.0
PHA_returns,TFUEL_returns,0.0
PHA_returns,DCR_returns,0.0
PHA_returns,GLM_returns,0.0
PHA_returns,MX_returns,0.0
PHA_returns,ZIL_returns,0.2865852179610768
PHA_returns,BLUR_returns,0.0
PHA_returns,ROSE_returns,0.0
PHA_returns,CKB_returns,0.0
PHA_returns,TRAC_returns,0.0
PHA_returns,QTUM_returns,0.0
PHA_returns,ORDI_returns,0.0
PHA_returns,LPT_returns,0.0
PHA_returns,MASK_returns,0.0
PHA_returns,ASTR_returns,0.0
PHA_returns,ZRX_returns,0.0
PHA_returns,VTHO_returns,0.0
PHA_returns,ACH_returns,0.0
PHA_returns,BAT_returns,0.2890579249352895
PHA_returns,CHEEL_returns,0.0
PHA_returns,CHEX_returns,0.0
PHA_returns,SNEK_returns,0.0
PHA_returns,BORG_returns,0.0
PHA_returns,KOGE_returns,0.0
PHA_returns,IOTX_returns,0.0
PHA_returns,CELO_returns,0.0
PHA_returns,GAS_returns,0.0
PHA_returns,ONE_returns,0.0
PHA_returns,ID_returns,0.0
PHA_returns,SUSHI_returns,0.0
PHA_returns,CSPR_returns,0.0
PHA_returns,HOT_returns,0.0
PHA_returns,SC_returns,0.0
PHA_returns,YFI_returns,0.0
PHA_returns,RVN_returns,0.0
PHA_returns,COW_returns,0.0
PHA_returns,ANKR_returns,0.0
PHA_returns,GOMINING_returns,0.0
PHA_returns,XCH_returns,0.0
PHA_returns,DGB_returns,0.0
PHA_returns,T_returns,0.0
PHA_returns,WOO_returns,0.0
PHA_returns,ELF_returns,0.0
PHA_returns,EUL_returns,0.0
PHA_returns,ORCA_returns,0.0
PHA_returns,KDA_returns,0.0
PHA_returns,OSMO_returns,0.0
PHA_returns,GMT_returns,0.3742624708584315
PHA_returns,SNT_returns,0.0
PHA_returns,GMX_returns,0.0
PHA_returns,ENJ_returns,0.0
PHA_returns,XYO_returns,0.0
PHA_returns,POLYX_returns,0.0
PHA_returns,ZIG_returns,0.0
PHA_returns,ZEN_returns,0.0
PHA_returns,COTI_returns,0.0
PHA_returns,WEMIX_returns,0.0
PHA_returns,SKL_returns,0.0
PHA_returns,LCX_returns,0.0
PHA_returns,WAVES_returns,0.0
PHA_returns,CVC_returns,0.0
PHA_returns,SWFTC_returns,0.0
PHA_returns,LUNA_returns,0.0
PHA_returns,HIVE_returns,0.0
PHA_returns,RLB_returns,0.0
PHA_returns,LRC_returns,0.0
PHA_returns,DAG_returns,0.0
PHA_returns,ONT_returns,0.0
PHA_returns,TRB_returns,0.0
PHA_returns,XNO_returns,0.0
PHA_returns,DLC_returns,0.0
PHA_returns,METIS_returns,0.0
PHA_returns,ICX_returns,0.0
PHA_returns,MYTH_returns,0.0
PHA_returns,MPLX_returns,0.0
PHA_returns,SXP_returns,0.0
PHA_returns,XVG_returns,0.0
PHA_returns,PEOPLE_returns,0.0
PHA_returns,AWE_returns,0.0
PHA_returns,REQ_returns,0.0
PHA_returns,STORJ_returns,0.0
PHA_returns,BAND_returns,0.0
PHA_returns,WMTX_returns,0.0
PHA_returns,CFG_returns,0.0
PHA_returns,HONEY_returns,-0.001814491446912402
PHA_returns,PRO_returns,0.0
PHA_returns,PRIME_returns,0.0
PHA_returns,VVS_returns,0.0
PHA_returns,CPOOL_returns,0.0
PHA_returns,YGG_returns,0.0
PHA_returns,SSV_returns,0.0
PHA_returns,CETUS_returns,0.0
PHA_returns,CGPT_returns,0.0
PHA_returns,STIK_returns,0.0
PHA_returns,PHA_returns,0.0
PHA_returns,XVS_returns,0.0
PHA_returns,KUB_returns,0.0
PHA_returns,BICO_returns,0.0
PHA_returns,UMA_returns,0.0
PHA_returns,WAXP_returns,0.0
PHA_returns,XPR_returns,0.0
PHA_returns,RPL_returns,0.0
PHA_returns,PUNDIX_returns,0.0
PHA_returns,FLUX_returns,0.0
PHA_returns,BORA_returns,0.0
PHA_returns,POWR_returns,0.0
PHA_returns,AUDIO_returns,0.0
PHA_returns,PROM_returns,0.0
PHA_returns,IOST_returns,0.0
PHA_returns,ACX_returns,0.0
PHA_returns,ARDR_returns,0.0
PHA_returns,SPELL_returns,0.0
PHA_returns,ORBR_returns,0.0
PHA_returns,LSK_returns,0.0
PHA_returns,XOR_returns,0.08877628886132645
PHA_returns,GLMR_returns,0.3199655168760194
PHA_returns,BMX_returns,0.0
PHA_returns,MVL_returns,0.0
PHA_returns,ABT_returns,0.0
PHA_returns,VELO_returns,0.0
PHA_returns,IQ_returns,0.0
PHA_returns,AGI_returns,0.0
PHA_returns,WILD_returns,0.0
PHA_returns,XEM_returns,0.0
PHA_returns,LON_returns,0.0
PHA_returns,POND_returns,0.38990073016373566
PHA_returns,ACT_returns,-0.005330730154330041
PHA_returns,XRD_returns,0.0
PHA_returns,RLC_returns,0.0
PHA_returns,ILV_returns,0.0
PHA_returns,FIDA_returns,0.0
PHA_returns,BNT_returns,0.0
PHA_returns,DENT_returns,0.0
PHA_returns,ORBS_returns,0.0
PHA_returns,ONG_returns,0.0
PHA_returns,CHR_returns,0.0
PHA_returns,HEART_returns,0.0
PHA_returns,VANRY_returns,0.0
PHA_returns,LQTY_returns,0.0
PHA_returns,KEEP_returns,0.0
PHA_returns,DKA_returns,0.0
PHA_returns,ELON_returns,-0.004793715910179552
PHA_returns,ARK_returns,0.0
PHA_returns,MLK_returns,0.0
PHA_returns,AL_returns,0.0
PHA_returns,JOE_returns,0.0
PHA_returns,CELR_returns,0.3055584999946208
PHA_returns,STEEM_returns,0.0
PHA_returns,BAL_returns,0.0
PHA_returns,PCI_returns,0.0
PHA_returns,MOVR_returns,0.0
PHA_returns,AUCTION_returns,0.0
PHA_returns,AERGO_returns,0.0
PHA_returns,MED_returns,0.0
PHA_returns,NMR_returns,0.0
PHA_returns,API3_returns,0.0
PHA_returns,AGLD_returns,0.0
PHA_returns,BONE_returns,0.0
PHA_returns,SLP_returns,0.0
PHA_returns,MTL_returns,0.0
PHA_returns,KNC_returns,0.0
PHA_returns,CTSI_returns,0.0
PHA_returns,BTRST_returns,0.0
PHA_returns,SCRT_returns,0.0
PHA_returns,OMI_returns,0.0
PHA_returns,GEOD_returns,0.0
PHA_returns,EDU_returns,0.0
PHA_returns,0x0_returns,0.0
PHA_returns,KUJI_returns,0.0
XVS_returns,CTC_returns,0.0
XVS_returns,MINA_returns,0.0
XVS_returns,DASH_returns,0.0
XVS_returns,SFP_returns,0.0
XVS_returns,BabyDoge_returns,0.0
XVS_returns,SNX_returns,0.0
XVS_returns,TFUEL_returns,0.0
XVS_returns,DCR_returns,0.0
XVS_returns,GLM_returns,0.0
XVS_returns,MX_returns,0.0
XVS_returns,ZIL_returns,0.3944506776989158
XVS_returns,BLUR_returns,0.0
XVS_returns,ROSE_returns,0.0
XVS_returns,CKB_returns,0.0
XVS_returns,TRAC_returns,0.0
XVS_returns,QTUM_returns,0.0
XVS_returns,ORDI_returns,0.0
XVS_returns,LPT_returns,0.0
XVS_returns,MASK_returns,0.0
XVS_returns,ASTR_returns,0.0
XVS_returns,ZRX_returns,0.0
XVS_returns,VTHO_returns,0.0
XVS_returns,ACH_returns,0.0
XVS_returns,BAT_returns,0.37117357675601054
XVS_returns,CHEEL_returns,0.0
XVS_returns,CHEX_returns,0.0
XVS_returns,SNEK_returns,0.0
XVS_returns,BORG_returns,0.0
XVS_returns,KOGE_returns,0.0
XVS_returns,IOTX_returns,0.0
XVS_returns,CELO_returns,0.0
XVS_returns,GAS_returns,0.0
XVS_returns,ONE_returns,0.0
XVS_returns,ID_returns,0.0
XVS_returns,SUSHI_returns,0.0
XVS_returns,CSPR_returns,0.0
XVS_returns,HOT_returns,0.0
XVS_returns,SC_returns,0.0
XVS_returns,YFI_returns,0.0
XVS_returns,RVN_returns,0.0
XVS_returns,COW_returns,0.0
XVS_returns,ANKR_returns,0.0
XVS_returns,GOMINING_returns,0.0
XVS_returns,XCH_returns,0.0
XVS_returns,DGB_returns,0.0
XVS_returns,T_returns,0.0
XVS_returns,WOO_returns,0.0
XVS_returns,ELF_returns,0.0
XVS_returns,EUL_returns,0.0
XVS_returns,ORCA_returns,0.0
XVS_returns,KDA_returns,0.0
XVS_returns,OSMO_returns,0.0
XVS_returns,GMT_returns,0.0
XVS_returns,SNT_returns,0.0
XVS_returns,GMX_returns,0.0
XVS_returns,ENJ_returns,0.0
XVS_returns,XYO_returns,0.0
XVS_returns,POLYX_returns,0.0
XVS_returns,ZIG_returns,0.0
XVS_returns,ZEN_returns,0.0
XVS_returns,COTI_returns,0.0
XVS_returns,WEMIX_returns,0.0
XVS_returns,SKL_returns,0.0
XVS_returns,LCX_returns,0.0
XVS_returns,WAVES_returns,0.0
XVS_returns,CVC_returns,0.0
XVS_returns,SWFTC_returns,0.0
XVS_returns,LUNA_returns,0.0
XVS_returns,HIVE_returns,0.0
XVS_returns,RLB_returns,0.0
XVS_returns,LRC_returns,0.0
XVS_returns,DAG_returns,0.0
XVS_returns,ONT_returns,0.0
XVS_returns,TRB_returns,0.3206395438576938
XVS_returns,XNO_returns,0.0
XVS_returns,DLC_returns,0.0
XVS_returns,METIS_returns,0.0
XVS_returns,ICX_returns,0.3526238676326178
XVS_returns,MYTH_returns,0.0
XVS_returns,MPLX_returns,0.0
XVS_returns,SXP_returns,0.0
XVS_returns,XVG_returns,0.0
XVS_returns,PEOPLE_returns,0.0
XVS_returns,AWE_returns,0.0
XVS_returns,REQ_returns,0.0
XVS_returns,STORJ_returns,0.0
XVS_returns,BAND_returns,0.39713599244751663
XVS_returns,WMTX_returns,0.0
XVS_returns,CFG_returns,0.0
XVS_returns,HONEY_returns,0.0
XVS_returns,PRO_returns,0.0
XVS_returns,PRIME_returns,0.0
XVS_returns,VVS_returns,0.0
XVS_returns,CPOOL_returns,0.0
XVS_returns,YGG_returns,0.0
XVS_returns,SSV_returns,0.0
XVS_returns,CETUS_returns,0.0
XVS_returns,CGPT_returns,0.0
XVS_returns,STIK_returns,0.0
XVS_returns,PHA_returns,0.0
XVS_returns,XVS_returns,0.0
XVS_returns,KUB_returns,0.0
XVS_returns,BICO_returns,0.0
XVS_returns,UMA_returns,0.0
XVS_returns,WAXP_returns,0.0
XVS_returns,XPR_returns,0.0
XVS_returns,RPL_returns,0.0
XVS_returns,PUNDIX_returns,0.0
XVS_returns,FLUX_returns,0.0
XVS_returns,BORA_returns,0.0
XVS_returns,POWR_returns,0.0
XVS_returns,AUDIO_returns,0.0
XVS_returns,PROM_returns,0.0
XVS_returns,IOST_returns,0.0
XVS_returns,ACX_returns,0.0
XVS_returns,ARDR_returns,0.0
XVS_returns,SPELL_returns,0.0
XVS_returns,ORBR_returns,0.0
XVS_returns,LSK_returns,0.0
XVS_returns,XOR_returns,-0.0005391334849195819
XVS_returns,GLMR_returns,0.0
XVS_returns,BMX_returns,0.0
XVS_returns,MVL_returns,0.0
XVS_returns,ABT_returns,0.0
XVS_returns,VELO_returns,0.0
XVS_returns,IQ_returns,0.0
XVS_returns,AGI_returns,0.0
XVS_returns,WILD_returns,0.0
XVS_returns,XEM_returns,0.0
XVS_returns,LON_returns,0.0
XVS_returns,POND_returns,0.0
XVS_returns,ACT_returns,0.0
XVS_returns,XRD_returns,0.0
XVS_returns,RLC_returns,0.0
XVS_returns,ILV_returns,0.0
XVS_returns,FIDA_returns,0.0
XVS_returns,BNT_returns,0.0
XVS_returns,DENT_returns,0.3757777292921507
XVS_returns,ORBS_returns,0.0
XVS_returns,ONG_returns,0.0
XVS_returns,CHR_returns,0.0
XVS_returns,HEART_returns,0.0
XVS_returns,VANRY_returns,0.0
XVS_returns,LQTY_returns,0.0
XVS_returns,KEEP_returns,0.0
XVS_returns,DKA_returns,0.0
XVS_returns,ELON_returns,0.0
XVS_returns,ARK_returns,0.0
XVS_returns,MLK_returns,0.0
XVS_returns,AL_returns,0.0
XVS_returns,JOE_returns,0.0
XVS_returns,CELR_returns,0.0
XVS_returns,STEEM_returns,0.0
XVS_returns,BAL_returns,0.0
XVS_returns,PCI_returns,0.0
XVS_returns,MOVR_returns,0.0
XVS_returns,AUCTION_returns,0.0
XVS_returns,AERGO_returns,0.0
XVS_returns,MED_returns,0.0
XVS_returns,NMR_returns,0.0
XVS_returns,API3_returns,0.0
XVS_returns,AGLD_returns,0.0
XVS_returns,BONE_returns,0.0
XVS_returns,SLP_returns,0.0
XVS_returns,MTL_returns,0.0
XVS_returns,KNC_returns,0.35734401447747033
XVS_returns,CTSI_returns,0.0
XVS_returns,BTRST_returns,0.0
XVS_returns,SCRT_returns,0.0
XVS_returns,OMI_returns,0.0
XVS_returns,GEOD_returns,0.0
XVS_returns,EDU_returns,0.0
XVS_returns,0x0_returns,0.0
XVS_returns,KUJI_returns,0.0
KUB_returns,CTC_returns,0.4075633179443018
KUB_returns,MINA_returns,0.0
KUB_returns,DASH_returns,0.0
KUB_returns,SFP_returns,0.0
KUB_returns,BabyDoge_returns,0.0
KUB_returns,SNX_returns,0.0
KUB_returns,TFUEL_returns,0.0
KUB_returns,DCR_returns,0.0
KUB_returns,GLM_returns,0.0
KUB_returns,MX_returns,0.0
KUB_returns,ZIL_returns,0.0
KUB_returns,BLUR_returns,0.0
KUB_returns,ROSE_returns,0.0
KUB_returns,CKB_returns,0.0
KUB_returns,TRAC_returns,0.0
KUB_returns,QTUM_returns,0.0
KUB_returns,ORDI_returns,0.0
KUB_returns,LPT_returns,0.0
KUB_returns,MASK_returns,0.0
KUB_returns,ASTR_returns,0.0
KUB_returns,ZRX_returns,0.0
KUB_returns,VTHO_returns,0.0
KUB_returns,ACH_returns,0.0
KUB_returns,BAT_returns,0.0
KUB_returns,CHEEL_returns,0.4123231670375643
KUB_returns,CHEX_returns,0.0
KUB_returns,SNEK_returns,0.0
KUB_returns,BORG_returns,0.0
KUB_returns,KOGE_returns,0.32919505379587277
KUB_returns,IOTX_returns,0.0
KUB_returns,CELO_returns,0.0
KUB_returns,GAS_returns,0.0
KUB_returns,ONE_returns,0.0
KUB_returns,ID_returns,0.0
KUB_returns,SUSHI_returns,0.0
KUB_returns,CSPR_returns,0.0
KUB_returns,HOT_returns,0.0
KUB_returns,SC_returns,0.0
KUB_returns,YFI_returns,0.0
KUB_returns,RVN_returns,0.0
KUB_returns,COW_returns,-0.05886174936487502
KUB_returns,ANKR_returns,0.0
KUB_returns,GOMINING_returns,0.3130385594007238
KUB_returns,XCH_returns,0.0
KUB_returns,DGB_returns,0.0
KUB_returns,T_returns,0.0
KUB_returns,WOO_returns,0.0
KUB_returns,ELF_returns,0.0
KUB_returns,EUL_returns,0.0
KUB_returns,ORCA_returns,0.0
KUB_returns,KDA_returns,0.0
KUB_returns,OSMO_returns,0.0
KUB_returns,GMT_returns,0.0
KUB_returns,SNT_returns,0.0
KUB_returns,GMX_returns,0.0
KUB_returns,ENJ_returns,0.0
KUB_returns,XYO_returns,0.0
KUB_returns,POLYX_returns,0.0
KUB_returns,ZIG_returns,0.0
KUB_returns,ZEN_returns,0.0
KUB_returns,COTI_returns,0.0
KUB_returns,WEMIX_returns,0.0
KUB_returns,SKL_returns,0.0
KUB_returns,LCX_returns,0.0
KUB_returns,WAVES_returns,0.0
KUB_returns,CVC_returns,0.0
KUB_returns,SWFTC_returns,0.0
KUB_returns,LUNA_returns,0.0
KUB_returns,HIVE_returns,0.0
KUB_returns,RLB_returns,0.0
KUB_returns,LRC_returns,0.0
KUB_returns,DAG_returns,0.0
KUB_returns,ONT_returns,0.0
KUB_returns,TRB_returns,0.0
KUB_returns,XNO_returns,0.0
KUB_returns,DLC_returns,0.0
KUB_returns,METIS_returns,-0.04352806958593646
KUB_returns,ICX_returns,0.0
KUB_returns,MYTH_returns,0.17938724863576633
KUB_returns,MPLX_returns,0.0
KUB_returns,SXP_returns,0.0
KUB_returns,XVG_returns,0.0
KUB_returns,PEOPLE_returns,0.0
KUB_returns,AWE_returns,0.0
KUB_returns,REQ_returns,0.0
KUB_returns,STORJ_returns,0.0
KUB_returns,BAND_returns,0.0
KUB_returns,WMTX_returns,0.0
KUB_returns,CFG_returns,0.0
KUB_returns,HONEY_returns,0.1883575604787619
KUB_returns,PRO_returns,0.20193421706304696
KUB_returns,PRIME_returns,-0.013994662678512647
KUB_returns,VVS_returns,0.0
KUB_returns,CPOOL_returns,0.0
KUB_returns,YGG_returns,0.0
KUB_returns,SSV_returns,-0.055450779203230126
KUB_returns,CETUS_returns,0.0
KUB_returns,CGPT_returns,0.0
KUB_returns,STIK_returns,0.24954620755413598
KUB_returns,PHA_returns,0.0
KUB_returns,XVS_returns,0.0
KUB_returns,KUB_returns,0.0
KUB_returns,BICO_returns,0.0
KUB_returns,UMA_returns,0.0
KUB_returns,WAXP_returns,0.0
KUB_returns,XPR_returns,0.0
KUB_returns,RPL_returns,0.0
KUB_returns,PUNDIX_returns,0.0
KUB_returns,FLUX_returns,0.0
KUB_returns,BORA_returns,0.3606010721254001
KUB_returns,POWR_returns,0.0
KUB_returns,AUDIO_returns,0.0
KUB_returns,PROM_returns,0.0
KUB_returns,IOST_returns,0.0
KUB_returns,ACX_returns,0.0
KUB_returns,ARDR_returns,0.0
KUB_returns,SPELL_returns,0.0
KUB_returns,ORBR_returns,0.19834370000063434
KUB_returns,LSK_returns,0.0
KUB_returns,XOR_returns,0.0
KUB_returns,GLMR_returns,0.0
KUB_returns,BMX_returns,0.0
KUB_returns,MVL_returns,0.0
KUB_returns,ABT_returns,0.0
KUB_returns,VELO_returns,0.0
KUB_returns,IQ_returns,0.0
KUB_returns,AGI_returns,0.0
KUB_returns,WILD_returns,-0.053152403696023615
KUB_returns,XEM_returns,0.0
KUB_returns,LON_returns,0.4250383921095268
KUB_returns,POND_returns,0.0
KUB_returns,ACT_returns,0.0
KUB_returns,XRD_returns,0.0
KUB_returns,RLC_returns,0.0
KUB_returns,ILV_returns,0.0
KUB_returns,FIDA_returns,0.0
KUB_returns,BNT_returns,0.0
KUB_returns,DENT_returns,0.0
KUB_returns,ORBS_returns,0.0
KUB_returns,ONG_returns,0.0
KUB_returns,CHR_returns,0.0
KUB_returns,HEART_returns,0.0
KUB_returns,VANRY_returns,0.0
KUB_returns,LQTY_returns,0.0
KUB_returns,KEEP_returns,0.0
KUB_returns,DKA_returns,0.0
KUB_returns,ELON_returns,0.0
KUB_returns,ARK_returns,0.0
KUB_returns,MLK_returns,0.3499176457836027
KUB_returns,AL_returns,0.28165411118806793
KUB_returns,JOE_returns,0.0
KUB_returns,CELR_returns,0.0
KUB_returns,STEEM_returns,0.0
KUB_returns,BAL_returns,0.0
KUB_returns,PCI_returns,0.2649538604755728
KUB_returns,MOVR_returns,0.0
KUB_returns,AUCTION_returns,0.0
KUB_returns,AERGO_returns,0.0
KUB_returns,MED_returns,0.3511040030558168
KUB_returns,NMR_returns,0.0
KUB_returns,API3_returns,0.0
KUB_returns,AGLD_returns,0.0
KUB_returns,BONE_returns,0.0
KUB_returns,SLP_returns,0.0
KUB_returns,MTL_returns,0.0
KUB_returns,KNC_returns,0.0
KUB_returns,CTSI_returns,0.0
KUB_returns,BTRST_returns,0.3051988385181748
KUB_returns,SCRT_returns,0.0
KUB_returns,OMI_returns,0.0
KUB_returns,GEOD_returns,0.0
KUB_returns,EDU_returns,0.0
KUB_returns,0x0_returns,-0.07440123161514425
KUB_returns,KUJI_returns,0.0
BICO_returns,CTC_returns,0.0
BICO_returns,MINA_returns,0.0
BICO_returns,DASH_returns,0.0
BICO_returns,SFP_returns,0.0
BICO_returns,BabyDoge_returns,0.0
BICO_returns,SNX_returns,0.0
BICO_returns,TFUEL_returns,0.0
BICO_returns,DCR_returns,0.0
BICO_returns,GLM_returns,0.0
BICO_returns,MX_returns,0.0
BICO_returns,ZIL_returns,0.0
BICO_returns,BLUR_returns,0.0
BICO_returns,ROSE_returns,0.0
BICO_returns,CKB_returns,0.0
BICO_returns,TRAC_returns,0.0
BICO_returns,QTUM_returns,0.0
BICO_returns,ORDI_returns,0.0
BICO_returns,LPT_returns,0.0
BICO_returns,MASK_returns,0.0
BICO_returns,ASTR_returns,0.0
BICO_returns,ZRX_returns,0.0
BICO_returns,VTHO_returns,0.0
BICO_returns,ACH_returns,0.0
BICO_returns,BAT_returns,0.4078575871813409
BICO_returns,CHEEL_returns,0.0
BICO_returns,CHEX_returns,0.0
BICO_returns,SNEK_returns,0.0
BICO_returns,BORG_returns,0.0
BICO_returns,KOGE_returns,0.0
BICO_returns,IOTX_returns,0.0
BICO_returns,CELO_returns,0.0
BICO_returns,GAS_returns,0.0
BICO_returns,ONE_returns,0.0
BICO_returns,ID_returns,0.0
BICO_returns,SUSHI_returns,0.0
BICO_returns,CSPR_returns,0.0
BICO_returns,HOT_returns,0.0
BICO_returns,SC_returns,0.0
BICO_returns,YFI_returns,0.0
BICO_returns,RVN_returns,0.0
BICO_returns,COW_returns,0.0
BICO_returns,ANKR_returns,0.0
BICO_returns,GOMINING_returns,-0.013018846597164945
BICO_returns,XCH_returns,0.0
BICO_returns,DGB_returns,0.0
BICO_returns,T_returns,0.0
BICO_returns,WOO_returns,0.0
BICO_returns,ELF_returns,0.0
BICO_returns,EUL_returns,0.0
BICO_returns,ORCA_returns,0.0
BICO_returns,KDA_returns,0.0
BICO_returns,OSMO_returns,0.0
BICO_returns,GMT_returns,0.0
BICO_returns,SNT_returns,0.0
BICO_returns,GMX_returns,0.0
BICO_returns,ENJ_returns,0.42608419207026926
BICO_returns,XYO_returns,0.0
BICO_returns,POLYX_returns,0.0
BICO_returns,ZIG_returns,0.0
BICO_returns,ZEN_returns,0.0
BICO_returns,COTI_returns,0.0
BICO_returns,WEMIX_returns,0.0
BICO_returns,SKL_returns,0.0
BICO_returns,LCX_returns,0.0
BICO_returns,WAVES_returns,0.0
BICO_returns,CVC_returns,0.0
BICO_returns,SWFTC_returns,0.0
BICO_returns,LUNA_returns,0.0
BICO_returns,HIVE_returns,0.0
BICO_returns,RLB_returns,0.0
BICO_returns,LRC_returns,0.4161686438189664
BICO_returns,DAG_returns,0.0
BICO_returns,ONT_returns,0.0
BICO_returns,TRB_returns,0.0
BICO_returns,XNO_returns,0.0
BICO_returns,DLC_returns,0.0
BICO_returns,METIS_returns,0.0
BICO_returns,ICX_returns,0.0
BICO_returns,MYTH_returns,0.0
BICO_returns,MPLX_returns,0.0
BICO_returns,SXP_returns,0.0
BICO_returns,XVG_returns,0.0
BICO_returns,PEOPLE_returns,0.0
BICO_returns,AWE_returns,0.0
BICO_returns,REQ_returns,0.0
BICO_returns,STORJ_returns,0.0
BICO_returns,BAND_returns,0.4103427075977511
BICO_returns,WMTX_returns,0.0
BICO_returns,CFG_returns,0.0
BICO_returns,HONEY_returns,0.0
BICO_returns,PRO_returns,0.0
BICO_returns,PRIME_returns,0.0
BICO_returns,VVS_returns,0.0
BICO_returns,CPOOL_returns,0.0
BICO_returns,YGG_returns,0.0
BICO_returns,SSV_returns,0.0
BICO_returns,CETUS_returns,0.0
BICO_returns,CGPT_returns,0.0
BICO_returns,STIK_returns,0.0
BICO_returns,PHA_returns,0.0
BICO_returns,XVS_returns,0.0
BICO_returns,KUB_returns,0.0
BICO_returns,BICO_returns,0.0
BICO_returns,UMA_returns,0.0
BICO_returns,WAXP_returns,0.0
BICO_returns,XPR_returns,0.0
BICO_returns,RPL_returns,0.0
BICO_returns,PUNDIX_returns,0.0
BICO_returns,FLUX_returns,0.0
BICO_returns,BORA_returns,0.0
BICO_returns,POWR_returns,0.0
BICO_returns,AUDIO_returns,0.0
BICO_returns,PROM_returns,0.0
BICO_returns,IOST_returns,0.0
BICO_returns,ACX_returns,0.0
BICO_returns,ARDR_returns,0.0
BICO_returns,SPELL_returns,0.0
BICO_returns,ORBR_returns,0.0
BICO_returns,LSK_returns,0.0
BICO_returns,XOR_returns,0.0
BICO_returns,GLMR_returns,0.0
BICO_returns,BMX_returns,0.0
BICO_returns,MVL_returns,0.0
BICO_returns,ABT_returns,0.0
BICO_returns,VELO_returns,0.0
BICO_returns,IQ_returns,0.0
BICO_returns,AGI_returns,0.0
BICO_returns,WILD_returns,0.0
BICO_returns,XEM_returns,0.0
BICO_returns,LON_returns,0.0
BICO_returns,POND_returns,0.0
BICO_returns,ACT_returns,0.0
BICO_returns,XRD_returns,0.0
BICO_returns,RLC_returns,0.0
BICO_returns,ILV_returns,0.0
BICO_returns,FIDA_returns,0.0
BICO_returns,BNT_returns,0.0
BICO_returns,DENT_returns,0.41236162442205143
BICO_returns,ORBS_returns,0.0
BICO_returns,ONG_returns,0.0
BICO_returns,CHR_returns,0.0
BICO_returns,HEART_returns,0.0
BICO_returns,VANRY_returns,0.0
BICO_returns,LQTY_returns,0.0
BICO_returns,KEEP_returns,0.0
BICO_returns,DKA_returns,0.0
BICO_returns,ELON_returns,0.0
BICO_returns,ARK_returns,0.0
BICO_returns,MLK_returns,0.0
BICO_returns,AL_returns,0.0
BICO_returns,JOE_returns,0.0
BICO_returns,CELR_returns,0.4357995115866819
BICO_returns,STEEM_returns,0.0
BICO_returns,BAL_returns,0.0
BICO_returns,PCI_returns,0.0
BICO_returns,MOVR_returns,0.0
BICO_returns,AUCTION_returns,0.0
BICO_returns,AERGO_returns,0.0
BICO_returns,MED_returns,0.0
BICO_returns,NMR_returns,0.0
BICO_returns,API3_returns,0.0
BICO_returns,AGLD_returns,0.0
BICO_returns,BONE_returns,0.0
BICO_returns,SLP_returns,0.0
BICO_returns,MTL_returns,0.0
BICO_returns,KNC_returns,0.0
BICO_returns,CTSI_returns,0.0
BICO_returns,BTRST_returns,0.0
BICO_returns,SCRT_returns,0.0
BICO_returns,OMI_returns,0.0
BICO_returns,GEOD_returns,0.0
BICO_returns,EDU_returns,0.0
BICO_returns,0x0_returns,0.0
BICO_returns,KUJI_returns,0.0
UMA_returns,CTC_returns,0.0
UMA_returns,MINA_returns,0.0
UMA_returns,DASH_returns,0.0
UMA_returns,SFP_returns,0.0
UMA_returns,BabyDoge_returns,0.0
UMA_returns,SNX_returns,0.0
UMA_returns,TFUEL_returns,0.0
UMA_returns,DCR_returns,0.0
UMA_returns,GLM_returns,0.0
UMA_returns,MX_returns,0.0
UMA_returns,ZIL_returns,0.3525669726454458
UMA_returns,BLUR_returns,0.0
UMA_returns,ROSE_returns,0.0
UMA_returns,CKB_returns,0.0
UMA_returns,TRAC_returns,0.0
UMA_returns,QTUM_returns,0.0
UMA_returns,ORDI_returns,0.0
UMA_returns,LPT_returns,0.0
UMA_returns,MASK_returns,0.0
UMA_returns,ASTR_returns,0.0
UMA_returns,ZRX_returns,0.0
UMA_returns,VTHO_returns,0.0
UMA_returns,ACH_returns,0.0
UMA_returns,BAT_returns,0.3575134550698633
UMA_returns,CHEEL_returns,0.0
UMA_returns,CHEX_returns,0.0
UMA_returns,SNEK_returns,0.0
UMA_returns,BORG_returns,0.0
UMA_returns,KOGE_returns,0.0
UMA_returns,IOTX_returns,0.0
UMA_returns,CELO_returns,0.0
UMA_returns,GAS_returns,0.0
UMA_returns,ONE_returns,0.0
UMA_returns,ID_returns,0.0
UMA_returns,SUSHI_returns,0.0
UMA_returns,CSPR_returns,0.0
UMA_returns,HOT_returns,0.0
UMA_returns,SC_returns,0.0
UMA_returns,YFI_returns,0.0
UMA_returns,RVN_returns,0.0
UMA_returns,COW_returns,0.0
UMA_returns,ANKR_returns,0.0
UMA_returns,GOMINING_returns,0.0
UMA_returns,XCH_returns,0.0
UMA_returns,DGB_returns,0.0
UMA_returns,T_returns,0.0
UMA_returns,WOO_returns,0.0
UMA_returns,ELF_returns,0.0
UMA_returns,EUL_returns,0.0
UMA_returns,ORCA_returns,0.0
UMA_returns,KDA_returns,0.0
UMA_returns,OSMO_returns,0.0
UMA_returns,GMT_returns,0.0
UMA_returns,SNT_returns,0.0
UMA_returns,GMX_returns,0.0
UMA_returns,ENJ_returns,0.0
UMA_returns,XYO_returns,0.0
UMA_returns,POLYX_returns,0.0
UMA_returns,ZIG_returns,0.0
UMA_returns,ZEN_returns,0.0
UMA_returns,COTI_returns,0.0
UMA_returns,WEMIX_returns,0.0
UMA_returns,SKL_returns,0.0
UMA_returns,LCX_returns,0.0
UMA_returns,WAVES_returns,0.0
UMA_returns,CVC_returns,0.0
UMA_returns,SWFTC_returns,0.0
UMA_returns,LUNA_returns,0.0
UMA_returns,HIVE_returns,0.0
UMA_returns,RLB_returns,0.0
UMA_returns,LRC_returns,0.0
UMA_returns,DAG_returns,0.0
UMA_returns,ONT_returns,0.0
UMA_returns,TRB_returns,0.0
UMA_returns,XNO_returns,0.0
UMA_returns,DLC_returns,0.0
UMA_returns,METIS_returns,0.0
UMA_returns,ICX_returns,0.0
UMA_returns,MYTH_returns,0.0
UMA_returns,MPLX_returns,0.0
UMA_returns,SXP_returns,0.0
UMA_returns,XVG_returns,0.0
UMA_returns,PEOPLE_returns,0.0
UMA_returns,AWE_returns,0.0
UMA_returns,REQ_returns,0.0
UMA_returns,STORJ_returns,0.0
UMA_returns,BAND_returns,0.3577522822749403
UMA_returns,WMTX_returns,0.0
UMA_returns,CFG_returns,0.0
UMA_returns,HONEY_returns,0.0
UMA_returns,PRO_returns,0.0
UMA_returns,PRIME_returns,0.0
UMA_returns,VVS_returns,0.0
UMA_returns,CPOOL_returns,0.0
UMA_returns,YGG_returns,0.0
UMA_returns,SSV_returns,0.0
UMA_returns,CETUS_returns,0.0
UMA_returns,CGPT_returns,0.0
UMA_returns,STIK_returns,0.0
UMA_returns,PHA_returns,0.0
UMA_returns,XVS_returns,0.0
UMA_returns,KUB_returns,0.0
UMA_returns,BICO_returns,0.0
UMA_returns,UMA_returns,0.0
UMA_returns,WAXP_returns,0.0
UMA_returns,XPR_returns,0.0
UMA_returns,RPL_returns,0.0
UMA_returns,PUNDIX_returns,0.0
UMA_returns,FLUX_returns,0.0
UMA_returns,BORA_returns,0.0
UMA_returns,POWR_returns,0.0
UMA_returns,AUDIO_returns,0.0
UMA_returns,PROM_returns,0.0
UMA_returns,IOST_returns,0.0
UMA_returns,ACX_returns,0.0
UMA_returns,ARDR_returns,0.0
UMA_returns,SPELL_returns,0.0
UMA_returns,ORBR_returns,0.0
UMA_returns,LSK_returns,0.0
UMA_returns,XOR_returns,0.0
UMA_returns,GLMR_returns,0.0
UMA_returns,BMX_returns,0.0
UMA_returns,MVL_returns,0.0
UMA_returns,ABT_returns,0.0
UMA_returns,VELO_returns,0.0
UMA_returns,IQ_returns,0.0
UMA_returns,AGI_returns,0.0
UMA_returns,WILD_returns,0.0
UMA_returns,XEM_returns,0.0
UMA_returns,LON_returns,0.0
UMA_returns,POND_returns,0.0
UMA_returns,ACT_returns,-0.0046685412275803435
UMA_returns,XRD_returns,0.0
UMA_returns,RLC_returns,0.4687023416800101
UMA_returns,ILV_returns,0.0
UMA_returns,FIDA_returns,0.0
UMA_returns,BNT_returns,0.0
UMA_returns,DENT_returns,0.3482887874719306
UMA_returns,ORBS_returns,0.0
UMA_returns,ONG_returns,0.0
UMA_returns,CHR_returns,0.0
UMA_returns,HEART_returns,0.0
UMA_returns,VANRY_returns,0.0
UMA_returns,LQTY_returns,0.0
UMA_returns,KEEP_returns,0.0
UMA_returns,DKA_returns,0.0
UMA_returns,ELON_returns,0.0
UMA_returns,ARK_returns,0.0
UMA_returns,MLK_returns,0.0
UMA_returns,AL_returns,0.0
UMA_returns,JOE_returns,0.0
UMA_returns,CELR_returns,0.0
UMA_returns,STEEM_returns,0.0
UMA_returns,BAL_returns,0.0
UMA_returns,PCI_returns,0.0
UMA_returns,MOVR_returns,0.0
UMA_returns,AUCTION_returns,0.0
UMA_returns,AERGO_returns,0.0
UMA_returns,MED_returns,0.0
UMA_returns,NMR_returns,0.0
UMA_returns,API3_returns,0.0
UMA_returns,AGLD_returns,0.0
UMA_returns,BONE_returns,0.0
UMA_returns,SLP_returns,0.0
UMA_returns,MTL_returns,0.0
UMA_returns,KNC_returns,0.0
UMA_returns,CTSI_returns,0.34253339934324
UMA_returns,BTRST_returns,0.0
UMA_returns,SCRT_returns,0.0
UMA_returns,OMI_returns,0.0
UMA_returns,GEOD_returns,0.0
UMA_returns,EDU_returns,0.0
UMA_returns,0x0_returns,0.0
UMA_returns,KUJI_returns,0.0
WAXP_returns,CTC_returns,0.0
WAXP_returns,MINA_returns,0.0
WAXP_returns,DASH_returns,0.0
WAXP_returns,SFP_returns,0.0
WAXP_returns,BabyDoge_returns,0.0
WAXP_returns,SNX_returns,0.0
WAXP_returns,TFUEL_returns,0.4917341585321585
WAXP_returns,DCR_returns,0.0
WAXP_returns,GLM_returns,0.0
WAXP_returns,MX_returns,0.0
WAXP_returns,ZIL_returns,0.570613302075876
WAXP_returns,BLUR_returns,0.0
WAXP_returns,ROSE_returns,0.0
WAXP_returns,CKB_returns,0.0
WAXP_returns,TRAC_returns,0.0
WAXP_returns,QTUM_returns,0.0
WAXP_returns,ORDI_returns,0.0
WAXP_returns,LPT_returns,0.0
WAXP_returns,MASK_returns,0.0
WAXP_returns,ASTR_returns,0.0
WAXP_returns,ZRX_returns,0.0
WAXP_returns,VTHO_returns,0.0
WAXP_returns,ACH_returns,0.0
WAXP_returns,BAT_returns,0.5908908640042635
WAXP_returns,CHEEL_returns,0.0
WAXP_returns,CHEX_returns,0.0
WAXP_returns,SNEK_returns,0.0
WAXP_returns,BORG_returns,0.0
WAXP_returns,KOGE_returns,0.0
WAXP_returns,IOTX_returns,0.0
WAXP_returns,CELO_returns,0.0
WAXP_returns,GAS_returns,0.0
WAXP_returns,ONE_returns,0.0
WAXP_returns,ID_returns,0.0
WAXP_returns,SUSHI_returns,0.0
WAXP_returns,CSPR_returns,0.0
WAXP_returns,HOT_returns,0.0
WAXP_returns,SC_returns,0.3978857314138273
WAXP_returns,YFI_returns,0.0
WAXP_returns,RVN_returns,0.0
WAXP_returns,COW_returns,0.0
WAXP_returns,ANKR_returns,0.5691669528325007
WAXP_returns,GOMINING_returns,0.0
WAXP_returns,XCH_returns,0.0
WAXP_returns,DGB_returns,0.0
WAXP_returns,T_returns,0.4476299340555806
WAXP_returns,WOO_returns,0.0
WAXP_returns,ELF_returns,0.0
WAXP_returns,EUL_returns,0.0
WAXP_returns,ORCA_returns,0.0
WAXP_returns,KDA_returns,0.0
WAXP_returns,OSMO_returns,0.0
WAXP_returns,GMT_returns,0.0
WAXP_returns,SNT_returns,0.34222179032900735
WAXP_returns,GMX_returns,0.0
WAXP_returns,ENJ_returns,0.0
WAXP_returns,XYO_returns,0.0
WAXP_returns,POLYX_returns,0.3800892796653281
WAXP_returns,ZIG_returns,0.0
WAXP_returns,ZEN_returns,0.0
WAXP_returns,COTI_returns,0.0
WAXP_returns,WEMIX_returns,0.0
WAXP_returns,SKL_returns,0.0
WAXP_returns,LCX_returns,0.0
WAXP_returns,WAVES_returns,0.0
WAXP_returns,CVC_returns,0.37428634477723116
WAXP_returns,SWFTC_returns,0.0
WAXP_returns,LUNA_returns,0.0
WAXP_returns,HIVE_returns,0.0
WAXP_returns,RLB_returns,0.0
WAXP_returns,LRC_returns,0.0
WAXP_returns,DAG_returns,0.0
WAXP_returns,ONT_returns,0.0
WAXP_returns,TRB_returns,0.0
WAXP_returns,XNO_returns,0.0
WAXP_returns,DLC_returns,0.0
WAXP_returns,METIS_returns,0.0
WAXP_returns,ICX_returns,0.5903701433106509
WAXP_returns,MYTH_returns,0.0
WAXP_returns,MPLX_returns,0.0
WAXP_returns,SXP_returns,0.0
WAXP_returns,XVG_returns,0.0
WAXP_returns,PEOPLE_returns,0.0
WAXP_returns,AWE_returns,0.40121604253401855
WAXP_returns,REQ_returns,0.0
WAXP_returns,STORJ_returns,0.3852817260037212
WAXP_returns,BAND_returns,0.0
WAXP_returns,WMTX_returns,0.0
WAXP_returns,CFG_returns,0.0
WAXP_returns,HONEY_returns,0.0
WAXP_returns,PRO_returns,0.0
WAXP_returns,PRIME_returns,0.0
WAXP_returns,VVS_returns,0.0
WAXP_returns,CPOOL_returns,0.0
WAXP_returns,YGG_returns,0.0
WAXP_returns,SSV_returns,0.0
WAXP_returns,CETUS_returns,0.0
WAXP_returns,CGPT_returns,0.0
WAXP_returns,STIK_returns,0.0
WAXP_returns,PHA_returns,0.0
WAXP_returns,XVS_returns,0.0
WAXP_returns,KUB_returns,0.0
WAXP_returns,BICO_returns,0.0
WAXP_returns,UMA_returns,0.0
WAXP_returns,WAXP_returns,0.0
WAXP_returns,XPR_returns,0.0
WAXP_returns,RPL_returns,0.0
WAXP_returns,PUNDIX_returns,0.3796019718272402
WAXP_returns,FLUX_returns,0.0
WAXP_returns,BORA_returns,0.48544403655481466
WAXP_returns,POWR_returns,0.0
WAXP_returns,AUDIO_returns,0.0
WAXP_returns,PROM_returns,0.0
WAXP_returns,IOST_returns,0.0
WAXP_returns,ACX_returns,0.0
WAXP_returns,ARDR_returns,0.0
WAXP_returns,SPELL_returns,0.0
WAXP_returns,ORBR_returns,0.0
WAXP_returns,LSK_returns,0.0
WAXP_returns,XOR_returns,-0.014833289255850446
WAXP_returns,GLMR_returns,0.0
WAXP_returns,BMX_returns,0.0
WAXP_returns,MVL_returns,0.4590586967241425
WAXP_returns,ABT_returns,0.0
WAXP_returns,VELO_returns,0.0
WAXP_returns,IQ_returns,0.37701414343057926
WAXP_returns,AGI_returns,0.0
WAXP_returns,WILD_returns,0.0
WAXP_returns,XEM_returns,0.0
WAXP_returns,LON_returns,0.0
WAXP_returns,POND_returns,0.0
WAXP_returns,ACT_returns,0.1569928578354787
WAXP_returns,XRD_returns,0.0
WAXP_returns,RLC_returns,0.0
WAXP_returns,ILV_returns,0.0
WAXP_returns,FIDA_returns,0.0
WAXP_returns,BNT_returns,0.0
WAXP_returns,DENT_returns,0.0
WAXP_returns,ORBS_returns,0.44460133185634054
WAXP_returns,ONG_returns,0.0
WAXP_returns,CHR_returns,0.0
WAXP_returns,HEART_returns,0.0
WAXP_returns,VANRY_returns,0.0
WAXP_returns,LQTY_returns,0.0
WAXP_returns,KEEP_returns,0.0
WAXP_returns,DKA_returns,0.4763557121864839
WAXP_returns,ELON_returns,0.0
WAXP_returns,ARK_returns,0.0
WAXP_returns,MLK_returns,0.0
WAXP_returns,AL_returns,0.0
WAXP_returns,JOE_returns,0.0
WAXP_returns,CELR_returns,0.0
WAXP_returns,STEEM_returns,0.45068772656859235
WAXP_returns,BAL_returns,0.0
WAXP_returns,PCI_returns,0.0
WAXP_returns,MOVR_returns,0.0
WAXP_returns,AUCTION_returns,0.0
WAXP_returns,AERGO_returns,0.2822549684059664
WAXP_returns,MED_returns,0.5259692227279789
WAXP_returns,NMR_returns,0.0
WAXP_returns,API3_returns,0.0
WAXP_returns,AGLD_returns,0.0
WAXP_returns,BONE_returns,0.0
WAXP_returns,SLP_returns,0.0
WAXP_returns,MTL_returns,0.0
WAXP_returns,KNC_returns,0.5466092439157025
WAXP_returns,CTSI_returns,0.0
WAXP_returns,BTRST_returns,0.0
WAXP_returns,SCRT_returns,0.0
WAXP_returns,OMI_returns,0.0
WAXP_returns,GEOD_returns,0.0
WAXP_returns,EDU_returns,0.0
WAXP_returns,0x0_returns,0.0
WAXP_returns,KUJI_returns,0.0
XPR_returns,CTC_returns,0.0
XPR_returns,MINA_returns,0.0
XPR_returns,DASH_returns,0.0
XPR_returns,SFP_returns,0.0
XPR_returns,BabyDoge_returns,0.0
XPR_returns,SNX_returns,0.0
XPR_returns,TFUEL_returns,0.0
XPR_returns,DCR_returns,0.0
XPR_returns,GLM_returns,0.0
XPR_returns,MX_returns,0.0
XPR_returns,ZIL_returns,0.0
XPR_returns,BLUR_returns,0.0
XPR_returns,ROSE_returns,0.0
XPR_returns,CKB_returns,0.0
XPR_returns,TRAC_returns,0.0
XPR_returns,QTUM_returns,0.0
XPR_returns,ORDI_returns,0.0
XPR_returns,LPT_returns,0.0
XPR_returns,MASK_returns,0.0
XPR_returns,ASTR_returns,0.0
XPR_returns,ZRX_returns,0.0
XPR_returns,VTHO_returns,-0.024471546778205084
XPR_returns,ACH_returns,0.0
XPR_returns,BAT_returns,0.0
XPR_returns,CHEEL_returns,0.0
XPR_returns,CHEX_returns,0.0
XPR_returns,SNEK_returns,0.0
XPR_returns,BORG_returns,0.0
XPR_returns,KOGE_returns,0.0
XPR_returns,IOTX_returns,0.0
XPR_returns,CELO_returns,0.0
XPR_returns,GAS_returns,0.0
XPR_returns,ONE_returns,0.0
XPR_returns,ID_returns,0.0
XPR_returns,SUSHI_returns,0.0
XPR_returns,CSPR_returns,0.0
XPR_returns,HOT_returns,0.0
XPR_returns,SC_returns,0.0
XPR_returns,YFI_returns,0.0
XPR_returns,RVN_returns,0.0
XPR_returns,COW_returns,-0.034792649914494565
XPR_returns,ANKR_returns,0.0
XPR_returns,GOMINING_returns,0.0
XPR_returns,XCH_returns,0.0
XPR_returns,DGB_returns,0.0
XPR_returns,T_returns,0.0
XPR_returns,WOO_returns,0.0
XPR_returns,ELF_returns,0.0
XPR_returns,EUL_returns,0.0
XPR_returns,ORCA_returns,0.0
XPR_returns,KDA_returns,0.0
XPR_returns,OSMO_returns,0.0
XPR_returns,GMT_returns,0.0
XPR_returns,SNT_returns,0.0
XPR_returns,GMX_returns,0.0
XPR_returns,ENJ_returns,0.0
XPR_returns,XYO_returns,0.0
XPR_returns,POLYX_returns,0.0
XPR_returns,ZIG_returns,0.0
XPR_returns,ZEN_returns,0.0
XPR_returns,COTI_returns,0.0
XPR_returns,WEMIX_returns,0.0
XPR_returns,SKL_returns,0.0
XPR_returns,LCX_returns,0.0
XPR_returns,WAVES_returns,0.0
XPR_returns,CVC_returns,0.0
XPR_returns,SWFTC_returns,0.2590831528038836
XPR_returns,LUNA_returns,0.0
XPR_returns,HIVE_returns,0.23747038019098113
XPR_returns,RLB_returns,0.0
XPR_returns,LRC_returns,0.0
XPR_returns,DAG_returns,0.0
XPR_returns,ONT_returns,0.0
XPR_returns,TRB_returns,0.0
XPR_returns,XNO_returns,0.0
XPR_returns,DLC_returns,0.0
XPR_returns,METIS_returns,0.0
XPR_returns,ICX_returns,0.2138956245241648
XPR_returns,MYTH_returns,0.0
XPR_returns,MPLX_returns,0.16300662379253078
XPR_returns,SXP_returns,0.0
XPR_returns,XVG_returns,0.0
XPR_returns,PEOPLE_returns,0.0
XPR_returns,AWE_returns,0.0
XPR_returns,REQ_returns,0.0
XPR_returns,STORJ_returns,0.0
XPR_returns,BAND_returns,0.0
XPR_returns,WMTX_returns,0.0
XPR_returns,CFG_returns,0.0
XPR_returns,HONEY_returns,0.0
XPR_returns,PRO_returns,0.0
XPR_returns,PRIME_returns,0.0
XPR_returns,VVS_returns,0.0
XPR_returns,CPOOL_returns,0.0
XPR_returns,YGG_returns,0.0
XPR_returns,SSV_returns,0.0
XPR_returns,CETUS_returns,0.0
XPR_returns,CGPT_returns,0.0
XPR_returns,STIK_returns,0.0
XPR_returns,PHA_returns,0.0
XPR_returns,XVS_returns,0.0
XPR_returns,KUB_returns,0.0
XPR_returns,BICO_returns,0.0
XPR_returns,UMA_returns,0.0
XPR_returns,WAXP_returns,0.0
XPR_returns,XPR_returns,0.0
XPR_returns,RPL_returns,0.0
XPR_returns,PUNDIX_returns,0.0
XPR_returns,FLUX_returns,0.0
XPR_returns,BORA_returns,0.0
XPR_returns,POWR_returns,0.0
XPR_returns,AUDIO_returns,0.0
XPR_returns,PROM_returns,0.0
XPR_returns,IOST_returns,0.0
XPR_returns,ACX_returns,0.0
XPR_returns,ARDR_returns,0.0
XPR_returns,SPELL_returns,0.24157329872405808
XPR_returns,ORBR_returns,0.0
XPR_returns,LSK_returns,0.0
XPR_returns,XOR_returns,0.0
XPR_returns,GLMR_returns,0.0
XPR_returns,BMX_returns,0.0
XPR_returns,MVL_returns,0.0
XPR_returns,ABT_returns,0.0
XPR_returns,VELO_returns,0.0
XPR_returns,IQ_returns,0.0
XPR_returns,AGI_returns,0.0
XPR_returns,WILD_returns,0.0
XPR_returns,XEM_returns,0.0
XPR_returns,LON_returns,0.0
XPR_returns,POND_returns,0.0
XPR_returns,ACT_returns,0.0
XPR_returns,XRD_returns,0.0
XPR_returns,RLC_returns,0.0
XPR_returns,ILV_returns,0.0
XPR_returns,FIDA_returns,0.0
XPR_returns,BNT_returns,0.0
XPR_returns,DENT_returns,0.0
XPR_returns,ORBS_returns,0.0
XPR_returns,ONG_returns,0.0
XPR_returns,CHR_returns,0.0
XPR_returns,HEART_returns,0.0
XPR_returns,VANRY_returns,0.0
XPR_returns,LQTY_returns,0.0
XPR_returns,KEEP_returns,0.0
XPR_returns,DKA_returns,0.0
XPR_returns,ELON_returns,-0.014259403885965766
XPR_returns,ARK_returns,0.0
XPR_returns,MLK_returns,0.0
XPR_returns,AL_returns,0.29862021031340985
XPR_returns,JOE_returns,0.0
XPR_returns,CELR_returns,0.0
XPR_returns,STEEM_returns,0.0
XPR_returns,BAL_returns,0.0
XPR_returns,PCI_returns,0.0
XPR_returns,MOVR_returns,0.0
XPR_returns,AUCTION_returns,0.0
XPR_returns,AERGO_returns,0.0
XPR_returns,MED_returns,0.21390849205633278
XPR_returns,NMR_returns,0.0
XPR_returns,API3_returns,0.0
XPR_returns,AGLD_returns,0.0
XPR_returns,BONE_returns,0.0
XPR_returns,SLP_returns,0.0
XPR_returns,MTL_returns,0.0
XPR_returns,KNC_returns,0.0
XPR_returns,CTSI_returns,0.0
XPR_returns,BTRST_returns,0.0
XPR_returns,SCRT_returns,0.0
XPR_returns,OMI_returns,0.0
XPR_returns,GEOD_returns,0.0
XPR_returns,EDU_returns,0.0
XPR_returns,0x0_returns,0.0
XPR_returns,KUJI_returns,-0.03147286797445336
RPL_returns,CTC_returns,0.0
RPL_returns,MINA_returns,0.0
RPL_returns,DASH_returns,0.0
RPL_returns,SFP_returns,0.0
RPL_returns,BabyDoge_returns,0.0
RPL_returns,SNX_returns,0.2822251234589321
RPL_returns,TFUEL_returns,0.0
RPL_returns,DCR_returns,0.0
RPL_returns,GLM_returns,0.0
RPL_returns,MX_returns,0.0
RPL_returns,ZIL_returns,0.0
RPL_returns,BLUR_returns,0.0
RPL_returns,ROSE_returns,0.0
RPL_returns,CKB_returns,0.0
RPL_returns,TRAC_returns,0.0
RPL_returns,QTUM_returns,0.0
RPL_returns,ORDI_returns,0.0
RPL_returns,LPT_returns,0.0
RPL_returns,MASK_returns,0.0
RPL_returns,ASTR_returns,0.0
RPL_returns,ZRX_returns,0.0
RPL_returns,VTHO_returns,0.0
RPL_returns,ACH_returns,0.0
RPL_returns,BAT_returns,0.0
RPL_returns,CHEEL_returns,-0.051660507179280925
RPL_returns,CHEX_returns,0.0
RPL_returns,SNEK_returns,0.0
RPL_returns,BORG_returns,0.0
RPL_returns,KOGE_returns,0.0
RPL_returns,IOTX_returns,0.0
RPL_returns,CELO_returns,0.0
RPL_returns,GAS_returns,0.0
RPL_returns,ONE_returns,0.2853379639975966
RPL_returns,ID_returns,0.0
RPL_returns,SUSHI_returns,0.0
RPL_returns,CSPR_returns,0.0
RPL_returns,HOT_returns,0.0
RPL_returns,SC_returns,0.0
RPL_returns,YFI_returns,0.0
RPL_returns,RVN_returns,0.0
RPL_returns,COW_returns,0.0
RPL_returns,ANKR_returns,0.2633256372671864
RPL_returns,GOMINING_returns,-0.02137731387659625
RPL_returns,XCH_returns,0.0
RPL_returns,DGB_returns,0.0
RPL_returns,T_returns,0.0
RPL_returns,WOO_returns,0.0
RPL_returns,ELF_returns,0.0
RPL_returns,EUL_returns,0.0
RPL_returns,ORCA_returns,0.0
RPL_returns,KDA_returns,0.0
RPL_returns,OSMO_returns,0.0
RPL_returns,GMT_returns,0.0
RPL_returns,SNT_returns,0.0
RPL_returns,GMX_returns,0.27925235308802165
RPL_returns,ENJ_returns,0.0
RPL_returns,XYO_returns,0.0
RPL_returns,POLYX_returns,0.0
RPL_returns,ZIG_returns,0.0
RPL_returns,ZEN_returns,0.0
RPL_returns,COTI_returns,0.0
RPL_returns,WEMIX_returns,0.0
RPL_returns,SKL_returns,0.0
RPL_returns,LCX_returns,0.0
RPL_returns,WAVES_returns,0.0
RPL_returns,CVC_returns,0.0
RPL_returns,SWFTC_returns,0.0
RPL_returns,LUNA_returns,0.0
RPL_returns,HIVE_returns,0.0
RPL_returns,RLB_returns,0.0
RPL_returns,LRC_returns,0.2860598298153338
RPL_returns,DAG_returns,0.0
RPL_returns,ONT_returns,0.0
RPL_returns,TRB_returns,0.0
RPL_returns,XNO_returns,0.0
RPL_returns,DLC_returns,0.0
RPL_returns,METIS_returns,0.0
RPL_returns,ICX_returns,0.0
RPL_returns,MYTH_returns,0.0
RPL_returns,MPLX_returns,0.0
RPL_returns,SXP_returns,0.0
RPL_returns,XVG_returns,0.0
RPL_returns,PEOPLE_returns,0.0
RPL_returns,AWE_returns,0.0
RPL_returns,REQ_returns,0.0
RPL_returns,STORJ_returns,0.0
RPL_returns,BAND_returns,0.0
RPL_returns,WMTX_returns,0.0
RPL_returns,CFG_returns,0.0
RPL_returns,HONEY_returns,0.0
RPL_returns,PRO_returns,0.0
RPL_returns,PRIME_returns,0.0
RPL_returns,VVS_returns,0.0
RPL_returns,CPOOL_returns,0.0
RPL_returns,YGG_returns,0.0
RPL_returns,SSV_returns,0.29770154918278624
RPL_returns,CETUS_returns,0.0
RPL_returns,CGPT_returns,0.0
RPL_returns,STIK_returns,-0.09504885909768021
RPL_returns,PHA_returns,0.0
RPL_returns,XVS_returns,0.0
RPL_returns,KUB_returns,0.0
RPL_returns,BICO_returns,0.0
RPL_returns,UMA_returns,0.0
RPL_returns,WAXP_returns,0.0
RPL_returns,XPR_returns,0.0
RPL_returns,RPL_returns,0.0
RPL_returns,PUNDIX_returns,0.0
RPL_returns,FLUX_returns,0.0
RPL_returns,BORA_returns,0.0
RPL_returns,POWR_returns,0.0
RPL_returns,AUDIO_returns,0.0
RPL_returns,PROM_returns,0.0
RPL_returns,IOST_returns,0.0
RPL_returns,ACX_returns,0.0
RPL_returns,ARDR_returns,0.0
RPL_returns,SPELL_returns,0.0
RPL_returns,ORBR_returns,0.0
RPL_returns,LSK_returns,0.0
RPL_returns,XOR_returns,0.0
RPL_returns,GLMR_returns,0.0
RPL_returns,BMX_returns,-0.04894239746612852
RPL_returns,MVL_returns,0.0
RPL_returns,ABT_returns,0.0
RPL_returns,VELO_returns,0.0
RPL_returns,IQ_returns,0.0
RPL_returns,AGI_returns,0.0
RPL_returns,WILD_returns,0.0
RPL_returns,XEM_returns,0.0
RPL_returns,LON_returns,-0.06012012120696605
RPL_returns,POND_returns,0.0
RPL_returns,ACT_returns,0.0
RPL_returns,XRD_returns,0.0
RPL_returns,RLC_returns,0.0
RPL_returns,ILV_returns,0.0
RPL_returns,FIDA_returns,0.0
RPL_returns,BNT_returns,0.0
RPL_returns,DENT_returns,0.0
RPL_returns,ORBS_returns,0.0
RPL_returns,ONG_returns,0.0
RPL_returns,CHR_returns,0.0
RPL_returns,HEART_returns,0.0
RPL_returns,VANRY_returns,0.0
RPL_returns,LQTY_returns,0.0
RPL_returns,KEEP_returns,0.0
RPL_returns,DKA_returns,0.0
RPL_returns,ELON_returns,0.0
RPL_returns,ARK_returns,0.0
RPL_returns,MLK_returns,0.0
RPL_returns,AL_returns,0.0
RPL_returns,JOE_returns,0.0
RPL_returns,CELR_returns,0.0
RPL_returns,STEEM_returns,0.0
RPL_returns,BAL_returns,0.0
RPL_returns,PCI_returns,0.0
RPL_returns,MOVR_returns,0.0
RPL_returns,AUCTION_returns,0.0
RPL_returns,AERGO_returns,0.0
RPL_returns,MED_returns,0.0
RPL_returns,NMR_returns,0.0
RPL_returns,API3_returns,0.0
RPL_returns,AGLD_returns,0.0
RPL_returns,BONE_returns,0.0
RPL_returns,SLP_returns,0.0
RPL_returns,MTL_returns,0.0
RPL_returns,KNC_returns,0.0
RPL_returns,CTSI_returns,0.0
RPL_returns,BTRST_returns,-0.03337790590463519
RPL_returns,SCRT_returns,0.0
RPL_returns,OMI_returns,0.0
RPL_returns,GEOD_returns,0.0
RPL_returns,EDU_returns,0.0
RPL_returns,0x0_returns,0.0
RPL_returns,KUJI_returns,0.0
PUNDIX_returns,CTC_returns,0.0
PUNDIX_returns,MINA_returns,0.0
PUNDIX_returns,DASH_returns,0.0
PUNDIX_returns,SFP_returns,0.0
PUNDIX_returns,BabyDoge_returns,0.0
PUNDIX_returns,SNX_returns,0.0
PUNDIX_returns,TFUEL_returns,0.0
PUNDIX_returns,DCR_returns,0.0
PUNDIX_returns,GLM_returns,0.0
PUNDIX_returns,MX_returns,0.0
PUNDIX_returns,ZIL_returns,0.0
PUNDIX_returns,BLUR_returns,0.0
PUNDIX_returns,ROSE_returns,0.0
PUNDIX_returns,CKB_returns,0.0
PUNDIX_returns,TRAC_returns,0.0
PUNDIX_returns,QTUM_returns,0.0
PUNDIX_returns,ORDI_returns,0.0
PUNDIX_returns,LPT_returns,0.0
PUNDIX_returns,MASK_returns,0.0
PUNDIX_returns,ASTR_returns,0.0
PUNDIX_returns,ZRX_returns,0.0
PUNDIX_returns,VTHO_returns,0.0
PUNDIX_returns,ACH_returns,0.0
PUNDIX_returns,BAT_returns,0.38203834724264957
PUNDIX_returns,CHEEL_returns,0.0
PUNDIX_returns,CHEX_returns,0.0
PUNDIX_returns,SNEK_returns,0.0
PUNDIX_returns,BORG_returns,0.0
PUNDIX_returns,KOGE_returns,0.0
PUNDIX_returns,IOTX_returns,0.0
PUNDIX_returns,CELO_returns,0.0
PUNDIX_returns,GAS_returns,0.0
PUNDIX_returns,ONE_returns,0.0
PUNDIX_returns,ID_returns,0.0
PUNDIX_returns,SUSHI_returns,0.0
PUNDIX_returns,CSPR_returns,0.0
PUNDIX_returns,HOT_returns,0.0
PUNDIX_returns,SC_returns,0.0
PUNDIX_returns,YFI_returns,0.0
PUNDIX_returns,RVN_returns,0.0
PUNDIX_returns,COW_returns,0.0
PUNDIX_returns,ANKR_returns,0.0
PUNDIX_returns,GOMINING_returns,0.0
PUNDIX_returns,XCH_returns,0.0
PUNDIX_returns,DGB_returns,0.0
PUNDIX_returns,T_returns,0.0
PUNDIX_returns,WOO_returns,0.0
PUNDIX_returns,ELF_returns,0.0
PUNDIX_returns,EUL_returns,0.0
PUNDIX_returns,ORCA_returns,0.0
PUNDIX_returns,KDA_returns,0.0
PUNDIX_returns,OSMO_returns,0.0
PUNDIX_returns,GMT_returns,0.0
PUNDIX_returns,SNT_returns,0.0
PUNDIX_returns,GMX_returns,0.0
PUNDIX_returns,ENJ_returns,0.0
PUNDIX_returns,XYO_returns,0.0
PUNDIX_returns,POLYX_returns,0.0
PUNDIX_returns,ZIG_returns,0.0
PUNDIX_returns,ZEN_returns,0.0
PUNDIX_returns,COTI_returns,0.0
PUNDIX_returns,WEMIX_returns,0.0
PUNDIX_returns,SKL_returns,0.0
PUNDIX_returns,LCX_returns,0.0
PUNDIX_returns,WAVES_returns,0.0
PUNDIX_returns,CVC_returns,0.0
PUNDIX_returns,SWFTC_returns,0.0
PUNDIX_returns,LUNA_returns,0.0
PUNDIX_returns,HIVE_returns,0.0
PUNDIX_returns,RLB_returns,0.0
PUNDIX_returns,LRC_returns,0.0
PUNDIX_returns,DAG_returns,0.0
PUNDIX_returns,ONT_returns,0.0
PUNDIX_returns,TRB_returns,0.0
PUNDIX_returns,XNO_returns,0.0
PUNDIX_returns,DLC_returns,0.0
PUNDIX_returns,METIS_returns,0.0
PUNDIX_returns,ICX_returns,0.0
PUNDIX_returns,MYTH_returns,0.0
PUNDIX_returns,MPLX_returns,0.0
PUNDIX_returns,SXP_returns,0.0
PUNDIX_returns,XVG_returns,0.0
PUNDIX_returns,PEOPLE_returns,0.0
PUNDIX_returns,AWE_returns,0.0
PUNDIX_returns,REQ_returns,0.0
PUNDIX_returns,STORJ_returns,0.0
PUNDIX_returns,BAND_returns,0.0
PUNDIX_returns,WMTX_returns,0.0
PUNDIX_returns,CFG_returns,0.0
PUNDIX_returns,HONEY_returns,0.0
PUNDIX_returns,PRO_returns,0.0
PUNDIX_returns,PRIME_returns,0.0
PUNDIX_returns,VVS_returns,0.0
PUNDIX_returns,CPOOL_returns,0.0
PUNDIX_returns,YGG_returns,0.0
PUNDIX_returns,SSV_returns,0.0
PUNDIX_returns,CETUS_returns,0.0
PUNDIX_returns,CGPT_returns,0.0
PUNDIX_returns,STIK_returns,0.0
PUNDIX_returns,PHA_returns,0.0
PUNDIX_returns,XVS_returns,0.0
PUNDIX_returns,KUB_returns,0.0
PUNDIX_returns,BICO_returns,0.0
PUNDIX_returns,UMA_returns,0.0
PUNDIX_returns,WAXP_returns,0.3796019718272402
PUNDIX_returns,XPR_returns,0.0
PUNDIX_returns,RPL_returns,0.0
PUNDIX_returns,PUNDIX_returns,0.0
PUNDIX_returns,FLUX_returns,0.0
PUNDIX_returns,BORA_returns,0.40889524758497686
PUNDIX_returns,POWR_returns,0.0
PUNDIX_returns,AUDIO_returns,0.0
PUNDIX_returns,PROM_returns,0.0
PUNDIX_returns,IOST_returns,0.0
PUNDIX_returns,ACX_returns,0.0
PUNDIX_returns,ARDR_returns,0.0
PUNDIX_returns,SPELL_returns,0.0
PUNDIX_returns,ORBR_returns,0.0
PUNDIX_returns,LSK_returns,0.4526791128137894
PUNDIX_returns,XOR_returns,-0.02027722985293127
PUNDIX_returns,GLMR_returns,0.0
PUNDIX_returns,BMX_returns,0.0
PUNDIX_returns,MVL_returns,0.0
PUNDIX_returns,ABT_returns,0.0
PUNDIX_returns,VELO_returns,0.0
PUNDIX_returns,IQ_returns,0.0
PUNDIX_returns,AGI_returns,0.0
PUNDIX_returns,WILD_returns,0.0
PUNDIX_returns,XEM_returns,0.0
PUNDIX_returns,LON_returns,0.0
PUNDIX_returns,POND_returns,0.0
PUNDIX_returns,ACT_returns,0.0
PUNDIX_returns,XRD_returns,0.0
PUNDIX_returns,RLC_returns,0.0
PUNDIX_returns,ILV_returns,0.0
PUNDIX_returns,FIDA_returns,0.0
PUNDIX_returns,BNT_returns,0.0
PUNDIX_returns,DENT_returns,0.0
PUNDIX_returns,ORBS_returns,0.0
PUNDIX_returns,ONG_returns,0.0
PUNDIX_returns,CHR_returns,0.0
PUNDIX_returns,HEART_returns,0.0
PUNDIX_returns,VANRY_returns,0.0
PUNDIX_returns,LQTY_returns,0.0
PUNDIX_returns,KEEP_returns,0.21913201075708613
PUNDIX_returns,DKA_returns,0.0
PUNDIX_returns,ELON_returns,0.0
PUNDIX_returns,ARK_returns,0.0
PUNDIX_returns,MLK_returns,0.0
PUNDIX_returns,AL_returns,0.0
PUNDIX_returns,JOE_returns,0.0
PUNDIX_returns,CELR_returns,0.0
PUNDIX_returns,STEEM_returns,0.0
PUNDIX_returns,BAL_returns,0.0
PUNDIX_returns,PCI_returns,0.0
PUNDIX_returns,MOVR_returns,0.0
PUNDIX_returns,AUCTION_returns,0.0
PUNDIX_returns,AERGO_returns,0.0
PUNDIX_returns,MED_returns,0.40059765264258274
PUNDIX_returns,NMR_returns,0.0
PUNDIX_returns,API3_returns,0.0
PUNDIX_returns,AGLD_returns,0.0
PUNDIX_returns,BONE_returns,0.0
PUNDIX_returns,SLP_returns,0.0
PUNDIX_returns,MTL_returns,0.38440798356590894
PUNDIX_returns,KNC_returns,0.0
PUNDIX_returns,CTSI_returns,0.0
PUNDIX_returns,BTRST_returns,0.0
PUNDIX_returns,SCRT_returns,0.0
PUNDIX_returns,OMI_returns,0.0
PUNDIX_returns,GEOD_returns,0.0
PUNDIX_returns,EDU_returns,0.0
PUNDIX_returns,0x0_returns,-0.014357727638319844
PUNDIX_returns,KUJI_returns,0.0
FLUX_returns,CTC_returns,0.0
FLUX_returns,MINA_returns,0.0
FLUX_returns,DASH_returns,0.0
FLUX_returns,SFP_returns,0.0
FLUX_returns,BabyDoge_returns,0.0
FLUX_returns,SNX_returns,0.0
FLUX_returns,TFUEL_returns,0.0
FLUX_returns,DCR_returns,0.0
FLUX_returns,GLM_returns,0.0
FLUX_returns,MX_returns,0.0
FLUX_returns,ZIL_returns,0.48125392841096576
FLUX_returns,BLUR_returns,0.0
FLUX_returns,ROSE_returns,0.0
FLUX_returns,CKB_returns,0.0
FLUX_returns,TRAC_returns,0.0
FLUX_returns,QTUM_returns,0.0
FLUX_returns,ORDI_returns,0.0
FLUX_returns,LPT_returns,0.0
FLUX_returns,MASK_returns,0.0
FLUX_returns,ASTR_returns,0.0
FLUX_returns,ZRX_returns,0.0
FLUX_returns,VTHO_returns,0.0
FLUX_returns,ACH_returns,0.0
FLUX_returns,BAT_returns,0.4485162501094868
FLUX_returns,CHEEL_returns,0.0
FLUX_returns,CHEX_returns,0.17846465958712185
FLUX_returns,SNEK_returns,0.0
FLUX_returns,BORG_returns,0.0
FLUX_returns,KOGE_returns,0.0
FLUX_returns,IOTX_returns,0.0
FLUX_returns,CELO_returns,0.0
FLUX_returns,GAS_returns,0.0
FLUX_returns,ONE_returns,0.45494084753858877
FLUX_returns,ID_returns,0.0
FLUX_returns,SUSHI_returns,0.0
FLUX_returns,CSPR_returns,0.0
FLUX_returns,HOT_returns,0.0
FLUX_returns,SC_returns,0.0
FLUX_returns,YFI_returns,0.0
FLUX_returns,RVN_returns,0.0
FLUX_returns,COW_returns,0.0
FLUX_returns,ANKR_returns,0.0
FLUX_returns,GOMINING_returns,0.0
FLUX_returns,XCH_returns,0.0
FLUX_returns,DGB_returns,0.0
FLUX_returns,T_returns,0.0
FLUX_returns,WOO_returns,0.0
FLUX_returns,ELF_returns,0.0
FLUX_returns,EUL_returns,0.0
FLUX_returns,ORCA_returns,0.0
FLUX_returns,KDA_returns,0.4805749253033635
FLUX_returns,OSMO_returns,0.0
FLUX_returns,GMT_returns,0.0
FLUX_returns,SNT_returns,0.0
FLUX_returns,GMX_returns,0.0
FLUX_returns,ENJ_returns,0.46565426855381564
FLUX_returns,XYO_returns,0.0
FLUX_returns,POLYX_returns,0.0
FLUX_returns,ZIG_returns,0.0
FLUX_returns,ZEN_returns,0.0
FLUX_returns,COTI_returns,0.0
FLUX_returns,WEMIX_returns,0.0
FLUX_returns,SKL_returns,0.0
FLUX_returns,LCX_returns,0.0
FLUX_returns,WAVES_returns,0.0
FLUX_returns,CVC_returns,0.0
FLUX_returns,SWFTC_returns,0.0
FLUX_returns,LUNA_returns,0.0
FLUX_returns,HIVE_returns,0.0
FLUX_returns,RLB_returns,0.0
FLUX_returns,LRC_returns,0.4538285115461319
FLUX_returns,DAG_returns,0.0
FLUX_returns,ONT_returns,0.0
FLUX_returns,TRB_returns,0.0
FLUX_returns,XNO_returns,0.0
FLUX_returns,DLC_returns,0.0
FLUX_returns,METIS_returns,0.0
FLUX_returns,ICX_returns,0.0
FLUX_returns,MYTH_returns,0.0
FLUX_returns,MPLX_returns,0.0
FLUX_returns,SXP_returns,0.0
FLUX_returns,XVG_returns,0.0
FLUX_returns,PEOPLE_returns,0.0
FLUX_returns,AWE_returns,0.0
FLUX_returns,REQ_returns,0.0
FLUX_returns,STORJ_returns,0.0
FLUX_returns,BAND_returns,0.0
FLUX_returns,WMTX_returns,0.0
FLUX_returns,CFG_returns,0.0
FLUX_returns,HONEY_returns,0.0
FLUX_returns,PRO_returns,0.0
FLUX_returns,PRIME_returns,0.0
FLUX_returns,VVS_returns,0.0
FLUX_returns,CPOOL_returns,0.0
FLUX_returns,YGG_returns,0.0
FLUX_returns,SSV_returns,0.0
FLUX_returns,CETUS_returns,0.0
FLUX_returns,CGPT_returns,0.2733386295696783
FLUX_returns,STIK_returns,0.0
FLUX_returns,PHA_returns,0.0
FLUX_returns,XVS_returns,0.0
FLUX_returns,KUB_returns,0.0
FLUX_returns,BICO_returns,0.0
FLUX_returns,UMA_returns,0.0
FLUX_returns,WAXP_returns,0.0
FLUX_returns,XPR_returns,0.0
FLUX_returns,RPL_returns,0.0
FLUX_returns,PUNDIX_returns,0.0
FLUX_returns,FLUX_returns,0.0
FLUX_returns,BORA_returns,0.0
FLUX_returns,POWR_returns,0.0
FLUX_returns,AUDIO_returns,0.0
FLUX_returns,PROM_returns,0.0
FLUX_returns,IOST_returns,0.0
FLUX_returns,ACX_returns,0.18611914133075416
FLUX_returns,ARDR_returns,0.0
FLUX_returns,SPELL_returns,0.0
FLUX_returns,ORBR_returns,0.0
FLUX_returns,LSK_returns,0.0
FLUX_returns,XOR_returns,0.0
FLUX_returns,GLMR_returns,0.0
FLUX_returns,BMX_returns,0.0
FLUX_returns,MVL_returns,0.0
FLUX_returns,ABT_returns,0.0
FLUX_returns,VELO_returns,0.0
FLUX_returns,IQ_returns,0.0
FLUX_returns,AGI_returns,0.0
FLUX_returns,WILD_returns,0.0
FLUX_returns,XEM_returns,0.0
FLUX_returns,LON_returns,0.0
FLUX_returns,POND_returns,0.0
FLUX_returns,ACT_returns,0.0
FLUX_returns,XRD_returns,0.0
FLUX_returns,RLC_returns,0.0
FLUX_returns,ILV_returns,0.0
FLUX_returns,FIDA_returns,0.0
FLUX_returns,BNT_returns,0.0
FLUX_returns,DENT_returns,0.0
FLUX_returns,ORBS_returns,0.0
FLUX_returns,ONG_returns,0.0
FLUX_returns,CHR_returns,0.0
FLUX_returns,HEART_returns,0.0
FLUX_returns,VANRY_returns,0.0
FLUX_returns,LQTY_returns,0.0
FLUX_returns,KEEP_returns,0.0
FLUX_returns,DKA_returns,0.0
FLUX_returns,ELON_returns,0.0
FLUX_returns,ARK_returns,0.0
FLUX_returns,MLK_returns,0.0
FLUX_returns,AL_returns,0.0
FLUX_returns,JOE_returns,0.0
FLUX_returns,CELR_returns,0.0
FLUX_returns,STEEM_returns,0.0
FLUX_returns,BAL_returns,0.0
FLUX_returns,PCI_returns,0.0
FLUX_returns,MOVR_returns,0.0
FLUX_returns,AUCTION_returns,0.0
FLUX_returns,AERGO_returns,0.0
FLUX_returns,MED_returns,0.0
FLUX_returns,NMR_returns,0.0
FLUX_returns,API3_returns,0.0
FLUX_returns,AGLD_returns,0.0
FLUX_returns,BONE_returns,0.0
FLUX_returns,SLP_returns,0.0
FLUX_returns,MTL_returns,0.0
FLUX_returns,KNC_returns,0.0
FLUX_returns,CTSI_returns,0.0
FLUX_returns,BTRST_returns,0.0
FLUX_returns,SCRT_returns,0.0
FLUX_returns,OMI_returns,0.0
FLUX_returns,GEOD_returns,0.0
FLUX_returns,EDU_returns,0.0
FLUX_returns,0x0_returns,0.0
FLUX_returns,KUJI_returns,0.0
BORA_returns,CTC_returns,0.0
BORA_returns,MINA_returns,0.0
BORA_returns,DASH_returns,0.0
BORA_returns,SFP_returns,0.0
BORA_returns,BabyDoge_returns,0.0
BORA_returns,SNX_returns,0.0
BORA_returns,TFUEL_returns,0.0
BORA_returns,DCR_returns,0.0
BORA_returns,GLM_returns,0.0
BORA_returns,MX_returns,0.0
BORA_returns,ZIL_returns,0.0
BORA_returns,BLUR_returns,0.0
BORA_returns,ROSE_returns,0.0
BORA_returns,CKB_returns,0.0
BORA_returns,TRAC_returns,0.0
BORA_returns,QTUM_returns,0.0
BORA_returns,ORDI_returns,0.0
BORA_returns,LPT_returns,0.0
BORA_returns,MASK_returns,0.0
BORA_returns,ASTR_returns,0.0
BORA_returns,ZRX_returns,0.0
BORA_returns,VTHO_returns,0.0
BORA_returns,ACH_returns,0.0
BORA_returns,BAT_returns,0.4645161202021366
BORA_returns,CHEEL_returns,0.0
BORA_returns,CHEX_returns,-0.015493752382421712
BORA_returns,SNEK_returns,0.0
BORA_returns,BORG_returns,0.0
BORA_returns,KOGE_returns,0.0
BORA_returns,IOTX_returns,0.0
BORA_returns,CELO_returns,0.0
BORA_returns,GAS_returns,0.0
BORA_returns,ONE_returns,0.0
BORA_returns,ID_returns,0.0
BORA_returns,SUSHI_returns,0.0
BORA_returns,CSPR_returns,0.0
BORA_returns,HOT_returns,0.0
BORA_returns,SC_returns,0.0
BORA_returns,YFI_returns,0.0
BORA_returns,RVN_returns,0.0
BORA_returns,COW_returns,0.0
BORA_returns,ANKR_returns,0.0
BORA_returns,GOMINING_returns,0.0
BORA_returns,XCH_returns,0.0
BORA_returns,DGB_returns,0.0
BORA_returns,T_returns,0.0
BORA_returns,WOO_returns,0.0
BORA_returns,ELF_returns,0.2849781170478084
BORA_returns,EUL_returns,0.0
BORA_returns,ORCA_returns,0.0
BORA_returns,KDA_returns,0.0
BORA_returns,OSMO_returns,0.0
BORA_returns,GMT_returns,0.0
BORA_returns,SNT_returns,0.0
BORA_returns,GMX_returns,0.0
BORA_returns,ENJ_returns,0.0
BORA_returns,XYO_returns,0.0
BORA_returns,POLYX_returns,0.0
BORA_returns,ZIG_returns,0.0
BORA_returns,ZEN_returns,0.0
BORA_returns,COTI_returns,0.0
BORA_returns,WEMIX_returns,0.28094246042943455
BORA_returns,SKL_returns,0.0
BORA_returns,LCX_returns,0.23238734618282803
BORA_returns,WAVES_returns,0.0
BORA_returns,CVC_returns,0.36993211475092186
BORA_returns,SWFTC_returns,0.0
BORA_returns,LUNA_returns,0.0
BORA_returns,HIVE_returns,0.4287773262305007
BORA_returns,RLB_returns,0.0
BORA_returns,LRC_returns,0.0
BORA_returns,DAG_returns,0.0
BORA_returns,ONT_returns,0.0
BORA_returns,TRB_returns,0.0
BORA_returns,XNO_returns,0.0
BORA_returns,DLC_returns,0.0
BORA_returns,METIS_returns,-0.0007948444260318362
BORA_returns,ICX_returns,0.49932106469201626
BORA_returns,MYTH_returns,0.15974388671869025
BORA_returns,MPLX_returns,0.0
BORA_returns,SXP_returns,0.0
BORA_returns,XVG_returns,0.0
BORA_returns,PEOPLE_returns,0.0
BORA_returns,AWE_returns,0.3357373639735384
BORA_returns,REQ_returns,0.0
BORA_returns,STORJ_returns,0.0
BORA_returns,BAND_returns,0.0
BORA_returns,WMTX_returns,0.0
BORA_returns,CFG_returns,0.0
BORA_returns,HONEY_returns,0.0
BORA_returns,PRO_returns,0.0
BORA_returns,PRIME_returns,0.0
BORA_returns,VVS_returns,0.0
BORA_returns,CPOOL_returns,0.0
BORA_returns,YGG_returns,0.0
BORA_returns,SSV_returns,0.0
BORA_returns,CETUS_returns,0.0
BORA_returns,CGPT_returns,0.0
BORA_returns,STIK_returns,0.0
BORA_returns,PHA_returns,0.0
BORA_returns,XVS_returns,0.0
BORA_returns,KUB_returns,0.3606010721254001
BORA_returns,BICO_returns,0.0
BORA_returns,UMA_returns,0.0
BORA_returns,WAXP_returns,0.48544403655481466
BORA_returns,XPR_returns,0.0
BORA_returns,RPL_returns,0.0
BORA_returns,PUNDIX_returns,0.40889524758497686
BORA_returns,FLUX_returns,0.0
BORA_returns,BORA_returns,0.0
BORA_returns,POWR_returns,0.0
BORA_returns,AUDIO_returns,0.0
BORA_returns,PROM_returns,0.0
BORA_returns,IOST_returns,0.0
BORA_returns,ACX_returns,0.0
BORA_returns,ARDR_returns,0.0
BORA_returns,SPELL_returns,0.0
BORA_returns,ORBR_returns,0.0
BORA_returns,LSK_returns,0.0
BORA_returns,XOR_returns,-0.038807755859875684
BORA_returns,GLMR_returns,0.0
BORA_returns,BMX_returns,0.0
BORA_returns,MVL_returns,0.4488647672405083
BORA_returns,ABT_returns,0.0
BORA_returns,VELO_returns,0.0
BORA_returns,IQ_returns,0.0
BORA_returns,AGI_returns,0.0
BORA_returns,WILD_returns,0.0
BORA_returns,XEM_returns,0.0
BORA_returns,LON_returns,0.0
BORA_returns,POND_returns,0.0
BORA_returns,ACT_returns,0.14196266279775815
BORA_returns,XRD_returns,0.0
BORA_returns,RLC_returns,0.0
BORA_returns,ILV_returns,0.0
BORA_returns,FIDA_returns,0.0
BORA_returns,BNT_returns,0.0
BORA_returns,DENT_returns,0.0
BORA_returns,ORBS_returns,0.39438162787183184
BORA_returns,ONG_returns,0.0
BORA_returns,CHR_returns,0.0
BORA_returns,HEART_returns,0.0
BORA_returns,VANRY_returns,0.0
BORA_returns,LQTY_returns,0.0
BORA_returns,KEEP_returns,0.20375737969984428
BORA_returns,DKA_returns,0.5787696215702489
BORA_returns,ELON_returns,0.0
BORA_returns,ARK_returns,0.0
BORA_returns,MLK_returns,0.6501766244824466
BORA_returns,AL_returns,0.28331227521361774
BORA_returns,JOE_returns,0.0
BORA_returns,CELR_returns,0.0
BORA_returns,STEEM_returns,0.0
BORA_returns,BAL_returns,0.0
BORA_returns,PCI_returns,0.2357216578402865
BORA_returns,MOVR_returns,0.0
BORA_returns,AUCTION_returns,0.0
BORA_returns,AERGO_returns,0.0
BORA_returns,MED_returns,0.6261295170824909
BORA_returns,NMR_returns,0.0
BORA_returns,API3_returns,0.0
BORA_returns,AGLD_returns,0.0
BORA_returns,BONE_returns,0.0
BORA_returns,SLP_returns,0.0
BORA_returns,MTL_returns,0.0
BORA_returns,KNC_returns,0.0
BORA_returns,CTSI_returns,0.0
BORA_returns,BTRST_returns,0.2719707000011605
BORA_returns,SCRT_returns,0.0
BORA_returns,OMI_returns,0.0
BORA_returns,GEOD_returns,0.0
BORA_returns,EDU_returns,0.0
BORA_returns,0x0_returns,-0.012270399850632385
BORA_returns,KUJI_returns,0.0
POWR_returns,CTC_returns,0.0
POWR_returns,MINA_returns,0.0
POWR_returns,DASH_returns,0.0
POWR_returns,SFP_returns,0.0
POWR_returns,BabyDoge_returns,0.0
POWR_returns,SNX_returns,0.0
POWR_returns,TFUEL_returns,0.0
POWR_returns,DCR_returns,0.0
POWR_returns,GLM_returns,0.0
POWR_returns,MX_returns,0.0
POWR_returns,ZIL_returns,0.3722750102017331
POWR_returns,BLUR_returns,0.0
POWR_returns,ROSE_returns,0.0
POWR_returns,CKB_returns,0.0
POWR_returns,TRAC_returns,0.0
POWR_returns,QTUM_returns,0.0
POWR_returns,ORDI_returns,0.0
POWR_returns,LPT_returns,0.0
POWR_returns,MASK_returns,0.0
POWR_returns,ASTR_returns,0.0
POWR_returns,ZRX_returns,0.0
POWR_returns,VTHO_returns,0.0
POWR_returns,ACH_returns,0.0
POWR_returns,BAT_returns,0.0
POWR_returns,CHEEL_returns,0.0
POWR_returns,CHEX_returns,0.0
POWR_returns,SNEK_returns,0.0
POWR_returns,BORG_returns,0.0
POWR_returns,KOGE_returns,0.0
POWR_returns,IOTX_returns,0.0
POWR_returns,CELO_returns,0.0
POWR_returns,GAS_returns,0.0
POWR_returns,ONE_returns,0.0
POWR_returns,ID_returns,0.0
POWR_returns,SUSHI_returns,0.0
POWR_returns,CSPR_returns,0.0
POWR_returns,HOT_returns,0.0
POWR_returns,SC_returns,0.0
POWR_returns,YFI_returns,0.0
POWR_returns,RVN_returns,0.0
POWR_returns,COW_returns,0.0
POWR_returns,ANKR_returns,0.0
POWR_returns,GOMINING_returns,0.0
POWR_returns,XCH_returns,0.0
POWR_returns,DGB_returns,0.0
POWR_returns,T_returns,0.36611449574943616
POWR_returns,WOO_returns,0.0
POWR_returns,ELF_returns,0.0
POWR_returns,EUL_returns,0.0
POWR_returns,ORCA_returns,0.0
POWR_returns,KDA_returns,0.0
POWR_returns,OSMO_returns,0.0
POWR_returns,GMT_returns,0.0
POWR_returns,SNT_returns,0.0
POWR_returns,GMX_returns,0.0
POWR_returns,ENJ_returns,0.0
POWR_returns,XYO_returns,0.0
POWR_returns,POLYX_returns,0.3690185099587885
POWR_returns,ZIG_returns,0.0
POWR_returns,ZEN_returns,0.0
POWR_returns,COTI_returns,0.0
POWR_returns,WEMIX_returns,0.0
POWR_returns,SKL_returns,0.0
POWR_returns,LCX_returns,0.0
POWR_returns,WAVES_returns,0.0
POWR_returns,CVC_returns,0.0
POWR_returns,SWFTC_returns,0.0
POWR_returns,LUNA_returns,0.0
POWR_returns,HIVE_returns,0.0
POWR_returns,RLB_returns,0.0
POWR_returns,LRC_returns,0.0
POWR_returns,DAG_returns,0.0
POWR_returns,ONT_returns,0.0
POWR_returns,TRB_returns,0.0
POWR_returns,XNO_returns,0.0
POWR_returns,DLC_returns,0.0
POWR_returns,METIS_returns,0.0
POWR_returns,ICX_returns,0.36777638492017534
POWR_returns,MYTH_returns,0.0
POWR_returns,MPLX_returns,0.0
POWR_returns,SXP_returns,0.0
POWR_returns,XVG_returns,0.0
POWR_returns,PEOPLE_returns,0.0
POWR_returns,AWE_returns,0.0
POWR_returns,REQ_returns,0.0
POWR_returns,STORJ_returns,0.0
POWR_returns,BAND_returns,0.0
POWR_returns,WMTX_returns,0.0
POWR_returns,CFG_returns,0.0
POWR_returns,HONEY_returns,0.0
POWR_returns,PRO_returns,0.0
POWR_returns,PRIME_returns,0.0
POWR_returns,VVS_returns,0.0
POWR_returns,CPOOL_returns,0.0
POWR_returns,YGG_returns,0.0
POWR_returns,SSV_returns,0.0
POWR_returns,CETUS_returns,0.0
POWR_returns,CGPT_returns,0.0
POWR_returns,STIK_returns,0.0
POWR_returns,PHA_returns,0.0
POWR_returns,XVS_returns,0.0
POWR_returns,KUB_returns,0.0
POWR_returns,BICO_returns,0.0
POWR_returns,UMA_returns,0.0
POWR_returns,WAXP_returns,0.0
POWR_returns,XPR_returns,0.0
POWR_returns,RPL_returns,0.0
POWR_returns,PUNDIX_returns,0.0
POWR_returns,FLUX_returns,0.0
POWR_returns,BORA_returns,0.0
POWR_returns,POWR_returns,0.0
POWR_returns,AUDIO_returns,0.0
POWR_returns,PROM_returns,0.0
POWR_returns,IOST_returns,0.36370583360972425
POWR_returns,ACX_returns,0.0
POWR_returns,ARDR_returns,0.0
POWR_returns,SPELL_returns,0.0
POWR_returns,ORBR_returns,0.0
POWR_returns,LSK_returns,0.0
POWR_returns,XOR_returns,0.0
POWR_returns,GLMR_returns,0.0
POWR_returns,BMX_returns,0.0
POWR_returns,MVL_returns,0.0
POWR_returns,ABT_returns,0.0
POWR_returns,VELO_returns,0.0
POWR_returns,IQ_returns,0.0
POWR_returns,AGI_returns,0.0
POWR_returns,WILD_returns,0.0
POWR_returns,XEM_returns,0.0
POWR_returns,LON_returns,0.0
POWR_returns,POND_returns,0.0
POWR_returns,ACT_returns,0.0
POWR_returns,XRD_returns,0.0
POWR_returns,RLC_returns,0.0
POWR_returns,ILV_returns,0.0
POWR_returns,FIDA_returns,0.0
POWR_returns,BNT_returns,0.0
POWR_returns,DENT_returns,0.0
POWR_returns,ORBS_returns,0.0
POWR_returns,ONG_returns,0.0
POWR_returns,CHR_returns,0.0
POWR_returns,HEART_returns,0.0
POWR_returns,VANRY_returns,0.0
POWR_returns,LQTY_returns,0.0
POWR_returns,KEEP_returns,0.0
POWR_returns,DKA_returns,0.0
POWR_returns,ELON_returns,0.0
POWR_returns,ARK_returns,0.0
POWR_returns,MLK_returns,0.0
POWR_returns,AL_returns,0.0
POWR_returns,JOE_returns,0.0
POWR_returns,CELR_returns,0.0
POWR_returns,STEEM_returns,0.3792548364462367
POWR_returns,BAL_returns,0.0
POWR_returns,PCI_returns,0.0
POWR_returns,MOVR_returns,0.0
POWR_returns,AUCTION_returns,0.0
POWR_returns,AERGO_returns,0.0
POWR_returns,MED_returns,0.0
POWR_returns,NMR_returns,0.0
POWR_returns,API3_returns,0.0
POWR_returns,AGLD_returns,0.0
POWR_returns,BONE_returns,0.0
POWR_returns,SLP_returns,0.0
POWR_returns,MTL_returns,0.0
POWR_returns,KNC_returns,0.0
POWR_returns,CTSI_returns,0.0
POWR_returns,BTRST_returns,0.0
POWR_returns,SCRT_returns,0.0
POWR_returns,OMI_returns,0.0
POWR_returns,GEOD_returns,0.0
POWR_returns,EDU_returns,0.0
POWR_returns,0x0_returns,0.0
POWR_returns,KUJI_returns,0.0
AUDIO_returns,CTC_returns,0.0
AUDIO_returns,MINA_returns,0.0
AUDIO_returns,DASH_returns,0.0
AUDIO_returns,SFP_returns,0.0
AUDIO_returns,BabyDoge_returns,0.0
AUDIO_returns,SNX_returns,0.0
AUDIO_returns,TFUEL_returns,0.0
AUDIO_returns,DCR_returns,0.0
AUDIO_returns,GLM_returns,0.0
AUDIO_returns,MX_returns,0.0
AUDIO_returns,ZIL_returns,0.47432389323785057
AUDIO_returns,BLUR_returns,0.0
AUDIO_returns,ROSE_returns,0.0
AUDIO_returns,CKB_returns,0.0
AUDIO_returns,TRAC_returns,0.0
AUDIO_returns,QTUM_returns,0.0
AUDIO_returns,ORDI_returns,0.0
AUDIO_returns,LPT_returns,0.0
AUDIO_returns,MASK_returns,0.0
AUDIO_returns,ASTR_returns,0.0
AUDIO_returns,ZRX_returns,0.0
AUDIO_returns,VTHO_returns,0.0
AUDIO_returns,ACH_returns,0.0
AUDIO_returns,BAT_returns,0.48632724943225714
AUDIO_returns,CHEEL_returns,0.0
AUDIO_returns,CHEX_returns,0.0
AUDIO_returns,SNEK_returns,0.0
AUDIO_returns,BORG_returns,0.0
AUDIO_returns,KOGE_returns,0.0
AUDIO_returns,IOTX_returns,0.0
AUDIO_returns,CELO_returns,0.0
AUDIO_returns,GAS_returns,0.0
AUDIO_returns,ONE_returns,0.0
AUDIO_returns,ID_returns,0.0
AUDIO_returns,SUSHI_returns,0.0
AUDIO_returns,CSPR_returns,0.0
AUDIO_returns,HOT_returns,0.0
AUDIO_returns,SC_returns,0.0
AUDIO_returns,YFI_returns,0.0
AUDIO_returns,RVN_returns,0.0
AUDIO_returns,COW_returns,0.0
AUDIO_returns,ANKR_returns,0.0
AUDIO_returns,GOMINING_returns,0.0
AUDIO_returns,XCH_returns,0.0
AUDIO_returns,DGB_returns,0.0
AUDIO_returns,T_returns,0.0
AUDIO_returns,WOO_returns,0.0
AUDIO_returns,ELF_returns,0.0
AUDIO_returns,EUL_returns,0.0
AUDIO_returns,ORCA_returns,0.0
AUDIO_returns,KDA_returns,0.0
AUDIO_returns,OSMO_returns,0.0
AUDIO_returns,GMT_returns,0.0
AUDIO_returns,SNT_returns,0.0
AUDIO_returns,GMX_returns,0.0
AUDIO_returns,ENJ_returns,0.0
AUDIO_returns,XYO_returns,0.0
AUDIO_returns,POLYX_returns,0.0
AUDIO_returns,ZIG_returns,0.0
AUDIO_returns,ZEN_returns,0.0
AUDIO_returns,COTI_returns,0.0
AUDIO_returns,WEMIX_returns,0.0
AUDIO_returns,SKL_returns,0.0
AUDIO_returns,LCX_returns,0.0
AUDIO_returns,WAVES_returns,0.0
AUDIO_returns,CVC_returns,0.0
AUDIO_returns,SWFTC_returns,0.0
AUDIO_returns,LUNA_returns,0.0
AUDIO_returns,HIVE_returns,0.0
AUDIO_returns,RLB_returns,0.0
AUDIO_returns,LRC_returns,0.5108684206154043
AUDIO_returns,DAG_returns,0.0
AUDIO_returns,ONT_returns,0.0
AUDIO_returns,TRB_returns,0.0
AUDIO_returns,XNO_returns,0.0
AUDIO_returns,DLC_returns,0.0
AUDIO_returns,METIS_returns,0.0
AUDIO_returns,ICX_returns,0.4825055951974144
AUDIO_returns,MYTH_returns,-0.018974711547296658
AUDIO_returns,MPLX_returns,0.0
AUDIO_returns,SXP_returns,0.0
AUDIO_returns,XVG_returns,0.0
AUDIO_returns,PEOPLE_returns,0.0
AUDIO_returns,AWE_returns,0.0
AUDIO_returns,REQ_returns,0.0
AUDIO_returns,STORJ_returns,0.0
AUDIO_returns,BAND_returns,0.0
AUDIO_returns,WMTX_returns,0.0
AUDIO_returns,CFG_returns,0.0
AUDIO_returns,HONEY_returns,0.0
AUDIO_returns,PRO_returns,0.0
AUDIO_returns,PRIME_returns,0.0
AUDIO_returns,VVS_returns,0.0
AUDIO_returns,CPOOL_returns,0.0
AUDIO_returns,YGG_returns,0.0
AUDIO_returns,SSV_returns,0.0
AUDIO_returns,CETUS_returns,0.0
AUDIO_returns,CGPT_returns,0.0
AUDIO_returns,STIK_returns,0.0
AUDIO_returns,PHA_returns,0.0
AUDIO_returns,XVS_returns,0.0
AUDIO_returns,KUB_returns,0.0
AUDIO_returns,BICO_returns,0.0
AUDIO_returns,UMA_returns,0.0
AUDIO_returns,WAXP_returns,0.0
AUDIO_returns,XPR_returns,0.0
AUDIO_returns,RPL_returns,0.0
AUDIO_returns,PUNDIX_returns,0.0
AUDIO_returns,FLUX_returns,0.0
AUDIO_returns,BORA_returns,0.0
AUDIO_returns,POWR_returns,0.0
AUDIO_returns,AUDIO_returns,0.0
AUDIO_returns,PROM_returns,0.0
AUDIO_returns,IOST_returns,0.4601880224014448
AUDIO_returns,ACX_returns,0.0
AUDIO_returns,ARDR_returns,0.0
AUDIO_returns,SPELL_returns,0.0
AUDIO_returns,ORBR_returns,0.0
AUDIO_returns,LSK_returns,0.0
AUDIO_returns,XOR_returns,-0.00018787858902117734
AUDIO_returns,GLMR_returns,0.0
AUDIO_returns,BMX_returns,0.0
AUDIO_returns,MVL_returns,0.0
AUDIO_returns,ABT_returns,0.0
AUDIO_returns,VELO_returns,0.0
AUDIO_returns,IQ_returns,0.0
AUDIO_returns,AGI_returns,0.0
AUDIO_returns,WILD_returns,0.0
AUDIO_returns,XEM_returns,0.0
AUDIO_returns,LON_returns,0.0
AUDIO_returns,POND_returns,0.0
AUDIO_returns,ACT_returns,0.0
AUDIO_returns,XRD_returns,0.0
AUDIO_returns,RLC_returns,0.0
AUDIO_returns,ILV_returns,0.0
AUDIO_returns,FIDA_returns,0.0
AUDIO_returns,BNT_returns,0.0
AUDIO_returns,DENT_returns,0.45816932354462153
AUDIO_returns,ORBS_returns,0.0
AUDIO_returns,ONG_returns,0.0
AUDIO_returns,CHR_returns,0.0
AUDIO_returns,HEART_returns,0.0
AUDIO_returns,VANRY_returns,0.0
AUDIO_returns,LQTY_returns,0.0
AUDIO_returns,KEEP_returns,0.0
AUDIO_returns,DKA_returns,0.0
AUDIO_returns,ELON_returns,0.0
AUDIO_returns,ARK_returns,0.0
AUDIO_returns,MLK_returns,0.0
AUDIO_returns,AL_returns,0.0
AUDIO_returns,JOE_returns,0.0
AUDIO_returns,CELR_returns,0.0
AUDIO_returns,STEEM_returns,0.0
AUDIO_returns,BAL_returns,0.0
AUDIO_returns,PCI_returns,0.0
AUDIO_returns,MOVR_returns,0.0
AUDIO_returns,AUCTION_returns,0.0
AUDIO_returns,AERGO_returns,0.0
AUDIO_returns,MED_returns,0.0
AUDIO_returns,NMR_returns,0.0
AUDIO_returns,API3_returns,0.0
AUDIO_returns,AGLD_returns,0.0
AUDIO_returns,BONE_returns,0.0
AUDIO_returns,SLP_returns,0.0
AUDIO_returns,MTL_returns,0.0
AUDIO_returns,KNC_returns,0.0
AUDIO_returns,CTSI_returns,0.0
AUDIO_returns,BTRST_returns,0.0
AUDIO_returns,SCRT_returns,0.0
AUDIO_returns,OMI_returns,0.0
AUDIO_returns,GEOD_returns,0.0
AUDIO_returns,EDU_returns,0.0
AUDIO_returns,0x0_returns,0.0
AUDIO_returns,KUJI_returns,0.0
PROM_returns,CTC_returns,0.0
PROM_returns,MINA_returns,0.0
PROM_returns,DASH_returns,0.0
PROM_returns,SFP_returns,0.0
PROM_returns,BabyDoge_returns,0.0
PROM_returns,SNX_returns,0.0
PROM_returns,TFUEL_returns,0.0
PROM_returns,DCR_returns,0.27178693392898334
PROM_returns,GLM_returns,0.0
PROM_returns,MX_returns,0.0
PROM_returns,ZIL_returns,0.2446983494347481
PROM_returns,BLUR_returns,0.0
PROM_returns,ROSE_returns,0.0
PROM_returns,CKB_returns,0.0
PROM_returns,TRAC_returns,0.0
PROM_returns,QTUM_returns,0.0
PROM_returns,ORDI_returns,0.0
PROM_returns,LPT_returns,0.0
PROM_returns,MASK_returns,0.0
PROM_returns,ASTR_returns,0.0
PROM_returns,ZRX_returns,0.0
PROM_returns,VTHO_returns,0.0
PROM_returns,ACH_returns,0.0
PROM_returns,BAT_returns,0.24409544449884116
PROM_returns,CHEEL_returns,0.0
PROM_returns,CHEX_returns,0.0
PROM_returns,SNEK_returns,0.0
PROM_returns,BORG_returns,0.0
PROM_returns,KOGE_returns,0.0
PROM_returns,IOTX_returns,0.0
PROM_returns,CELO_returns,0.0
PROM_returns,GAS_returns,0.0
PROM_returns,ONE_returns,0.0
PROM_returns,ID_returns,0.0
PROM_returns,SUSHI_returns,0.0
PROM_returns,CSPR_returns,0.0
PROM_returns,HOT_returns,0.0
PROM_returns,SC_returns,0.0
PROM_returns,YFI_returns,0.0
PROM_returns,RVN_returns,0.0
PROM_returns,COW_returns,-0.029440790050758395
PROM_returns,ANKR_returns,0.0
PROM_returns,GOMINING_returns,0.0
PROM_returns,XCH_returns,0.0
PROM_returns,DGB_returns,0.0
PROM_returns,T_returns,0.0
PROM_returns,WOO_returns,0.0
PROM_returns,ELF_returns,0.0
PROM_returns,EUL_returns,0.0
PROM_returns,ORCA_returns,0.0
PROM_returns,KDA_returns,0.0
PROM_returns,OSMO_returns,0.0
PROM_returns,GMT_returns,0.0
PROM_returns,SNT_returns,0.0
PROM_returns,GMX_returns,0.0
PROM_returns,ENJ_returns,0.0
PROM_returns,XYO_returns,0.0
PROM_returns,POLYX_returns,0.0
PROM_returns,ZIG_returns,0.0
PROM_returns,ZEN_returns,0.0
PROM_returns,COTI_returns,0.0
PROM_returns,WEMIX_returns,0.0
PROM_returns,SKL_returns,0.0
PROM_returns,LCX_returns,0.0
PROM_returns,WAVES_returns,0.0
PROM_returns,CVC_returns,0.0
PROM_returns,SWFTC_returns,0.0
PROM_returns,LUNA_returns,0.0
PROM_returns,HIVE_returns,0.0
PROM_returns,RLB_returns,0.0
PROM_returns,LRC_returns,0.0
PROM_returns,DAG_returns,0.0
PROM_returns,ONT_returns,0.0
PROM_returns,TRB_returns,0.0
PROM_returns,XNO_returns,0.25725221189162484
PROM_returns,DLC_returns,0.0
PROM_returns,METIS_returns,0.0
PROM_returns,ICX_returns,0.24614354995922383
PROM_returns,MYTH_returns,0.0
PROM_returns,MPLX_returns,0.0
PROM_returns,SXP_returns,0.0
PROM_returns,XVG_returns,0.0
PROM_returns,PEOPLE_returns,0.0
PROM_returns,AWE_returns,0.0
PROM_returns,REQ_returns,0.2626249447895667
PROM_returns,STORJ_returns,0.0
PROM_returns,BAND_returns,0.0
PROM_returns,WMTX_returns,0.0
PROM_returns,CFG_returns,0.0
PROM_returns,HONEY_returns,0.1683691217866691
PROM_returns,PRO_returns,0.0
PROM_returns,PRIME_returns,0.0
PROM_returns,VVS_returns,0.0
PROM_returns,CPOOL_returns,0.0
PROM_returns,YGG_returns,0.0
PROM_returns,SSV_returns,0.0
PROM_returns,CETUS_returns,0.0
PROM_returns,CGPT_returns,0.0
PROM_returns,STIK_returns,0.0
PROM_returns,PHA_returns,0.0
PROM_returns,XVS_returns,0.0
PROM_returns,KUB_returns,0.0
PROM_returns,BICO_returns,0.0
PROM_returns,UMA_returns,0.0
PROM_returns,WAXP_returns,0.0
PROM_returns,XPR_returns,0.0
PROM_returns,RPL_returns,0.0
PROM_returns,PUNDIX_returns,0.0
PROM_returns,FLUX_returns,0.0
PROM_returns,BORA_returns,0.0
PROM_returns,POWR_returns,0.0
PROM_returns,AUDIO_returns,0.0
PROM_returns,PROM_returns,0.0
PROM_returns,IOST_returns,0.0
PROM_returns,ACX_returns,0.0
PROM_returns,ARDR_returns,0.0
PROM_returns,SPELL_returns,0.0
PROM_returns,ORBR_returns,0.0
PROM_returns,LSK_returns,0.0
PROM_returns,XOR_returns,0.0
PROM_returns,GLMR_returns,0.0
PROM_returns,BMX_returns,0.0
PROM_returns,MVL_returns,0.0
PROM_returns,ABT_returns,0.0
PROM_returns,VELO_returns,0.0
PROM_returns,IQ_returns,0.0
PROM_returns,AGI_returns,0.0
PROM_returns,WILD_returns,0.0
PROM_returns,XEM_returns,0.0
PROM_returns,LON_returns,0.0
PROM_returns,POND_returns,0.0
PROM_returns,ACT_returns,-0.05752516672979417
PROM_returns,XRD_returns,0.0
PROM_returns,RLC_returns,0.0
PROM_returns,ILV_returns,0.0
PROM_returns,FIDA_returns,0.0
PROM_returns,BNT_returns,0.0
PROM_returns,DENT_returns,0.0
PROM_returns,ORBS_returns,0.0
PROM_returns,ONG_returns,0.0
PROM_returns,CHR_returns,0.0
PROM_returns,HEART_returns,0.0
PROM_returns,VANRY_returns,0.0
PROM_returns,LQTY_returns,0.0
PROM_returns,KEEP_returns,0.0
PROM_returns,DKA_returns,0.0
PROM_returns,ELON_returns,-0.01780707908654316
PROM_returns,ARK_returns,0.0
PROM_returns,MLK_returns,0.0
PROM_returns,AL_returns,0.0
PROM_returns,JOE_returns,0.0
PROM_returns,CELR_returns,0.0
PROM_returns,STEEM_returns,0.0
PROM_returns,BAL_returns,0.0
PROM_returns,PCI_returns,0.0
PROM_returns,MOVR_returns,0.0
PROM_returns,AUCTION_returns,0.0
PROM_returns,AERGO_returns,0.0
PROM_returns,MED_returns,0.0
PROM_returns,NMR_returns,0.0
PROM_returns,API3_returns,0.0
PROM_returns,AGLD_returns,0.0
PROM_returns,BONE_returns,0.0
PROM_returns,SLP_returns,0.0
PROM_returns,MTL_returns,0.0
PROM_returns,KNC_returns,0.0
PROM_returns,CTSI_returns,0.0
PROM_returns,BTRST_returns,0.0
PROM_returns,SCRT_returns,0.0
PROM_returns,OMI_returns,0.0
PROM_returns,GEOD_returns,0.0
PROM_returns,EDU_returns,0.0
PROM_returns,0x0_returns,-0.043518787182328295
PROM_returns,KUJI_returns,0.0
IOST_returns,CTC_returns,0.0
IOST_returns,MINA_returns,0.0
IOST_returns,DASH_returns,0.0
IOST_returns,SFP_returns,0.3383994983591405
IOST_returns,BabyDoge_returns,0.0
IOST_returns,SNX_returns,0.0
IOST_returns,TFUEL_returns,0.0
IOST_returns,DCR_returns,0.0
IOST_returns,GLM_returns,0.3622727428170092
IOST_returns,MX_returns,0.0
IOST_returns,ZIL_returns,0.6721750955353205
IOST_returns,BLUR_returns,0.0
IOST_returns,ROSE_returns,0.0
IOST_returns,CKB_returns,0.0
IOST_returns,TRAC_returns,0.0
IOST_returns,QTUM_returns,0.5349607226678551
IOST_returns,ORDI_returns,0.0
IOST_returns,LPT_returns,0.0
IOST_returns,MASK_returns,0.43318349582895294
IOST_returns,ASTR_returns,0.0
IOST_returns,ZRX_returns,0.0
IOST_returns,VTHO_returns,0.0
IOST_returns,ACH_returns,0.0
IOST_returns,BAT_returns,0.6704629971528802
IOST_returns,CHEEL_returns,0.0
IOST_returns,CHEX_returns,0.0
IOST_returns,SNEK_returns,0.0
IOST_returns,BORG_returns,0.0
IOST_returns,KOGE_returns,0.0
IOST_returns,IOTX_returns,0.0
IOST_returns,CELO_returns,0.0
IOST_returns,GAS_returns,0.0
IOST_returns,ONE_returns,0.0
IOST_returns,ID_returns,0.0
IOST_returns,SUSHI_returns,0.0
IOST_returns,CSPR_returns,0.0
IOST_returns,HOT_returns,0.0
IOST_returns,SC_returns,0.38585188110910706
IOST_returns,YFI_returns,0.0
IOST_returns,RVN_returns,0.49321694510951924
IOST_returns,COW_returns,0.0
IOST_returns,ANKR_returns,0.58427609340475
IOST_returns,GOMINING_returns,0.0
IOST_returns,XCH_returns,0.0
IOST_returns,DGB_returns,0.0
IOST_returns,T_returns,0.44271539651945685
IOST_returns,WOO_returns,0.0
IOST_returns,ELF_returns,0.0
IOST_returns,EUL_returns,0.0
IOST_returns,ORCA_returns,0.0
IOST_returns,KDA_returns,0.0
IOST_returns,OSMO_returns,0.0
IOST_returns,GMT_returns,0.0
IOST_returns,SNT_returns,0.0
IOST_returns,GMX_returns,0.0
IOST_returns,ENJ_returns,0.0
IOST_returns,XYO_returns,0.24974091944231133
IOST_returns,POLYX_returns,0.0
IOST_returns,ZIG_returns,0.0
IOST_returns,ZEN_returns,0.0
IOST_returns,COTI_returns,0.0
IOST_returns,WEMIX_returns,0.0
IOST_returns,SKL_returns,0.0
IOST_returns,LCX_returns,0.0
IOST_returns,WAVES_returns,0.0
IOST_returns,CVC_returns,0.0
IOST_returns,SWFTC_returns,0.0
IOST_returns,LUNA_returns,0.0
IOST_returns,HIVE_returns,0.0
IOST_returns,RLB_returns,0.1815770476875974
IOST_returns,LRC_returns,0.0
IOST_returns,DAG_returns,0.0
IOST_returns,ONT_returns,0.5650748274549281
IOST_returns,TRB_returns,0.0
IOST_returns,XNO_returns,0.4050759365116379
IOST_returns,DLC_returns,0.0
IOST_returns,METIS_returns,0.0
IOST_returns,ICX_returns,0.6429440472647183
IOST_returns,MYTH_returns,0.0
IOST_returns,MPLX_returns,0.0
IOST_returns,SXP_returns,0.49577031532627436
IOST_returns,XVG_returns,0.0
IOST_returns,PEOPLE_returns,0.0
IOST_returns,AWE_returns,0.0
IOST_returns,REQ_returns,0.36298446427677566
IOST_returns,STORJ_returns,0.39067933143861444
IOST_returns,BAND_returns,0.0
IOST_returns,WMTX_returns,0.0
IOST_returns,CFG_returns,0.0
IOST_returns,HONEY_returns,0.0
IOST_returns,PRO_returns,0.0
IOST_returns,PRIME_returns,0.0
IOST_returns,VVS_returns,0.0
IOST_returns,CPOOL_returns,0.0
IOST_returns,YGG_returns,0.0
IOST_returns,SSV_returns,0.0
IOST_returns,CETUS_returns,0.0
IOST_returns,CGPT_returns,0.0
IOST_returns,STIK_returns,0.0
IOST_returns,PHA_returns,0.0
IOST_returns,XVS_returns,0.0
IOST_returns,KUB_returns,0.0
IOST_returns,BICO_returns,0.0
IOST_returns,UMA_returns,0.0
IOST_returns,WAXP_returns,0.0
IOST_returns,XPR_returns,0.0
IOST_returns,RPL_returns,0.0
IOST_returns,PUNDIX_returns,0.0
IOST_returns,FLUX_returns,0.0
IOST_returns,BORA_returns,0.0
IOST_returns,POWR_returns,0.36370583360972425
IOST_returns,AUDIO_returns,0.4601880224014448
IOST_returns,PROM_returns,0.0
IOST_returns,IOST_returns,0.0
IOST_returns,ACX_returns,0.0
IOST_returns,ARDR_returns,0.3730008263881736
IOST_returns,SPELL_returns,0.0
IOST_returns,ORBR_returns,0.0
IOST_returns,LSK_returns,0.0
IOST_returns,XOR_returns,0.0
IOST_returns,GLMR_returns,0.0
IOST_returns,BMX_returns,0.0
IOST_returns,MVL_returns,0.0
IOST_returns,ABT_returns,0.0
IOST_returns,VELO_returns,0.0
IOST_returns,IQ_returns,0.37220996402943757
IOST_returns,AGI_returns,0.0
IOST_returns,WILD_returns,0.0
IOST_returns,XEM_returns,0.4071697168434817
IOST_returns,LON_returns,0.0
IOST_returns,POND_returns,0.0
IOST_returns,ACT_returns,0.0
IOST_returns,XRD_returns,0.0
IOST_returns,RLC_returns,0.0
IOST_returns,ILV_returns,0.0
IOST_returns,FIDA_returns,0.0
IOST_returns,BNT_returns,0.0
IOST_returns,DENT_returns,0.0
IOST_returns,ORBS_returns,0.0
IOST_returns,ONG_returns,0.0
IOST_returns,CHR_returns,0.0
IOST_returns,HEART_returns,0.0
IOST_returns,VANRY_returns,0.0
IOST_returns,LQTY_returns,0.0
IOST_returns,KEEP_returns,0.0
IOST_returns,DKA_returns,0.0
IOST_returns,ELON_returns,0.0
IOST_returns,ARK_returns,0.33312732876514467
IOST_returns,MLK_returns,0.39639690408836453
IOST_returns,AL_returns,0.0
IOST_returns,JOE_returns,0.0
IOST_returns,CELR_returns,0.0
IOST_returns,STEEM_returns,0.0
IOST_returns,BAL_returns,0.0
IOST_returns,PCI_returns,0.0
IOST_returns,MOVR_returns,0.0
IOST_returns,AUCTION_returns,0.24677729121637673
IOST_returns,AERGO_returns,0.27883342943135747
IOST_returns,MED_returns,0.4740000130386697
IOST_returns,NMR_returns,0.0
IOST_returns,API3_returns,0.0
IOST_returns,AGLD_returns,0.0
IOST_returns,BONE_returns,0.0
IOST_returns,SLP_returns,0.0
IOST_returns,MTL_returns,0.48910524518651444
IOST_returns,KNC_returns,0.5689795286764582
IOST_returns,CTSI_returns,0.0
IOST_returns,BTRST_returns,0.0
IOST_returns,SCRT_returns,0.0
IOST_returns,OMI_returns,0.0
IOST_returns,GEOD_returns,0.0
IOST_returns,EDU_returns,0.0
IOST_returns,0x0_returns,0.0
IOST_returns,KUJI_returns,0.0
ACX_returns,CTC_returns,-0.00998855345548523
ACX_returns,MINA_returns,0.0
ACX_returns,DASH_returns,0.0
ACX_returns,SFP_returns,0.0
ACX_returns,BabyDoge_returns,-0.010233458720574502
ACX_returns,SNX_returns,0.0
ACX_returns,TFUEL_returns,0.0
ACX_returns,DCR_returns,0.0
ACX_returns,GLM_returns,0.0
ACX_returns,MX_returns,0.0
ACX_returns,ZIL_returns,0.0
ACX_returns,BLUR_returns,0.0
ACX_returns,ROSE_returns,0.0
ACX_returns,CKB_returns,0.0
ACX_returns,TRAC_returns,0.0
ACX_returns,QTUM_returns,0.0
ACX_returns,ORDI_returns,0.0
ACX_returns,LPT_returns,0.0
ACX_returns,MASK_returns,0.0
ACX_returns,ASTR_returns,0.0
ACX_returns,ZRX_returns,0.0
ACX_returns,VTHO_returns,0.0
ACX_returns,ACH_returns,0.0
ACX_returns,BAT_returns,0.0
ACX_returns,CHEEL_returns,-0.022099281155337838
ACX_returns,CHEX_returns,0.0
ACX_returns,SNEK_returns,0.0
ACX_returns,BORG_returns,0.0
ACX_returns,KOGE_returns,0.0
ACX_returns,IOTX_returns,0.0
ACX_returns,CELO_returns,0.0
ACX_returns,GAS_returns,0.0
ACX_returns,ONE_returns,0.16720434046439775
ACX_returns,ID_returns,0.0
ACX_returns,SUSHI_returns,0.15593350048040114
ACX_returns,CSPR_returns,0.0
ACX_returns,HOT_returns,0.0
ACX_returns,SC_returns,0.0
ACX_returns,YFI_returns,0.0
ACX_returns,RVN_returns,0.0
ACX_returns,COW_returns,0.0
ACX_returns,ANKR_returns,0.0
ACX_returns,GOMINING_returns,-0.022249484619089606
ACX_returns,XCH_returns,0.0
ACX_returns,DGB_returns,0.0
ACX_returns,T_returns,0.0
ACX_returns,WOO_returns,0.0
ACX_returns,ELF_returns,0.0
ACX_returns,EUL_returns,0.0
ACX_returns,ORCA_returns,0.26489128833093134
ACX_returns,KDA_returns,0.0
ACX_returns,OSMO_returns,0.1614617523282391
ACX_returns,GMT_returns,0.0
ACX_returns,SNT_returns,0.0
ACX_returns,GMX_returns,0.0
ACX_returns,ENJ_returns,0.0
ACX_returns,XYO_returns,0.0
ACX_returns,POLYX_returns,0.0
ACX_returns,ZIG_returns,-0.03983130893546287
ACX_returns,ZEN_returns,0.0
ACX_returns,COTI_returns,0.0
ACX_returns,WEMIX_returns,0.0
ACX_returns,SKL_returns,0.0
ACX_returns,LCX_returns,0.0
ACX_returns,WAVES_returns,0.0
ACX_returns,CVC_returns,0.0
ACX_returns,SWFTC_returns,0.0
ACX_returns,LUNA_returns,0.0
ACX_returns,HIVE_returns,0.0
ACX_returns,RLB_returns,0.0
ACX_returns,LRC_returns,0.0
ACX_returns,DAG_returns,0.0
ACX_returns,ONT_returns,0.0
ACX_returns,TRB_returns,0.0
ACX_returns,XNO_returns,0.0
ACX_returns,DLC_returns,0.0
ACX_returns,METIS_returns,0.0
ACX_returns,ICX_returns,0.0
ACX_returns,MYTH_returns,0.0
ACX_returns,MPLX_returns,0.0
ACX_returns,SXP_returns,0.0
ACX_returns,XVG_returns,0.0
ACX_returns,PEOPLE_returns,0.0
ACX_returns,AWE_returns,0.0
ACX_returns,REQ_returns,0.0
ACX_returns,STORJ_returns,0.0
ACX_returns,BAND_returns,0.0
ACX_returns,WMTX_returns,0.0
ACX_returns,CFG_returns,0.0
ACX_returns,HONEY_returns,0.0
ACX_returns,PRO_returns,-0.07121742116387865
ACX_returns,PRIME_returns,0.0
ACX_returns,VVS_returns,0.0
ACX_returns,CPOOL_returns,0.0
ACX_returns,YGG_returns,0.0
ACX_returns,SSV_returns,0.0
ACX_returns,CETUS_returns,0.0
ACX_returns,CGPT_returns,0.0
ACX_returns,STIK_returns,0.0
ACX_returns,PHA_returns,0.0
ACX_returns,XVS_returns,0.0
ACX_returns,KUB_returns,0.0
ACX_returns,BICO_returns,0.0
ACX_returns,UMA_returns,0.0
ACX_returns,WAXP_returns,0.0
ACX_returns,XPR_returns,0.0
ACX_returns,RPL_returns,0.0
ACX_returns,PUNDIX_returns,0.0
ACX_returns,FLUX_returns,0.18611914133075416
ACX_returns,BORA_returns,0.0
ACX_returns,POWR_returns,0.0
ACX_returns,AUDIO_returns,0.0
ACX_returns,PROM_returns,0.0
ACX_returns,IOST_returns,0.0
ACX_returns,ACX_returns,0.0
ACX_returns,ARDR_returns,0.0
ACX_returns,SPELL_returns,0.0
ACX_returns,ORBR_returns,0.0
ACX_returns,LSK_returns,0.0
ACX_returns,XOR_returns,0.0
ACX_returns,GLMR_returns,0.0
ACX_returns,BMX_returns,0.0
ACX_returns,MVL_returns,0.0
ACX_returns,ABT_returns,-0.007170668520898442
ACX_returns,VELO_returns,0.0
ACX_returns,IQ_returns,0.0
ACX_returns,AGI_returns,0.0
ACX_returns,WILD_returns,0.0
ACX_returns,XEM_returns,0.0
ACX_returns,LON_returns,0.0
ACX_returns,POND_returns,0.0
ACX_returns,ACT_returns,-0.062371260423287146
ACX_returns,XRD_returns,0.0
ACX_returns,RLC_returns,0.0
ACX_returns,ILV_returns,0.0
ACX_returns,FIDA_returns,0.0
ACX_returns,BNT_returns,0.0
ACX_returns,DENT_returns,0.0
ACX_returns,ORBS_returns,0.0
ACX_returns,ONG_returns,0.0
ACX_returns,CHR_returns,0.0
ACX_returns,HEART_returns,0.0
ACX_returns,VANRY_returns,0.0
ACX_returns,LQTY_returns,0.0
ACX_returns,KEEP_returns,0.0
ACX_returns,DKA_returns,0.0
ACX_returns,ELON_returns,0.0
ACX_returns,ARK_returns,0.0
ACX_returns,MLK_returns,0.0
ACX_returns,AL_returns,0.0
ACX_returns,JOE_returns,0.0
ACX_returns,CELR_returns,0.19944018714783665
ACX_returns,STEEM_returns,0.0
ACX_returns,BAL_returns,0.0
ACX_returns,PCI_returns,0.0
ACX_returns,MOVR_returns,0.0
ACX_returns,AUCTION_returns,0.0
ACX_returns,AERGO_returns,0.0
ACX_returns,MED_returns,0.0
ACX_returns,NMR_returns,0.0
ACX_returns,API3_returns,0.0
ACX_returns,AGLD_returns,0.0
ACX_returns,BONE_returns,0.0
ACX_returns,SLP_returns,0.0
ACX_returns,MTL_returns,0.0
ACX_returns,KNC_returns,0.0
ACX_returns,CTSI_returns,0.0
ACX_returns,BTRST_returns,-0.03822154164109542
ACX_returns,SCRT_returns,0.0
ACX_returns,OMI_returns,0.0
ACX_returns,GEOD_returns,0.0
ACX_returns,EDU_returns,0.0
ACX_returns,0x0_returns,0.0
ACX_returns,KUJI_returns,0.0
ARDR_returns,CTC_returns,0.0
ARDR_returns,MINA_returns,0.0
ARDR_returns,DASH_returns,0.0
ARDR_returns,SFP_returns,0.0
ARDR_returns,BabyDoge_returns,0.0
ARDR_returns,SNX_returns,0.0
ARDR_returns,TFUEL_returns,0.0
ARDR_returns,DCR_returns,0.0
ARDR_returns,GLM_returns,0.0
ARDR_returns,MX_returns,0.0
ARDR_returns,ZIL_returns,0.3592356009515808
ARDR_returns,BLUR_returns,0.0
ARDR_returns,ROSE_returns,0.0
ARDR_returns,CKB_returns,0.0
ARDR_returns,TRAC_returns,0.0
ARDR_returns,QTUM_returns,0.0
ARDR_returns,ORDI_returns,0.0
ARDR_returns,LPT_returns,0.0
ARDR_returns,MASK_returns,0.0
ARDR_returns,ASTR_returns,0.0
ARDR_returns,ZRX_returns,0.0
ARDR_returns,VTHO_returns,0.0
ARDR_returns,ACH_returns,0.0
ARDR_returns,BAT_returns,0.0
ARDR_returns,CHEEL_returns,0.0
ARDR_returns,CHEX_returns,0.0
ARDR_returns,SNEK_returns,0.0
ARDR_returns,BORG_returns,0.0
ARDR_returns,KOGE_returns,0.0
ARDR_returns,IOTX_returns,0.0
ARDR_returns,CELO_returns,0.0
ARDR_returns,GAS_returns,0.0
ARDR_returns,ONE_returns,0.0
ARDR_returns,ID_returns,0.0
ARDR_returns,SUSHI_returns,0.0
ARDR_returns,CSPR_returns,0.0
ARDR_returns,HOT_returns,0.0
ARDR_returns,SC_returns,0.0
ARDR_returns,YFI_returns,0.0
ARDR_returns,RVN_returns,0.0
ARDR_returns,COW_returns,0.0
ARDR_returns,ANKR_returns,0.0
ARDR_returns,GOMINING_returns,0.0
ARDR_returns,XCH_returns,0.0
ARDR_returns,DGB_returns,0.0
ARDR_returns,T_returns,0.0
ARDR_returns,WOO_returns,0.0
ARDR_returns,ELF_returns,0.2858226649460931
ARDR_returns,EUL_returns,0.0
ARDR_returns,ORCA_returns,0.0
ARDR_returns,KDA_returns,0.0
ARDR_returns,OSMO_returns,0.0
ARDR_returns,GMT_returns,0.0
ARDR_returns,SNT_returns,0.0
ARDR_returns,GMX_returns,0.0
ARDR_returns,ENJ_returns,0.0
ARDR_returns,XYO_returns,0.0
ARDR_returns,POLYX_returns,0.0
ARDR_returns,ZIG_returns,0.0
ARDR_returns,ZEN_returns,0.0
ARDR_returns,COTI_returns,0.0
ARDR_returns,WEMIX_returns,0.0
ARDR_returns,SKL_returns,0.0
ARDR_returns,LCX_returns,0.0
ARDR_returns,WAVES_returns,0.0
ARDR_returns,CVC_returns,0.3827675626598901
ARDR_returns,SWFTC_returns,0.0
ARDR_returns,LUNA_returns,0.0
ARDR_returns,HIVE_returns,0.0
ARDR_returns,RLB_returns,0.0
ARDR_returns,LRC_returns,0.0
ARDR_returns,DAG_returns,0.0
ARDR_returns,ONT_returns,0.0
ARDR_returns,TRB_returns,0.0
ARDR_returns,XNO_returns,0.0
ARDR_returns,DLC_returns,0.0
ARDR_returns,METIS_returns,0.0
ARDR_returns,ICX_returns,0.39829280309469767
ARDR_returns,MYTH_returns,0.0
ARDR_returns,MPLX_returns,0.0
ARDR_returns,SXP_returns,0.0
ARDR_returns,XVG_returns,0.0
ARDR_returns,PEOPLE_returns,0.0
ARDR_returns,AWE_returns,0.0
ARDR_returns,REQ_returns,0.0
ARDR_returns,STORJ_returns,0.0
ARDR_returns,BAND_returns,0.0
ARDR_returns,WMTX_returns,0.0
ARDR_returns,CFG_returns,0.0
ARDR_returns,HONEY_returns,0.0
ARDR_returns,PRO_returns,0.0
ARDR_returns,PRIME_returns,0.0
ARDR_returns,VVS_returns,0.0
ARDR_returns,CPOOL_returns,0.0
ARDR_returns,YGG_returns,0.0
ARDR_returns,SSV_returns,0.0
ARDR_returns,CETUS_returns,0.0
ARDR_returns,CGPT_returns,0.0
ARDR_returns,STIK_returns,0.0
ARDR_returns,PHA_returns,0.0
ARDR_returns,XVS_returns,0.0
ARDR_returns,KUB_returns,0.0
ARDR_returns,BICO_returns,0.0
ARDR_returns,UMA_returns,0.0
ARDR_returns,WAXP_returns,0.0
ARDR_returns,XPR_returns,0.0
ARDR_returns,RPL_returns,0.0
ARDR_returns,PUNDIX_returns,0.0
ARDR_returns,FLUX_returns,0.0
ARDR_returns,BORA_returns,0.0
ARDR_returns,POWR_returns,0.0
ARDR_returns,AUDIO_returns,0.0
ARDR_returns,PROM_returns,0.0
ARDR_returns,IOST_returns,0.3730008263881736
ARDR_returns,ACX_returns,0.0
ARDR_returns,ARDR_returns,0.0
ARDR_returns,SPELL_returns,0.0
ARDR_returns,ORBR_returns,0.0
ARDR_returns,LSK_returns,0.0
ARDR_returns,XOR_returns,-0.040466180220869875
ARDR_returns,GLMR_returns,0.0
ARDR_returns,BMX_returns,0.0
ARDR_returns,MVL_returns,0.0
ARDR_returns,ABT_returns,0.0
ARDR_returns,VELO_returns,0.0
ARDR_returns,IQ_returns,0.0
ARDR_returns,AGI_returns,0.0
ARDR_returns,WILD_returns,0.0
ARDR_returns,XEM_returns,0.0
ARDR_returns,LON_returns,0.0
ARDR_returns,POND_returns,0.0
ARDR_returns,ACT_returns,0.0
ARDR_returns,XRD_returns,0.0
ARDR_returns,RLC_returns,0.0
ARDR_returns,ILV_returns,0.0
ARDR_returns,FIDA_returns,0.0
ARDR_returns,BNT_returns,0.0
ARDR_returns,DENT_returns,0.0
ARDR_returns,ORBS_returns,0.0
ARDR_returns,ONG_returns,0.0
ARDR_returns,CHR_returns,0.0
ARDR_returns,HEART_returns,0.0
ARDR_returns,VANRY_returns,0.0
ARDR_returns,LQTY_returns,0.0
ARDR_returns,KEEP_returns,0.0
ARDR_returns,DKA_returns,0.0
ARDR_returns,ELON_returns,0.0
ARDR_returns,ARK_returns,0.0
ARDR_returns,MLK_returns,0.0
ARDR_returns,AL_returns,0.0
ARDR_returns,JOE_returns,0.0
ARDR_returns,CELR_returns,0.0
ARDR_returns,STEEM_returns,0.0
ARDR_returns,BAL_returns,0.0
ARDR_returns,PCI_returns,0.0
ARDR_returns,MOVR_returns,0.0
ARDR_returns,AUCTION_returns,0.0
ARDR_returns,AERGO_returns,0.0
ARDR_returns,MED_returns,0.3647051336478947
ARDR_returns,NMR_returns,0.0
ARDR_returns,API3_returns,0.0
ARDR_returns,AGLD_returns,0.0
ARDR_returns,BONE_returns,0.0
ARDR_returns,SLP_returns,0.0
ARDR_returns,MTL_returns,0.3595742369130545
ARDR_returns,KNC_returns,0.0
ARDR_returns,CTSI_returns,0.0
ARDR_returns,BTRST_returns,0.0
ARDR_returns,SCRT_returns,0.0
ARDR_returns,OMI_returns,0.0
ARDR_returns,GEOD_returns,0.0
ARDR_returns,EDU_returns,0.0
ARDR_returns,0x0_returns,-0.000559683870377659
ARDR_returns,KUJI_returns,0.0
SPELL_returns,CTC_returns,0.0
SPELL_returns,MINA_returns,0.0
SPELL_returns,DASH_returns,0.0
SPELL_returns,SFP_returns,0.0
SPELL_returns,BabyDoge_returns,0.0
SPELL_returns,SNX_returns,0.0
SPELL_returns,TFUEL_returns,0.0
SPELL_returns,DCR_returns,0.0
SPELL_returns,GLM_returns,0.0
SPELL_returns,MX_returns,0.0
SPELL_returns,ZIL_returns,0.382239667087079
SPELL_returns,BLUR_returns,0.0
SPELL_returns,ROSE_returns,0.3388211972924119
SPELL_returns,CKB_returns,0.0
SPELL_returns,TRAC_returns,0.0
SPELL_returns,QTUM_returns,0.0
SPELL_returns,ORDI_returns,0.0
SPELL_returns,LPT_returns,0.0
SPELL_returns,MASK_returns,0.0
SPELL_returns,ASTR_returns,0.0
SPELL_returns,ZRX_returns,0.0
SPELL_returns,VTHO_returns,0.0
SPELL_returns,ACH_returns,0.0
SPELL_returns,BAT_returns,0.0
SPELL_returns,CHEEL_returns,0.0
SPELL_returns,CHEX_returns,0.0
SPELL_returns,SNEK_returns,0.0
SPELL_returns,BORG_returns,0.0
SPELL_returns,KOGE_returns,0.0
SPELL_returns,IOTX_returns,0.0
SPELL_returns,CELO_returns,0.0
SPELL_returns,GAS_returns,0.0
SPELL_returns,ONE_returns,0.35936473048336537
SPELL_returns,ID_returns,0.0
SPELL_returns,SUSHI_returns,0.0
SPELL_returns,CSPR_returns,0.0
SPELL_returns,HOT_returns,0.3600699642778989
SPELL_returns,SC_returns,0.0
SPELL_returns,YFI_returns,0.0
SPELL_returns,RVN_returns,0.0
SPELL_returns,COW_returns,0.0
SPELL_returns,ANKR_returns,0.0
SPELL_returns,GOMINING_returns,-0.0016976579064218573
SPELL_returns,XCH_returns,0.0
SPELL_returns,DGB_returns,0.0
SPELL_returns,T_returns,0.0
SPELL_returns,WOO_returns,0.0
SPELL_returns,ELF_returns,0.0
SPELL_returns,EUL_returns,0.0
SPELL_returns,ORCA_returns,0.0
SPELL_returns,KDA_returns,0.0
SPELL_returns,OSMO_returns,0.0
SPELL_returns,GMT_returns,0.0
SPELL_returns,SNT_returns,0.0
SPELL_returns,GMX_returns,0.0
SPELL_returns,ENJ_returns,0.0
SPELL_returns,XYO_returns,0.0
SPELL_returns,POLYX_returns,0.0
SPELL_returns,ZIG_returns,0.0
SPELL_returns,ZEN_returns,0.0
SPELL_returns,COTI_returns,0.0
SPELL_returns,WEMIX_returns,0.0
SPELL_returns,SKL_returns,0.0
SPELL_returns,LCX_returns,0.0
SPELL_returns,WAVES_returns,0.0
SPELL_returns,CVC_returns,0.0
SPELL_returns,SWFTC_returns,0.19065810019540744
SPELL_returns,LUNA_returns,0.0
SPELL_returns,HIVE_returns,0.0
SPELL_returns,RLB_returns,0.0
SPELL_returns,LRC_returns,0.34508428197663144
SPELL_returns,DAG_returns,0.0
SPELL_returns,ONT_returns,0.0
SPELL_returns,TRB_returns,0.0
SPELL_returns,XNO_returns,0.0
SPELL_returns,DLC_returns,-0.0004507599394691358
SPELL_returns,METIS_returns,0.0
SPELL_returns,ICX_returns,0.0
SPELL_returns,MYTH_returns,0.0
SPELL_returns,MPLX_returns,0.0
SPELL_returns,SXP_returns,0.0
SPELL_returns,XVG_returns,0.0
SPELL_returns,PEOPLE_returns,0.0
SPELL_returns,AWE_returns,0.0
SPELL_returns,REQ_returns,0.0
SPELL_returns,STORJ_returns,0.0
SPELL_returns,BAND_returns,0.0
SPELL_returns,WMTX_returns,0.0
SPELL_returns,CFG_returns,0.0
SPELL_returns,HONEY_returns,0.0
SPELL_returns,PRO_returns,0.0
SPELL_returns,PRIME_returns,0.0
SPELL_returns,VVS_returns,0.0
SPELL_returns,CPOOL_returns,0.0
SPELL_returns,YGG_returns,0.0
SPELL_returns,SSV_returns,0.0
SPELL_returns,CETUS_returns,0.0
SPELL_returns,CGPT_returns,0.0
SPELL_returns,STIK_returns,0.0
SPELL_returns,PHA_returns,0.0
SPELL_returns,XVS_returns,0.0
SPELL_returns,KUB_returns,0.0
SPELL_returns,BICO_returns,0.0
SPELL_returns,UMA_returns,0.0
SPELL_returns,WAXP_returns,0.0
SPELL_returns,XPR_returns,0.24157329872405808
SPELL_returns,RPL_returns,0.0
SPELL_returns,PUNDIX_returns,0.0
SPELL_returns,FLUX_returns,0.0
SPELL_returns,BORA_returns,0.0
SPELL_returns,POWR_returns,0.0
SPELL_returns,AUDIO_returns,0.0
SPELL_returns,PROM_returns,0.0
SPELL_returns,IOST_returns,0.0
SPELL_returns,ACX_returns,0.0
SPELL_returns,ARDR_returns,0.0
SPELL_returns,SPELL_returns,0.0
SPELL_returns,ORBR_returns,0.0
SPELL_returns,LSK_returns,0.0
SPELL_returns,XOR_returns,0.0
SPELL_returns,GLMR_returns,0.0
SPELL_returns,BMX_returns,0.0
SPELL_returns,MVL_returns,0.0
SPELL_returns,ABT_returns,0.1548886894290157
SPELL_returns,VELO_returns,0.0
SPELL_returns,IQ_returns,0.0
SPELL_returns,AGI_returns,0.0
SPELL_returns,WILD_returns,0.0
SPELL_returns,XEM_returns,0.0
SPELL_returns,LON_returns,0.0
SPELL_returns,POND_returns,0.0
SPELL_returns,ACT_returns,0.0
SPELL_returns,XRD_returns,0.0
SPELL_returns,RLC_returns,0.0
SPELL_returns,ILV_returns,0.0
SPELL_returns,FIDA_returns,0.0
SPELL_returns,BNT_returns,0.0
SPELL_returns,DENT_returns,0.37907873488498567
SPELL_returns,ORBS_returns,0.0
SPELL_returns,ONG_returns,0.0
SPELL_returns,CHR_returns,0.0
SPELL_returns,HEART_returns,0.0
SPELL_returns,VANRY_returns,0.0
SPELL_returns,LQTY_returns,0.0
SPELL_returns,KEEP_returns,0.0
SPELL_returns,DKA_returns,0.0
SPELL_returns,ELON_returns,0.0
SPELL_returns,ARK_returns,0.0
SPELL_returns,MLK_returns,0.0
SPELL_returns,AL_returns,0.0
SPELL_returns,JOE_returns,0.0
SPELL_returns,CELR_returns,0.0
SPELL_returns,STEEM_returns,0.0
SPELL_returns,BAL_returns,0.0
SPELL_returns,PCI_returns,0.0
SPELL_returns,MOVR_returns,0.0
SPELL_returns,AUCTION_returns,0.0
SPELL_returns,AERGO_returns,0.0
SPELL_returns,MED_returns,0.0
SPELL_returns,NMR_returns,0.0
SPELL_returns,API3_returns,0.0
SPELL_returns,AGLD_returns,0.0
SPELL_returns,BONE_returns,0.0
SPELL_returns,SLP_returns,0.0
SPELL_returns,MTL_returns,0.0
SPELL_returns,KNC_returns,0.0
SPELL_returns,CTSI_returns,0.0
SPELL_returns,BTRST_returns,0.0
SPELL_returns,SCRT_returns,0.0
SPELL_returns,OMI_returns,0.0
SPELL_returns,GEOD_returns,0.0
SPELL_returns,EDU_returns,0.0
SPELL_returns,0x0_returns,0.0
SPELL_returns,KUJI_returns,0.0
ORBR_returns,CTC_returns,0.0
ORBR_returns,MINA_returns,0.0
ORBR_returns,DASH_returns,0.0
ORBR_returns,SFP_returns,0.0
ORBR_returns,BabyDoge_returns,0.0
ORBR_returns,SNX_returns,0.0
ORBR_returns,TFUEL_returns,0.0
ORBR_returns,DCR_returns,0.0
ORBR_returns,GLM_returns,0.0
ORBR_returns,MX_returns,0.0
ORBR_returns,ZIL_returns,0.0
ORBR_returns,BLUR_returns,0.0
ORBR_returns,ROSE_returns,0.0
ORBR_returns,CKB_returns,0.0
ORBR_returns,TRAC_returns,0.0
ORBR_returns,QTUM_returns,0.0
ORBR_returns,ORDI_returns,0.0
ORBR_returns,LPT_returns,0.0
ORBR_returns,MASK_returns,0.0
ORBR_returns,ASTR_returns,0.0
ORBR_returns,ZRX_returns,0.0
ORBR_returns,VTHO_returns,0.0
ORBR_returns,ACH_returns,0.0
ORBR_returns,BAT_returns,0.0
ORBR_returns,CHEEL_returns,0.22663284604432082
ORBR_returns,CHEX_returns,0.0
ORBR_returns,SNEK_returns,0.0
ORBR_returns,BORG_returns,0.0
ORBR_returns,KOGE_returns,0.2109782448345861
ORBR_returns,IOTX_returns,0.0
ORBR_returns,CELO_returns,0.0
ORBR_returns,GAS_returns,0.0
ORBR_returns,ONE_returns,0.0
ORBR_returns,ID_returns,0.0
ORBR_returns,SUSHI_returns,0.0
ORBR_returns,CSPR_returns,0.0
ORBR_returns,HOT_returns,0.0
ORBR_returns,SC_returns,0.0
ORBR_returns,YFI_returns,0.0
ORBR_returns,RVN_returns,0.0
ORBR_returns,COW_returns,-0.041175810748148654
ORBR_returns,ANKR_returns,0.0
ORBR_returns,GOMINING_returns,0.0
ORBR_returns,XCH_returns,0.0
ORBR_returns,DGB_returns,0.0
ORBR_returns,T_returns,0.0
ORBR_returns,WOO_returns,0.0
ORBR_returns,ELF_returns,0.0
ORBR_returns,EUL_returns,0.0
ORBR_returns,ORCA_returns,0.0
ORBR_returns,KDA_returns,0.0
ORBR_returns,OSMO_returns,0.0
ORBR_returns,GMT_returns,0.0
ORBR_returns,SNT_returns,0.0
ORBR_returns,GMX_returns,0.0
ORBR_returns,ENJ_returns,0.0
ORBR_returns,XYO_returns,0.0
ORBR_returns,POLYX_returns,0.0
ORBR_returns,ZIG_returns,0.0
ORBR_returns,ZEN_returns,0.0
ORBR_returns,COTI_returns,0.0
ORBR_returns,WEMIX_returns,0.0
ORBR_returns,SKL_returns,0.0
ORBR_returns,LCX_returns,0.0
ORBR_returns,WAVES_returns,0.0
ORBR_returns,CVC_returns,0.0
ORBR_returns,SWFTC_returns,0.0
ORBR_returns,LUNA_returns,0.0
ORBR_returns,HIVE_returns,0.0
ORBR_returns,RLB_returns,0.0
ORBR_returns,LRC_returns,0.0
ORBR_returns,DAG_returns,0.0
ORBR_returns,ONT_returns,0.0
ORBR_returns,TRB_returns,0.0
ORBR_returns,XNO_returns,0.0
ORBR_returns,DLC_returns,0.0
ORBR_returns,METIS_returns,-0.042749026156769274
ORBR_returns,ICX_returns,0.0
ORBR_returns,MYTH_returns,0.0
ORBR_returns,MPLX_returns,0.0
ORBR_returns,SXP_returns,0.0
ORBR_returns,XVG_returns,0.0
ORBR_returns,PEOPLE_returns,0.0
ORBR_returns,AWE_returns,0.0
ORBR_returns,REQ_returns,0.0
ORBR_returns,STORJ_returns,0.0
ORBR_returns,BAND_returns,0.0
ORBR_returns,WMTX_returns,0.0
ORBR_returns,CFG_returns,0.0
ORBR_returns,HONEY_returns,0.0
ORBR_returns,PRO_returns,-0.020359809189230693
ORBR_returns,PRIME_returns,0.0
ORBR_returns,VVS_returns,0.25701010032863586
ORBR_returns,CPOOL_returns,0.0
ORBR_returns,YGG_returns,0.0
ORBR_returns,SSV_returns,-0.04560244671788062
ORBR_returns,CETUS_returns,0.0
ORBR_returns,CGPT_returns,0.0
ORBR_returns,STIK_returns,0.1983853723085066
ORBR_returns,PHA_returns,0.0
ORBR_returns,XVS_returns,0.0
ORBR_returns,KUB_returns,0.19834370000063434
ORBR_returns,BICO_returns,0.0
ORBR_returns,UMA_returns,0.0
ORBR_returns,WAXP_returns,0.0
ORBR_returns,XPR_returns,0.0
ORBR_returns,RPL_returns,0.0
ORBR_returns,PUNDIX_returns,0.0
ORBR_returns,FLUX_returns,0.0
ORBR_returns,BORA_returns,0.0
ORBR_returns,POWR_returns,0.0
ORBR_returns,AUDIO_returns,0.0
ORBR_returns,PROM_returns,0.0
ORBR_returns,IOST_returns,0.0
ORBR_returns,ACX_returns,0.0
ORBR_returns,ARDR_returns,0.0
ORBR_returns,SPELL_returns,0.0
ORBR_returns,ORBR_returns,0.0
ORBR_returns,LSK_returns,0.0
ORBR_returns,XOR_returns,-0.021870162560468795
ORBR_returns,GLMR_returns,0.0
ORBR_returns,BMX_returns,0.0
ORBR_returns,MVL_returns,0.0
ORBR_returns,ABT_returns,0.154784244707665
ORBR_returns,VELO_returns,0.0
ORBR_returns,IQ_returns,0.0
ORBR_returns,AGI_returns,0.0
ORBR_returns,WILD_returns,0.0
ORBR_returns,XEM_returns,0.0
ORBR_returns,LON_returns,0.24888806415156706
ORBR_returns,POND_returns,0.0
ORBR_returns,ACT_returns,0.0
ORBR_returns,XRD_returns,-0.014647022359472617
ORBR_returns,RLC_returns,0.0
ORBR_returns,ILV_returns,0.0
ORBR_returns,FIDA_returns,0.0
ORBR_returns,BNT_returns,0.0
ORBR_returns,DENT_returns,0.0
ORBR_returns,ORBS_returns,0.0
ORBR_returns,ONG_returns,0.0
ORBR_returns,CHR_returns,0.0
ORBR_returns,HEART_returns,0.0
ORBR_returns,VANRY_returns,0.0
ORBR_returns,LQTY_returns,0.0
ORBR_returns,KEEP_returns,0.0
ORBR_returns,DKA_returns,0.0
ORBR_returns,ELON_returns,0.0
ORBR_returns,ARK_returns,0.0
ORBR_returns,MLK_returns,0.0
ORBR_returns,AL_returns,0.0
ORBR_returns,JOE_returns,0.0
ORBR_returns,CELR_returns,0.0
ORBR_returns,STEEM_returns,0.0
ORBR_returns,BAL_returns,0.0
ORBR_returns,PCI_returns,0.0
ORBR_returns,MOVR_returns,0.0
ORBR_returns,AUCTION_returns,0.0
ORBR_returns,AERGO_returns,0.0
ORBR_returns,MED_returns,0.0
ORBR_returns,NMR_returns,0.0
ORBR_returns,API3_returns,-0.006562501781235214
ORBR_returns,AGLD_returns,0.0
ORBR_returns,BONE_returns,0.0
ORBR_returns,SLP_returns,0.0
ORBR_returns,MTL_returns,0.0
ORBR_returns,KNC_returns,0.0
ORBR_returns,CTSI_returns,0.0
ORBR_returns,BTRST_returns,0.0
ORBR_returns,SCRT_returns,0.0
ORBR_returns,OMI_returns,0.0
ORBR_returns,GEOD_returns,0.0
ORBR_returns,EDU_returns,0.0
ORBR_returns,0x0_returns,0.0
ORBR_returns,KUJI_returns,0.0
LSK_returns,CTC_returns,0.0
LSK_returns,MINA_returns,0.0
LSK_returns,DASH_returns,0.0
LSK_returns,SFP_returns,0.0
LSK_returns,BabyDoge_returns,0.0
LSK_returns,SNX_returns,0.0
LSK_returns,TFUEL_returns,0.43457186783495644
LSK_returns,DCR_returns,0.0
LSK_returns,GLM_returns,0.0
LSK_returns,MX_returns,0.0
LSK_returns,ZIL_returns,0.0
LSK_returns,BLUR_returns,0.0
LSK_returns,ROSE_returns,0.0
LSK_returns,CKB_returns,0.0
LSK_returns,TRAC_returns,0.0
LSK_returns,QTUM_returns,0.0
LSK_returns,ORDI_returns,0.0
LSK_returns,LPT_returns,0.0
LSK_returns,MASK_returns,0.0
LSK_returns,ASTR_returns,0.0
LSK_returns,ZRX_returns,0.0
LSK_returns,VTHO_returns,0.0
LSK_returns,ACH_returns,0.0
LSK_returns,BAT_returns,0.0
LSK_returns,CHEEL_returns,0.0
LSK_returns,CHEX_returns,0.0
LSK_returns,SNEK_returns,0.0
LSK_returns,BORG_returns,0.0
LSK_returns,KOGE_returns,0.0
LSK_returns,IOTX_returns,0.0
LSK_returns,CELO_returns,0.0
LSK_returns,GAS_returns,0.0
LSK_returns,ONE_returns,0.0
LSK_returns,ID_returns,0.0
LSK_returns,SUSHI_returns,0.0
LSK_returns,CSPR_returns,0.0
LSK_returns,HOT_returns,0.0
LSK_returns,SC_returns,0.0
LSK_returns,YFI_returns,0.0
LSK_returns,RVN_returns,0.0
LSK_returns,COW_returns,0.0
LSK_returns,ANKR_returns,0.0
LSK_returns,GOMINING_returns,0.0
LSK_returns,XCH_returns,0.0
LSK_returns,DGB_returns,0.0
LSK_returns,T_returns,0.0
LSK_returns,WOO_returns,0.0
LSK_returns,ELF_returns,0.0
LSK_returns,EUL_returns,0.0
LSK_returns,ORCA_returns,0.0
LSK_returns,KDA_returns,0.0
LSK_returns,OSMO_returns,0.0
LSK_returns,GMT_returns,0.0
LSK_returns,SNT_returns,0.0
LSK_returns,GMX_returns,0.0
LSK_returns,ENJ_returns,0.0
LSK_returns,XYO_returns,0.0
LSK_returns,POLYX_returns,0.0
LSK_returns,ZIG_returns,0.0
LSK_returns,ZEN_returns,0.0
LSK_returns,COTI_returns,0.0
LSK_returns,WEMIX_returns,0.0
LSK_returns,SKL_returns,0.0
LSK_returns,LCX_returns,0.21055193843120243
LSK_returns,WAVES_returns,0.0
LSK_returns,CVC_returns,0.0
LSK_returns,SWFTC_returns,0.27542255902402385
LSK_returns,LUNA_returns,0.4272268113655285
LSK_returns,HIVE_returns,0.0
LSK_returns,RLB_returns,0.0
LSK_returns,LRC_returns,0.0
LSK_returns,DAG_returns,0.0
LSK_returns,ONT_returns,0.0
LSK_returns,TRB_returns,0.0
LSK_returns,XNO_returns,0.0
LSK_returns,DLC_returns,0.0
LSK_returns,METIS_returns,0.0
LSK_returns,ICX_returns,0.42247564593061243
LSK_returns,MYTH_returns,0.0
LSK_returns,MPLX_returns,0.0
LSK_returns,SXP_returns,0.0
LSK_returns,XVG_returns,0.0
LSK_returns,PEOPLE_returns,0.0
LSK_returns,AWE_returns,0.0
LSK_returns,REQ_returns,0.0
LSK_returns,STORJ_returns,0.0
LSK_returns,BAND_returns,0.0
LSK_returns,WMTX_returns,0.0
LSK_returns,CFG_returns,0.0
LSK_returns,HONEY_returns,0.0
LSK_returns,PRO_returns,0.0
LSK_returns,PRIME_returns,0.0
LSK_returns,VVS_returns,0.28585849329346774
LSK_returns,CPOOL_returns,0.0
LSK_returns,YGG_returns,0.0
LSK_returns,SSV_returns,0.0
LSK_returns,CETUS_returns,0.0
LSK_returns,CGPT_returns,0.0
LSK_returns,STIK_returns,0.0
LSK_returns,PHA_returns,0.0
LSK_returns,XVS_returns,0.0
LSK_returns,KUB_returns,0.0
LSK_returns,BICO_returns,0.0
LSK_returns,UMA_returns,0.0
LSK_returns,WAXP_returns,0.0
LSK_returns,XPR_returns,0.0
LSK_returns,RPL_returns,0.0
LSK_returns,PUNDIX_returns,0.4526791128137894
LSK_returns,FLUX_returns,0.0
LSK_returns,BORA_returns,0.0
LSK_returns,POWR_returns,0.0
LSK_returns,AUDIO_returns,0.0
LSK_returns,PROM_returns,0.0
LSK_returns,IOST_returns,0.0
LSK_returns,ACX_returns,0.0
LSK_returns,ARDR_returns,0.0
LSK_returns,SPELL_returns,0.0
LSK_returns,ORBR_returns,0.0
LSK_returns,LSK_returns,0.0
LSK_returns,XOR_returns,-0.0015976691632356114
LSK_returns,GLMR_returns,0.0
LSK_returns,BMX_returns,0.0
LSK_returns,MVL_returns,0.0
LSK_returns,ABT_returns,0.0
LSK_returns,VELO_returns,0.0
LSK_returns,IQ_returns,0.0
LSK_returns,AGI_returns,0.0
LSK_returns,WILD_returns,0.0
LSK_returns,XEM_returns,0.0
LSK_returns,LON_returns,0.0
LSK_returns,POND_returns,0.0
LSK_returns,ACT_returns,0.0
LSK_returns,XRD_returns,0.0
LSK_returns,RLC_returns,0.0
LSK_returns,ILV_returns,0.0
LSK_returns,FIDA_returns,0.0
LSK_returns,BNT_returns,0.0
LSK_returns,DENT_returns,0.0
LSK_returns,ORBS_returns,0.0
LSK_returns,ONG_returns,0.4215215592631045
LSK_returns,CHR_returns,0.0
LSK_returns,HEART_returns,0.0
LSK_returns,VANRY_returns,0.0
LSK_returns,LQTY_returns,0.0
LSK_returns,KEEP_returns,0.0
LSK_returns,DKA_returns,0.0
LSK_returns,ELON_returns,0.0
LSK_returns,ARK_returns,0.34193467680433703
LSK_returns,MLK_returns,0.0
LSK_returns,AL_returns,0.0
LSK_returns,JOE_returns,0.0
LSK_returns,CELR_returns,0.0
LSK_returns,STEEM_returns,0.0
LSK_returns,BAL_returns,0.0
LSK_returns,PCI_returns,0.0
LSK_returns,MOVR_returns,0.0
LSK_returns,AUCTION_returns,0.0
LSK_returns,AERGO_returns,0.0
LSK_returns,MED_returns,0.0
LSK_returns,NMR_returns,0.0
LSK_returns,API3_returns,0.0
LSK_returns,AGLD_returns,0.0
LSK_returns,BONE_returns,0.0
LSK_returns,SLP_returns,0.0
LSK_returns,MTL_returns,0.5176359768784726
LSK_returns,KNC_returns,0.0
LSK_returns,CTSI_returns,0.0
LSK_returns,BTRST_returns,0.0
LSK_returns,SCRT_returns,0.0
LSK_returns,OMI_returns,0.0
LSK_returns,GEOD_returns,0.0
LSK_returns,EDU_returns,0.0
LSK_returns,0x0_returns,0.0
LSK_returns,KUJI_returns,0.0
XOR_returns,CTC_returns,-0.0008755013676141661
XOR_returns,MINA_returns,0.0
XOR_returns,DASH_returns,0.0
XOR_returns,SFP_returns,0.0
XOR_returns,BabyDoge_returns,0.0
XOR_returns,SNX_returns,0.0
XOR_returns,TFUEL_returns,-0.020021134040601466
XOR_returns,DCR_returns,0.0
XOR_returns,GLM_returns,-0.04042642026864547
XOR_returns,MX_returns,0.0
XOR_returns,ZIL_returns,0.0
XOR_returns,BLUR_returns,0.0
XOR_returns,ROSE_returns,0.0
XOR_returns,CKB_returns,0.0
XOR_returns,TRAC_returns,0.0
XOR_returns,QTUM_returns,0.0
XOR_returns,ORDI_returns,0.0
XOR_returns,LPT_returns,0.0
XOR_returns,MASK_returns,0.0
XOR_returns,ASTR_returns,0.0
XOR_returns,ZRX_returns,0.0
XOR_returns,VTHO_returns,0.0
XOR_returns,ACH_returns,0.0
XOR_returns,BAT_returns,0.0
XOR_returns,CHEEL_returns,0.0
XOR_returns,CHEX_returns,0.0
XOR_returns,SNEK_returns,0.0
XOR_returns,BORG_returns,0.0
XOR_returns,KOGE_returns,0.0
XOR_returns,IOTX_returns,-0.0003635277164744689
XOR_returns,CELO_returns,0.0
XOR_returns,GAS_returns,0.0
XOR_returns,ONE_returns,0.0
XOR_returns,ID_returns,-0.00806521615131184
XOR_returns,SUSHI_returns,0.0
XOR_returns,CSPR_returns,0.0
XOR_returns,HOT_returns,0.0
XOR_returns,SC_returns,0.0
XOR_returns,YFI_returns,0.0
XOR_returns,RVN_returns,0.0
XOR_returns,COW_returns,0.0
XOR_returns,ANKR_returns,0.0
XOR_returns,GOMINING_returns,-0.04978920571169909
XOR_returns,XCH_returns,0.10361174080228214
XOR_returns,DGB_returns,-0.011657671013063219
XOR_returns,T_returns,0.0
XOR_returns,WOO_returns,0.0
XOR_returns,ELF_returns,-0.033655823757278415
XOR_returns,EUL_returns,-0.03967145295009971
XOR_returns,ORCA_returns,0.0
XOR_returns,KDA_returns,0.0
XOR_returns,OSMO_returns,0.0
XOR_returns,GMT_returns,0.0
XOR_returns,SNT_returns,-0.008141426132374112
XOR_returns,GMX_returns,0.0
XOR_returns,ENJ_returns,0.0
XOR_returns,XYO_returns,0.0
XOR_returns,POLYX_returns,-0.0006834988137153063
XOR_returns,ZIG_returns,0.0
XOR_returns,ZEN_returns,0.0
XOR_returns,COTI_returns,0.0
XOR_returns,WEMIX_returns,0.0
XOR_returns,SKL_returns,0.0
XOR_returns,LCX_returns,0.0
XOR_returns,WAVES_returns,-0.022549083363849608
XOR_returns,CVC_returns,0.0
XOR_returns,SWFTC_returns,0.0
XOR_returns,LUNA_returns,0.0
XOR_returns,HIVE_returns,0.0
XOR_returns,RLB_returns,0.0
XOR_returns,LRC_returns,0.0
XOR_returns,DAG_returns,0.0
XOR_returns,ONT_returns,0.0
XOR_returns,TRB_returns,0.0
XOR_returns,XNO_returns,0.0
XOR_returns,DLC_returns,0.38740215110704507
XOR_returns,METIS_returns,0.0
XOR_returns,ICX_returns,0.0
XOR_returns,MYTH_returns,0.0
XOR_returns,MPLX_returns,0.0
XOR_returns,SXP_returns,0.0
XOR_returns,XVG_returns,0.0
XOR_returns,PEOPLE_returns,0.0
XOR_returns,AWE_returns,-0.025771094378391313
XOR_returns,REQ_returns,-0.04811204620081221
XOR_returns,STORJ_returns,-0.00021915372385674397
XOR_returns,BAND_returns,0.0
XOR_returns,WMTX_returns,-0.005056131291810304
XOR_returns,CFG_returns,0.0
XOR_returns,HONEY_returns,-0.022016648168344286
XOR_returns,PRO_returns,0.0
XOR_returns,PRIME_returns,0.0
XOR_returns,VVS_returns,-0.0018172968315470445
XOR_returns,CPOOL_returns,0.11879574730295234
XOR_returns,YGG_returns,0.0
XOR_returns,SSV_returns,0.0
XOR_returns,CETUS_returns,-0.07455051400973298
XOR_returns,CGPT_returns,0.0
XOR_returns,STIK_returns,0.0
XOR_returns,PHA_returns,0.08877628886132645
XOR_returns,XVS_returns,-0.0005391334849195819
XOR_returns,KUB_returns,0.0
XOR_returns,BICO_returns,0.0
XOR_returns,UMA_returns,0.0
XOR_returns,WAXP_returns,-0.014833289255850446
XOR_returns,XPR_returns,0.0
XOR_returns,RPL_returns,0.0
XOR_returns,PUNDIX_returns,-0.02027722985293127
XOR_returns,FLUX_returns,0.0
XOR_returns,BORA_returns,-0.038807755859875684
XOR_returns,POWR_returns,0.0
XOR_returns,AUDIO_returns,-0.00018787858902117734
XOR_returns,PROM_returns,0.0
XOR_returns,IOST_returns,0.0
XOR_returns,ACX_returns,0.0
XOR_returns,ARDR_returns,-0.040466180220869875
XOR_returns,SPELL_returns,0.0
XOR_returns,ORBR_returns,-0.021870162560468795
XOR_returns,LSK_returns,-0.0015976691632356114
XOR_returns,XOR_returns,0.0
XOR_returns,GLMR_returns,0.1050071995417957
XOR_returns,BMX_returns,0.0
XOR_returns,MVL_returns,-0.030664953095098053
XOR_returns,ABT_returns,0.0
XOR_returns,VELO_returns,0.0
XOR_returns,IQ_returns,-0.0005573219851012887
XOR_returns,AGI_returns,0.0
XOR_returns,WILD_returns,0.0
XOR_returns,XEM_returns,-0.07026740295666578
XOR_returns,LON_returns,0.0
XOR_returns,POND_returns,0.0
XOR_returns,ACT_returns,0.0
XOR_returns,XRD_returns,-0.0010685062811719953
XOR_returns,RLC_returns,0.0
XOR_returns,ILV_returns,0.0
XOR_returns,FIDA_returns,0.0
XOR_returns,BNT_returns,-0.010957189519657141
XOR_returns,DENT_returns,0.0
XOR_returns,ORBS_returns,0.0
XOR_returns,ONG_returns,-0.00017918415922639066
XOR_returns,CHR_returns,0.0
XOR_returns,HEART_returns,0.0
XOR_returns,VANRY_returns,0.0
XOR_returns,LQTY_returns,0.0
XOR_returns,KEEP_returns,-0.005905350497303047
XOR_returns,DKA_returns,-0.000724937617352637
XOR_returns,ELON_returns,0.0
XOR_returns,ARK_returns,-0.019274205805850812
XOR_returns,MLK_returns,-0.038271455027900206
XOR_returns,AL_returns,-0.026278660657757615
XOR_returns,JOE_returns,0.0
XOR_returns,CELR_returns,0.0
XOR_returns,STEEM_returns,0.0
XOR_returns,BAL_returns,0.0
XOR_returns,PCI_returns,0.0
XOR_returns,MOVR_returns,0.12257974136689323
XOR_returns,AUCTION_returns,-0.005149665834989236
XOR_returns,AERGO_returns,0.0
XOR_returns,MED_returns,-0.03694470606808546
XOR_returns,NMR_returns,0.0
XOR_returns,API3_returns,0.0
XOR_returns,AGLD_returns,0.0
XOR_returns,BONE_returns,-0.01787874872353891
XOR_returns,SLP_returns,0.0
XOR_returns,MTL_returns,0.0
XOR_returns,KNC_returns,0.0
XOR_returns,CTSI_returns,0.0
XOR_returns,BTRST_returns,0.0
XOR_returns,SCRT_returns,0.0
XOR_returns,OMI_returns,0.0
XOR_returns,GEOD_returns,0.0
XOR_returns,EDU_returns,0.0
XOR_returns,0x0_returns,0.0
XOR_returns,KUJI_returns,-0.04863864183991411
GLMR_returns,CTC_returns,0.0
GLMR_returns,MINA_returns,0.0
GLMR_returns,DASH_returns,0.0
GLMR_returns,SFP_returns,0.0
GLMR_returns,BabyDoge_returns,0.0
GLMR_returns,SNX_returns,0.0
GLMR_returns,TFUEL_returns,0.0
GLMR_returns,DCR_returns,0.0
GLMR_returns,GLM_returns,0.0
GLMR_returns,MX_returns,0.0
GLMR_returns,ZIL_returns,0.46450427416800577
GLMR_returns,BLUR_returns,0.0
GLMR_returns,ROSE_returns,0.0
GLMR_returns,CKB_returns,0.0
GLMR_returns,TRAC_returns,0.0
GLMR_returns,QTUM_returns,0.0
GLMR_returns,ORDI_returns,0.0
GLMR_returns,LPT_returns,0.0
GLMR_returns,MASK_returns,0.0
GLMR_returns,ASTR_returns,0.0
GLMR_returns,ZRX_returns,0.0
GLMR_returns,VTHO_returns,0.0
GLMR_returns,ACH_returns,0.0
GLMR_returns,BAT_returns,0.0
GLMR_returns,CHEEL_returns,0.0
GLMR_returns,CHEX_returns,0.0
GLMR_returns,SNEK_returns,0.0
GLMR_returns,BORG_returns,0.0
GLMR_returns,KOGE_returns,0.0
GLMR_returns,IOTX_returns,0.0
GLMR_returns,CELO_returns,0.0
GLMR_returns,GAS_returns,0.0
GLMR_returns,ONE_returns,0.47652282854156963
GLMR_returns,ID_returns,0.0
GLMR_returns,SUSHI_returns,0.0
GLMR_returns,CSPR_returns,0.2841014005532698
GLMR_returns,HOT_returns,0.0
GLMR_returns,SC_returns,0.0
GLMR_returns,YFI_returns,0.0
GLMR_returns,RVN_returns,0.0
GLMR_returns,COW_returns,0.0
GLMR_returns,ANKR_returns,0.0
GLMR_returns,GOMINING_returns,0.0
GLMR_returns,XCH_returns,0.0
GLMR_returns,DGB_returns,0.0
GLMR_returns,T_returns,0.0
GLMR_returns,WOO_returns,0.0
GLMR_returns,ELF_returns,0.0
GLMR_returns,EUL_returns,0.0
GLMR_returns,ORCA_returns,0.0
GLMR_returns,KDA_returns,0.0
GLMR_returns,OSMO_returns,0.0
GLMR_returns,GMT_returns,0.0
GLMR_returns,SNT_returns,0.0
GLMR_returns,GMX_returns,0.0
GLMR_returns,ENJ_returns,0.0
GLMR_returns,XYO_returns,0.0
GLMR_returns,POLYX_returns,0.0
GLMR_returns,ZIG_returns,0.0
GLMR_returns,ZEN_returns,0.0
GLMR_returns,COTI_returns,0.0
GLMR_returns,WEMIX_returns,0.0
GLMR_returns,SKL_returns,0.0
GLMR_returns,LCX_returns,0.0
GLMR_returns,WAVES_returns,0.0
GLMR_returns,CVC_returns,0.0
GLMR_returns,SWFTC_returns,0.0
GLMR_returns,LUNA_returns,0.0
GLMR_returns,HIVE_returns,0.0
GLMR_returns,RLB_returns,0.0
GLMR_returns,LRC_returns,0.45418795192650585
GLMR_returns,DAG_returns,0.0
GLMR_returns,ONT_returns,0.0
GLMR_returns,TRB_returns,0.0
GLMR_returns,XNO_returns,0.0
GLMR_returns,DLC_returns,0.0
GLMR_returns,METIS_returns,0.0
GLMR_returns,ICX_returns,0.0
GLMR_returns,MYTH_returns,0.0
GLMR_returns,MPLX_returns,0.0
GLMR_returns,SXP_returns,0.0
GLMR_returns,XVG_returns,0.0
GLMR_returns,PEOPLE_returns,0.0
GLMR_returns,AWE_returns,0.0
GLMR_returns,REQ_returns,0.0
GLMR_returns,STORJ_returns,0.0
GLMR_returns,BAND_returns,0.0
GLMR_returns,WMTX_returns,0.0
GLMR_returns,CFG_returns,0.0
GLMR_returns,HONEY_returns,0.0
GLMR_returns,PRO_returns,0.0
GLMR_returns,PRIME_returns,0.0
GLMR_returns,VVS_returns,0.0
GLMR_returns,CPOOL_returns,0.23734516364255262
GLMR_returns,YGG_returns,0.0
GLMR_returns,SSV_returns,0.0
GLMR_returns,CETUS_returns,0.0
GLMR_returns,CGPT_returns,0.0
GLMR_returns,STIK_returns,0.0
GLMR_returns,PHA_returns,0.3199655168760194
GLMR_returns,XVS_returns,0.0
GLMR_returns,KUB_returns,0.0
GLMR_returns,BICO_returns,0.0
GLMR_returns,UMA_returns,0.0
GLMR_returns,WAXP_returns,0.0
GLMR_returns,XPR_returns,0.0
GLMR_returns,RPL_returns,0.0
GLMR_returns,PUNDIX_returns,0.0
GLMR_returns,FLUX_returns,0.0
GLMR_returns,BORA_returns,0.0
GLMR_returns,POWR_returns,0.0
GLMR_returns,AUDIO_returns,0.0
GLMR_returns,PROM_returns,0.0
GLMR_returns,IOST_returns,0.0
GLMR_returns,ACX_returns,0.0
GLMR_returns,ARDR_returns,0.0
GLMR_returns,SPELL_returns,0.0
GLMR_returns,ORBR_returns,0.0
GLMR_returns,LSK_returns,0.0
GLMR_returns,XOR_returns,0.1050071995417957
GLMR_returns,GLMR_returns,0.0
GLMR_returns,BMX_returns,0.0
GLMR_returns,MVL_returns,0.0
GLMR_returns,ABT_returns,0.0
GLMR_returns,VELO_returns,0.0
GLMR_returns,IQ_returns,0.0
GLMR_returns,AGI_returns,0.0
GLMR_returns,WILD_returns,0.0
GLMR_returns,XEM_returns,0.0
GLMR_returns,LON_returns,0.0
GLMR_returns,POND_returns,0.28846656738342724
GLMR_returns,ACT_returns,-0.012344095756088979
GLMR_returns,XRD_returns,0.0
GLMR_returns,RLC_returns,0.0
GLMR_returns,ILV_returns,0.0
GLMR_returns,FIDA_returns,0.0
GLMR_returns,BNT_returns,0.0
GLMR_returns,DENT_returns,0.4485098856087892
GLMR_returns,ORBS_returns,0.0
GLMR_returns,ONG_returns,0.0
GLMR_returns,CHR_returns,0.0
GLMR_returns,HEART_returns,0.0
GLMR_returns,VANRY_returns,0.0
GLMR_returns,LQTY_returns,0.0
GLMR_returns,KEEP_returns,0.0
GLMR_returns,DKA_returns,0.0
GLMR_returns,ELON_returns,0.0
GLMR_returns,ARK_returns,0.0
GLMR_returns,MLK_returns,0.0
GLMR_returns,AL_returns,0.0
GLMR_returns,JOE_returns,0.0
GLMR_returns,CELR_returns,0.4487241900406885
GLMR_returns,STEEM_returns,0.0
GLMR_returns,BAL_returns,0.0
GLMR_returns,PCI_returns,0.0
GLMR_returns,MOVR_returns,0.5569052822818062
GLMR_returns,AUCTION_returns,0.0
GLMR_returns,AERGO_returns,0.0
GLMR_returns,MED_returns,0.0
GLMR_returns,NMR_returns,0.0
GLMR_returns,API3_returns,0.0
GLMR_returns,AGLD_returns,0.0
GLMR_returns,BONE_returns,0.0
GLMR_returns,SLP_returns,0.0
GLMR_returns,MTL_returns,0.0
GLMR_returns,KNC_returns,0.0
GLMR_returns,CTSI_returns,0.0
GLMR_returns,BTRST_returns,0.0
GLMR_returns,SCRT_returns,0.42968737238524807
GLMR_returns,OMI_returns,0.0
GLMR_returns,GEOD_returns,0.0
GLMR_returns,EDU_returns,0.0
GLMR_returns,0x0_returns,0.0
GLMR_returns,KUJI_returns,0.0
BMX_returns,CTC_returns,0.0
BMX_returns,MINA_returns,0.0
BMX_returns,DASH_returns,0.0
BMX_returns,SFP_returns,0.0
BMX_returns,BabyDoge_returns,0.0
BMX_returns,SNX_returns,-0.01763866204259198
BMX_returns,TFUEL_returns,0.0
BMX_returns,DCR_returns,0.0
BMX_returns,GLM_returns,0.0
BMX_returns,MX_returns,0.3586401286353335
BMX_returns,ZIL_returns,0.0
BMX_returns,BLUR_returns,0.0
BMX_returns,ROSE_returns,0.0
BMX_returns,CKB_returns,0.0
BMX_returns,TRAC_returns,0.0
BMX_returns,QTUM_returns,0.0
BMX_returns,ORDI_returns,0.0
BMX_returns,LPT_returns,-0.00921517079669714
BMX_returns,MASK_returns,0.0
BMX_returns,ASTR_returns,0.0
BMX_returns,ZRX_returns,0.0
BMX_returns,VTHO_returns,0.0
BMX_returns,ACH_returns,0.0
BMX_returns,BAT_returns,0.0
BMX_returns,CHEEL_returns,0.3506618948170477
BMX_returns,CHEX_returns,0.0
BMX_returns,SNEK_returns,0.0
BMX_returns,BORG_returns,0.0
BMX_returns,KOGE_returns,0.2832126373096501
BMX_returns,IOTX_returns,0.0
BMX_returns,CELO_returns,0.0
BMX_returns,GAS_returns,0.0
BMX_returns,ONE_returns,-0.01903324899833871
BMX_returns,ID_returns,0.0
BMX_returns,SUSHI_returns,-0.055983443436689616
BMX_returns,CSPR_returns,0.0
BMX_returns,HOT_returns,0.0
BMX_returns,SC_returns,0.0
BMX_returns,YFI_returns,0.0
BMX_returns,RVN_returns,0.0
BMX_returns,COW_returns,0.0
BMX_returns,ANKR_returns,0.0
BMX_returns,GOMINING_returns,0.28129556264564487
BMX_returns,XCH_returns,0.0
BMX_returns,DGB_returns,0.0
BMX_returns,T_returns,0.0
BMX_returns,WOO_returns,-0.055718502939714594
BMX_returns,ELF_returns,0.0
BMX_returns,EUL_returns,0.0
BMX_returns,ORCA_returns,0.0
BMX_returns,KDA_returns,0.0
BMX_returns,OSMO_returns,0.0
BMX_returns,GMT_returns,0.0
BMX_returns,SNT_returns,0.0
BMX_returns,GMX_returns,0.0
BMX_returns,ENJ_returns,0.0
BMX_returns,XYO_returns,0.0
BMX_returns,POLYX_returns,0.0
BMX_returns,ZIG_returns,0.0
BMX_returns,ZEN_returns,0.0
BMX_returns,COTI_returns,0.0
BMX_returns,WEMIX_returns,0.0
BMX_returns,SKL_returns,-0.006738266478903005
BMX_returns,LCX_returns,0.0
BMX_returns,WAVES_returns,0.0
BMX_returns,CVC_returns,0.0
BMX_returns,SWFTC_returns,0.0
BMX_returns,LUNA_returns,0.0
BMX_returns,HIVE_returns,0.0
BMX_returns,RLB_returns,0.0
BMX_returns,LRC_returns,0.0
BMX_returns,DAG_returns,0.0
BMX_returns,ONT_returns,0.0
BMX_returns,TRB_returns,0.0
BMX_returns,XNO_returns,0.0
BMX_returns,DLC_returns,0.0
BMX_returns,METIS_returns,0.0
BMX_returns,ICX_returns,0.0
BMX_returns,MYTH_returns,0.0
BMX_returns,MPLX_returns,0.0
BMX_returns,SXP_returns,0.0
BMX_returns,XVG_returns,0.0
BMX_returns,PEOPLE_returns,-0.08251136989146876
BMX_returns,AWE_returns,0.0
BMX_returns,REQ_returns,0.0
BMX_returns,STORJ_returns,0.0
BMX_returns,BAND_returns,0.0
BMX_returns,WMTX_returns,0.0
BMX_returns,CFG_returns,0.0
BMX_returns,HONEY_returns,0.0
BMX_returns,PRO_returns,0.0
BMX_returns,PRIME_returns,0.0
BMX_returns,VVS_returns,0.0
BMX_returns,CPOOL_returns,0.0
BMX_returns,YGG_returns,-0.037311494790869676
BMX_returns,SSV_returns,-0.05100049211478626
BMX_returns,CETUS_returns,-0.010192834362454507
BMX_returns,CGPT_returns,0.0
BMX_returns,STIK_returns,0.0
BMX_returns,PHA_returns,0.0
BMX_returns,XVS_returns,0.0
BMX_returns,KUB_returns,0.0
BMX_returns,BICO_returns,0.0
BMX_returns,UMA_returns,0.0
BMX_returns,WAXP_returns,0.0
BMX_returns,XPR_returns,0.0
BMX_returns,RPL_returns,-0.04894239746612852
BMX_returns,PUNDIX_returns,0.0
BMX_returns,FLUX_returns,0.0
BMX_returns,BORA_returns,0.0
BMX_returns,POWR_returns,0.0
BMX_returns,AUDIO_returns,0.0
BMX_returns,PROM_returns,0.0
BMX_returns,IOST_returns,0.0
BMX_returns,ACX_returns,0.0
BMX_returns,ARDR_returns,0.0
BMX_returns,SPELL_returns,0.0
BMX_returns,ORBR_returns,0.0
BMX_returns,LSK_returns,0.0
BMX_returns,XOR_returns,0.0
BMX_returns,GLMR_returns,0.0
BMX_returns,BMX_returns,0.0
BMX_returns,MVL_returns,0.0
BMX_returns,ABT_returns,0.0
BMX_returns,VELO_returns,0.0
BMX_returns,IQ_returns,0.0
BMX_returns,AGI_returns,-0.03485108357575518
BMX_returns,WILD_returns,0.0
BMX_returns,XEM_returns,0.0
BMX_returns,LON_returns,0.34911508995736346
BMX_returns,POND_returns,0.0
BMX_returns,ACT_returns,0.0
BMX_returns,XRD_returns,0.0
BMX_returns,RLC_returns,0.0
BMX_returns,ILV_returns,0.0
BMX_returns,FIDA_returns,-0.02422198997288217
BMX_returns,BNT_returns,0.0
BMX_returns,DENT_returns,0.0
BMX_returns,ORBS_returns,0.0
BMX_returns,ONG_returns,0.0
BMX_returns,CHR_returns,0.0
BMX_returns,HEART_returns,0.0
BMX_returns,VANRY_returns,0.0
BMX_returns,LQTY_returns,0.0
BMX_returns,KEEP_returns,0.0
BMX_returns,DKA_returns,0.26660964651498337
BMX_returns,ELON_returns,0.0
BMX_returns,ARK_returns,0.0
BMX_returns,MLK_returns,0.0
BMX_returns,AL_returns,0.0
BMX_returns,JOE_returns,0.0
BMX_returns,CELR_returns,0.0
BMX_returns,STEEM_returns,0.0
BMX_returns,BAL_returns,0.0
BMX_returns,PCI_returns,0.0
BMX_returns,MOVR_returns,0.0
BMX_returns,AUCTION_returns,0.0
BMX_returns,AERGO_returns,0.0
BMX_returns,MED_returns,0.0
BMX_returns,NMR_returns,0.0
BMX_returns,API3_returns,0.0
BMX_returns,AGLD_returns,-0.005260262233999031
BMX_returns,BONE_returns,0.0
BMX_returns,SLP_returns,0.0
BMX_returns,MTL_returns,0.0
BMX_returns,KNC_returns,0.0
BMX_returns,CTSI_returns,0.0
BMX_returns,BTRST_returns,0.0
BMX_returns,SCRT_returns,0.0
BMX_returns,OMI_returns,0.0
BMX_returns,GEOD_returns,0.0
BMX_returns,EDU_returns,0.0
BMX_returns,0x0_returns,-0.09030204865316292
BMX_returns,KUJI_returns,0.0
MVL_returns,CTC_returns,0.0
MVL_returns,MINA_returns,0.0
MVL_returns,DASH_returns,0.0
MVL_returns,SFP_returns,0.0
MVL_returns,BabyDoge_returns,0.0
MVL_returns,SNX_returns,0.0
MVL_returns,TFUEL_returns,0.0
MVL_returns,DCR_returns,0.0
MVL_returns,GLM_returns,0.0
MVL_returns,MX_returns,0.0
MVL_returns,ZIL_returns,0.0
MVL_returns,BLUR_returns,0.0
MVL_returns,ROSE_returns,0.0
MVL_returns,CKB_returns,0.0
MVL_returns,TRAC_returns,0.0
MVL_returns,QTUM_returns,0.0
MVL_returns,ORDI_returns,0.0
MVL_returns,LPT_returns,0.0
MVL_returns,MASK_returns,0.0
MVL_returns,ASTR_returns,0.0
MVL_returns,ZRX_returns,0.0
MVL_returns,VTHO_returns,0.0
MVL_returns,ACH_returns,0.0
MVL_returns,BAT_returns,0.0
MVL_returns,CHEEL_returns,0.0
MVL_returns,CHEX_returns,0.0
MVL_returns,SNEK_returns,0.0
MVL_returns,BORG_returns,0.0
MVL_returns,KOGE_returns,0.0
MVL_returns,IOTX_returns,0.0
MVL_returns,CELO_returns,0.0
MVL_returns,GAS_returns,0.0
MVL_returns,ONE_returns,0.0
MVL_returns,ID_returns,0.0
MVL_returns,SUSHI_returns,0.0
MVL_returns,CSPR_returns,0.0
MVL_returns,HOT_returns,0.0
MVL_returns,SC_returns,0.0
MVL_returns,YFI_returns,0.0
MVL_returns,RVN_returns,0.0
MVL_returns,COW_returns,-0.01211432523101592
MVL_returns,ANKR_returns,0.0
MVL_returns,GOMINING_returns,0.0
MVL_returns,XCH_returns,0.0
MVL_returns,DGB_returns,0.0
MVL_returns,T_returns,0.0
MVL_returns,WOO_returns,0.0
MVL_returns,ELF_returns,0.0
MVL_returns,EUL_returns,0.0
MVL_returns,ORCA_returns,0.0
MVL_returns,KDA_returns,0.0
MVL_returns,OSMO_returns,0.0
MVL_returns,GMT_returns,0.0
MVL_returns,SNT_returns,0.0
MVL_returns,GMX_returns,0.0
MVL_returns,ENJ_returns,0.0
MVL_returns,XYO_returns,0.0
MVL_returns,POLYX_returns,0.0
MVL_returns,ZIG_returns,0.0
MVL_returns,ZEN_returns,0.0
MVL_returns,COTI_returns,0.0
MVL_returns,WEMIX_returns,0.0
MVL_returns,SKL_returns,0.0
MVL_returns,LCX_returns,0.0
MVL_returns,WAVES_returns,0.0
MVL_returns,CVC_returns,0.0
MVL_returns,SWFTC_returns,0.0
MVL_returns,LUNA_returns,0.0
MVL_returns,HIVE_returns,0.0
MVL_returns,RLB_returns,0.0
MVL_returns,LRC_returns,0.0
MVL_returns,DAG_returns,0.0
MVL_returns,ONT_returns,0.0
MVL_returns,TRB_returns,0.0
MVL_returns,XNO_returns,0.0
MVL_returns,DLC_returns,0.0
MVL_returns,METIS_returns,0.0
MVL_returns,ICX_returns,0.3989375897002225
MVL_returns,MYTH_returns,0.0
MVL_returns,MPLX_returns,0.0
MVL_returns,SXP_returns,0.0
MVL_returns,XVG_returns,0.0
MVL_returns,PEOPLE_returns,0.0
MVL_returns,AWE_returns,0.0
MVL_returns,REQ_returns,0.0
MVL_returns,STORJ_returns,0.0
MVL_returns,BAND_returns,0.0
MVL_returns,WMTX_returns,0.0
MVL_returns,CFG_returns,0.0
MVL_returns,HONEY_returns,0.0
MVL_returns,PRO_returns,0.0
MVL_returns,PRIME_returns,0.0
MVL_returns,VVS_returns,0.0
MVL_returns,CPOOL_returns,0.0
MVL_returns,YGG_returns,0.0
MVL_returns,SSV_returns,-0.003321319855872064
MVL_returns,CETUS_returns,0.0
MVL_returns,CGPT_returns,-0.00871065045526637
MVL_returns,STIK_returns,0.0
MVL_returns,PHA_returns,0.0
MVL_returns,XVS_returns,0.0
MVL_returns,KUB_returns,0.0
MVL_returns,BICO_returns,0.0
MVL_returns,UMA_returns,0.0
MVL_returns,WAXP_returns,0.4590586967241425
MVL_returns,XPR_returns,0.0
MVL_returns,RPL_returns,0.0
MVL_returns,PUNDIX_returns,0.0
MVL_returns,FLUX_returns,0.0
MVL_returns,BORA_returns,0.4488647672405083
MVL_returns,POWR_returns,0.0
MVL_returns,AUDIO_returns,0.0
MVL_returns,PROM_returns,0.0
MVL_returns,IOST_returns,0.0
MVL_returns,ACX_returns,0.0
MVL_returns,ARDR_returns,0.0
MVL_returns,SPELL_returns,0.0
MVL_returns,ORBR_returns,0.0
MVL_returns,LSK_returns,0.0
MVL_returns,XOR_returns,-0.030664953095098053
MVL_returns,GLMR_returns,0.0
MVL_returns,BMX_returns,0.0
MVL_returns,MVL_returns,0.0
MVL_returns,ABT_returns,0.0
MVL_returns,VELO_returns,0.0
MVL_returns,IQ_returns,0.0
MVL_returns,AGI_returns,0.0
MVL_returns,WILD_returns,0.0
MVL_returns,XEM_returns,0.0
MVL_returns,LON_returns,0.0
MVL_returns,POND_returns,0.0
MVL_returns,ACT_returns,0.22796220014356808
MVL_returns,XRD_returns,0.0
MVL_returns,RLC_returns,0.0
MVL_returns,ILV_returns,0.0
MVL_returns,FIDA_returns,0.0
MVL_returns,BNT_returns,0.0
MVL_returns,DENT_returns,0.0
MVL_returns,ORBS_returns,0.0
MVL_returns,ONG_returns,0.0
MVL_returns,CHR_returns,0.0
MVL_returns,HEART_returns,0.0
MVL_returns,VANRY_returns,0.0
MVL_returns,LQTY_returns,0.0
MVL_returns,KEEP_returns,0.0
MVL_returns,DKA_returns,0.45129111892453294
MVL_returns,ELON_returns,0.0
MVL_returns,ARK_returns,0.0
MVL_returns,MLK_returns,0.44352067590502453
MVL_returns,AL_returns,0.0
MVL_returns,JOE_returns,0.0
MVL_returns,CELR_returns,0.0
MVL_returns,STEEM_returns,0.0
MVL_returns,BAL_returns,0.0
MVL_returns,PCI_returns,0.0
MVL_returns,MOVR_returns,0.0
MVL_returns,AUCTION_returns,0.0
MVL_returns,AERGO_returns,0.0
MVL_returns,MED_returns,0.5808254948363835
MVL_returns,NMR_returns,0.0
MVL_returns,API3_returns,0.0
MVL_returns,AGLD_returns,0.0
MVL_returns,BONE_returns,0.0
MVL_returns,SLP_returns,0.0
MVL_returns,MTL_returns,0.0
MVL_returns,KNC_returns,0.0
MVL_returns,CTSI_returns,0.0
MVL_returns,BTRST_returns,0.0
MVL_returns,SCRT_returns,0.0
MVL_returns,OMI_returns,0.2240475525521005
MVL_returns,GEOD_returns,0.0
MVL_returns,EDU_returns,0.0
MVL_returns,0x0_returns,0.0
MVL_returns,KUJI_returns,0.0
ABT_returns,CTC_returns,0.0
ABT_returns,MINA_returns,-0.016426679803934245
ABT_returns,DASH_returns,0.0
ABT_returns,SFP_returns,0.0
ABT_returns,BabyDoge_returns,0.0
ABT_returns,SNX_returns,0.0
ABT_returns,TFUEL_returns,0.0
ABT_returns,DCR_returns,0.12437095338420523
ABT_returns,GLM_returns,0.0
ABT_returns,MX_returns,0.13506545400748576
ABT_returns,ZIL_returns,0.0
ABT_returns,BLUR_returns,0.0
ABT_returns,ROSE_returns,0.0
ABT_returns,CKB_returns,0.0
ABT_returns,TRAC_returns,0.0
ABT_returns,QTUM_returns,0.0
ABT_returns,ORDI_returns,-0.004733699354405956
ABT_returns,LPT_returns,0.0
ABT_returns,MASK_returns,0.0
ABT_returns,ASTR_returns,0.0
ABT_returns,ZRX_returns,0.0
ABT_returns,VTHO_returns,0.0
ABT_returns,ACH_returns,0.0
ABT_returns,BAT_returns,0.0
ABT_returns,CHEEL_returns,0.0
ABT_returns,CHEX_returns,0.0
ABT_returns,SNEK_returns,0.0
ABT_returns,BORG_returns,0.0
ABT_returns,KOGE_returns,0.0
ABT_returns,IOTX_returns,0.0
ABT_returns,CELO_returns,0.0
ABT_returns,GAS_returns,0.0
ABT_returns,ONE_returns,0.0
ABT_returns,ID_returns,0.0
ABT_returns,SUSHI_returns,0.0
ABT_returns,CSPR_returns,0.0
ABT_returns,HOT_returns,0.0
ABT_returns,SC_returns,0.0
ABT_returns,YFI_returns,0.0
ABT_returns,RVN_returns,0.0
ABT_returns,COW_returns,0.0
ABT_returns,ANKR_returns,0.0
ABT_returns,GOMINING_returns,0.0
ABT_returns,XCH_returns,0.0
ABT_returns,DGB_returns,0.0
ABT_returns,T_returns,0.0
ABT_returns,WOO_returns,0.0
ABT_returns,ELF_returns,0.0
ABT_returns,EUL_returns,0.13862381318681216
ABT_returns,ORCA_returns,0.0
ABT_returns,KDA_returns,0.0
ABT_returns,OSMO_returns,0.0
ABT_returns,GMT_returns,0.0
ABT_returns,SNT_returns,0.0
ABT_returns,GMX_returns,0.0
ABT_returns,ENJ_returns,0.0
ABT_returns,XYO_returns,0.0
ABT_returns,POLYX_returns,0.0
ABT_returns,ZIG_returns,0.0
ABT_returns,ZEN_returns,0.0
ABT_returns,COTI_returns,0.0
ABT_returns,WEMIX_returns,0.0
ABT_returns,SKL_returns,0.0
ABT_returns,LCX_returns,0.0
ABT_returns,WAVES_returns,0.0
ABT_returns,CVC_returns,0.0
ABT_returns,SWFTC_returns,0.0
ABT_returns,LUNA_returns,0.0
ABT_returns,HIVE_returns,0.0
ABT_returns,RLB_returns,0.0
ABT_returns,LRC_returns,0.0
ABT_returns,DAG_returns,0.0
ABT_returns,ONT_returns,0.0
ABT_returns,TRB_returns,0.0
ABT_returns,XNO_returns,0.0
ABT_returns,DLC_returns,0.0
ABT_returns,METIS_returns,0.0
ABT_returns,ICX_returns,0.0
ABT_returns,MYTH_returns,0.0
ABT_returns,MPLX_returns,0.0
ABT_returns,SXP_returns,0.0
ABT_returns,XVG_returns,0.0
ABT_returns,PEOPLE_returns,0.0
ABT_returns,AWE_returns,0.0
ABT_returns,REQ_returns,0.0
ABT_returns,STORJ_returns,0.0
ABT_returns,BAND_returns,0.0
ABT_returns,WMTX_returns,0.0
ABT_returns,CFG_returns,0.0
ABT_returns,HONEY_returns,0.0
ABT_returns,PRO_returns,0.17702106909046822
ABT_returns,PRIME_returns,0.0
ABT_returns,VVS_returns,0.0
ABT_returns,CPOOL_returns,0.0
ABT_returns,YGG_returns,0.0
ABT_returns,SSV_returns,0.0
ABT_returns,CETUS_returns,0.0
ABT_returns,CGPT_returns,0.0
ABT_returns,STIK_returns,0.0
ABT_returns,PHA_returns,0.0
ABT_returns,XVS_returns,0.0
ABT_returns,KUB_returns,0.0
ABT_returns,BICO_returns,0.0
ABT_returns,UMA_returns,0.0
ABT_returns,WAXP_returns,0.0
ABT_returns,XPR_returns,0.0
ABT_returns,RPL_returns,0.0
ABT_returns,PUNDIX_returns,0.0
ABT_returns,FLUX_returns,0.0
ABT_returns,BORA_returns,0.0
ABT_returns,POWR_returns,0.0
ABT_returns,AUDIO_returns,0.0
ABT_returns,PROM_returns,0.0
ABT_returns,IOST_returns,0.0
ABT_returns,ACX_returns,-0.007170668520898442
ABT_returns,ARDR_returns,0.0
ABT_returns,SPELL_returns,0.1548886894290157
ABT_returns,ORBR_returns,0.154784244707665
ABT_returns,LSK_returns,0.0
ABT_returns,XOR_returns,0.0
ABT_returns,GLMR_returns,0.0
ABT_returns,BMX_returns,0.0
ABT_returns,MVL_returns,0.0
ABT_returns,ABT_returns,0.0
ABT_returns,VELO_returns,0.0
ABT_returns,IQ_returns,0.0
ABT_returns,AGI_returns,0.0
ABT_returns,WILD_returns,0.0
ABT_returns,XEM_returns,0.0
ABT_returns,LON_returns,0.0
ABT_returns,POND_returns,0.0
ABT_returns,ACT_returns,-0.0014562291192974591
ABT_returns,XRD_returns,0.0
ABT_returns,RLC_returns,-0.0029802289881884366
ABT_returns,ILV_returns,0.0
ABT_returns,FIDA_returns,0.0
ABT_returns,BNT_returns,0.0
ABT_returns,DENT_returns,0.0
ABT_returns,ORBS_returns,0.0
ABT_returns,ONG_returns,0.0
ABT_returns,CHR_returns,0.0
ABT_returns,HEART_returns,0.0
ABT_returns,VANRY_returns,0.0
ABT_returns,LQTY_returns,0.0
ABT_returns,KEEP_returns,0.0
ABT_returns,DKA_returns,0.0
ABT_returns,ELON_returns,-0.006382962272619818
ABT_returns,ARK_returns,0.0
ABT_returns,MLK_returns,0.0
ABT_returns,AL_returns,0.0
ABT_returns,JOE_returns,0.0
ABT_returns,CELR_returns,0.0
ABT_returns,STEEM_returns,0.0
ABT_returns,BAL_returns,0.0
ABT_returns,PCI_returns,0.0
ABT_returns,MOVR_returns,0.0
ABT_returns,AUCTION_returns,0.0
ABT_returns,AERGO_returns,0.0
ABT_returns,MED_returns,0.0
ABT_returns,NMR_returns,0.0
ABT_returns,API3_returns,0.0
ABT_returns,AGLD_returns,0.0
ABT_returns,BONE_returns,0.0
ABT_returns,SLP_returns,0.0
ABT_returns,MTL_returns,0.0
ABT_returns,KNC_returns,0.0
ABT_returns,CTSI_returns,0.0
ABT_returns,BTRST_returns,0.0
ABT_returns,SCRT_returns,0.0
ABT_returns,OMI_returns,0.0
ABT_returns,GEOD_returns,0.0
ABT_returns,EDU_returns,0.0
ABT_returns,0x0_returns,0.0
ABT_returns,KUJI_returns,0.0
VELO_returns,CTC_returns,0.0
VELO_returns,MINA_returns,0.0
VELO_returns,DASH_returns,0.0
VELO_returns,SFP_returns,0.0
VELO_returns,BabyDoge_returns,0.0
VELO_returns,SNX_returns,0.0
VELO_returns,TFUEL_returns,0.0
VELO_returns,DCR_returns,0.0
VELO_returns,GLM_returns,0.0
VELO_returns,MX_returns,0.0
VELO_returns,ZIL_returns,0.3013154798997125
VELO_returns,BLUR_returns,0.0
VELO_returns,ROSE_returns,0.0
VELO_returns,CKB_returns,0.0
VELO_returns,TRAC_returns,0.0
VELO_returns,QTUM_returns,0.0
VELO_returns,ORDI_returns,0.0
VELO_returns,LPT_returns,0.0
VELO_returns,MASK_returns,0.0
VELO_returns,ASTR_returns,0.0
VELO_returns,ZRX_returns,0.0
VELO_returns,VTHO_returns,0.0
VELO_returns,ACH_returns,0.0
VELO_returns,BAT_returns,0.2968531812672181
VELO_returns,CHEEL_returns,0.0
VELO_returns,CHEX_returns,0.0
VELO_returns,SNEK_returns,0.0
VELO_returns,BORG_returns,0.0
VELO_returns,KOGE_returns,0.0
VELO_returns,IOTX_returns,0.0
VELO_returns,CELO_returns,0.0
VELO_returns,GAS_returns,0.0
VELO_returns,ONE_returns,0.29925617132516263
VELO_returns,ID_returns,0.0
VELO_returns,SUSHI_returns,0.0
VELO_returns,CSPR_returns,0.0
VELO_returns,HOT_returns,0.0
VELO_returns,SC_returns,0.0
VELO_returns,YFI_returns,0.0
VELO_returns,RVN_returns,0.0
VELO_returns,COW_returns,0.0
VELO_returns,ANKR_returns,0.27469144570096155
VELO_returns,GOMINING_returns,0.0
VELO_returns,XCH_returns,0.0
VELO_returns,DGB_returns,0.0
VELO_returns,T_returns,0.0
VELO_returns,WOO_returns,0.0
VELO_returns,ELF_returns,0.0
VELO_returns,EUL_returns,0.0
VELO_returns,ORCA_returns,0.0
VELO_returns,KDA_returns,0.0
VELO_returns,OSMO_returns,0.0
VELO_returns,GMT_returns,0.0
VELO_returns,SNT_returns,0.0
VELO_returns,GMX_returns,0.0
VELO_returns,ENJ_returns,0.0
VELO_returns,XYO_returns,0.0
VELO_returns,POLYX_returns,0.0
VELO_returns,ZIG_returns,0.0
VELO_returns,ZEN_returns,0.0
VELO_returns,COTI_returns,0.0
VELO_returns,WEMIX_returns,0.0
VELO_returns,SKL_returns,0.0
VELO_returns,LCX_returns,0.0
VELO_returns,WAVES_returns,0.0
VELO_returns,CVC_returns,0.0
VELO_returns,SWFTC_returns,0.0
VELO_returns,LUNA_returns,0.0
VELO_returns,HIVE_returns,0.0
VELO_returns,RLB_returns,0.0
VELO_returns,LRC_returns,0.0
VELO_returns,DAG_returns,0.0
VELO_returns,ONT_returns,0.0
VELO_returns,TRB_returns,0.0
VELO_returns,XNO_returns,0.0
VELO_returns,DLC_returns,0.0
VELO_returns,METIS_returns,0.0
VELO_returns,ICX_returns,0.0
VELO_returns,MYTH_returns,0.0
VELO_returns,MPLX_returns,0.0
VELO_returns,SXP_returns,0.0
VELO_returns,XVG_returns,0.0
VELO_returns,PEOPLE_returns,0.0
VELO_returns,AWE_returns,0.0
VELO_returns,REQ_returns,0.0
VELO_returns,STORJ_returns,0.0
VELO_returns,BAND_returns,0.0
VELO_returns,WMTX_returns,0.0
VELO_returns,CFG_returns,0.0
VELO_returns,HONEY_returns,0.0
VELO_returns,PRO_returns,0.0
VELO_returns,PRIME_returns,0.0
VELO_returns,VVS_returns,0.0
VELO_returns,CPOOL_returns,0.0
VELO_returns,YGG_returns,0.0
VELO_returns,SSV_returns,0.0
VELO_returns,CETUS_returns,0.0
VELO_returns,CGPT_returns,0.0
VELO_returns,STIK_returns,-0.044431647602821964
VELO_returns,PHA_returns,0.0
VELO_returns,XVS_returns,0.0
VELO_returns,KUB_returns,0.0
VELO_returns,BICO_returns,0.0
VELO_returns,UMA_returns,0.0
VELO_returns,WAXP_returns,0.0
VELO_returns,XPR_returns,0.0
VELO_returns,RPL_returns,0.0
VELO_returns,PUNDIX_returns,0.0
VELO_returns,FLUX_returns,0.0
VELO_returns,BORA_returns,0.0
VELO_returns,POWR_returns,0.0
VELO_returns,AUDIO_returns,0.0
VELO_returns,PROM_returns,0.0
VELO_returns,IOST_returns,0.0
VELO_returns,ACX_returns,0.0
VELO_returns,ARDR_returns,0.0
VELO_returns,SPELL_returns,0.0
VELO_returns,ORBR_returns,0.0
VELO_returns,LSK_returns,0.0
VELO_returns,XOR_returns,0.0
VELO_returns,GLMR_returns,0.0
VELO_returns,BMX_returns,0.0
VELO_returns,MVL_returns,0.0
VELO_returns,ABT_returns,0.0
VELO_returns,VELO_returns,0.0
VELO_returns,IQ_returns,0.0
VELO_returns,AGI_returns,0.0
VELO_returns,WILD_returns,0.0
VELO_returns,XEM_returns,0.0
VELO_returns,LON_returns,0.0
VELO_returns,POND_returns,0.0
VELO_returns,ACT_returns,-0.0017585274378712351
VELO_returns,XRD_returns,0.0
VELO_returns,RLC_returns,0.0
VELO_returns,ILV_returns,0.0
VELO_returns,FIDA_returns,0.0
VELO_returns,BNT_returns,0.0
VELO_returns,DENT_returns,0.0
VELO_returns,ORBS_returns,0.0
VELO_returns,ONG_returns,0.0
VELO_returns,CHR_returns,0.0
VELO_returns,HEART_returns,0.0
VELO_returns,VANRY_returns,0.0
VELO_returns,LQTY_returns,0.0
VELO_returns,KEEP_returns,0.0
VELO_returns,DKA_returns,0.0
VELO_returns,ELON_returns,0.0
VELO_returns,ARK_returns,0.0
VELO_returns,MLK_returns,0.0
VELO_returns,AL_returns,0.0
VELO_returns,JOE_returns,0.29811628082650476
VELO_returns,CELR_returns,0.3120347540848972
VELO_returns,STEEM_returns,0.0
VELO_returns,BAL_returns,0.0
VELO_returns,PCI_returns,0.0
VELO_returns,MOVR_returns,0.0
VELO_returns,AUCTION_returns,0.0
VELO_returns,AERGO_returns,0.0
VELO_returns,MED_returns,0.0
VELO_returns,NMR_returns,0.0
VELO_returns,API3_returns,0.0
VELO_returns,AGLD_returns,0.0
VELO_returns,BONE_returns,0.0
VELO_returns,SLP_returns,0.0
VELO_returns,MTL_returns,0.0
VELO_returns,KNC_returns,0.0
VELO_returns,CTSI_returns,0.0
VELO_returns,BTRST_returns,0.0
VELO_returns,SCRT_returns,0.0
VELO_returns,OMI_returns,0.0
VELO_returns,GEOD_returns,0.0
VELO_returns,EDU_returns,0.0
VELO_returns,0x0_returns,0.0
VELO_returns,KUJI_returns,0.0
IQ_returns,CTC_returns,0.0
IQ_returns,MINA_returns,0.0
IQ_returns,DASH_returns,0.0
IQ_returns,SFP_returns,0.0
IQ_returns,BabyDoge_returns,0.0
IQ_returns,SNX_returns,0.0
IQ_returns,TFUEL_returns,0.0
IQ_returns,DCR_returns,0.0
IQ_returns,GLM_returns,0.0
IQ_returns,MX_returns,0.0
IQ_returns,ZIL_returns,0.40028854448190054
IQ_returns,BLUR_returns,0.0
IQ_returns,ROSE_returns,0.0
IQ_returns,CKB_returns,0.0
IQ_returns,TRAC_returns,0.0
IQ_returns,QTUM_returns,0.0
IQ_returns,ORDI_returns,0.0
IQ_returns,LPT_returns,0.0
IQ_returns,MASK_returns,0.0
IQ_returns,ASTR_returns,0.0
IQ_returns,ZRX_returns,0.0
IQ_returns,VTHO_returns,0.0
IQ_returns,ACH_returns,0.0
IQ_returns,BAT_returns,0.0
IQ_returns,CHEEL_returns,0.0
IQ_returns,CHEX_returns,0.0
IQ_returns,SNEK_returns,0.0
IQ_returns,BORG_returns,0.0
IQ_returns,KOGE_returns,0.0
IQ_returns,IOTX_returns,0.0
IQ_returns,CELO_returns,0.0
IQ_returns,GAS_returns,0.0
IQ_returns,ONE_returns,0.0
IQ_returns,ID_returns,0.0
IQ_returns,SUSHI_returns,0.0
IQ_returns,CSPR_returns,0.0
IQ_returns,HOT_returns,0.0
IQ_returns,SC_returns,0.4446812428995756
IQ_returns,YFI_returns,0.0
IQ_returns,RVN_returns,0.0
IQ_returns,COW_returns,0.0
IQ_returns,ANKR_returns,0.0
IQ_returns,GOMINING_returns,0.0
IQ_returns,XCH_returns,0.0
IQ_returns,DGB_returns,0.0
IQ_returns,T_returns,0.0
IQ_returns,WOO_returns,0.0
IQ_returns,ELF_returns,0.0
IQ_returns,EUL_returns,0.0
IQ_returns,ORCA_returns,0.0
IQ_returns,KDA_returns,0.0
IQ_returns,OSMO_returns,0.0
IQ_returns,GMT_returns,0.0
IQ_returns,SNT_returns,0.0
IQ_returns,GMX_returns,0.0
IQ_returns,ENJ_returns,0.0
IQ_returns,XYO_returns,0.0
IQ_returns,POLYX_returns,0.0
IQ_returns,ZIG_returns,0.1610140088749424
IQ_returns,ZEN_returns,0.0
IQ_returns,COTI_returns,0.0
IQ_returns,WEMIX_returns,0.0
IQ_returns,SKL_returns,0.0
IQ_returns,LCX_returns,0.0
IQ_returns,WAVES_returns,0.0
IQ_returns,CVC_returns,0.0
IQ_returns,SWFTC_returns,0.0
IQ_returns,LUNA_returns,0.0
IQ_returns,HIVE_returns,0.0
IQ_returns,RLB_returns,0.0
IQ_returns,LRC_returns,0.0
IQ_returns,DAG_returns,0.0
IQ_returns,ONT_returns,0.0
IQ_returns,TRB_returns,0.0
IQ_returns,XNO_returns,0.0
IQ_returns,DLC_returns,0.0
IQ_returns,METIS_returns,0.0
IQ_returns,ICX_returns,0.38723575157129236
IQ_returns,MYTH_returns,0.0
IQ_returns,MPLX_returns,0.0
IQ_returns,SXP_returns,0.0
IQ_returns,XVG_returns,0.0
IQ_returns,PEOPLE_returns,0.0
IQ_returns,AWE_returns,0.0
IQ_returns,REQ_returns,0.0
IQ_returns,STORJ_returns,0.0
IQ_returns,BAND_returns,0.0
IQ_returns,WMTX_returns,0.0
IQ_returns,CFG_returns,0.0
IQ_returns,HONEY_returns,0.0
IQ_returns,PRO_returns,0.0
IQ_returns,PRIME_returns,0.0
IQ_returns,VVS_returns,0.0
IQ_returns,CPOOL_returns,0.0
IQ_returns,YGG_returns,0.0
IQ_returns,SSV_returns,0.0
IQ_returns,CETUS_returns,0.0
IQ_returns,CGPT_returns,0.0
IQ_returns,STIK_returns,0.0
IQ_returns,PHA_returns,0.0
IQ_returns,XVS_returns,0.0
IQ_returns,KUB_returns,0.0
IQ_returns,BICO_returns,0.0
IQ_returns,UMA_returns,0.0
IQ_returns,WAXP_returns,0.37701414343057926
IQ_returns,XPR_returns,0.0
IQ_returns,RPL_returns,0.0
IQ_returns,PUNDIX_returns,0.0
IQ_returns,FLUX_returns,0.0
IQ_returns,BORA_returns,0.0
IQ_returns,POWR_returns,0.0
IQ_returns,AUDIO_returns,0.0
IQ_returns,PROM_returns,0.0
IQ_returns,IOST_returns,0.37220996402943757
IQ_returns,ACX_returns,0.0
IQ_returns,ARDR_returns,0.0
IQ_returns,SPELL_returns,0.0
IQ_returns,ORBR_returns,0.0
IQ_returns,LSK_returns,0.0
IQ_returns,XOR_returns,-0.0005573219851012887
IQ_returns,GLMR_returns,0.0
IQ_returns,BMX_returns,0.0
IQ_returns,MVL_returns,0.0
IQ_returns,ABT_returns,0.0
IQ_returns,VELO_returns,0.0
IQ_returns,IQ_returns,0.0
IQ_returns,AGI_returns,0.27510842358487825
IQ_returns,WILD_returns,0.0
IQ_returns,XEM_returns,0.0
IQ_returns,LON_returns,0.0
IQ_returns,POND_returns,0.0
IQ_returns,ACT_returns,0.0
IQ_returns,XRD_returns,0.0
IQ_returns,RLC_returns,0.0
IQ_returns,ILV_returns,0.0
IQ_returns,FIDA_returns,0.0
IQ_returns,BNT_returns,0.0
IQ_returns,DENT_returns,0.0
IQ_returns,ORBS_returns,0.0
IQ_returns,ONG_returns,0.0
IQ_returns,CHR_returns,0.0
IQ_returns,HEART_returns,0.0
IQ_returns,VANRY_returns,0.0
IQ_returns,LQTY_returns,0.0
IQ_returns,KEEP_returns,0.0
IQ_returns,DKA_returns,0.0
IQ_returns,ELON_returns,0.0
IQ_returns,ARK_returns,0.0
IQ_returns,MLK_returns,0.0
IQ_returns,AL_returns,0.0
IQ_returns,JOE_returns,0.0
IQ_returns,CELR_returns,0.0
IQ_returns,STEEM_returns,0.0
IQ_returns,BAL_returns,0.0
IQ_returns,PCI_returns,0.0
IQ_returns,MOVR_returns,0.0
IQ_returns,AUCTION_returns,0.0
IQ_returns,AERGO_returns,0.0
IQ_returns,MED_returns,0.37829071060905883
IQ_returns,NMR_returns,0.0
IQ_returns,API3_returns,0.0
IQ_returns,AGLD_returns,0.0
IQ_returns,BONE_returns,0.0
IQ_returns,SLP_returns,0.0
IQ_returns,MTL_returns,0.0
IQ_returns,KNC_returns,0.0
IQ_returns,CTSI_returns,0.0
IQ_returns,BTRST_returns,0.0
IQ_returns,SCRT_returns,0.0
IQ_returns,OMI_returns,0.0
IQ_returns,GEOD_returns,0.0
IQ_returns,EDU_returns,0.0
IQ_returns,0x0_returns,0.0
IQ_returns,KUJI_returns,0.0
AGI_returns,CTC_returns,0.0
AGI_returns,MINA_returns,0.0
AGI_returns,DASH_returns,0.0
AGI_returns,SFP_returns,0.0
AGI_returns,BabyDoge_returns,0.0
AGI_returns,SNX_returns,0.0
AGI_returns,TFUEL_returns,0.0
AGI_returns,DCR_returns,0.0
AGI_returns,GLM_returns,0.0
AGI_returns,MX_returns,0.0
AGI_returns,ZIL_returns,0.0
AGI_returns,BLUR_returns,0.0
AGI_returns,ROSE_returns,0.0
AGI_returns,CKB_returns,0.0
AGI_returns,TRAC_returns,0.0
AGI_returns,QTUM_returns,0.0
AGI_returns,ORDI_returns,0.0
AGI_returns,LPT_returns,0.2706128447795095
AGI_returns,MASK_returns,0.0
AGI_returns,ASTR_returns,0.0
AGI_returns,ZRX_returns,0.0
AGI_returns,VTHO_returns,0.0
AGI_returns,ACH_returns,0.0
AGI_returns,BAT_returns,0.0
AGI_returns,CHEEL_returns,-0.033667069595438186
AGI_returns,CHEX_returns,0.0
AGI_returns,SNEK_returns,0.0
AGI_returns,BORG_returns,0.0
AGI_returns,KOGE_returns,0.0
AGI_returns,IOTX_returns,0.0
AGI_returns,CELO_returns,0.0
AGI_returns,GAS_returns,0.0
AGI_returns,ONE_returns,0.0
AGI_returns,ID_returns,0.0
AGI_returns,SUSHI_returns,0.0
AGI_returns,CSPR_returns,0.0
AGI_returns,HOT_returns,0.0
AGI_returns,SC_returns,0.0
AGI_returns,YFI_returns,0.0
AGI_returns,RVN_returns,0.0
AGI_returns,COW_returns,0.0
AGI_returns,ANKR_returns,0.27186181260663156
AGI_returns,GOMINING_returns,-0.011405129794152957
AGI_returns,XCH_returns,0.0
AGI_returns,DGB_returns,0.0
AGI_returns,T_returns,0.0
AGI_returns,WOO_returns,0.0
AGI_returns,ELF_returns,0.0
AGI_returns,EUL_returns,0.0
AGI_returns,ORCA_returns,0.0
AGI_returns,KDA_returns,0.0
AGI_returns,OSMO_returns,0.0
AGI_returns,GMT_returns,0.0
AGI_returns,SNT_returns,0.0
AGI_returns,GMX_returns,0.0
AGI_returns,ENJ_returns,0.0
AGI_returns,XYO_returns,0.0
AGI_returns,POLYX_returns,0.0
AGI_returns,ZIG_returns,0.0
AGI_returns,ZEN_returns,0.0
AGI_returns,COTI_returns,0.0
AGI_returns,WEMIX_returns,0.0
AGI_returns,SKL_returns,0.0
AGI_returns,LCX_returns,0.0
AGI_returns,WAVES_returns,0.0
AGI_returns,CVC_returns,0.0
AGI_returns,SWFTC_returns,0.0
AGI_returns,LUNA_returns,0.0
AGI_returns,HIVE_returns,0.0
AGI_returns,RLB_returns,0.0
AGI_returns,LRC_returns,0.26831338302724705
AGI_returns,DAG_returns,0.0
AGI_returns,ONT_returns,0.0
AGI_returns,TRB_returns,0.0
AGI_returns,XNO_returns,0.0
AGI_returns,DLC_returns,0.0
AGI_returns,METIS_returns,0.0
AGI_returns,ICX_returns,0.0
AGI_returns,MYTH_returns,-0.044638716770867566
AGI_returns,MPLX_returns,0.0
AGI_returns,SXP_returns,0.0
AGI_returns,XVG_returns,0.0
AGI_returns,PEOPLE_returns,0.0
AGI_returns,AWE_returns,0.0
AGI_returns,REQ_returns,0.0
AGI_returns,STORJ_returns,0.0
AGI_returns,BAND_returns,0.0
AGI_returns,WMTX_returns,0.0
AGI_returns,CFG_returns,0.0
AGI_returns,HONEY_returns,0.0
AGI_returns,PRO_returns,0.0
AGI_returns,PRIME_returns,0.0
AGI_returns,VVS_returns,0.0
AGI_returns,CPOOL_returns,0.0
AGI_returns,YGG_returns,0.0
AGI_returns,SSV_returns,0.0
AGI_returns,CETUS_returns,0.0
AGI_returns,CGPT_returns,0.0
AGI_returns,STIK_returns,-0.0016532359779903936
AGI_returns,PHA_returns,0.0
AGI_returns,XVS_returns,0.0
AGI_returns,KUB_returns,0.0
AGI_returns,BICO_returns,0.0
AGI_returns,UMA_returns,0.0
AGI_returns,WAXP_returns,0.0
AGI_returns,XPR_returns,0.0
AGI_returns,RPL_returns,0.0
AGI_returns,PUNDIX_returns,0.0
AGI_returns,FLUX_returns,0.0
AGI_returns,BORA_returns,0.0
AGI_returns,POWR_returns,0.0
AGI_returns,AUDIO_returns,0.0
AGI_returns,PROM_returns,0.0
AGI_returns,IOST_returns,0.0
AGI_returns,ACX_returns,0.0
AGI_returns,ARDR_returns,0.0
AGI_returns,SPELL_returns,0.0
AGI_returns,ORBR_returns,0.0
AGI_returns,LSK_returns,0.0
AGI_returns,XOR_returns,0.0
AGI_returns,GLMR_returns,0.0
AGI_returns,BMX_returns,-0.03485108357575518
AGI_returns,MVL_returns,0.0
AGI_returns,ABT_returns,0.0
AGI_returns,VELO_returns,0.0
AGI_returns,IQ_returns,0.27510842358487825
AGI_returns,AGI_returns,0.0
AGI_returns,WILD_returns,0.0
AGI_returns,XEM_returns,0.0
AGI_returns,LON_returns,0.0
AGI_returns,POND_returns,0.0
AGI_returns,ACT_returns,0.0
AGI_returns,XRD_returns,0.0
AGI_returns,RLC_returns,0.33309159131000654
AGI_returns,ILV_returns,0.0
AGI_returns,FIDA_returns,0.0
AGI_returns,BNT_returns,0.0
AGI_returns,DENT_returns,0.0
AGI_returns,ORBS_returns,0.0
AGI_returns,ONG_returns,0.0
AGI_returns,CHR_returns,0.0
AGI_returns,HEART_returns,0.0
AGI_returns,VANRY_returns,0.0
AGI_returns,LQTY_returns,0.0
AGI_returns,KEEP_returns,0.0
AGI_returns,DKA_returns,0.0
AGI_returns,ELON_returns,0.0
AGI_returns,ARK_returns,0.0
AGI_returns,MLK_returns,0.0
AGI_returns,AL_returns,0.0
AGI_returns,JOE_returns,0.0
AGI_returns,CELR_returns,0.0
AGI_returns,STEEM_returns,0.0
AGI_returns,BAL_returns,0.0
AGI_returns,PCI_returns,0.0
AGI_returns,MOVR_returns,0.0
AGI_returns,AUCTION_returns,0.0
AGI_returns,AERGO_returns,0.0
AGI_returns,MED_returns,0.0
AGI_returns,NMR_returns,0.0
AGI_returns,API3_returns,0.0
AGI_returns,AGLD_returns,0.0
AGI_returns,BONE_returns,0.0
AGI_returns,SLP_returns,0.0
AGI_returns,MTL_returns,0.0
AGI_returns,KNC_returns,0.0
AGI_returns,CTSI_returns,0.2917118825608912
AGI_returns,BTRST_returns,0.0
AGI_returns,SCRT_returns,0.0
AGI_returns,OMI_returns,0.0
AGI_returns,GEOD_returns,0.0
AGI_returns,EDU_returns,0.0
AGI_returns,0x0_returns,0.0
AGI_returns,KUJI_returns,0.0
WILD_returns,CTC_returns,0.0
WILD_returns,MINA_returns,0.0
WILD_returns,DASH_returns,0.0
WILD_returns,SFP_returns,0.0
WILD_returns,BabyDoge_returns,0.0
WILD_returns,SNX_returns,0.0
WILD_returns,TFUEL_returns,0.0
WILD_returns,DCR_returns,0.0
WILD_returns,GLM_returns,0.0
WILD_returns,MX_returns,-0.05248458359791881
WILD_returns,ZIL_returns,0.0
WILD_returns,BLUR_returns,0.0
WILD_returns,ROSE_returns,0.0
WILD_returns,CKB_returns,0.0
WILD_returns,TRAC_returns,0.0
WILD_returns,QTUM_returns,0.0
WILD_returns,ORDI_returns,0.0
WILD_returns,LPT_returns,0.0
WILD_returns,MASK_returns,0.0
WILD_returns,ASTR_returns,0.0
WILD_returns,ZRX_returns,-0.0005387780775377194
WILD_returns,VTHO_returns,0.0
WILD_returns,ACH_returns,0.0
WILD_returns,BAT_returns,0.0
WILD_returns,CHEEL_returns,-0.12650997670993852
WILD_returns,CHEX_returns,0.0
WILD_returns,SNEK_returns,0.0
WILD_returns,BORG_returns,-0.04367505556415578
WILD_returns,KOGE_returns,0.0
WILD_returns,IOTX_returns,0.0
WILD_returns,CELO_returns,0.0
WILD_returns,GAS_returns,0.0
WILD_returns,ONE_returns,0.3048497600782718
WILD_returns,ID_returns,0.0
WILD_returns,SUSHI_returns,0.20504827383772517
WILD_returns,CSPR_returns,0.0
WILD_returns,HOT_returns,0.1934549967677881
WILD_returns,SC_returns,0.0
WILD_returns,YFI_returns,0.0
WILD_returns,RVN_returns,0.0
WILD_returns,COW_returns,0.0
WILD_returns,ANKR_returns,0.0
WILD_returns,GOMINING_returns,0.0
WILD_returns,XCH_returns,0.0
WILD_returns,DGB_returns,0.0
WILD_returns,T_returns,0.0
WILD_returns,WOO_returns,0.0
WILD_returns,ELF_returns,0.0
WILD_returns,EUL_returns,0.0
WILD_returns,ORCA_returns,0.0
WILD_returns,KDA_returns,0.0
WILD_returns,OSMO_returns,0.0
WILD_returns,GMT_returns,0.0
WILD_returns,SNT_returns,0.0
WILD_returns,GMX_returns,0.0
WILD_returns,ENJ_returns,0.23117411914127275
WILD_returns,XYO_returns,0.0
WILD_returns,POLYX_returns,0.0
WILD_returns,ZIG_returns,0.0
WILD_returns,ZEN_returns,0.0
WILD_returns,COTI_returns,0.0
WILD_returns,WEMIX_returns,0.0
WILD_returns,SKL_returns,0.0
WILD_returns,LCX_returns,0.0
WILD_returns,WAVES_returns,0.0
WILD_returns,CVC_returns,0.0
WILD_returns,SWFTC_returns,0.0
WILD_returns,LUNA_returns,0.20963864559237538
WILD_returns,HIVE_returns,0.0
WILD_returns,RLB_returns,0.0
WILD_returns,LRC_returns,0.0
WILD_returns,DAG_returns,0.0
WILD_returns,ONT_returns,0.0
WILD_returns,TRB_returns,0.0
WILD_returns,XNO_returns,0.0
WILD_returns,DLC_returns,0.0
WILD_returns,METIS_returns,0.0
WILD_returns,ICX_returns,0.0
WILD_returns,MYTH_returns,-0.05359085500549814
WILD_returns,MPLX_returns,0.0
WILD_returns,SXP_returns,0.0
WILD_returns,XVG_returns,0.0
WILD_returns,PEOPLE_returns,0.0
WILD_returns,AWE_returns,0.0
WILD_returns,REQ_returns,-0.023478525977861715
WILD_returns,STORJ_returns,0.0
WILD_returns,BAND_returns,0.0
WILD_returns,WMTX_returns,0.0
WILD_returns,CFG_returns,0.0
WILD_returns,HONEY_returns,-0.011873506294442024
WILD_returns,PRO_returns,0.0
WILD_returns,PRIME_returns,0.0
WILD_returns,VVS_returns,0.0
WILD_returns,CPOOL_returns,0.0
WILD_returns,YGG_returns,0.0
WILD_returns,SSV_returns,0.0
WILD_returns,CETUS_returns,0.0
WILD_returns,CGPT_returns,0.0
WILD_returns,STIK_returns,-0.1246520921637266
WILD_returns,PHA_returns,0.0
WILD_returns,XVS_returns,0.0
WILD_returns,KUB_returns,-0.053152403696023615
WILD_returns,BICO_returns,0.0
WILD_returns,UMA_returns,0.0
WILD_returns,WAXP_returns,0.0
WILD_returns,XPR_returns,0.0
WILD_returns,RPL_returns,0.0
WILD_returns,PUNDIX_returns,0.0
WILD_returns,FLUX_returns,0.0
WILD_returns,BORA_returns,0.0
WILD_returns,POWR_returns,0.0
WILD_returns,AUDIO_returns,0.0
WILD_returns,PROM_returns,0.0
WILD_returns,IOST_returns,0.0
WILD_returns,ACX_returns,0.0
WILD_returns,ARDR_returns,0.0
WILD_returns,SPELL_returns,0.0
WILD_returns,ORBR_returns,0.0
WILD_returns,LSK_returns,0.0
WILD_returns,XOR_returns,0.0
WILD_returns,GLMR_returns,0.0
WILD_returns,BMX_returns,0.0
WILD_returns,MVL_returns,0.0
WILD_returns,ABT_returns,0.0
WILD_returns,VELO_returns,0.0
WILD_returns,IQ_returns,0.0
WILD_returns,AGI_returns,0.0
WILD_returns,WILD_returns,0.0
WILD_returns,XEM_returns,0.0
WILD_returns,LON_returns,-0.1139361968668663
WILD_returns,POND_returns,0.0
WILD_returns,ACT_returns,0.0
WILD_returns,XRD_returns,0.0
WILD_returns,RLC_returns,0.0
WILD_returns,ILV_returns,0.0
WILD_returns,FIDA_returns,0.0
WILD_returns,BNT_returns,0.0
WILD_returns,DENT_returns,0.0
WILD_returns,ORBS_returns,0.0
WILD_returns,ONG_returns,0.0
WILD_returns,CHR_returns,0.0
WILD_returns,HEART_returns,0.0
WILD_returns,VANRY_returns,0.0
WILD_returns,LQTY_returns,0.2212120270906229
WILD_returns,KEEP_returns,-0.003969416848662205
WILD_returns,DKA_returns,0.0
WILD_returns,ELON_returns,0.0
WILD_returns,ARK_returns,0.0
WILD_returns,MLK_returns,-0.0222322575919297
WILD_returns,AL_returns,-0.0046346801809893775
WILD_returns,JOE_returns,0.0
WILD_returns,CELR_returns,0.0
WILD_returns,STEEM_returns,0.0
WILD_returns,BAL_returns,0.0
WILD_returns,PCI_returns,0.0
WILD_returns,MOVR_returns,0.0
WILD_returns,AUCTION_returns,0.0
WILD_returns,AERGO_returns,0.0
WILD_returns,MED_returns,0.0
WILD_returns,NMR_returns,0.0
WILD_returns,API3_returns,0.0
WILD_returns,AGLD_returns,0.0
WILD_returns,BONE_returns,0.0
WILD_returns,SLP_returns,0.0
WILD_returns,MTL_returns,0.0
WILD_returns,KNC_returns,0.0
WILD_returns,CTSI_returns,0.0
WILD_returns,BTRST_returns,0.0
WILD_returns,SCRT_returns,0.0
WILD_returns,OMI_returns,0.0
WILD_returns,GEOD_returns,0.0
WILD_returns,EDU_returns,0.0
WILD_returns,0x0_returns,0.0
WILD_returns,KUJI_returns,0.0
XEM_returns,CTC_returns,0.0
XEM_returns,MINA_returns,0.0
XEM_returns,DASH_returns,0.0
XEM_returns,SFP_returns,0.0
XEM_returns,BabyDoge_returns,0.0
XEM_returns,SNX_returns,0.0
XEM_returns,TFUEL_returns,0.0
XEM_returns,DCR_returns,0.0
XEM_returns,GLM_returns,0.0
XEM_returns,MX_returns,0.0
XEM_returns,ZIL_returns,0.41112675542439536
XEM_returns,BLUR_returns,0.0
XEM_returns,ROSE_returns,0.0
XEM_returns,CKB_returns,0.0
XEM_returns,TRAC_returns,0.0
XEM_returns,QTUM_returns,0.0
XEM_returns,ORDI_returns,0.0
XEM_returns,LPT_returns,0.0
XEM_returns,MASK_returns,0.0
XEM_returns,ASTR_returns,0.0
XEM_returns,ZRX_returns,0.0
XEM_returns,VTHO_returns,0.0
XEM_returns,ACH_returns,0.0
XEM_returns,BAT_returns,0.0
XEM_returns,CHEEL_returns,0.0
XEM_returns,CHEX_returns,0.0
XEM_returns,SNEK_returns,0.0
XEM_returns,BORG_returns,0.0
XEM_returns,KOGE_returns,0.0
XEM_returns,IOTX_returns,0.0
XEM_returns,CELO_returns,0.0
XEM_returns,GAS_returns,0.0
XEM_returns,ONE_returns,0.0
XEM_returns,ID_returns,0.0
XEM_returns,SUSHI_returns,0.0
XEM_returns,CSPR_returns,0.0
XEM_returns,HOT_returns,0.0
XEM_returns,SC_returns,0.0
XEM_returns,YFI_returns,0.0
XEM_returns,RVN_returns,0.0
XEM_returns,COW_returns,0.0
XEM_returns,ANKR_returns,0.41528307651759694
XEM_returns,GOMINING_returns,0.0
XEM_returns,XCH_returns,0.0
XEM_returns,DGB_returns,0.0
XEM_returns,T_returns,0.0
XEM_returns,WOO_returns,0.0
XEM_returns,ELF_returns,0.0
XEM_returns,EUL_returns,0.0
XEM_returns,ORCA_returns,0.0
XEM_returns,KDA_returns,0.0
XEM_returns,OSMO_returns,0.0
XEM_returns,GMT_returns,0.0
XEM_returns,SNT_returns,0.0
XEM_returns,GMX_returns,0.0
XEM_returns,ENJ_returns,0.0
XEM_returns,XYO_returns,0.0
XEM_returns,POLYX_returns,0.0
XEM_returns,ZIG_returns,0.0
XEM_returns,ZEN_returns,0.0
XEM_returns,COTI_returns,0.0
XEM_returns,WEMIX_returns,0.0
XEM_returns,SKL_returns,0.0
XEM_returns,LCX_returns,0.0
XEM_returns,WAVES_returns,0.5145566196869362
XEM_returns,CVC_returns,0.0
XEM_returns,SWFTC_returns,0.0
XEM_returns,LUNA_returns,0.0
XEM_returns,HIVE_returns,0.0
XEM_returns,RLB_returns,0.0
XEM_returns,LRC_returns,0.0
XEM_returns,DAG_returns,0.0
XEM_returns,ONT_returns,0.0
XEM_returns,TRB_returns,0.0
XEM_returns,XNO_returns,0.0
XEM_returns,DLC_returns,0.0
XEM_returns,METIS_returns,0.0
XEM_returns,ICX_returns,0.4140476095895337
XEM_returns,MYTH_returns,0.0
XEM_returns,MPLX_returns,0.0
XEM_returns,SXP_returns,0.0
XEM_returns,XVG_returns,0.0
XEM_returns,PEOPLE_returns,0.0
XEM_returns,AWE_returns,0.0
XEM_returns,REQ_returns,0.0
XEM_returns,STORJ_returns,0.0
XEM_returns,BAND_returns,0.0
XEM_returns,WMTX_returns,0.0
XEM_returns,CFG_returns,0.0
XEM_returns,HONEY_returns,0.1759669017201767
XEM_returns,PRO_returns,0.0
XEM_returns,PRIME_returns,0.0
XEM_returns,VVS_returns,0.0
XEM_returns,CPOOL_returns,0.0
XEM_returns,YGG_returns,0.0
XEM_returns,SSV_returns,0.0
XEM_returns,CETUS_returns,0.0
XEM_returns,CGPT_returns,0.0
XEM_returns,STIK_returns,0.0
XEM_returns,PHA_returns,0.0
XEM_returns,XVS_returns,0.0
XEM_returns,KUB_returns,0.0
XEM_returns,BICO_returns,0.0
XEM_returns,UMA_returns,0.0
XEM_returns,WAXP_returns,0.0
XEM_returns,XPR_returns,0.0
XEM_returns,RPL_returns,0.0
XEM_returns,PUNDIX_returns,0.0
XEM_returns,FLUX_returns,0.0
XEM_returns,BORA_returns,0.0
XEM_returns,POWR_returns,0.0
XEM_returns,AUDIO_returns,0.0
XEM_returns,PROM_returns,0.0
XEM_returns,IOST_returns,0.4071697168434817
XEM_returns,ACX_returns,0.0
XEM_returns,ARDR_returns,0.0
XEM_returns,SPELL_returns,0.0
XEM_returns,ORBR_returns,0.0
XEM_returns,LSK_returns,0.0
XEM_returns,XOR_returns,-0.07026740295666578
XEM_returns,GLMR_returns,0.0
XEM_returns,BMX_returns,0.0
XEM_returns,MVL_returns,0.0
XEM_returns,ABT_returns,0.0
XEM_returns,VELO_returns,0.0
XEM_returns,IQ_returns,0.0
XEM_returns,AGI_returns,0.0
XEM_returns,WILD_returns,0.0
XEM_returns,XEM_returns,0.0
XEM_returns,LON_returns,0.0
XEM_returns,POND_returns,0.0
XEM_returns,ACT_returns,0.0
XEM_returns,XRD_returns,0.0
XEM_returns,RLC_returns,0.0
XEM_returns,ILV_returns,0.0
XEM_returns,FIDA_returns,0.0
XEM_returns,BNT_returns,0.0
XEM_returns,DENT_returns,0.0
XEM_returns,ORBS_returns,0.0
XEM_returns,ONG_returns,0.0
XEM_returns,CHR_returns,0.0
XEM_returns,HEART_returns,0.0
XEM_returns,VANRY_returns,0.0
XEM_returns,LQTY_returns,0.0
XEM_returns,KEEP_returns,0.0
XEM_returns,DKA_returns,0.0
XEM_returns,ELON_returns,0.0
XEM_returns,ARK_returns,0.0
XEM_returns,MLK_returns,0.0
XEM_returns,AL_returns,0.0
XEM_returns,JOE_returns,0.0
XEM_returns,CELR_returns,0.0
XEM_returns,STEEM_returns,0.0
XEM_returns,BAL_returns,0.0
XEM_returns,PCI_returns,0.0
XEM_returns,MOVR_returns,0.0
XEM_returns,AUCTION_returns,0.0
XEM_returns,AERGO_returns,0.0
XEM_returns,MED_returns,0.388401747711516
XEM_returns,NMR_returns,0.0
XEM_returns,API3_returns,0.0
XEM_returns,AGLD_returns,0.0
XEM_returns,BONE_returns,0.0
XEM_returns,SLP_returns,0.0
XEM_returns,MTL_returns,0.0
XEM_returns,KNC_returns,0.0
XEM_returns,CTSI_returns,0.0
XEM_returns,BTRST_returns,0.0
XEM_returns,SCRT_returns,0.0
XEM_returns,OMI_returns,0.0
XEM_returns,GEOD_returns,0.0
XEM_returns,EDU_returns,0.0
XEM_returns,0x0_returns,0.0
XEM_returns,KUJI_returns,0.0
LON_returns,CTC_returns,0.0
LON_returns,MINA_returns,0.0
LON_returns,DASH_returns,0.0
LON_returns,SFP_returns,0.40411630856715214
LON_returns,BabyDoge_returns,0.0
LON_returns,SNX_returns,-0.05894319499826569
LON_returns,TFUEL_returns,0.0
LON_returns,DCR_returns,0.0
LON_returns,GLM_returns,0.0
LON_returns,MX_returns,0.5479248874885254
LON_returns,ZIL_returns,0.0
LON_returns,BLUR_returns,-0.012851699221578772
LON_returns,ROSE_returns,0.0
LON_returns,CKB_returns,-0.02232221846418079
LON_returns,TRAC_returns,0.0
LON_returns,QTUM_returns,0.0
LON_returns,ORDI_returns,-0.1611850596301893
LON_returns,LPT_returns,-0.0080685979837424
LON_returns,MASK_returns,0.0
LON_returns,ASTR_returns,0.0
LON_returns,ZRX_returns,0.0
LON_returns,VTHO_returns,0.0
LON_returns,ACH_returns,0.0
LON_returns,BAT_returns,0.0
LON_returns,CHEEL_returns,0.6046918768370926
LON_returns,CHEX_returns,0.0
LON_returns,SNEK_returns,-0.046905848773125626
LON_returns,BORG_returns,0.23917631541163636
LON_returns,KOGE_returns,0.40053838569387834
LON_returns,IOTX_returns,0.0
LON_returns,CELO_returns,0.0
LON_returns,GAS_returns,0.0
LON_returns,ONE_returns,-0.09163289439103195
LON_returns,ID_returns,0.0
LON_returns,SUSHI_returns,-0.06935685537554297
LON_returns,CSPR_returns,0.0
LON_returns,HOT_returns,0.0
LON_returns,SC_returns,0.0
LON_returns,YFI_returns,0.0
LON_returns,RVN_returns,0.0
LON_returns,COW_returns,-0.076697216940635
LON_returns,ANKR_returns,0.0
LON_returns,GOMINING_returns,0.4736841436977756
LON_returns,XCH_returns,0.0
LON_returns,DGB_returns,0.0
LON_returns,T_returns,0.0
LON_returns,WOO_returns,-0.09474927176246746
LON_returns,ELF_returns,0.0
LON_returns,EUL_returns,0.1705076432766819
LON_returns,ORCA_returns,0.0
LON_returns,KDA_returns,-0.011160423606765007
LON_returns,OSMO_returns,0.0
LON_returns,GMT_returns,0.0
LON_returns,SNT_returns,0.0
LON_returns,GMX_returns,0.0
LON_returns,ENJ_returns,0.0
LON_returns,XYO_returns,0.0
LON_returns,POLYX_returns,-0.013385389591488054
LON_returns,ZIG_returns,0.0
LON_returns,ZEN_returns,0.0
LON_returns,COTI_returns,-0.052657238710143384
LON_returns,WEMIX_returns,0.0
LON_returns,SKL_returns,-0.03919039863286792
LON_returns,LCX_returns,0.0
LON_returns,WAVES_returns,0.0
LON_returns,CVC_returns,0.0
LON_returns,SWFTC_returns,0.0
LON_returns,LUNA_returns,0.0
LON_returns,HIVE_returns,0.0
LON_returns,RLB_returns,0.0
LON_returns,LRC_returns,0.0
LON_returns,DAG_returns,0.0
LON_returns,ONT_returns,0.0
LON_returns,TRB_returns,-0.009729151823397073
LON_returns,XNO_returns,0.0
LON_returns,DLC_returns,0.13354103314309432
LON_returns,METIS_returns,-0.2041805998846127
LON_returns,ICX_returns,0.0
LON_returns,MYTH_returns,0.15836395137829107
LON_returns,MPLX_returns,0.0
LON_returns,SXP_returns,0.0
LON_returns,XVG_returns,-0.004830617322427934
LON_returns,PEOPLE_returns,-0.04185088471581764
LON_returns,AWE_returns,0.0
LON_returns,REQ_returns,0.0
LON_returns,STORJ_returns,0.0
LON_returns,BAND_returns,0.0
LON_returns,WMTX_returns,0.0
LON_returns,CFG_returns,0.0
LON_returns,HONEY_returns,0.0
LON_returns,PRO_returns,0.1885106459119355
LON_returns,PRIME_returns,-0.03940691815897428
LON_returns,VVS_returns,0.0
LON_returns,CPOOL_returns,-0.03434479722862314
LON_returns,YGG_returns,-0.03494976455171279
LON_returns,SSV_returns,-0.17343366007882327
LON_returns,CETUS_returns,0.0
LON_returns,CGPT_returns,-0.020098799718287902
LON_returns,STIK_returns,0.4288195325960306
LON_returns,PHA_returns,0.0
LON_returns,XVS_returns,0.0
LON_returns,KUB_returns,0.4250383921095268
LON_returns,BICO_returns,0.0
LON_returns,UMA_returns,0.0
LON_returns,WAXP_returns,0.0
LON_returns,XPR_returns,0.0
LON_returns,RPL_returns,-0.06012012120696605
LON_returns,PUNDIX_returns,0.0
LON_returns,FLUX_returns,0.0
LON_returns,BORA_returns,0.0
LON_returns,POWR_returns,0.0
LON_returns,AUDIO_returns,0.0
LON_returns,PROM_returns,0.0
LON_returns,IOST_returns,0.0
LON_returns,ACX_returns,0.0
LON_returns,ARDR_returns,0.0
LON_returns,SPELL_returns,0.0
LON_returns,ORBR_returns,0.24888806415156706
LON_returns,LSK_returns,0.0
LON_returns,XOR_returns,0.0
LON_returns,GLMR_returns,0.0
LON_returns,BMX_returns,0.34911508995736346
LON_returns,MVL_returns,0.0
LON_returns,ABT_returns,0.0
LON_returns,VELO_returns,0.0
LON_returns,IQ_returns,0.0
LON_returns,AGI_returns,0.0
LON_returns,WILD_returns,-0.1139361968668663
LON_returns,XEM_returns,0.0
LON_returns,LON_returns,0.0
LON_returns,POND_returns,0.0
LON_returns,ACT_returns,0.0
LON_returns,XRD_returns,0.0
LON_returns,RLC_returns,0.0
LON_returns,ILV_returns,-0.10837328866051049
LON_returns,FIDA_returns,0.0
LON_returns,BNT_returns,0.0
LON_returns,DENT_returns,-0.002858343925272444
LON_returns,ORBS_returns,0.0
LON_returns,ONG_returns,0.0
LON_returns,CHR_returns,0.0
LON_returns,HEART_returns,0.0
LON_returns,VANRY_returns,-0.10040983460366625
LON_returns,LQTY_returns,-0.06648528021915281
LON_returns,KEEP_returns,0.0
LON_returns,DKA_returns,0.0
LON_returns,ELON_returns,0.0
LON_returns,ARK_returns,0.0
LON_returns,MLK_returns,0.0
LON_returns,AL_returns,0.0
LON_returns,JOE_returns,-0.044695424137959704
LON_returns,CELR_returns,-0.02045518362472674
LON_returns,STEEM_returns,0.0
LON_returns,BAL_returns,-0.046305885741246965
LON_returns,PCI_returns,0.264877985932943
LON_returns,MOVR_returns,0.0
LON_returns,AUCTION_returns,0.0
LON_returns,AERGO_returns,0.0
LON_returns,MED_returns,0.0
LON_returns,NMR_returns,0.0
LON_returns,API3_returns,-0.02414842686288517
LON_returns,AGLD_returns,-0.0016592203545570967
LON_returns,BONE_returns,0.0
LON_returns,SLP_returns,0.0
LON_returns,MTL_returns,0.0
LON_returns,KNC_returns,0.0
LON_returns,CTSI_returns,0.0
LON_returns,BTRST_returns,0.36087459104378034
LON_returns,SCRT_returns,0.0
LON_returns,OMI_returns,0.3261573857084606
LON_returns,GEOD_returns,0.37103411872225994
LON_returns,EDU_returns,0.0
LON_returns,0x0_returns,-0.10293683715721755
LON_returns,KUJI_returns,0.0
POND_returns,CTC_returns,0.0
POND_returns,MINA_returns,0.0
POND_returns,DASH_returns,0.0
POND_returns,SFP_returns,0.0
POND_returns,BabyDoge_returns,0.0
POND_returns,SNX_returns,0.0
POND_returns,TFUEL_returns,0.0
POND_returns,DCR_returns,0.0
POND_returns,GLM_returns,0.0
POND_returns,MX_returns,0.0
POND_returns,ZIL_returns,0.3216639130693433
POND_returns,BLUR_returns,0.0
POND_returns,ROSE_returns,0.0
POND_returns,CKB_returns,0.0
POND_returns,TRAC_returns,0.0
POND_returns,QTUM_returns,0.0
POND_returns,ORDI_returns,0.0
POND_returns,LPT_returns,0.0
POND_returns,MASK_returns,0.0
POND_returns,ASTR_returns,0.0
POND_returns,ZRX_returns,0.0
POND_returns,VTHO_returns,0.0
POND_returns,ACH_returns,0.0
POND_returns,BAT_returns,0.0
POND_returns,CHEEL_returns,0.0
POND_returns,CHEX_returns,0.0
POND_returns,SNEK_returns,0.0
POND_returns,BORG_returns,0.0
POND_returns,KOGE_returns,0.0
POND_returns,IOTX_returns,0.0
POND_returns,CELO_returns,0.0
POND_returns,GAS_returns,0.0
POND_returns,ONE_returns,0.0
POND_returns,ID_returns,0.0
POND_returns,SUSHI_returns,0.0
POND_returns,CSPR_returns,0.0
POND_returns,HOT_returns,0.0
POND_returns,SC_returns,0.0
POND_returns,YFI_returns,0.0
POND_returns,RVN_returns,0.0
POND_returns,COW_returns,-0.007100451554473096
POND_returns,ANKR_returns,0.0
POND_returns,GOMINING_returns,0.0
POND_returns,XCH_returns,0.0
POND_returns,DGB_returns,0.0
POND_returns,T_returns,0.0
POND_returns,WOO_returns,0.0
POND_returns,ELF_returns,0.0
POND_returns,EUL_returns,0.0
POND_returns,ORCA_returns,0.0
POND_returns,KDA_returns,0.0
POND_returns,OSMO_returns,0.0
POND_returns,GMT_returns,0.34886154367232425
POND_returns,SNT_returns,0.0
POND_returns,GMX_returns,0.0
POND_returns,ENJ_returns,0.0
POND_returns,XYO_returns,0.0
POND_returns,POLYX_returns,0.0
POND_returns,ZIG_returns,0.0
POND_returns,ZEN_returns,0.0
POND_returns,COTI_returns,0.0
POND_returns,WEMIX_returns,0.0
POND_returns,SKL_returns,0.0
POND_returns,LCX_returns,0.0
POND_returns,WAVES_returns,0.0
POND_returns,CVC_returns,0.0
POND_returns,SWFTC_returns,0.0
POND_returns,LUNA_returns,0.0
POND_returns,HIVE_returns,0.0
POND_returns,RLB_returns,0.0
POND_returns,LRC_returns,0.28665963409845124
POND_returns,DAG_returns,0.0
POND_returns,ONT_returns,0.0
POND_returns,TRB_returns,0.0
POND_returns,XNO_returns,0.0
POND_returns,DLC_returns,0.0
POND_returns,METIS_returns,0.0
POND_returns,ICX_returns,0.2813594643747778
POND_returns,MYTH_returns,0.0
POND_returns,MPLX_returns,0.0
POND_returns,SXP_returns,0.0
POND_returns,XVG_returns,0.0
POND_returns,PEOPLE_returns,0.0
POND_returns,AWE_returns,0.0
POND_returns,REQ_returns,0.0
POND_returns,STORJ_returns,0.0
POND_returns,BAND_returns,0.0
POND_returns,WMTX_returns,0.0
POND_returns,CFG_returns,0.0
POND_returns,HONEY_returns,0.0
POND_returns,PRO_returns,0.0
POND_returns,PRIME_returns,0.0
POND_returns,VVS_returns,0.0
POND_returns,CPOOL_returns,0.0
POND_returns,YGG_returns,0.0
POND_returns,SSV_returns,0.0
POND_returns,CETUS_returns,0.0
POND_returns,CGPT_returns,0.0
POND_returns,STIK_returns,0.0
POND_returns,PHA_returns,0.38990073016373566
POND_returns,XVS_returns,0.0
POND_returns,KUB_returns,0.0
POND_returns,BICO_returns,0.0
POND_returns,UMA_returns,0.0
POND_returns,WAXP_returns,0.0
POND_returns,XPR_returns,0.0
POND_returns,RPL_returns,0.0
POND_returns,PUNDIX_returns,0.0
POND_returns,FLUX_returns,0.0
POND_returns,BORA_returns,0.0
POND_returns,POWR_returns,0.0
POND_returns,AUDIO_returns,0.0
POND_returns,PROM_returns,0.0
POND_returns,IOST_returns,0.0
POND_returns,ACX_returns,0.0
POND_returns,ARDR_returns,0.0
POND_returns,SPELL_returns,0.0
POND_returns,ORBR_returns,0.0
POND_returns,LSK_returns,0.0
POND_returns,XOR_returns,0.0
POND_returns,GLMR_returns,0.28846656738342724
POND_returns,BMX_returns,0.0
POND_returns,MVL_returns,0.0
POND_returns,ABT_returns,0.0
POND_returns,VELO_returns,0.0
POND_returns,IQ_returns,0.0
POND_returns,AGI_returns,0.0
POND_returns,WILD_returns,0.0
POND_returns,XEM_returns,0.0
POND_returns,LON_returns,0.0
POND_returns,POND_returns,0.0
POND_returns,ACT_returns,-0.004731181513129703
POND_returns,XRD_returns,0.0
POND_returns,RLC_returns,0.0
POND_returns,ILV_returns,0.0
POND_returns,FIDA_returns,0.0
POND_returns,BNT_returns,0.0
POND_returns,DENT_returns,0.0
POND_returns,ORBS_returns,0.0
POND_returns,ONG_returns,0.0
POND_returns,CHR_returns,0.0
POND_returns,HEART_returns,0.0
POND_returns,VANRY_returns,0.0
POND_returns,LQTY_returns,0.0
POND_returns,KEEP_returns,0.0
POND_returns,DKA_returns,0.0
POND_returns,ELON_returns,-0.0002214768432061978
POND_returns,ARK_returns,0.0
POND_returns,MLK_returns,0.0
POND_returns,AL_returns,0.0
POND_returns,JOE_returns,0.0
POND_returns,CELR_returns,0.0
POND_returns,STEEM_returns,0.0
POND_returns,BAL_returns,0.0
POND_returns,PCI_returns,0.0
POND_returns,MOVR_returns,0.0
POND_returns,AUCTION_returns,0.0
POND_returns,AERGO_returns,0.0
POND_returns,MED_returns,0.0
POND_returns,NMR_returns,0.0
POND_returns,API3_returns,0.0
POND_returns,AGLD_returns,0.0
POND_returns,BONE_returns,0.0
POND_returns,SLP_returns,0.0
POND_returns,MTL_returns,0.0
POND_returns,KNC_returns,0.0
POND_returns,CTSI_returns,0.0
POND_returns,BTRST_returns,0.0
POND_returns,SCRT_returns,0.0
POND_returns,OMI_returns,0.0
POND_returns,GEOD_returns,0.0
POND_returns,EDU_returns,0.0
POND_returns,0x0_returns,0.0
POND_returns,KUJI_returns,0.0
ACT_returns,CTC_returns,0.0
ACT_returns,MINA_returns,0.0
ACT_returns,DASH_returns,0.0
ACT_returns,SFP_returns,0.0
ACT_returns,BabyDoge_returns,0.0
ACT_returns,SNX_returns,0.0
ACT_returns,TFUEL_returns,0.0
ACT_returns,DCR_returns,0.0
ACT_returns,GLM_returns,0.0
ACT_returns,MX_returns,0.0
ACT_returns,ZIL_returns,0.0
ACT_returns,BLUR_returns,0.0
ACT_returns,ROSE_returns,0.0
ACT_returns,CKB_returns,0.0
ACT_returns,TRAC_returns,0.0
ACT_returns,QTUM_returns,0.0
ACT_returns,ORDI_returns,0.0
ACT_returns,LPT_returns,0.0
ACT_returns,MASK_returns,0.0
ACT_returns,ASTR_returns,0.0
ACT_returns,ZRX_returns,0.0
ACT_returns,VTHO_returns,0.0
ACT_returns,ACH_returns,0.0
ACT_returns,BAT_returns,0.0
ACT_returns,CHEEL_returns,0.0
ACT_returns,CHEX_returns,-0.038829186825620705
ACT_returns,SNEK_returns,-0.09397742510675969
ACT_returns,BORG_returns,0.0
ACT_returns,KOGE_returns,0.0
ACT_returns,IOTX_returns,-0.014577765158206413
ACT_returns,CELO_returns,0.0
ACT_returns,GAS_returns,0.0
ACT_returns,ONE_returns,0.0
ACT_returns,ID_returns,0.0
ACT_returns,SUSHI_returns,0.0
ACT_returns,CSPR_returns,-0.11589183120862448
ACT_returns,HOT_returns,0.0
ACT_returns,SC_returns,0.0
ACT_returns,YFI_returns,0.0
ACT_returns,RVN_returns,0.0
ACT_returns,COW_returns,0.0
ACT_returns,ANKR_returns,0.0
ACT_returns,GOMINING_returns,0.0
ACT_returns,XCH_returns,0.0
ACT_returns,DGB_returns,0.0
ACT_returns,T_returns,0.0
ACT_returns,WOO_returns,0.0
ACT_returns,ELF_returns,0.0
ACT_returns,EUL_returns,-0.07052711385509494
ACT_returns,ORCA_returns,0.0
ACT_returns,KDA_returns,0.0
ACT_returns,OSMO_returns,0.0
ACT_returns,GMT_returns,0.0
ACT_returns,SNT_returns,-0.032998129643865864
ACT_returns,GMX_returns,0.0
ACT_returns,ENJ_returns,0.0
ACT_returns,XYO_returns,0.0
ACT_returns,POLYX_returns,0.0
ACT_returns,ZIG_returns,0.0
ACT_returns,ZEN_returns,0.0
ACT_returns,COTI_returns,0.0
ACT_returns,WEMIX_returns,0.0
ACT_returns,SKL_returns,0.0
ACT_returns,LCX_returns,0.0
ACT_returns,WAVES_returns,0.0
ACT_returns,CVC_returns,0.0
ACT_returns,SWFTC_returns,-0.010873531006231592
ACT_returns,LUNA_returns,0.0
ACT_returns,HIVE_returns,0.14286843003649735
ACT_returns,RLB_returns,0.0
ACT_returns,LRC_returns,0.0
ACT_returns,DAG_returns,0.0
ACT_returns,ONT_returns,0.0
ACT_returns,TRB_returns,-0.016861982259757206
ACT_returns,XNO_returns,0.0
ACT_returns,DLC_returns,0.0
ACT_returns,METIS_returns,0.0
ACT_returns,ICX_returns,0.0
ACT_returns,MYTH_returns,0.0
ACT_returns,MPLX_returns,-0.04307950830292053
ACT_returns,SXP_returns,0.0
ACT_returns,XVG_returns,0.0
ACT_returns,PEOPLE_returns,0.0
ACT_returns,AWE_returns,0.0
ACT_returns,REQ_returns,0.0
ACT_returns,STORJ_returns,0.0
ACT_returns,BAND_returns,0.0
ACT_returns,WMTX_returns,-0.02081092888722852
ACT_returns,CFG_returns,0.0
ACT_returns,HONEY_returns,0.0
ACT_returns,PRO_returns,-0.028869225285926257
ACT_returns,PRIME_returns,0.0
ACT_returns,VVS_returns,0.1962268722069312
ACT_returns,CPOOL_returns,0.0
ACT_returns,YGG_returns,0.0
ACT_returns,SSV_returns,0.0
ACT_returns,CETUS_returns,-0.05974562830529034
ACT_returns,CGPT_returns,0.0
ACT_returns,STIK_returns,0.0
ACT_returns,PHA_returns,-0.005330730154330041
ACT_returns,XVS_returns,0.0
ACT_returns,KUB_returns,0.0
ACT_returns,BICO_returns,0.0
ACT_returns,UMA_returns,-0.0046685412275803435
ACT_returns,WAXP_returns,0.1569928578354787
ACT_returns,XPR_returns,0.0
ACT_returns,RPL_returns,0.0
ACT_returns,PUNDIX_returns,0.0
ACT_returns,FLUX_returns,0.0
ACT_returns,BORA_returns,0.14196266279775815
ACT_returns,POWR_returns,0.0
ACT_returns,AUDIO_returns,0.0
ACT_returns,PROM_returns,-0.05752516672979417
ACT_returns,IOST_returns,0.0
ACT_returns,ACX_returns,-0.062371260423287146
ACT_returns,ARDR_returns,0.0
ACT_returns,SPELL_returns,0.0
ACT_returns,ORBR_returns,0.0
ACT_returns,LSK_returns,0.0
ACT_returns,XOR_returns,0.0
ACT_returns,GLMR_returns,-0.012344095756088979
ACT_returns,BMX_returns,0.0
ACT_returns,MVL_returns,0.22796220014356808
ACT_returns,ABT_returns,-0.0014562291192974591
ACT_returns,VELO_returns,-0.0017585274378712351
ACT_returns,IQ_returns,0.0
ACT_returns,AGI_returns,0.0
ACT_returns,WILD_returns,0.0
ACT_returns,XEM_returns,0.0
ACT_returns,LON_returns,0.0
ACT_returns,POND_returns,-0.004731181513129703
ACT_returns,ACT_returns,0.0
ACT_returns,XRD_returns,0.0
ACT_returns,RLC_returns,0.0
ACT_returns,ILV_returns,0.0
ACT_returns,FIDA_returns,-0.016149082798723822
ACT_returns,BNT_returns,0.0
ACT_returns,DENT_returns,0.0
ACT_returns,ORBS_returns,0.0
ACT_returns,ONG_returns,0.0
ACT_returns,CHR_returns,0.0
ACT_returns,HEART_returns,0.0
ACT_returns,VANRY_returns,0.0
ACT_returns,LQTY_returns,0.0
ACT_returns,KEEP_returns,0.0
ACT_returns,DKA_returns,0.0
ACT_returns,ELON_returns,0.0
ACT_returns,ARK_returns,0.0
ACT_returns,MLK_returns,0.0
ACT_returns,AL_returns,0.0
ACT_returns,JOE_returns,0.0
ACT_returns,CELR_returns,0.0
ACT_returns,STEEM_returns,0.0
ACT_returns,BAL_returns,0.0
ACT_returns,PCI_returns,0.0
ACT_returns,MOVR_returns,-0.013636546705371332
ACT_returns,AUCTION_returns,0.0
ACT_returns,AERGO_returns,0.0
ACT_returns,MED_returns,0.16107108568406217
ACT_returns,NMR_returns,-0.00819533177060807
ACT_returns,API3_returns,-0.058347234113234475
ACT_returns,AGLD_returns,0.0
ACT_returns,BONE_returns,-0.025340059438420635
ACT_returns,SLP_returns,-0.00840213182577509
ACT_returns,MTL_returns,0.0
ACT_returns,KNC_returns,0.0
ACT_returns,CTSI_returns,0.0
ACT_returns,BTRST_returns,0.0
ACT_returns,SCRT_returns,-0.05894294497938002
ACT_returns,OMI_returns,0.0
ACT_returns,GEOD_returns,0.0
ACT_returns,EDU_returns,0.0
ACT_returns,0x0_returns,0.0
ACT_returns,KUJI_returns,-0.02898597519863546
XRD_returns,CTC_returns,0.0
XRD_returns,MINA_returns,0.0
XRD_returns,DASH_returns,0.0
XRD_returns,SFP_returns,0.0
XRD_returns,BabyDoge_returns,0.0
XRD_returns,SNX_returns,0.0
XRD_returns,TFUEL_returns,0.0
XRD_returns,DCR_returns,0.0
XRD_returns,GLM_returns,0.0
XRD_returns,MX_returns,0.24107846129218963
XRD_returns,ZIL_returns,0.0
XRD_returns,BLUR_returns,0.0
XRD_returns,ROSE_returns,0.0
XRD_returns,CKB_returns,0.0
XRD_returns,TRAC_returns,0.0
XRD_returns,QTUM_returns,0.0
XRD_returns,ORDI_returns,0.0
XRD_returns,LPT_returns,0.0
XRD_returns,MASK_returns,0.0
XRD_returns,ASTR_returns,0.0
XRD_returns,ZRX_returns,0.0
XRD_returns,VTHO_returns,0.0
XRD_returns,ACH_returns,0.0
XRD_returns,BAT_returns,0.0
XRD_returns,CHEEL_returns,0.0
XRD_returns,CHEX_returns,0.0
XRD_returns,SNEK_returns,0.0
XRD_returns,BORG_returns,0.0
XRD_returns,KOGE_returns,0.0
XRD_returns,IOTX_returns,0.0
XRD_returns,CELO_returns,0.0
XRD_returns,GAS_returns,0.0
XRD_returns,ONE_returns,0.0
XRD_returns,ID_returns,0.0
XRD_returns,SUSHI_returns,0.0
XRD_returns,CSPR_returns,0.0
XRD_returns,HOT_returns,0.0
XRD_returns,SC_returns,0.0
XRD_returns,YFI_returns,0.0
XRD_returns,RVN_returns,0.0
XRD_returns,COW_returns,0.0
XRD_returns,ANKR_returns,0.0
XRD_returns,GOMINING_returns,0.0
XRD_returns,XCH_returns,0.0
XRD_returns,DGB_returns,0.0
XRD_returns,T_returns,0.0
XRD_returns,WOO_returns,0.0
XRD_returns,ELF_returns,0.0
XRD_returns,EUL_returns,0.0
XRD_returns,ORCA_returns,0.0
XRD_returns,KDA_returns,0.2426624726445979
XRD_returns,OSMO_returns,0.0
XRD_returns,GMT_returns,0.0
XRD_returns,SNT_returns,0.0
XRD_returns,GMX_returns,0.0
XRD_returns,ENJ_returns,0.0
XRD_returns,XYO_returns,0.0
XRD_returns,POLYX_returns,0.0
XRD_returns,ZIG_returns,0.0
XRD_returns,ZEN_returns,0.0
XRD_returns,COTI_returns,0.0
XRD_returns,WEMIX_returns,0.0
XRD_returns,SKL_returns,0.0
XRD_returns,LCX_returns,0.0
XRD_returns,WAVES_returns,0.24145736176055232
XRD_returns,CVC_returns,0.0
XRD_returns,SWFTC_returns,0.0
XRD_returns,LUNA_returns,0.0
XRD_returns,HIVE_returns,0.0
XRD_returns,RLB_returns,0.0
XRD_returns,LRC_returns,0.0
XRD_returns,DAG_returns,0.0
XRD_returns,ONT_returns,0.0
XRD_returns,TRB_returns,0.0
XRD_returns,XNO_returns,0.2611940745582886
XRD_returns,DLC_returns,0.0
XRD_returns,METIS_returns,0.0
XRD_returns,ICX_returns,0.0
XRD_returns,MYTH_returns,0.0
XRD_returns,MPLX_returns,0.0
XRD_returns,SXP_returns,0.0
XRD_returns,XVG_returns,0.0
XRD_returns,PEOPLE_returns,0.0
XRD_returns,AWE_returns,0.0
XRD_returns,REQ_returns,0.0
XRD_returns,STORJ_returns,0.0
XRD_returns,BAND_returns,0.0
XRD_returns,WMTX_returns,0.0
XRD_returns,CFG_returns,0.0
XRD_returns,HONEY_returns,0.0
XRD_returns,PRO_returns,0.0
XRD_returns,PRIME_returns,0.0
XRD_returns,VVS_returns,0.0
XRD_returns,CPOOL_returns,0.0
XRD_returns,YGG_returns,0.0
XRD_returns,SSV_returns,0.0
XRD_returns,CETUS_returns,0.0
XRD_returns,CGPT_returns,0.0
XRD_returns,STIK_returns,0.0
XRD_returns,PHA_returns,0.0
XRD_returns,XVS_returns,0.0
XRD_returns,KUB_returns,0.0
XRD_returns,BICO_returns,0.0
XRD_returns,UMA_returns,0.0
XRD_returns,WAXP_returns,0.0
XRD_returns,XPR_returns,0.0
XRD_returns,RPL_returns,0.0
XRD_returns,PUNDIX_returns,0.0
XRD_returns,FLUX_returns,0.0
XRD_returns,BORA_returns,0.0
XRD_returns,POWR_returns,0.0
XRD_returns,AUDIO_returns,0.0
XRD_returns,PROM_returns,0.0
XRD_returns,IOST_returns,0.0
XRD_returns,ACX_returns,0.0
XRD_returns,ARDR_returns,0.0
XRD_returns,SPELL_returns,0.0
XRD_returns,ORBR_returns,-0.014647022359472617
XRD_returns,LSK_returns,0.0
XRD_returns,XOR_returns,-0.0010685062811719953
XRD_returns,GLMR_returns,0.0
XRD_returns,BMX_returns,0.0
XRD_returns,MVL_returns,0.0
XRD_returns,ABT_returns,0.0
XRD_returns,VELO_returns,0.0
XRD_returns,IQ_returns,0.0
XRD_returns,AGI_returns,0.0
XRD_returns,WILD_returns,0.0
XRD_returns,XEM_returns,0.0
XRD_returns,LON_returns,0.0
XRD_returns,POND_returns,0.0
XRD_returns,ACT_returns,0.0
XRD_returns,XRD_returns,0.0
XRD_returns,RLC_returns,0.0
XRD_returns,ILV_returns,0.0
XRD_returns,FIDA_returns,0.0
XRD_returns,BNT_returns,0.0
XRD_returns,DENT_returns,0.0
XRD_returns,ORBS_returns,0.0
XRD_returns,ONG_returns,0.0
XRD_returns,CHR_returns,0.0
XRD_returns,HEART_returns,0.0
XRD_returns,VANRY_returns,0.0
XRD_returns,LQTY_returns,0.0
XRD_returns,KEEP_returns,0.0
XRD_returns,DKA_returns,0.0
XRD_returns,ELON_returns,0.0
XRD_returns,ARK_returns,0.0
XRD_returns,MLK_returns,0.24689517610245054
XRD_returns,AL_returns,0.0
XRD_returns,JOE_returns,0.0
XRD_returns,CELR_returns,0.0
XRD_returns,STEEM_returns,0.0
XRD_returns,BAL_returns,0.0
XRD_returns,PCI_returns,0.0
XRD_returns,MOVR_returns,0.0
XRD_returns,AUCTION_returns,0.0
XRD_returns,AERGO_returns,0.0
XRD_returns,MED_returns,0.0
XRD_returns,NMR_returns,0.0
XRD_returns,API3_returns,0.0
XRD_returns,AGLD_returns,0.0
XRD_returns,BONE_returns,0.0
XRD_returns,SLP_returns,0.0
XRD_returns,MTL_returns,0.0
XRD_returns,KNC_returns,0.0
XRD_returns,CTSI_returns,0.0
XRD_returns,BTRST_returns,0.0
XRD_returns,SCRT_returns,0.24116724722508726
XRD_returns,OMI_returns,0.0
XRD_returns,GEOD_returns,0.0
XRD_returns,EDU_returns,0.0
XRD_returns,0x0_returns,0.0
XRD_returns,KUJI_returns,0.1967524622446178
RLC_returns,CTC_returns,0.0
RLC_returns,MINA_returns,0.0
RLC_returns,DASH_returns,0.0
RLC_returns,SFP_returns,0.0
RLC_returns,BabyDoge_returns,0.0
RLC_returns,SNX_returns,0.0
RLC_returns,TFUEL_returns,0.0
RLC_returns,DCR_returns,0.0
RLC_returns,GLM_returns,0.0
RLC_returns,MX_returns,0.0
RLC_returns,ZIL_returns,0.4680148370961323
RLC_returns,BLUR_returns,0.0
RLC_returns,ROSE_returns,0.0
RLC_returns,CKB_returns,0.0
RLC_returns,TRAC_returns,0.18688592759582856
RLC_returns,QTUM_returns,0.0
RLC_returns,ORDI_returns,0.0
RLC_returns,LPT_returns,0.0
RLC_returns,MASK_returns,0.0
RLC_returns,ASTR_returns,0.0
RLC_returns,ZRX_returns,0.0
RLC_returns,VTHO_returns,0.0
RLC_returns,ACH_returns,0.0
RLC_returns,BAT_returns,0.4752980368681831
RLC_returns,CHEEL_returns,0.0
RLC_returns,CHEX_returns,0.0
RLC_returns,SNEK_returns,0.0
RLC_returns,BORG_returns,0.0
RLC_returns,KOGE_returns,0.0
RLC_returns,IOTX_returns,0.0
RLC_returns,CELO_returns,0.0
RLC_returns,GAS_returns,0.0
RLC_returns,ONE_returns,0.0
RLC_returns,ID_returns,0.0
RLC_returns,SUSHI_returns,0.0
RLC_returns,CSPR_returns,0.0
RLC_returns,HOT_returns,0.0
RLC_returns,SC_returns,0.0
RLC_returns,YFI_returns,0.0
RLC_returns,RVN_returns,0.0
RLC_returns,COW_returns,0.0
RLC_returns,ANKR_returns,0.45033351052961984
RLC_returns,GOMINING_returns,0.0
RLC_returns,XCH_returns,0.0
RLC_returns,DGB_returns,0.0
RLC_returns,T_returns,0.0
RLC_returns,WOO_returns,0.0
RLC_returns,ELF_returns,0.0
RLC_returns,EUL_returns,0.0
RLC_returns,ORCA_returns,0.0
RLC_returns,KDA_returns,0.0
RLC_returns,OSMO_returns,0.0
RLC_returns,GMT_returns,0.0
RLC_returns,SNT_returns,0.0
RLC_returns,GMX_returns,0.0
RLC_returns,ENJ_returns,0.0
RLC_returns,XYO_returns,0.0
RLC_returns,POLYX_returns,0.0
RLC_returns,ZIG_returns,0.0
RLC_returns,ZEN_returns,0.0
RLC_returns,COTI_returns,0.0
RLC_returns,WEMIX_returns,0.0
RLC_returns,SKL_returns,0.0
RLC_returns,LCX_returns,0.0
RLC_returns,WAVES_returns,0.0
RLC_returns,CVC_returns,0.0
RLC_returns,SWFTC_returns,0.0
RLC_returns,LUNA_returns,0.0
RLC_returns,HIVE_returns,0.0
RLC_returns,RLB_returns,0.0
RLC_returns,LRC_returns,0.0
RLC_returns,DAG_returns,0.0
RLC_returns,ONT_returns,0.0
RLC_returns,TRB_returns,0.0
RLC_returns,XNO_returns,0.0
RLC_returns,DLC_returns,0.0
RLC_returns,METIS_returns,0.0
RLC_returns,ICX_returns,0.0
RLC_returns,MYTH_returns,0.0
RLC_returns,MPLX_returns,0.0
RLC_returns,SXP_returns,0.0
RLC_returns,XVG_returns,0.0
RLC_returns,PEOPLE_returns,0.0
RLC_returns,AWE_returns,0.0
RLC_returns,REQ_returns,0.0
RLC_returns,STORJ_returns,0.0
RLC_returns,BAND_returns,0.0
RLC_returns,WMTX_returns,0.0
RLC_returns,CFG_returns,0.0
RLC_returns,HONEY_returns,0.0
RLC_returns,PRO_returns,0.0
RLC_returns,PRIME_returns,0.0
RLC_returns,VVS_returns,0.0
RLC_returns,CPOOL_returns,0.0
RLC_returns,YGG_returns,0.0
RLC_returns,SSV_returns,0.0
RLC_returns,CETUS_returns,0.0
RLC_returns,CGPT_returns,0.0
RLC_returns,STIK_returns,-0.012992048237883295
RLC_returns,PHA_returns,0.0
RLC_returns,XVS_returns,0.0
RLC_returns,KUB_returns,0.0
RLC_returns,BICO_returns,0.0
RLC_returns,UMA_returns,0.4687023416800101
RLC_returns,WAXP_returns,0.0
RLC_returns,XPR_returns,0.0
RLC_returns,RPL_returns,0.0
RLC_returns,PUNDIX_returns,0.0
RLC_returns,FLUX_returns,0.0
RLC_returns,BORA_returns,0.0
RLC_returns,POWR_returns,0.0
RLC_returns,AUDIO_returns,0.0
RLC_returns,PROM_returns,0.0
RLC_returns,IOST_returns,0.0
RLC_returns,ACX_returns,0.0
RLC_returns,ARDR_returns,0.0
RLC_returns,SPELL_returns,0.0
RLC_returns,ORBR_returns,0.0
RLC_returns,LSK_returns,0.0
RLC_returns,XOR_returns,0.0
RLC_returns,GLMR_returns,0.0
RLC_returns,BMX_returns,0.0
RLC_returns,MVL_returns,0.0
RLC_returns,ABT_returns,-0.0029802289881884366
RLC_returns,VELO_returns,0.0
RLC_returns,IQ_returns,0.0
RLC_returns,AGI_returns,0.33309159131000654
RLC_returns,WILD_returns,0.0
RLC_returns,XEM_returns,0.0
RLC_returns,LON_returns,0.0
RLC_returns,POND_returns,0.0
RLC_returns,ACT_returns,0.0
RLC_returns,XRD_returns,0.0
RLC_returns,RLC_returns,0.0
RLC_returns,ILV_returns,0.0
RLC_returns,FIDA_returns,0.0
RLC_returns,BNT_returns,0.0
RLC_returns,DENT_returns,0.4590303213465661
RLC_returns,ORBS_returns,0.0
RLC_returns,ONG_returns,0.0
RLC_returns,CHR_returns,0.0
RLC_returns,HEART_returns,0.0
RLC_returns,VANRY_returns,0.0
RLC_returns,LQTY_returns,0.0
RLC_returns,KEEP_returns,0.0
RLC_returns,DKA_returns,0.0
RLC_returns,ELON_returns,0.0
RLC_returns,ARK_returns,0.0
RLC_returns,MLK_returns,0.0
RLC_returns,AL_returns,0.0
RLC_returns,JOE_returns,0.0
RLC_returns,CELR_returns,0.0
RLC_returns,STEEM_returns,0.0
RLC_returns,BAL_returns,0.0
RLC_returns,PCI_returns,0.0
RLC_returns,MOVR_returns,0.0
RLC_returns,AUCTION_returns,0.0
RLC_returns,AERGO_returns,0.0
RLC_returns,MED_returns,0.0
RLC_returns,NMR_returns,0.47035478615031234
RLC_returns,API3_returns,0.0
RLC_returns,AGLD_returns,0.0
RLC_returns,BONE_returns,0.0
RLC_returns,SLP_returns,0.0
RLC_returns,MTL_returns,0.0
RLC_returns,KNC_returns,0.0
RLC_returns,CTSI_returns,0.0
RLC_returns,BTRST_returns,0.0
RLC_returns,SCRT_returns,0.0
RLC_returns,OMI_returns,0.0
RLC_returns,GEOD_returns,0.0
RLC_returns,EDU_returns,0.0
RLC_returns,0x0_returns,0.0
RLC_returns,KUJI_returns,0.0
ILV_returns,CTC_returns,0.0
ILV_returns,MINA_returns,0.0
ILV_returns,DASH_returns,0.0
ILV_returns,SFP_returns,0.0
ILV_returns,BabyDoge_returns,0.0
ILV_returns,SNX_returns,0.0
ILV_returns,TFUEL_returns,0.0
ILV_returns,DCR_returns,0.0
ILV_returns,GLM_returns,0.0
ILV_returns,MX_returns,0.0
ILV_returns,ZIL_returns,0.0
ILV_returns,BLUR_returns,0.0
ILV_returns,ROSE_returns,0.45454570736231154
ILV_returns,CKB_returns,0.0
ILV_returns,TRAC_returns,0.0
ILV_returns,QTUM_returns,0.0
ILV_returns,ORDI_returns,0.0
ILV_returns,LPT_returns,0.0
ILV_returns,MASK_returns,0.0
ILV_returns,ASTR_returns,0.0
ILV_returns,ZRX_returns,0.0
ILV_returns,VTHO_returns,0.0
ILV_returns,ACH_returns,0.0
ILV_returns,BAT_returns,0.4015716366003034
ILV_returns,CHEEL_returns,-0.06170258559077354
ILV_returns,CHEX_returns,0.0
ILV_returns,SNEK_returns,0.0
ILV_returns,BORG_returns,0.0
ILV_returns,KOGE_returns,0.0
ILV_returns,IOTX_returns,0.0
ILV_returns,CELO_returns,0.0
ILV_returns,GAS_returns,0.0
ILV_returns,ONE_returns,0.43942931075485275
ILV_returns,ID_returns,0.0
ILV_returns,SUSHI_returns,0.0
ILV_returns,CSPR_returns,0.0
ILV_returns,HOT_returns,0.0
ILV_returns,SC_returns,0.0
ILV_returns,YFI_returns,0.0
ILV_returns,RVN_returns,0.0
ILV_returns,COW_returns,0.0
ILV_returns,ANKR_returns,0.0
ILV_returns,GOMINING_returns,-0.06275399440568821
ILV_returns,XCH_returns,0.0
ILV_returns,DGB_returns,0.0
ILV_returns,T_returns,0.0
ILV_returns,WOO_returns,0.0
ILV_returns,ELF_returns,0.0
ILV_returns,EUL_returns,0.0
ILV_returns,ORCA_returns,0.0
ILV_returns,KDA_returns,0.0
ILV_returns,OSMO_returns,0.0
ILV_returns,GMT_returns,0.0
ILV_returns,SNT_returns,0.0
ILV_returns,GMX_returns,0.0
ILV_returns,ENJ_returns,0.4679236178253784
ILV_returns,XYO_returns,0.0
ILV_returns,POLYX_returns,0.0
ILV_returns,ZIG_returns,0.16559890257620175
ILV_returns,ZEN_returns,0.0
ILV_returns,COTI_returns,0.0
ILV_returns,WEMIX_returns,0.0
ILV_returns,SKL_returns,0.0
ILV_returns,LCX_returns,0.0
ILV_returns,WAVES_returns,0.0
ILV_returns,CVC_returns,0.0
ILV_returns,SWFTC_returns,0.0
ILV_returns,LUNA_returns,0.0
ILV_returns,HIVE_returns,0.0
ILV_returns,RLB_returns,0.0
ILV_returns,LRC_returns,0.0
ILV_returns,DAG_returns,0.0
ILV_returns,ONT_returns,0.0
ILV_returns,TRB_returns,0.0
ILV_returns,XNO_returns,0.0
ILV_returns,DLC_returns,0.0
ILV_returns,METIS_returns,0.0
ILV_returns,ICX_returns,0.0
ILV_returns,MYTH_returns,0.0
ILV_returns,MPLX_returns,0.0
ILV_returns,SXP_returns,0.0
ILV_returns,XVG_returns,0.0
ILV_returns,PEOPLE_returns,0.0
ILV_returns,AWE_returns,0.0
ILV_returns,REQ_returns,0.0
ILV_returns,STORJ_returns,0.0
ILV_returns,BAND_returns,0.0
ILV_returns,WMTX_returns,0.0
ILV_returns,CFG_returns,0.0
ILV_returns,HONEY_returns,0.0
ILV_returns,PRO_returns,0.0
ILV_returns,PRIME_returns,0.2572858853052643
ILV_returns,VVS_returns,0.0
ILV_returns,CPOOL_returns,0.0
ILV_returns,YGG_returns,0.0
ILV_returns,SSV_returns,0.0
ILV_returns,CETUS_returns,0.0
ILV_returns,CGPT_returns,0.0
ILV_returns,STIK_returns,-0.11124268547048728
ILV_returns,PHA_returns,0.0
ILV_returns,XVS_returns,0.0
ILV_returns,KUB_returns,0.0
ILV_returns,BICO_returns,0.0
ILV_returns,UMA_returns,0.0
ILV_returns,WAXP_returns,0.0
ILV_returns,XPR_returns,0.0
ILV_returns,RPL_returns,0.0
ILV_returns,PUNDIX_returns,0.0
ILV_returns,FLUX_returns,0.0
ILV_returns,BORA_returns,0.0
ILV_returns,POWR_returns,0.0
ILV_returns,AUDIO_returns,0.0
ILV_returns,PROM_returns,0.0
ILV_returns,IOST_returns,0.0
ILV_returns,ACX_returns,0.0
ILV_returns,ARDR_returns,0.0
ILV_returns,SPELL_returns,0.0
ILV_returns,ORBR_returns,0.0
ILV_returns,LSK_returns,0.0
ILV_returns,XOR_returns,0.0
ILV_returns,GLMR_returns,0.0
ILV_returns,BMX_returns,0.0
ILV_returns,MVL_returns,0.0
ILV_returns,ABT_returns,0.0
ILV_returns,VELO_returns,0.0
ILV_returns,IQ_returns,0.0
ILV_returns,AGI_returns,0.0
ILV_returns,WILD_returns,0.0
ILV_returns,XEM_returns,0.0
ILV_returns,LON_returns,-0.10837328866051049
ILV_returns,POND_returns,0.0
ILV_returns,ACT_returns,0.0
ILV_returns,XRD_returns,0.0
ILV_returns,RLC_returns,0.0
ILV_returns,ILV_returns,0.0
ILV_returns,FIDA_returns,0.0
ILV_returns,BNT_returns,0.0
ILV_returns,DENT_returns,0.40726934497235684
ILV_returns,ORBS_returns,0.0
ILV_returns,ONG_returns,0.0
ILV_returns,CHR_returns,0.0
ILV_returns,HEART_returns,0.0
ILV_returns,VANRY_returns,0.0
ILV_returns,LQTY_returns,0.0
ILV_returns,KEEP_returns,0.0
ILV_returns,DKA_returns,0.0
ILV_returns,ELON_returns,0.0
ILV_returns,ARK_returns,0.0
ILV_returns,MLK_returns,0.0
ILV_returns,AL_returns,0.0
ILV_returns,JOE_returns,0.0
ILV_returns,CELR_returns,0.4010266805004824
ILV_returns,STEEM_returns,0.0
ILV_returns,BAL_returns,0.0
ILV_returns,PCI_returns,0.0
ILV_returns,MOVR_returns,0.0
ILV_returns,AUCTION_returns,0.0
ILV_returns,AERGO_returns,0.0
ILV_returns,MED_returns,0.0
ILV_returns,NMR_returns,0.0
ILV_returns,API3_returns,0.0
ILV_returns,AGLD_returns,0.0
ILV_returns,BONE_returns,0.0
ILV_returns,SLP_returns,0.0
ILV_returns,MTL_returns,0.0
ILV_returns,KNC_returns,0.0
ILV_returns,CTSI_returns,0.0
ILV_returns,BTRST_returns,0.0
ILV_returns,SCRT_returns,0.0
ILV_returns,OMI_returns,-0.051141025349714216
ILV_returns,GEOD_returns,-0.030604474321158343
ILV_returns,EDU_returns,0.0
ILV_returns,0x0_returns,0.0
ILV_returns,KUJI_returns,0.0
FIDA_returns,CTC_returns,0.0
FIDA_returns,MINA_returns,0.0
FIDA_returns,DASH_returns,0.0
FIDA_returns,SFP_returns,0.0
FIDA_returns,BabyDoge_returns,0.0
FIDA_returns,SNX_returns,0.0
FIDA_returns,TFUEL_returns,0.0
FIDA_returns,DCR_returns,0.0
FIDA_returns,GLM_returns,0.0
FIDA_returns,MX_returns,0.0
FIDA_returns,ZIL_returns,0.0
FIDA_returns,BLUR_returns,0.0
FIDA_returns,ROSE_returns,0.4061270301882324
FIDA_returns,CKB_returns,0.0
FIDA_returns,TRAC_returns,0.0
FIDA_returns,QTUM_returns,0.0
FIDA_returns,ORDI_returns,0.0
FIDA_returns,LPT_returns,0.0
FIDA_returns,MASK_returns,0.0
FIDA_returns,ASTR_returns,0.0
FIDA_returns,ZRX_returns,0.0
FIDA_returns,VTHO_returns,0.0
FIDA_returns,ACH_returns,0.0
FIDA_returns,BAT_returns,0.0
FIDA_returns,CHEEL_returns,-0.028603950468991866
FIDA_returns,CHEX_returns,0.0
FIDA_returns,SNEK_returns,0.0
FIDA_returns,BORG_returns,0.0
FIDA_returns,KOGE_returns,0.0
FIDA_returns,IOTX_returns,0.0
FIDA_returns,CELO_returns,0.0
FIDA_returns,GAS_returns,0.0
FIDA_returns,ONE_returns,0.0
FIDA_returns,ID_returns,0.0
FIDA_returns,SUSHI_returns,0.0
FIDA_returns,CSPR_returns,0.0
FIDA_returns,HOT_returns,0.38758292788399845
FIDA_returns,SC_returns,0.0
FIDA_returns,YFI_returns,0.0
FIDA_returns,RVN_returns,0.0
FIDA_returns,COW_returns,0.0
FIDA_returns,ANKR_returns,0.39315662802559925
FIDA_returns,GOMINING_returns,-0.008608074421531577
FIDA_returns,XCH_returns,0.0
FIDA_returns,DGB_returns,0.0
FIDA_returns,T_returns,0.0
FIDA_returns,WOO_returns,0.0
FIDA_returns,ELF_returns,0.0
FIDA_returns,EUL_returns,0.0
FIDA_returns,ORCA_returns,0.22366135186386793
FIDA_returns,KDA_returns,0.0
FIDA_returns,OSMO_returns,0.0
FIDA_returns,GMT_returns,0.0
FIDA_returns,SNT_returns,0.0
FIDA_returns,GMX_returns,0.0
FIDA_returns,ENJ_returns,0.0
FIDA_returns,XYO_returns,0.0
FIDA_returns,POLYX_returns,0.0
FIDA_returns,ZIG_returns,0.0
FIDA_returns,ZEN_returns,0.0
FIDA_returns,COTI_returns,0.0
FIDA_returns,WEMIX_returns,0.0
FIDA_returns,SKL_returns,0.0
FIDA_returns,LCX_returns,0.0
FIDA_returns,WAVES_returns,0.0
FIDA_returns,CVC_returns,0.0
FIDA_returns,SWFTC_returns,0.0
FIDA_returns,LUNA_returns,0.0
FIDA_returns,HIVE_returns,0.0
FIDA_returns,RLB_returns,0.0
FIDA_returns,LRC_returns,0.0
FIDA_returns,DAG_returns,0.0
FIDA_returns,ONT_returns,0.0
FIDA_returns,TRB_returns,0.0
FIDA_returns,XNO_returns,0.0
FIDA_returns,DLC_returns,0.0
FIDA_returns,METIS_returns,0.0
FIDA_returns,ICX_returns,0.0
FIDA_returns,MYTH_returns,0.0
FIDA_returns,MPLX_returns,0.0
FIDA_returns,SXP_returns,0.4401748678558934
FIDA_returns,XVG_returns,0.0
FIDA_returns,PEOPLE_returns,0.0
FIDA_returns,AWE_returns,0.0
FIDA_returns,REQ_returns,0.0
FIDA_returns,STORJ_returns,0.0
FIDA_returns,BAND_returns,0.0
FIDA_returns,WMTX_returns,0.0
FIDA_returns,CFG_returns,0.0
FIDA_returns,HONEY_returns,0.0
FIDA_returns,PRO_returns,0.0
FIDA_returns,PRIME_returns,0.24587575031153028
FIDA_returns,VVS_returns,0.0
FIDA_returns,CPOOL_returns,0.0
FIDA_returns,YGG_returns,0.0
FIDA_returns,SSV_returns,0.0
FIDA_returns,CETUS_returns,0.0
FIDA_returns,CGPT_returns,0.0
FIDA_returns,STIK_returns,-0.05522787019834932
FIDA_returns,PHA_returns,0.0
FIDA_returns,XVS_returns,0.0
FIDA_returns,KUB_returns,0.0
FIDA_returns,BICO_returns,0.0
FIDA_returns,UMA_returns,0.0
FIDA_returns,WAXP_returns,0.0
FIDA_returns,XPR_returns,0.0
FIDA_returns,RPL_returns,0.0
FIDA_returns,PUNDIX_returns,0.0
FIDA_returns,FLUX_returns,0.0
FIDA_returns,BORA_returns,0.0
FIDA_returns,POWR_returns,0.0
FIDA_returns,AUDIO_returns,0.0
FIDA_returns,PROM_returns,0.0
FIDA_returns,IOST_returns,0.0
FIDA_returns,ACX_returns,0.0
FIDA_returns,ARDR_returns,0.0
FIDA_returns,SPELL_returns,0.0
FIDA_returns,ORBR_returns,0.0
FIDA_returns,LSK_returns,0.0
FIDA_returns,XOR_returns,0.0
FIDA_returns,GLMR_returns,0.0
FIDA_returns,BMX_returns,-0.02422198997288217
FIDA_returns,MVL_returns,0.0
FIDA_returns,ABT_returns,0.0
FIDA_returns,VELO_returns,0.0
FIDA_returns,IQ_returns,0.0
FIDA_returns,AGI_returns,0.0
FIDA_returns,WILD_returns,0.0
FIDA_returns,XEM_returns,0.0
FIDA_returns,LON_returns,0.0
FIDA_returns,POND_returns,0.0
FIDA_returns,ACT_returns,-0.016149082798723822
FIDA_returns,XRD_returns,0.0
FIDA_returns,RLC_returns,0.0
FIDA_returns,ILV_returns,0.0
FIDA_returns,FIDA_returns,0.0
FIDA_returns,BNT_returns,0.0
FIDA_returns,DENT_returns,0.395120920642224
FIDA_returns,ORBS_returns,0.0
FIDA_returns,ONG_returns,0.0
FIDA_returns,CHR_returns,0.0
FIDA_returns,HEART_returns,0.0
FIDA_returns,VANRY_returns,0.0
FIDA_returns,LQTY_returns,0.0
FIDA_returns,KEEP_returns,0.0
FIDA_returns,DKA_returns,0.0
FIDA_returns,ELON_returns,0.0
FIDA_returns,ARK_returns,0.0
FIDA_returns,MLK_returns,0.0
FIDA_returns,AL_returns,0.0
FIDA_returns,JOE_returns,0.40035487581635765
FIDA_returns,CELR_returns,0.0
FIDA_returns,STEEM_returns,0.0
FIDA_returns,BAL_returns,0.0
FIDA_returns,PCI_returns,0.0
FIDA_returns,MOVR_returns,0.0
FIDA_returns,AUCTION_returns,0.0
FIDA_returns,AERGO_returns,0.0
FIDA_returns,MED_returns,0.0
FIDA_returns,NMR_returns,0.0
FIDA_returns,API3_returns,0.0
FIDA_returns,AGLD_returns,0.0
FIDA_returns,BONE_returns,0.0
FIDA_returns,SLP_returns,0.0
FIDA_returns,MTL_returns,0.0
FIDA_returns,KNC_returns,0.0
FIDA_returns,CTSI_returns,0.0
FIDA_returns,BTRST_returns,0.0
FIDA_returns,SCRT_returns,0.0
FIDA_returns,OMI_returns,0.0
FIDA_returns,GEOD_returns,0.0
FIDA_returns,EDU_returns,0.0
FIDA_returns,0x0_returns,0.16059758934064902
FIDA_returns,KUJI_returns,0.0
BNT_returns,CTC_returns,0.0
BNT_returns,MINA_returns,0.0
BNT_returns,DASH_returns,0.0
BNT_returns,SFP_returns,0.0
BNT_returns,BabyDoge_returns,0.0
BNT_returns,SNX_returns,0.3003434891717773
BNT_returns,TFUEL_returns,0.0
BNT_returns,DCR_returns,0.0
BNT_returns,GLM_returns,0.0
BNT_returns,MX_returns,0.0
BNT_returns,ZIL_returns,0.29450354783645705
BNT_returns,BLUR_returns,0.0
BNT_returns,ROSE_returns,0.0
BNT_returns,CKB_returns,0.0
BNT_returns,TRAC_returns,0.0
BNT_returns,QTUM_returns,0.0
BNT_returns,ORDI_returns,0.0
BNT_returns,LPT_returns,0.0
BNT_returns,MASK_returns,0.0
BNT_returns,ASTR_returns,0.2995755084196064
BNT_returns,ZRX_returns,0.0
BNT_returns,VTHO_returns,0.0
BNT_returns,ACH_returns,0.0
BNT_returns,BAT_returns,0.33021280363763317
BNT_returns,CHEEL_returns,0.0
BNT_returns,CHEX_returns,0.0
BNT_returns,SNEK_returns,0.0
BNT_returns,BORG_returns,0.0
BNT_returns,KOGE_returns,0.0
BNT_returns,IOTX_returns,0.0
BNT_returns,CELO_returns,0.0
BNT_returns,GAS_returns,0.0
BNT_returns,ONE_returns,0.0
BNT_returns,ID_returns,0.0
BNT_returns,SUSHI_returns,0.0
BNT_returns,CSPR_returns,0.0
BNT_returns,HOT_returns,0.0
BNT_returns,SC_returns,0.0
BNT_returns,YFI_returns,0.0
BNT_returns,RVN_returns,0.0
BNT_returns,COW_returns,0.0
BNT_returns,ANKR_returns,0.0
BNT_returns,GOMINING_returns,0.0
BNT_returns,XCH_returns,0.0
BNT_returns,DGB_returns,0.0
BNT_returns,T_returns,0.0
BNT_returns,WOO_returns,0.0
BNT_returns,ELF_returns,0.0
BNT_returns,EUL_returns,0.0
BNT_returns,ORCA_returns,0.0
BNT_returns,KDA_returns,0.0
BNT_returns,OSMO_returns,0.0
BNT_returns,GMT_returns,0.0
BNT_returns,SNT_returns,0.0
BNT_returns,GMX_returns,0.0
BNT_returns,ENJ_returns,0.0
BNT_returns,XYO_returns,0.0
BNT_returns,POLYX_returns,0.0
BNT_returns,ZIG_returns,0.0
BNT_returns,ZEN_returns,0.0
BNT_returns,COTI_returns,0.0
BNT_returns,WEMIX_returns,0.0
BNT_returns,SKL_returns,0.0
BNT_returns,LCX_returns,0.0
BNT_returns,WAVES_returns,0.0
BNT_returns,CVC_returns,0.0
BNT_returns,SWFTC_returns,0.0
BNT_returns,LUNA_returns,0.0
BNT_returns,HIVE_returns,0.0
BNT_returns,RLB_returns,0.0
BNT_returns,LRC_returns,0.0
BNT_returns,DAG_returns,0.0
BNT_returns,ONT_returns,0.0
BNT_returns,TRB_returns,0.0
BNT_returns,XNO_returns,0.0
BNT_returns,DLC_returns,0.0
BNT_returns,METIS_returns,0.0
BNT_returns,ICX_returns,0.3244713461870056
BNT_returns,MYTH_returns,0.0
BNT_returns,MPLX_returns,0.0
BNT_returns,SXP_returns,0.0
BNT_returns,XVG_returns,0.0
BNT_returns,PEOPLE_returns,0.0
BNT_returns,AWE_returns,0.0
BNT_returns,REQ_returns,0.0
BNT_returns,STORJ_returns,0.0
BNT_returns,BAND_returns,0.2924923617323698
BNT_returns,WMTX_returns,0.0
BNT_returns,CFG_returns,0.0
BNT_returns,HONEY_returns,0.0
BNT_returns,PRO_returns,0.0
BNT_returns,PRIME_returns,0.0
BNT_returns,VVS_returns,0.0
BNT_returns,CPOOL_returns,0.0
BNT_returns,YGG_returns,0.0
BNT_returns,SSV_returns,0.0
BNT_returns,CETUS_returns,0.0
BNT_returns,CGPT_returns,0.0
BNT_returns,STIK_returns,-0.0034186391803091463
BNT_returns,PHA_returns,0.0
BNT_returns,XVS_returns,0.0
BNT_returns,KUB_returns,0.0
BNT_returns,BICO_returns,0.0
BNT_returns,UMA_returns,0.0
BNT_returns,WAXP_returns,0.0
BNT_returns,XPR_returns,0.0
BNT_returns,RPL_returns,0.0
BNT_returns,PUNDIX_returns,0.0
BNT_returns,FLUX_returns,0.0
BNT_returns,BORA_returns,0.0
BNT_returns,POWR_returns,0.0
BNT_returns,AUDIO_returns,0.0
BNT_returns,PROM_returns,0.0
BNT_returns,IOST_returns,0.0
BNT_returns,ACX_returns,0.0
BNT_returns,ARDR_returns,0.0
BNT_returns,SPELL_returns,0.0
BNT_returns,ORBR_returns,0.0
BNT_returns,LSK_returns,0.0
BNT_returns,XOR_returns,-0.010957189519657141
BNT_returns,GLMR_returns,0.0
BNT_returns,BMX_returns,0.0
BNT_returns,MVL_returns,0.0
BNT_returns,ABT_returns,0.0
BNT_returns,VELO_returns,0.0
BNT_returns,IQ_returns,0.0
BNT_returns,AGI_returns,0.0
BNT_returns,WILD_returns,0.0
BNT_returns,XEM_returns,0.0
BNT_returns,LON_returns,0.0
BNT_returns,POND_returns,0.0
BNT_returns,ACT_returns,0.0
BNT_returns,XRD_returns,0.0
BNT_returns,RLC_returns,0.0
BNT_returns,ILV_returns,0.0
BNT_returns,FIDA_returns,0.0
BNT_returns,BNT_returns,0.0
BNT_returns,DENT_returns,0.0
BNT_returns,ORBS_returns,0.0
BNT_returns,ONG_returns,0.0
BNT_returns,CHR_returns,0.0
BNT_returns,HEART_returns,0.0
BNT_returns,VANRY_returns,0.0
BNT_returns,LQTY_returns,0.0
BNT_returns,KEEP_returns,0.0
BNT_returns,DKA_returns,0.0
BNT_returns,ELON_returns,0.0
BNT_returns,ARK_returns,0.0
BNT_returns,MLK_returns,0.0
BNT_returns,AL_returns,0.0
BNT_returns,JOE_returns,0.0
BNT_returns,CELR_returns,0.0
BNT_returns,STEEM_returns,0.0
BNT_returns,BAL_returns,0.0
BNT_returns,PCI_returns,0.0
BNT_returns,MOVR_returns,0.0
BNT_returns,AUCTION_returns,0.0
BNT_returns,AERGO_returns,0.0
BNT_returns,MED_returns,0.0
BNT_returns,NMR_returns,0.0
BNT_returns,API3_returns,0.0
BNT_returns,AGLD_returns,0.0
BNT_returns,BONE_returns,0.0
BNT_returns,SLP_returns,0.0
BNT_returns,MTL_returns,0.0
BNT_returns,KNC_returns,0.0
BNT_returns,CTSI_returns,0.0
BNT_returns,BTRST_returns,0.0
BNT_returns,SCRT_returns,0.0
BNT_returns,OMI_returns,0.0
BNT_returns,GEOD_returns,0.0
BNT_returns,EDU_returns,0.0
BNT_returns,0x0_returns,-0.001748377186003769
BNT_returns,KUJI_returns,0.0
DENT_returns,CTC_returns,0.0
DENT_returns,MINA_returns,0.5025239293211091
DENT_returns,DASH_returns,0.5782455390450288
DENT_returns,SFP_returns,0.0
DENT_returns,BabyDoge_returns,0.0
DENT_returns,SNX_returns,0.4821052797077817
DENT_returns,TFUEL_returns,0.0
DENT_returns,DCR_returns,0.0
DENT_returns,GLM_returns,0.0
DENT_returns,MX_returns,0.0
DENT_returns,ZIL_returns,0.674352349401452
DENT_returns,BLUR_returns,0.40757128411780974
DENT_returns,ROSE_returns,0.570859111535449
DENT_returns,CKB_returns,0.38189858006753863
DENT_returns,TRAC_returns,0.0
DENT_returns,QTUM_returns,0.0
DENT_returns,ORDI_returns,0.31480458498116354
DENT_returns,LPT_returns,0.350982954486642
DENT_returns,MASK_returns,0.0
DENT_returns,ASTR_returns,0.4348615409193898
DENT_returns,ZRX_returns,0.0
DENT_returns,VTHO_returns,0.34059951066898514
DENT_returns,ACH_returns,0.3893894044399783
DENT_returns,BAT_returns,0.6377892394135983
DENT_returns,CHEEL_returns,0.0
DENT_returns,CHEX_returns,0.0
DENT_returns,SNEK_returns,0.2125926736532103
DENT_returns,BORG_returns,0.0
DENT_returns,KOGE_returns,0.0
DENT_returns,IOTX_returns,0.4111567407360451
DENT_returns,CELO_returns,0.0
DENT_returns,GAS_returns,0.0
DENT_returns,ONE_returns,0.6087027838837796
DENT_returns,ID_returns,0.0
DENT_returns,SUSHI_returns,0.451927830878665
DENT_returns,CSPR_returns,0.0
DENT_returns,HOT_returns,0.6752328249827858
DENT_returns,SC_returns,0.0
DENT_returns,YFI_returns,0.0
DENT_returns,RVN_returns,0.5038001412845253
DENT_returns,COW_returns,0.0
DENT_returns,ANKR_returns,0.0
DENT_returns,GOMINING_returns,0.0
DENT_returns,XCH_returns,0.37102032276447894
DENT_returns,DGB_returns,0.3698203919745458
DENT_returns,T_returns,0.0
DENT_returns,WOO_returns,0.4776847902526654
DENT_returns,ELF_returns,0.0
DENT_returns,EUL_returns,0.0
DENT_returns,ORCA_returns,0.0
DENT_returns,KDA_returns,0.5171794968122975
DENT_returns,OSMO_returns,0.4121028974778022
DENT_returns,GMT_returns,0.44685144541009564
DENT_returns,SNT_returns,0.0
DENT_returns,GMX_returns,0.37896171870585804
DENT_returns,ENJ_returns,0.6367346193430427
DENT_returns,XYO_returns,0.0
DENT_returns,POLYX_returns,0.0
DENT_returns,ZIG_returns,0.0
DENT_returns,ZEN_returns,0.38630168952477184
DENT_returns,COTI_returns,0.0
DENT_returns,WEMIX_returns,0.0
DENT_returns,SKL_returns,0.0
DENT_returns,LCX_returns,0.0
DENT_returns,WAVES_returns,0.0
DENT_returns,CVC_returns,0.0
DENT_returns,SWFTC_returns,0.0
DENT_returns,LUNA_returns,0.0
DENT_returns,HIVE_returns,0.0
DENT_returns,RLB_returns,0.0
DENT_returns,LRC_returns,0.0
DENT_returns,DAG_returns,0.0
DENT_returns,ONT_returns,0.0
DENT_returns,TRB_returns,0.3302272416457326
DENT_returns,XNO_returns,0.0
DENT_returns,DLC_returns,0.0
DENT_returns,METIS_returns,0.0
DENT_returns,ICX_returns,0.0
DENT_returns,MYTH_returns,0.0
DENT_returns,MPLX_returns,0.0
DENT_returns,SXP_returns,0.0
DENT_returns,XVG_returns,0.3300759000959212
DENT_returns,PEOPLE_returns,0.0
DENT_returns,AWE_returns,0.0
DENT_returns,REQ_returns,0.0
DENT_returns,STORJ_returns,0.0
DENT_returns,BAND_returns,0.554765829406956
DENT_returns,WMTX_returns,0.2938983221597647
DENT_returns,CFG_returns,0.0
DENT_returns,HONEY_returns,0.0
DENT_returns,PRO_returns,0.0
DENT_returns,PRIME_returns,0.21651442278234156
DENT_returns,VVS_returns,0.0
DENT_returns,CPOOL_returns,0.0
DENT_returns,YGG_returns,0.0
DENT_returns,SSV_returns,0.0
DENT_returns,CETUS_returns,0.0
DENT_returns,CGPT_returns,0.0
DENT_returns,STIK_returns,-0.07315968017791809
DENT_returns,PHA_returns,0.0
DENT_returns,XVS_returns,0.3757777292921507
DENT_returns,KUB_returns,0.0
DENT_returns,BICO_returns,0.41236162442205143
DENT_returns,UMA_returns,0.3482887874719306
DENT_returns,WAXP_returns,0.0
DENT_returns,XPR_returns,0.0
DENT_returns,RPL_returns,0.0
DENT_returns,PUNDIX_returns,0.0
DENT_returns,FLUX_returns,0.0
DENT_returns,BORA_returns,0.0
DENT_returns,POWR_returns,0.0
DENT_returns,AUDIO_returns,0.45816932354462153
DENT_returns,PROM_returns,0.0
DENT_returns,IOST_returns,0.0
DENT_returns,ACX_returns,0.0
DENT_returns,ARDR_returns,0.0
DENT_returns,SPELL_returns,0.37907873488498567
DENT_returns,ORBR_returns,0.0
DENT_returns,LSK_returns,0.0
DENT_returns,XOR_returns,0.0
DENT_returns,GLMR_returns,0.4485098856087892
DENT_returns,BMX_returns,0.0
DENT_returns,MVL_returns,0.0
DENT_returns,ABT_returns,0.0
DENT_returns,VELO_returns,0.0
DENT_returns,IQ_returns,0.0
DENT_returns,AGI_returns,0.0
DENT_returns,WILD_returns,0.0
DENT_returns,XEM_returns,0.0
DENT_returns,LON_returns,-0.002858343925272444
DENT_returns,POND_returns,0.0
DENT_returns,ACT_returns,0.0
DENT_returns,XRD_returns,0.0
DENT_returns,RLC_returns,0.4590303213465661
DENT_returns,ILV_returns,0.40726934497235684
DENT_returns,FIDA_returns,0.395120920642224
DENT_returns,BNT_returns,0.0
DENT_returns,DENT_returns,0.0
DENT_returns,ORBS_returns,0.0
DENT_returns,ONG_returns,0.0
DENT_returns,CHR_returns,0.4573905123470451
DENT_returns,HEART_returns,0.0
DENT_returns,VANRY_returns,0.0
DENT_returns,LQTY_returns,0.33055028546524234
DENT_returns,KEEP_returns,0.0
DENT_returns,DKA_returns,0.0
DENT_returns,ELON_returns,0.1919128709178941
DENT_returns,ARK_returns,0.0
DENT_returns,MLK_returns,0.0
DENT_returns,AL_returns,0.0
DENT_returns,JOE_returns,0.48920626744929796
DENT_returns,CELR_returns,0.6174331984611261
DENT_returns,STEEM_returns,0.0
DENT_returns,BAL_returns,0.0
DENT_returns,PCI_returns,0.0
DENT_returns,MOVR_returns,0.3851697743002406
DENT_returns,AUCTION_returns,0.0
DENT_returns,AERGO_returns,0.0
DENT_returns,MED_returns,0.0
DENT_returns,NMR_returns,0.3755551214004366
DENT_returns,API3_returns,0.39085951450039674
DENT_returns,AGLD_returns,0.1987724864690286
DENT_returns,BONE_returns,0.25011544446398565
DENT_returns,SLP_returns,0.0
DENT_returns,MTL_returns,0.0
DENT_returns,KNC_returns,0.0
DENT_returns,CTSI_returns,0.5233171126185
DENT_returns,BTRST_returns,0.0
DENT_returns,SCRT_returns,0.0
DENT_returns,OMI_returns,0.0
DENT_returns,GEOD_returns,0.0
DENT_returns,EDU_returns,0.45493146401491485
DENT_returns,0x0_returns,0.0
DENT_returns,KUJI_returns,0.0
ORBS_returns,CTC_returns,0.0
ORBS_returns,MINA_returns,0.0
ORBS_returns,DASH_returns,0.0
ORBS_returns,SFP_returns,0.0
ORBS_returns,BabyDoge_returns,0.0
ORBS_returns,SNX_returns,0.0
ORBS_returns,TFUEL_returns,0.0
ORBS_returns,DCR_returns,0.0
ORBS_returns,GLM_returns,0.0
ORBS_returns,MX_returns,0.0
ORBS_returns,ZIL_returns,0.0
ORBS_returns,BLUR_returns,0.0
ORBS_returns,ROSE_returns,0.0
ORBS_returns,CKB_returns,0.0
ORBS_returns,TRAC_returns,0.0
ORBS_returns,QTUM_returns,0.0
ORBS_returns,ORDI_returns,0.0
ORBS_returns,LPT_returns,0.0
ORBS_returns,MASK_returns,0.0
ORBS_returns,ASTR_returns,0.0
ORBS_returns,ZRX_returns,0.0
ORBS_returns,VTHO_returns,0.0
ORBS_returns,ACH_returns,0.0
ORBS_returns,BAT_returns,0.40837113676738923
ORBS_returns,CHEEL_returns,0.0
ORBS_returns,CHEX_returns,0.0
ORBS_returns,SNEK_returns,0.0
ORBS_returns,BORG_returns,0.0
ORBS_returns,KOGE_returns,0.0
ORBS_returns,IOTX_returns,0.0
ORBS_returns,CELO_returns,0.0
ORBS_returns,GAS_returns,0.0
ORBS_returns,ONE_returns,0.0
ORBS_returns,ID_returns,0.0
ORBS_returns,SUSHI_returns,0.0
ORBS_returns,CSPR_returns,0.0
ORBS_returns,HOT_returns,0.0
ORBS_returns,SC_returns,0.0
ORBS_returns,YFI_returns,0.0
ORBS_returns,RVN_returns,0.0
ORBS_returns,COW_returns,0.0
ORBS_returns,ANKR_returns,0.0
ORBS_returns,GOMINING_returns,0.0
ORBS_returns,XCH_returns,0.0
ORBS_returns,DGB_returns,0.0
ORBS_returns,T_returns,0.0
ORBS_returns,WOO_returns,0.0
ORBS_returns,ELF_returns,0.0
ORBS_returns,EUL_returns,0.0
ORBS_returns,ORCA_returns,0.0
ORBS_returns,KDA_returns,0.0
ORBS_returns,OSMO_returns,0.0
ORBS_returns,GMT_returns,0.0
ORBS_returns,SNT_returns,0.0
ORBS_returns,GMX_returns,0.0
ORBS_returns,ENJ_returns,0.0
ORBS_returns,XYO_returns,0.0
ORBS_returns,POLYX_returns,0.0
ORBS_returns,ZIG_returns,0.0
ORBS_returns,ZEN_returns,0.0
ORBS_returns,COTI_returns,0.0
ORBS_returns,WEMIX_returns,0.0
ORBS_returns,SKL_returns,0.0
ORBS_returns,LCX_returns,0.0
ORBS_returns,WAVES_returns,0.0
ORBS_returns,CVC_returns,0.0
ORBS_returns,SWFTC_returns,0.0
ORBS_returns,LUNA_returns,0.0
ORBS_returns,HIVE_returns,0.0
ORBS_returns,RLB_returns,0.0
ORBS_returns,LRC_returns,0.0
ORBS_returns,DAG_returns,0.0
ORBS_returns,ONT_returns,0.0
ORBS_returns,TRB_returns,0.0
ORBS_returns,XNO_returns,0.0
ORBS_returns,DLC_returns,0.0
ORBS_returns,METIS_returns,0.0
ORBS_returns,ICX_returns,0.4135398429058004
ORBS_returns,MYTH_returns,0.0
ORBS_returns,MPLX_returns,0.0
ORBS_returns,SXP_returns,0.0
ORBS_returns,XVG_returns,0.0
ORBS_returns,PEOPLE_returns,0.0
ORBS_returns,AWE_returns,0.0
ORBS_returns,REQ_returns,0.0
ORBS_returns,STORJ_returns,0.0
ORBS_returns,BAND_returns,0.0
ORBS_returns,WMTX_returns,0.0
ORBS_returns,CFG_returns,0.0
ORBS_returns,HONEY_returns,0.0
ORBS_returns,PRO_returns,0.0
ORBS_returns,PRIME_returns,0.0
ORBS_returns,VVS_returns,0.0
ORBS_returns,CPOOL_returns,0.0
ORBS_returns,YGG_returns,0.0
ORBS_returns,SSV_returns,0.0
ORBS_returns,CETUS_returns,0.0
ORBS_returns,CGPT_returns,0.0
ORBS_returns,STIK_returns,0.0
ORBS_returns,PHA_returns,0.0
ORBS_returns,XVS_returns,0.0
ORBS_returns,KUB_returns,0.0
ORBS_returns,BICO_returns,0.0
ORBS_returns,UMA_returns,0.0
ORBS_returns,WAXP_returns,0.44460133185634054
ORBS_returns,XPR_returns,0.0
ORBS_returns,RPL_returns,0.0
ORBS_returns,PUNDIX_returns,0.0
ORBS_returns,FLUX_returns,0.0
ORBS_returns,BORA_returns,0.39438162787183184
ORBS_returns,POWR_returns,0.0
ORBS_returns,AUDIO_returns,0.0
ORBS_returns,PROM_returns,0.0
ORBS_returns,IOST_returns,0.0
ORBS_returns,ACX_returns,0.0
ORBS_returns,ARDR_returns,0.0
ORBS_returns,SPELL_returns,0.0
ORBS_returns,ORBR_returns,0.0
ORBS_returns,LSK_returns,0.0
ORBS_returns,XOR_returns,0.0
ORBS_returns,GLMR_returns,0.0
ORBS_returns,BMX_returns,0.0
ORBS_returns,MVL_returns,0.0
ORBS_returns,ABT_returns,0.0
ORBS_returns,VELO_returns,0.0
ORBS_returns,IQ_returns,0.0
ORBS_returns,AGI_returns,0.0
ORBS_returns,WILD_returns,0.0
ORBS_returns,XEM_returns,0.0
ORBS_returns,LON_returns,0.0
ORBS_returns,POND_returns,0.0
ORBS_returns,ACT_returns,0.0
ORBS_returns,XRD_returns,0.0
ORBS_returns,RLC_returns,0.0
ORBS_returns,ILV_returns,0.0
ORBS_returns,FIDA_returns,0.0
ORBS_returns,BNT_returns,0.0
ORBS_returns,DENT_returns,0.0
ORBS_returns,ORBS_returns,0.0
ORBS_returns,ONG_returns,0.0
ORBS_returns,CHR_returns,0.0
ORBS_returns,HEART_returns,0.0
ORBS_returns,VANRY_returns,0.0
ORBS_returns,LQTY_returns,0.0
ORBS_returns,KEEP_returns,0.0
ORBS_returns,DKA_returns,0.43619344005152455
ORBS_returns,ELON_returns,0.0
ORBS_returns,ARK_returns,0.0
ORBS_returns,MLK_returns,0.0
ORBS_returns,AL_returns,0.0
ORBS_returns,JOE_returns,0.0
ORBS_returns,CELR_returns,0.0
ORBS_returns,STEEM_returns,0.0
ORBS_returns,BAL_returns,0.0
ORBS_returns,PCI_returns,0.0
ORBS_returns,MOVR_returns,0.0
ORBS_returns,AUCTION_returns,0.0
ORBS_returns,AERGO_returns,0.0
ORBS_returns,MED_returns,0.4631928118460357
ORBS_returns,NMR_returns,0.0
ORBS_returns,API3_returns,0.0
ORBS_returns,AGLD_returns,0.0
ORBS_returns,BONE_returns,0.0
ORBS_returns,SLP_returns,0.0
ORBS_returns,MTL_returns,0.0
ORBS_returns,KNC_returns,0.0
ORBS_returns,CTSI_returns,0.0
ORBS_returns,BTRST_returns,0.0
ORBS_returns,SCRT_returns,0.0
ORBS_returns,OMI_returns,0.0
ORBS_returns,GEOD_returns,0.0
ORBS_returns,EDU_returns,0.0
ORBS_returns,0x0_returns,0.0
ORBS_returns,KUJI_returns,0.0
ONG_returns,CTC_returns,0.0
ONG_returns,MINA_returns,0.0
ONG_returns,DASH_returns,0.0
ONG_returns,SFP_returns,0.0
ONG_returns,BabyDoge_returns,0.0
ONG_returns,SNX_returns,0.0
ONG_returns,TFUEL_returns,0.0
ONG_returns,DCR_returns,0.0
ONG_returns,GLM_returns,0.0
ONG_returns,MX_returns,0.0
ONG_returns,ZIL_returns,0.4810790660786941
ONG_returns,BLUR_returns,0.0
ONG_returns,ROSE_returns,0.0
ONG_returns,CKB_returns,0.0
ONG_returns,TRAC_returns,0.0
ONG_returns,QTUM_returns,0.464903021261763
ONG_returns,ORDI_returns,0.0
ONG_returns,LPT_returns,0.0
ONG_returns,MASK_returns,0.0
ONG_returns,ASTR_returns,0.0
ONG_returns,ZRX_returns,0.0
ONG_returns,VTHO_returns,0.0
ONG_returns,ACH_returns,0.0
ONG_returns,BAT_returns,0.0
ONG_returns,CHEEL_returns,0.0
ONG_returns,CHEX_returns,0.0
ONG_returns,SNEK_returns,0.0
ONG_returns,BORG_returns,0.0
ONG_returns,KOGE_returns,0.0
ONG_returns,IOTX_returns,0.0
ONG_returns,CELO_returns,0.0
ONG_returns,GAS_returns,0.5000705097828592
ONG_returns,ONE_returns,0.0
ONG_returns,ID_returns,0.0
ONG_returns,SUSHI_returns,0.0
ONG_returns,CSPR_returns,0.0
ONG_returns,HOT_returns,0.0
ONG_returns,SC_returns,0.0
ONG_returns,YFI_returns,0.0
ONG_returns,RVN_returns,0.0
ONG_returns,COW_returns,0.0
ONG_returns,ANKR_returns,0.0
ONG_returns,GOMINING_returns,0.0
ONG_returns,XCH_returns,0.0
ONG_returns,DGB_returns,0.0
ONG_returns,T_returns,0.0
ONG_returns,WOO_returns,0.0
ONG_returns,ELF_returns,0.0
ONG_returns,EUL_returns,0.0
ONG_returns,ORCA_returns,0.0
ONG_returns,KDA_returns,0.0
ONG_returns,OSMO_returns,0.0
ONG_returns,GMT_returns,0.0
ONG_returns,SNT_returns,0.0
ONG_returns,GMX_returns,0.0
ONG_returns,ENJ_returns,0.0
ONG_returns,XYO_returns,0.0
ONG_returns,POLYX_returns,0.0
ONG_returns,ZIG_returns,0.0
ONG_returns,ZEN_returns,0.0
ONG_returns,COTI_returns,0.0
ONG_returns,WEMIX_returns,0.0
ONG_returns,SKL_returns,0.0
ONG_returns,LCX_returns,0.0
ONG_returns,WAVES_returns,0.0
ONG_returns,CVC_returns,0.0
ONG_returns,SWFTC_returns,0.0
ONG_returns,LUNA_returns,0.0
ONG_returns,HIVE_returns,0.0
ONG_returns,RLB_returns,0.0
ONG_returns,LRC_returns,0.0
ONG_returns,DAG_returns,0.0
ONG_returns,ONT_returns,0.6308159105657213
ONG_returns,TRB_returns,0.0
ONG_returns,XNO_returns,0.0
ONG_returns,DLC_returns,0.0
ONG_returns,METIS_returns,0.0
ONG_returns,ICX_returns,0.4660563212203152
ONG_returns,MYTH_returns,0.0
ONG_returns,MPLX_returns,0.0
ONG_returns,SXP_returns,0.0
ONG_returns,XVG_returns,0.0
ONG_returns,PEOPLE_returns,0.0
ONG_returns,AWE_returns,0.0
ONG_returns,REQ_returns,0.0
ONG_returns,STORJ_returns,0.0
ONG_returns,BAND_returns,0.0
ONG_returns,WMTX_returns,0.0
ONG_returns,CFG_returns,0.0
ONG_returns,HONEY_returns,0.0
ONG_returns,PRO_returns,0.0
ONG_returns,PRIME_returns,0.0
ONG_returns,VVS_returns,0.0
ONG_returns,CPOOL_returns,0.0
ONG_returns,YGG_returns,0.0
ONG_returns,SSV_returns,0.0
ONG_returns,CETUS_returns,0.0
ONG_returns,CGPT_returns,0.0
ONG_returns,STIK_returns,0.0
ONG_returns,PHA_returns,0.0
ONG_returns,XVS_returns,0.0
ONG_returns,KUB_returns,0.0
ONG_returns,BICO_returns,0.0
ONG_returns,UMA_returns,0.0
ONG_returns,WAXP_returns,0.0
ONG_returns,XPR_returns,0.0
ONG_returns,RPL_returns,0.0
ONG_returns,PUNDIX_returns,0.0
ONG_returns,FLUX_returns,0.0
ONG_returns,BORA_returns,0.0
ONG_returns,POWR_returns,0.0
ONG_returns,AUDIO_returns,0.0
ONG_returns,PROM_returns,0.0
ONG_returns,IOST_returns,0.0
ONG_returns,ACX_returns,0.0
ONG_returns,ARDR_returns,0.0
ONG_returns,SPELL_returns,0.0
ONG_returns,ORBR_returns,0.0
ONG_returns,LSK_returns,0.4215215592631045
ONG_returns,XOR_returns,-0.00017918415922639066
ONG_returns,GLMR_returns,0.0
ONG_returns,BMX_returns,0.0
ONG_returns,MVL_returns,0.0
ONG_returns,ABT_returns,0.0
ONG_returns,VELO_returns,0.0
ONG_returns,IQ_returns,0.0
ONG_returns,AGI_returns,0.0
ONG_returns,WILD_returns,0.0
ONG_returns,XEM_returns,0.0
ONG_returns,LON_returns,0.0
ONG_returns,POND_returns,0.0
ONG_returns,ACT_returns,0.0
ONG_returns,XRD_returns,0.0
ONG_returns,RLC_returns,0.0
ONG_returns,ILV_returns,0.0
ONG_returns,FIDA_returns,0.0
ONG_returns,BNT_returns,0.0
ONG_returns,DENT_returns,0.0
ONG_returns,ORBS_returns,0.0
ONG_returns,ONG_returns,0.0
ONG_returns,CHR_returns,0.0
ONG_returns,HEART_returns,0.0
ONG_returns,VANRY_returns,0.0
ONG_returns,LQTY_returns,0.0
ONG_returns,KEEP_returns,0.0
ONG_returns,DKA_returns,0.0
ONG_returns,ELON_returns,0.0
ONG_returns,ARK_returns,0.0
ONG_returns,MLK_returns,0.0
ONG_returns,AL_returns,0.0
ONG_returns,JOE_returns,0.0
ONG_returns,CELR_returns,0.0
ONG_returns,STEEM_returns,0.48936250500974665
ONG_returns,BAL_returns,0.0
ONG_returns,PCI_returns,0.0
ONG_returns,MOVR_returns,0.0
ONG_returns,AUCTION_returns,0.0
ONG_returns,AERGO_returns,0.0
ONG_returns,MED_returns,0.0
ONG_returns,NMR_returns,0.0
ONG_returns,API3_returns,0.0
ONG_returns,AGLD_returns,0.0
ONG_returns,BONE_returns,0.0
ONG_returns,SLP_returns,0.0
ONG_returns,MTL_returns,0.0
ONG_returns,KNC_returns,0.0
ONG_returns,CTSI_returns,0.0
ONG_returns,BTRST_returns,0.0
ONG_returns,SCRT_returns,0.0
ONG_returns,OMI_returns,0.0
ONG_returns,GEOD_returns,0.0
ONG_returns,EDU_returns,0.0
ONG_returns,0x0_returns,0.0
ONG_returns,KUJI_returns,0.0
CHR_returns,CTC_returns,0.0
CHR_returns,MINA_returns,0.0
CHR_returns,DASH_returns,0.0
CHR_returns,SFP_returns,0.0
CHR_returns,BabyDoge_returns,0.0
CHR_returns,SNX_returns,0.0
CHR_returns,TFUEL_returns,0.0
CHR_returns,DCR_returns,0.0
CHR_returns,GLM_returns,0.0
CHR_returns,MX_returns,0.0
CHR_returns,ZIL_returns,0.48040478028379785
CHR_returns,BLUR_returns,0.0
CHR_returns,ROSE_returns,0.0
CHR_returns,CKB_returns,0.29314391192861156
CHR_returns,TRAC_returns,0.0
CHR_returns,QTUM_returns,0.0
CHR_returns,ORDI_returns,0.0
CHR_returns,LPT_returns,0.0
CHR_returns,MASK_returns,0.0
CHR_returns,ASTR_returns,0.0
CHR_returns,ZRX_returns,0.0
CHR_returns,VTHO_returns,0.0
CHR_returns,ACH_returns,0.0
CHR_returns,BAT_returns,0.4752015412736651
CHR_returns,CHEEL_returns,0.0
CHR_returns,CHEX_returns,0.0
CHR_returns,SNEK_returns,0.0
CHR_returns,BORG_returns,0.0
CHR_returns,KOGE_returns,0.0
CHR_returns,IOTX_returns,0.0
CHR_returns,CELO_returns,0.0
CHR_returns,GAS_returns,0.0
CHR_returns,ONE_returns,0.4464174884547449
CHR_returns,ID_returns,0.0
CHR_returns,SUSHI_returns,0.0
CHR_returns,CSPR_returns,0.0
CHR_returns,HOT_returns,0.0
CHR_returns,SC_returns,0.0
CHR_returns,YFI_returns,0.0
CHR_returns,RVN_returns,0.0
CHR_returns,COW_returns,0.0
CHR_returns,ANKR_returns,0.0
CHR_returns,GOMINING_returns,0.0
CHR_returns,XCH_returns,0.0
CHR_returns,DGB_returns,0.0
CHR_returns,T_returns,0.0
CHR_returns,WOO_returns,0.0
CHR_returns,ELF_returns,0.0
CHR_returns,EUL_returns,0.0
CHR_returns,ORCA_returns,0.0
CHR_returns,KDA_returns,0.0
CHR_returns,OSMO_returns,0.0
CHR_returns,GMT_returns,0.0
CHR_returns,SNT_returns,0.0
CHR_returns,GMX_returns,0.0
CHR_returns,ENJ_returns,0.0
CHR_returns,XYO_returns,0.0
CHR_returns,POLYX_returns,0.0
CHR_returns,ZIG_returns,0.0
CHR_returns,ZEN_returns,0.0
CHR_returns,COTI_returns,0.0
CHR_returns,WEMIX_returns,0.0
CHR_returns,SKL_returns,0.39665001114791293
CHR_returns,LCX_returns,0.0
CHR_returns,WAVES_returns,0.0
CHR_returns,CVC_returns,0.0
CHR_returns,SWFTC_returns,0.0
CHR_returns,LUNA_returns,0.0
CHR_returns,HIVE_returns,0.0
CHR_returns,RLB_returns,0.0
CHR_returns,LRC_returns,0.0
CHR_returns,DAG_returns,0.0
CHR_returns,ONT_returns,0.0
CHR_returns,TRB_returns,0.0
CHR_returns,XNO_returns,0.0
CHR_returns,DLC_returns,0.0
CHR_returns,METIS_returns,0.0
CHR_returns,ICX_returns,0.0
CHR_returns,MYTH_returns,0.0
CHR_returns,MPLX_returns,0.0
CHR_returns,SXP_returns,0.0
CHR_returns,XVG_returns,0.0
CHR_returns,PEOPLE_returns,0.0
CHR_returns,AWE_returns,0.0
CHR_returns,REQ_returns,0.0
CHR_returns,STORJ_returns,0.0
CHR_returns,BAND_returns,0.0
CHR_returns,WMTX_returns,0.0
CHR_returns,CFG_returns,0.0
CHR_returns,HONEY_returns,0.16821010263807598
CHR_returns,PRO_returns,0.0
CHR_returns,PRIME_returns,0.0
CHR_returns,VVS_returns,0.0
CHR_returns,CPOOL_returns,0.2269538440307891
CHR_returns,YGG_returns,0.0
CHR_returns,SSV_returns,0.0
CHR_returns,CETUS_returns,0.0
CHR_returns,CGPT_returns,0.0
CHR_returns,STIK_returns,-0.05477731406840127
CHR_returns,PHA_returns,0.0
CHR_returns,XVS_returns,0.0
CHR_returns,KUB_returns,0.0
CHR_returns,BICO_returns,0.0
CHR_returns,UMA_returns,0.0
CHR_returns,WAXP_returns,0.0
CHR_returns,XPR_returns,0.0
CHR_returns,RPL_returns,0.0
CHR_returns,PUNDIX_returns,0.0
CHR_returns,FLUX_returns,0.0
CHR_returns,BORA_returns,0.0
CHR_returns,POWR_returns,0.0
CHR_returns,AUDIO_returns,0.0
CHR_returns,PROM_returns,0.0
CHR_returns,IOST_returns,0.0
CHR_returns,ACX_returns,0.0
CHR_returns,ARDR_returns,0.0
CHR_returns,SPELL_returns,0.0
CHR_returns,ORBR_returns,0.0
CHR_returns,LSK_returns,0.0
CHR_returns,XOR_returns,0.0
CHR_returns,GLMR_returns,0.0
CHR_returns,BMX_returns,0.0
CHR_returns,MVL_returns,0.0
CHR_returns,ABT_returns,0.0
CHR_returns,VELO_returns,0.0
CHR_returns,IQ_returns,0.0
CHR_returns,AGI_returns,0.0
CHR_returns,WILD_returns,0.0
CHR_returns,XEM_returns,0.0
CHR_returns,LON_returns,0.0
CHR_returns,POND_returns,0.0
CHR_returns,ACT_returns,0.0
CHR_returns,XRD_returns,0.0
CHR_returns,RLC_returns,0.0
CHR_returns,ILV_returns,0.0
CHR_returns,FIDA_returns,0.0
CHR_returns,BNT_returns,0.0
CHR_returns,DENT_returns,0.4573905123470451
CHR_returns,ORBS_returns,0.0
CHR_returns,ONG_returns,0.0
CHR_returns,CHR_returns,0.0
CHR_returns,HEART_returns,0.0
CHR_returns,VANRY_returns,0.0
CHR_returns,LQTY_returns,0.0
CHR_returns,KEEP_returns,0.0
CHR_returns,DKA_returns,0.0
CHR_returns,ELON_returns,0.0
CHR_returns,ARK_returns,0.0
CHR_returns,MLK_returns,0.0
CHR_returns,AL_returns,0.0
CHR_returns,JOE_returns,0.0
CHR_returns,CELR_returns,0.44551736130009684
CHR_returns,STEEM_returns,0.0
CHR_returns,BAL_returns,0.0
CHR_returns,PCI_returns,0.0
CHR_returns,MOVR_returns,0.0
CHR_returns,AUCTION_returns,0.0
CHR_returns,AERGO_returns,0.0
CHR_returns,MED_returns,0.0
CHR_returns,NMR_returns,0.0
CHR_returns,API3_returns,0.0
CHR_returns,AGLD_returns,0.0
CHR_returns,BONE_returns,0.0
CHR_returns,SLP_returns,0.0
CHR_returns,MTL_returns,0.0
CHR_returns,KNC_returns,0.0
CHR_returns,CTSI_returns,0.4636777975166374
CHR_returns,BTRST_returns,0.0
CHR_returns,SCRT_returns,0.0
CHR_returns,OMI_returns,0.0
CHR_returns,GEOD_returns,0.0
CHR_returns,EDU_returns,0.0
CHR_returns,0x0_returns,0.0
CHR_returns,KUJI_returns,0.0
HEART_returns,CTC_returns,0.0
HEART_returns,MINA_returns,0.0
HEART_returns,DASH_returns,0.17794243283258498
HEART_returns,SFP_returns,0.0
HEART_returns,BabyDoge_returns,0.0
HEART_returns,SNX_returns,0.0
HEART_returns,TFUEL_returns,0.0
HEART_returns,DCR_returns,0.0
HEART_returns,GLM_returns,0.0
HEART_returns,MX_returns,0.0
HEART_returns,ZIL_returns,0.19099361920833496
HEART_returns,BLUR_returns,0.0
HEART_returns,ROSE_returns,0.0
HEART_returns,CKB_returns,0.0
HEART_returns,TRAC_returns,0.0
HEART_returns,QTUM_returns,0.0
HEART_returns,ORDI_returns,0.0
HEART_returns,LPT_returns,0.0
HEART_returns,MASK_returns,0.0
HEART_returns,ASTR_returns,0.0
HEART_returns,ZRX_returns,0.0
HEART_returns,VTHO_returns,0.0
HEART_returns,ACH_returns,0.0
HEART_returns,BAT_returns,0.0
HEART_returns,CHEEL_returns,0.0
HEART_returns,CHEX_returns,0.0
HEART_returns,SNEK_returns,0.0
HEART_returns,BORG_returns,0.0
HEART_returns,KOGE_returns,0.0
HEART_returns,IOTX_returns,0.0
HEART_returns,CELO_returns,0.0
HEART_returns,GAS_returns,0.0
HEART_returns,ONE_returns,0.0
HEART_returns,ID_returns,0.0
HEART_returns,SUSHI_returns,0.0
HEART_returns,CSPR_returns,0.0
HEART_returns,HOT_returns,0.0
HEART_returns,SC_returns,0.0
HEART_returns,YFI_returns,0.0
HEART_returns,RVN_returns,0.17546538487667412
HEART_returns,COW_returns,-0.03610994286321951
HEART_returns,ANKR_returns,0.0
HEART_returns,GOMINING_returns,0.0
HEART_returns,XCH_returns,0.0
HEART_returns,DGB_returns,0.0
HEART_returns,T_returns,0.0
HEART_returns,WOO_returns,0.17657757719541778
HEART_returns,ELF_returns,0.0
HEART_returns,EUL_returns,0.0
HEART_returns,ORCA_returns,0.0
HEART_returns,KDA_returns,0.0
HEART_returns,OSMO_returns,0.0
HEART_returns,GMT_returns,0.0
HEART_returns,SNT_returns,0.0
HEART_returns,GMX_returns,0.0
HEART_returns,ENJ_returns,0.0
HEART_returns,XYO_returns,0.17119366303667743
HEART_returns,POLYX_returns,0.0
HEART_returns,ZIG_returns,0.0
HEART_returns,ZEN_returns,0.0
HEART_returns,COTI_returns,0.0
HEART_returns,WEMIX_returns,0.0
HEART_returns,SKL_returns,0.0
HEART_returns,LCX_returns,0.0
HEART_returns,WAVES_returns,0.0
HEART_returns,CVC_returns,0.0
HEART_returns,SWFTC_returns,0.0
HEART_returns,LUNA_returns,0.0
HEART_returns,HIVE_returns,0.0
HEART_returns,RLB_returns,0.0
HEART_returns,LRC_returns,0.0
HEART_returns,DAG_returns,0.0
HEART_returns,ONT_returns,0.0
HEART_returns,TRB_returns,0.0
HEART_returns,XNO_returns,0.0
HEART_returns,DLC_returns,-0.014336930547979956
HEART_returns,METIS_returns,0.0
HEART_returns,ICX_returns,0.0
HEART_returns,MYTH_returns,0.0
HEART_returns,MPLX_returns,0.0
HEART_returns,SXP_returns,0.0
HEART_returns,XVG_returns,0.0
HEART_returns,PEOPLE_returns,0.0
HEART_returns,AWE_returns,0.0
HEART_returns,REQ_returns,0.0
HEART_returns,STORJ_returns,0.0
HEART_returns,BAND_returns,0.0
HEART_returns,WMTX_returns,0.0
HEART_returns,CFG_returns,0.0
HEART_returns,HONEY_returns,0.0
HEART_returns,PRO_returns,0.0
HEART_returns,PRIME_returns,0.0
HEART_returns,VVS_returns,0.0
HEART_returns,CPOOL_returns,0.0
HEART_returns,YGG_returns,0.0
HEART_returns,SSV_returns,0.0
HEART_returns,CETUS_returns,0.0
HEART_returns,CGPT_returns,0.0
HEART_returns,STIK_returns,0.0
HEART_returns,PHA_returns,0.0
HEART_returns,XVS_returns,0.0
HEART_returns,KUB_returns,0.0
HEART_returns,BICO_returns,0.0
HEART_returns,UMA_returns,0.0
HEART_returns,WAXP_returns,0.0
HEART_returns,XPR_returns,0.0
HEART_returns,RPL_returns,0.0
HEART_returns,PUNDIX_returns,0.0
HEART_returns,FLUX_returns,0.0
HEART_returns,BORA_returns,0.0
HEART_returns,POWR_returns,0.0
HEART_returns,AUDIO_returns,0.0
HEART_returns,PROM_returns,0.0
HEART_returns,IOST_returns,0.0
HEART_returns,ACX_returns,0.0
HEART_returns,ARDR_returns,0.0
HEART_returns,SPELL_returns,0.0
HEART_returns,ORBR_returns,0.0
HEART_returns,LSK_returns,0.0
HEART_returns,XOR_returns,0.0
HEART_returns,GLMR_returns,0.0
HEART_returns,BMX_returns,0.0
HEART_returns,MVL_returns,0.0
HEART_returns,ABT_returns,0.0
HEART_returns,VELO_returns,0.0
HEART_returns,IQ_returns,0.0
HEART_returns,AGI_returns,0.0
HEART_returns,WILD_returns,0.0
HEART_returns,XEM_returns,0.0
HEART_returns,LON_returns,0.0
HEART_returns,POND_returns,0.0
HEART_returns,ACT_returns,0.0
HEART_returns,XRD_returns,0.0
HEART_returns,RLC_returns,0.0
HEART_returns,ILV_returns,0.0
HEART_returns,FIDA_returns,0.0
HEART_returns,BNT_returns,0.0
HEART_returns,DENT_returns,0.0
HEART_returns,ORBS_returns,0.0
HEART_returns,ONG_returns,0.0
HEART_returns,CHR_returns,0.0
HEART_returns,HEART_returns,0.0
HEART_returns,VANRY_returns,0.0
HEART_returns,LQTY_returns,0.0
HEART_returns,KEEP_returns,0.0
HEART_returns,DKA_returns,0.0
HEART_returns,ELON_returns,-0.03485381602752877
HEART_returns,ARK_returns,0.0
HEART_returns,MLK_returns,0.0
HEART_returns,AL_returns,0.0
HEART_returns,JOE_returns,0.0
HEART_returns,CELR_returns,0.0
HEART_returns,STEEM_returns,0.0
HEART_returns,BAL_returns,0.0
HEART_returns,PCI_returns,0.0
HEART_returns,MOVR_returns,0.0
HEART_returns,AUCTION_returns,0.0
HEART_returns,AERGO_returns,0.0
HEART_returns,MED_returns,0.0
HEART_returns,NMR_returns,0.0
HEART_returns,API3_returns,0.0
HEART_returns,AGLD_returns,-0.04449025274321146
HEART_returns,BONE_returns,0.0
HEART_returns,SLP_returns,0.0
HEART_returns,MTL_returns,0.0
HEART_returns,KNC_returns,0.0
HEART_returns,CTSI_returns,0.0
HEART_returns,BTRST_returns,0.0
HEART_returns,SCRT_returns,0.0
HEART_returns,OMI_returns,0.0
HEART_returns,GEOD_returns,0.0
HEART_returns,EDU_returns,0.16991587827357124
HEART_returns,0x0_returns,0.0
HEART_returns,KUJI_returns,0.0
VANRY_returns,CTC_returns,0.0
VANRY_returns,MINA_returns,0.0
VANRY_returns,DASH_returns,0.0
VANRY_returns,SFP_returns,0.0
VANRY_returns,BabyDoge_returns,0.0
VANRY_returns,SNX_returns,0.0
VANRY_returns,TFUEL_returns,0.0
VANRY_returns,DCR_returns,0.0
VANRY_returns,GLM_returns,0.0
VANRY_returns,MX_returns,0.0
VANRY_returns,ZIL_returns,0.4925262721470211
VANRY_returns,BLUR_returns,0.0
VANRY_returns,ROSE_returns,0.0
VANRY_returns,CKB_returns,0.0
VANRY_returns,TRAC_returns,0.0
VANRY_returns,QTUM_returns,0.0
VANRY_returns,ORDI_returns,0.0
VANRY_returns,LPT_returns,0.0
VANRY_returns,MASK_returns,0.0
VANRY_returns,ASTR_returns,0.0
VANRY_returns,ZRX_returns,0.0
VANRY_returns,VTHO_returns,0.0
VANRY_returns,ACH_returns,0.0
VANRY_returns,BAT_returns,0.41959432316692785
VANRY_returns,CHEEL_returns,-0.05627743728763582
VANRY_returns,CHEX_returns,0.0
VANRY_returns,SNEK_returns,0.0
VANRY_returns,BORG_returns,0.0
VANRY_returns,KOGE_returns,0.0
VANRY_returns,IOTX_returns,0.0
VANRY_returns,CELO_returns,0.0
VANRY_returns,GAS_returns,0.0
VANRY_returns,ONE_returns,0.0
VANRY_returns,ID_returns,0.0
VANRY_returns,SUSHI_returns,0.0
VANRY_returns,CSPR_returns,0.0
VANRY_returns,HOT_returns,0.48986583419680024
VANRY_returns,SC_returns,0.0
VANRY_returns,YFI_returns,0.0
VANRY_returns,RVN_returns,0.0
VANRY_returns,COW_returns,0.0
VANRY_returns,ANKR_returns,0.4199923752728908
VANRY_returns,GOMINING_returns,-0.0700587532426859
VANRY_returns,XCH_returns,0.0
VANRY_returns,DGB_returns,0.0
VANRY_returns,T_returns,0.0
VANRY_returns,WOO_returns,0.4241837151314352
VANRY_returns,ELF_returns,0.0
VANRY_returns,EUL_returns,0.0
VANRY_returns,ORCA_returns,0.0
VANRY_returns,KDA_returns,0.0
VANRY_returns,OSMO_returns,0.0
VANRY_returns,GMT_returns,0.0
VANRY_returns,SNT_returns,0.0
VANRY_returns,GMX_returns,0.0
VANRY_returns,ENJ_returns,0.4297327220367562
VANRY_returns,XYO_returns,0.0
VANRY_returns,POLYX_returns,0.0
VANRY_returns,ZIG_returns,0.0
VANRY_returns,ZEN_returns,0.0
VANRY_returns,COTI_returns,0.0
VANRY_returns,WEMIX_returns,0.0
VANRY_returns,SKL_returns,0.0
VANRY_returns,LCX_returns,0.0
VANRY_returns,WAVES_returns,0.0
VANRY_returns,CVC_returns,0.0
VANRY_returns,SWFTC_returns,0.0
VANRY_returns,LUNA_returns,0.0
VANRY_returns,HIVE_returns,0.0
VANRY_returns,RLB_returns,0.0
VANRY_returns,LRC_returns,0.0
VANRY_returns,DAG_returns,0.0
VANRY_returns,ONT_returns,0.0
VANRY_returns,TRB_returns,0.0
VANRY_returns,XNO_returns,0.0
VANRY_returns,DLC_returns,0.0
VANRY_returns,METIS_returns,0.0
VANRY_returns,ICX_returns,0.0
VANRY_returns,MYTH_returns,-0.02754016512258253
VANRY_returns,MPLX_returns,0.0
VANRY_returns,SXP_returns,0.0
VANRY_returns,XVG_returns,0.0
VANRY_returns,PEOPLE_returns,0.0
VANRY_returns,AWE_returns,0.0
VANRY_returns,REQ_returns,0.0
VANRY_returns,STORJ_returns,0.0
VANRY_returns,BAND_returns,0.0
VANRY_returns,WMTX_returns,0.0
VANRY_returns,CFG_returns,0.0
VANRY_returns,HONEY_returns,0.0
VANRY_returns,PRO_returns,0.0
VANRY_returns,PRIME_returns,0.23680731286127438
VANRY_returns,VVS_returns,0.0
VANRY_returns,CPOOL_returns,0.0
VANRY_returns,YGG_returns,0.0
VANRY_returns,SSV_returns,0.3566454430605734
VANRY_returns,CETUS_returns,0.0
VANRY_returns,CGPT_returns,0.2816819995410846
VANRY_returns,STIK_returns,-0.09090570398813985
VANRY_returns,PHA_returns,0.0
VANRY_returns,XVS_returns,0.0
VANRY_returns,KUB_returns,0.0
VANRY_returns,BICO_returns,0.0
VANRY_returns,UMA_returns,0.0
VANRY_returns,WAXP_returns,0.0
VANRY_returns,XPR_returns,0.0
VANRY_returns,RPL_returns,0.0
VANRY_returns,PUNDIX_returns,0.0
VANRY_returns,FLUX_returns,0.0
VANRY_returns,BORA_returns,0.0
VANRY_returns,POWR_returns,0.0
VANRY_returns,AUDIO_returns,0.0
VANRY_returns,PROM_returns,0.0
VANRY_returns,IOST_returns,0.0
VANRY_returns,ACX_returns,0.0
VANRY_returns,ARDR_returns,0.0
VANRY_returns,SPELL_returns,0.0
VANRY_returns,ORBR_returns,0.0
VANRY_returns,LSK_returns,0.0
VANRY_returns,XOR_returns,0.0
VANRY_returns,GLMR_returns,0.0
VANRY_returns,BMX_returns,0.0
VANRY_returns,MVL_returns,0.0
VANRY_returns,ABT_returns,0.0
VANRY_returns,VELO_returns,0.0
VANRY_returns,IQ_returns,0.0
VANRY_returns,AGI_returns,0.0
VANRY_returns,WILD_returns,0.0
VANRY_returns,XEM_returns,0.0
VANRY_returns,LON_returns,-0.10040983460366625
VANRY_returns,POND_returns,0.0
VANRY_returns,ACT_returns,0.0
VANRY_returns,XRD_returns,0.0
VANRY_returns,RLC_returns,0.0
VANRY_returns,ILV_returns,0.0
VANRY_returns,FIDA_returns,0.0
VANRY_returns,BNT_returns,0.0
VANRY_returns,DENT_returns,0.0
VANRY_returns,ORBS_returns,0.0
VANRY_returns,ONG_returns,0.0
VANRY_returns,CHR_returns,0.0
VANRY_returns,HEART_returns,0.0
VANRY_returns,VANRY_returns,0.0
VANRY_returns,LQTY_returns,0.0
VANRY_returns,KEEP_returns,0.0
VANRY_returns,DKA_returns,0.0
VANRY_returns,ELON_returns,0.0
VANRY_returns,ARK_returns,0.0
VANRY_returns,MLK_returns,0.0
VANRY_returns,AL_returns,0.0
VANRY_returns,JOE_returns,0.0
VANRY_returns,CELR_returns,0.0
VANRY_returns,STEEM_returns,0.0
VANRY_returns,BAL_returns,0.0
VANRY_returns,PCI_returns,0.0
VANRY_returns,MOVR_returns,0.0
VANRY_returns,AUCTION_returns,0.0
VANRY_returns,AERGO_returns,0.0
VANRY_returns,MED_returns,0.0
VANRY_returns,NMR_returns,0.0
VANRY_returns,API3_returns,0.0
VANRY_returns,AGLD_returns,0.0
VANRY_returns,BONE_returns,0.0
VANRY_returns,SLP_returns,0.0
VANRY_returns,MTL_returns,0.0
VANRY_returns,KNC_returns,0.0
VANRY_returns,CTSI_returns,0.0
VANRY_returns,BTRST_returns,-0.003527595773320782
VANRY_returns,SCRT_returns,0.0
VANRY_returns,OMI_returns,0.0
VANRY_returns,GEOD_returns,0.0
VANRY_returns,EDU_returns,0.0
VANRY_returns,0x0_returns,0.0
VANRY_returns,KUJI_returns,0.0
LQTY_returns,CTC_returns,-0.010303510999610964
LQTY_returns,MINA_returns,0.0
LQTY_returns,DASH_returns,0.0
LQTY_returns,SFP_returns,0.0
LQTY_returns,BabyDoge_returns,0.0
LQTY_returns,SNX_returns,0.0
LQTY_returns,TFUEL_returns,0.0
LQTY_returns,DCR_returns,0.0
LQTY_returns,GLM_returns,0.0
LQTY_returns,MX_returns,0.0
LQTY_returns,ZIL_returns,0.0
LQTY_returns,BLUR_returns,0.0
LQTY_returns,ROSE_returns,0.0
LQTY_returns,CKB_returns,0.0
LQTY_returns,TRAC_returns,0.0
LQTY_returns,QTUM_returns,0.0
LQTY_returns,ORDI_returns,0.0
LQTY_returns,LPT_returns,0.0
LQTY_returns,MASK_returns,0.0
LQTY_returns,ASTR_returns,0.0
LQTY_returns,ZRX_returns,0.0
LQTY_returns,VTHO_returns,0.0
LQTY_returns,ACH_returns,0.0
LQTY_returns,BAT_returns,0.0
LQTY_returns,CHEEL_returns,-0.07246412222918219
LQTY_returns,CHEX_returns,0.0
LQTY_returns,SNEK_returns,0.0
LQTY_returns,BORG_returns,0.0
LQTY_returns,KOGE_returns,0.0
LQTY_returns,IOTX_returns,0.0
LQTY_returns,CELO_returns,0.0
LQTY_returns,GAS_returns,0.0
LQTY_returns,ONE_returns,0.38671108695071255
LQTY_returns,ID_returns,0.0
LQTY_returns,SUSHI_returns,0.3129416424286462
LQTY_returns,CSPR_returns,0.0
LQTY_returns,HOT_returns,0.0
LQTY_returns,SC_returns,0.0
LQTY_returns,YFI_returns,0.0
LQTY_returns,RVN_returns,0.0
LQTY_returns,COW_returns,0.0
LQTY_returns,ANKR_returns,0.0
LQTY_returns,GOMINING_returns,-0.038064050842049994
LQTY_returns,XCH_returns,0.0
LQTY_returns,DGB_returns,0.0
LQTY_returns,T_returns,0.0
LQTY_returns,WOO_returns,0.0
LQTY_returns,ELF_returns,0.0
LQTY_returns,EUL_returns,0.0
LQTY_returns,ORCA_returns,0.0
LQTY_returns,KDA_returns,0.0
LQTY_returns,OSMO_returns,0.0
LQTY_returns,GMT_returns,0.0
LQTY_returns,SNT_returns,0.0
LQTY_returns,GMX_returns,0.0
LQTY_returns,ENJ_returns,0.32383113730687013
LQTY_returns,XYO_returns,0.0
LQTY_returns,POLYX_returns,0.0
LQTY_returns,ZIG_returns,0.0
LQTY_returns,ZEN_returns,0.0
LQTY_returns,COTI_returns,0.0
LQTY_returns,WEMIX_returns,0.0
LQTY_returns,SKL_returns,0.0
LQTY_returns,LCX_returns,0.0
LQTY_returns,WAVES_returns,0.0
LQTY_returns,CVC_returns,0.0
LQTY_returns,SWFTC_returns,0.0
LQTY_returns,LUNA_returns,0.0
LQTY_returns,HIVE_returns,0.0
LQTY_returns,RLB_returns,0.0
LQTY_returns,LRC_returns,0.0
LQTY_returns,DAG_returns,0.0
LQTY_returns,ONT_returns,0.0
LQTY_returns,TRB_returns,0.0
LQTY_returns,XNO_returns,0.0
LQTY_returns,DLC_returns,0.0
LQTY_returns,METIS_returns,0.0
LQTY_returns,ICX_returns,0.0
LQTY_returns,MYTH_returns,-0.029367586246792463
LQTY_returns,MPLX_returns,0.0
LQTY_returns,SXP_returns,0.0
LQTY_returns,XVG_returns,0.0
LQTY_returns,PEOPLE_returns,0.0
LQTY_returns,AWE_returns,0.0
LQTY_returns,REQ_returns,0.0
LQTY_returns,STORJ_returns,0.0
LQTY_returns,BAND_returns,0.33511582071886553
LQTY_returns,WMTX_returns,0.0
LQTY_returns,CFG_returns,0.0
LQTY_returns,HONEY_returns,0.0
LQTY_returns,PRO_returns,0.0
LQTY_returns,PRIME_returns,0.0
LQTY_returns,VVS_returns,0.0
LQTY_returns,CPOOL_returns,0.0
LQTY_returns,YGG_returns,0.0
LQTY_returns,SSV_returns,0.0
LQTY_returns,CETUS_returns,0.0
LQTY_returns,CGPT_returns,0.0
LQTY_returns,STIK_returns,-0.126903918978795
LQTY_returns,PHA_returns,0.0
LQTY_returns,XVS_returns,0.0
LQTY_returns,KUB_returns,0.0
LQTY_returns,BICO_returns,0.0
LQTY_returns,UMA_returns,0.0
LQTY_returns,WAXP_returns,0.0
LQTY_returns,XPR_returns,0.0
LQTY_returns,RPL_returns,0.0
LQTY_returns,PUNDIX_returns,0.0
LQTY_returns,FLUX_returns,0.0
LQTY_returns,BORA_returns,0.0
LQTY_returns,POWR_returns,0.0
LQTY_returns,AUDIO_returns,0.0
LQTY_returns,PROM_returns,0.0
LQTY_returns,IOST_returns,0.0
LQTY_returns,ACX_returns,0.0
LQTY_returns,ARDR_returns,0.0
LQTY_returns,SPELL_returns,0.0
LQTY_returns,ORBR_returns,0.0
LQTY_returns,LSK_returns,0.0
LQTY_returns,XOR_returns,0.0
LQTY_returns,GLMR_returns,0.0
LQTY_returns,BMX_returns,0.0
LQTY_returns,MVL_returns,0.0
LQTY_returns,ABT_returns,0.0
LQTY_returns,VELO_returns,0.0
LQTY_returns,IQ_returns,0.0
LQTY_returns,AGI_returns,0.0
LQTY_returns,WILD_returns,0.2212120270906229
LQTY_returns,XEM_returns,0.0
LQTY_returns,LON_returns,-0.06648528021915281
LQTY_returns,POND_returns,0.0
LQTY_returns,ACT_returns,0.0
LQTY_returns,XRD_returns,0.0
LQTY_returns,RLC_returns,0.0
LQTY_returns,ILV_returns,0.0
LQTY_returns,FIDA_returns,0.0
LQTY_returns,BNT_returns,0.0
LQTY_returns,DENT_returns,0.33055028546524234
LQTY_returns,ORBS_returns,0.0
LQTY_returns,ONG_returns,0.0
LQTY_returns,CHR_returns,0.0
LQTY_returns,HEART_returns,0.0
LQTY_returns,VANRY_returns,0.0
LQTY_returns,LQTY_returns,0.0
LQTY_returns,KEEP_returns,0.0
LQTY_returns,DKA_returns,0.0
LQTY_returns,ELON_returns,0.0
LQTY_returns,ARK_returns,0.0
LQTY_returns,MLK_returns,0.0
LQTY_returns,AL_returns,0.0
LQTY_returns,JOE_returns,0.0
LQTY_returns,CELR_returns,0.34164006654515916
LQTY_returns,STEEM_returns,0.0
LQTY_returns,BAL_returns,0.0
LQTY_returns,PCI_returns,0.0
LQTY_returns,MOVR_returns,0.0
LQTY_returns,AUCTION_returns,0.0
LQTY_returns,AERGO_returns,0.0
LQTY_returns,MED_returns,0.0
LQTY_returns,NMR_returns,0.0
LQTY_returns,API3_returns,0.0
LQTY_returns,AGLD_returns,0.0
LQTY_returns,BONE_returns,0.0
LQTY_returns,SLP_returns,0.0
LQTY_returns,MTL_returns,0.0
LQTY_returns,KNC_returns,0.0
LQTY_returns,CTSI_returns,0.0
LQTY_returns,BTRST_returns,-0.035944691601763314
LQTY_returns,SCRT_returns,0.0
LQTY_returns,OMI_returns,-0.0394826907575367
LQTY_returns,GEOD_returns,0.0
LQTY_returns,EDU_returns,0.0
LQTY_returns,0x0_returns,0.0
LQTY_returns,KUJI_returns,0.0
KEEP_returns,CTC_returns,0.0
KEEP_returns,MINA_returns,0.0
KEEP_returns,DASH_returns,0.0
KEEP_returns,SFP_returns,0.0
KEEP_returns,BabyDoge_returns,0.0
KEEP_returns,SNX_returns,0.0
KEEP_returns,TFUEL_returns,0.0
KEEP_returns,DCR_returns,0.0
KEEP_returns,GLM_returns,0.0
KEEP_returns,MX_returns,0.0
KEEP_returns,ZIL_returns,0.0
KEEP_returns,BLUR_returns,0.0
KEEP_returns,ROSE_returns,0.0
KEEP_returns,CKB_returns,0.0
KEEP_returns,TRAC_returns,0.0
KEEP_returns,QTUM_returns,0.0
KEEP_returns,ORDI_returns,0.0
KEEP_returns,LPT_returns,0.0
KEEP_returns,MASK_returns,0.0
KEEP_returns,ASTR_returns,0.0
KEEP_returns,ZRX_returns,0.0
KEEP_returns,VTHO_returns,0.0
KEEP_returns,ACH_returns,0.0
KEEP_returns,BAT_returns,0.0
KEEP_returns,CHEEL_returns,0.0
KEEP_returns,CHEX_returns,0.0
KEEP_returns,SNEK_returns,-0.0035267480382147488
KEEP_returns,BORG_returns,0.0
KEEP_returns,KOGE_returns,0.0
KEEP_returns,IOTX_returns,0.0
KEEP_returns,CELO_returns,0.0
KEEP_returns,GAS_returns,0.0
KEEP_returns,ONE_returns,0.0
KEEP_returns,ID_returns,0.0
KEEP_returns,SUSHI_returns,0.0
KEEP_returns,CSPR_returns,0.0
KEEP_returns,HOT_returns,0.0
KEEP_returns,SC_returns,0.0
KEEP_returns,YFI_returns,0.0
KEEP_returns,RVN_returns,0.0
KEEP_returns,COW_returns,-0.022130780998923492
KEEP_returns,ANKR_returns,0.0
KEEP_returns,GOMINING_returns,0.0
KEEP_returns,XCH_returns,0.0
KEEP_returns,DGB_returns,0.0
KEEP_returns,T_returns,0.4405549219378817
KEEP_returns,WOO_returns,0.0
KEEP_returns,ELF_returns,0.0
KEEP_returns,EUL_returns,-0.015967336086143355
KEEP_returns,ORCA_returns,-0.010262375011044152
KEEP_returns,KDA_returns,0.0
KEEP_returns,OSMO_returns,0.0
KEEP_returns,GMT_returns,0.0
KEEP_returns,SNT_returns,0.0
KEEP_returns,GMX_returns,0.0
KEEP_returns,ENJ_returns,0.0
KEEP_returns,XYO_returns,0.0
KEEP_returns,POLYX_returns,0.0
KEEP_returns,ZIG_returns,0.0
KEEP_returns,ZEN_returns,0.0
KEEP_returns,COTI_returns,0.0
KEEP_returns,WEMIX_returns,0.0
KEEP_returns,SKL_returns,0.0
KEEP_returns,LCX_returns,0.0
KEEP_returns,WAVES_returns,0.0
KEEP_returns,CVC_returns,0.0
KEEP_returns,SWFTC_returns,0.0
KEEP_returns,LUNA_returns,0.0
KEEP_returns,HIVE_returns,0.0
KEEP_returns,RLB_returns,0.0
KEEP_returns,LRC_returns,0.0
KEEP_returns,DAG_returns,0.0
KEEP_returns,ONT_returns,0.0
KEEP_returns,TRB_returns,0.0
KEEP_returns,XNO_returns,0.0
KEEP_returns,DLC_returns,0.0
KEEP_returns,METIS_returns,0.0
KEEP_returns,ICX_returns,0.2668622848155648
KEEP_returns,MYTH_returns,0.0
KEEP_returns,MPLX_returns,0.0
KEEP_returns,SXP_returns,0.0
KEEP_returns,XVG_returns,0.0
KEEP_returns,PEOPLE_returns,0.0
KEEP_returns,AWE_returns,0.0
KEEP_returns,REQ_returns,0.0
KEEP_returns,STORJ_returns,0.0
KEEP_returns,BAND_returns,0.0
KEEP_returns,WMTX_returns,0.0
KEEP_returns,CFG_returns,0.0
KEEP_returns,HONEY_returns,0.0
KEEP_returns,PRO_returns,0.0
KEEP_returns,PRIME_returns,0.0
KEEP_returns,VVS_returns,0.0
KEEP_returns,CPOOL_returns,0.0
KEEP_returns,YGG_returns,0.0
KEEP_returns,SSV_returns,0.0
KEEP_returns,CETUS_returns,0.0
KEEP_returns,CGPT_returns,0.0
KEEP_returns,STIK_returns,0.0
KEEP_returns,PHA_returns,0.0
KEEP_returns,XVS_returns,0.0
KEEP_returns,KUB_returns,0.0
KEEP_returns,BICO_returns,0.0
KEEP_returns,UMA_returns,0.0
KEEP_returns,WAXP_returns,0.0
KEEP_returns,XPR_returns,0.0
KEEP_returns,RPL_returns,0.0
KEEP_returns,PUNDIX_returns,0.21913201075708613
KEEP_returns,FLUX_returns,0.0
KEEP_returns,BORA_returns,0.20375737969984428
KEEP_returns,POWR_returns,0.0
KEEP_returns,AUDIO_returns,0.0
KEEP_returns,PROM_returns,0.0
KEEP_returns,IOST_returns,0.0
KEEP_returns,ACX_returns,0.0
KEEP_returns,ARDR_returns,0.0
KEEP_returns,SPELL_returns,0.0
KEEP_returns,ORBR_returns,0.0
KEEP_returns,LSK_returns,0.0
KEEP_returns,XOR_returns,-0.005905350497303047
KEEP_returns,GLMR_returns,0.0
KEEP_returns,BMX_returns,0.0
KEEP_returns,MVL_returns,0.0
KEEP_returns,ABT_returns,0.0
KEEP_returns,VELO_returns,0.0
KEEP_returns,IQ_returns,0.0
KEEP_returns,AGI_returns,0.0
KEEP_returns,WILD_returns,-0.003969416848662205
KEEP_returns,XEM_returns,0.0
KEEP_returns,LON_returns,0.0
KEEP_returns,POND_returns,0.0
KEEP_returns,ACT_returns,0.0
KEEP_returns,XRD_returns,0.0
KEEP_returns,RLC_returns,0.0
KEEP_returns,ILV_returns,0.0
KEEP_returns,FIDA_returns,0.0
KEEP_returns,BNT_returns,0.0
KEEP_returns,DENT_returns,0.0
KEEP_returns,ORBS_returns,0.0
KEEP_returns,ONG_returns,0.0
KEEP_returns,CHR_returns,0.0
KEEP_returns,HEART_returns,0.0
KEEP_returns,VANRY_returns,0.0
KEEP_returns,LQTY_returns,0.0
KEEP_returns,KEEP_returns,0.0
KEEP_returns,DKA_returns,0.1797723321591691
KEEP_returns,ELON_returns,0.0
KEEP_returns,ARK_returns,0.0
KEEP_returns,MLK_returns,0.1828016774755172
KEEP_returns,AL_returns,0.0
KEEP_returns,JOE_returns,0.0
KEEP_returns,CELR_returns,0.0
KEEP_returns,STEEM_returns,0.0
KEEP_returns,BAL_returns,0.0
KEEP_returns,PCI_returns,0.0
KEEP_returns,MOVR_returns,0.0
KEEP_returns,AUCTION_returns,0.0
KEEP_returns,AERGO_returns,0.0
KEEP_returns,MED_returns,0.0
KEEP_returns,NMR_returns,0.0
KEEP_returns,API3_returns,0.0
KEEP_returns,AGLD_returns,0.0
KEEP_returns,BONE_returns,0.0
KEEP_returns,SLP_returns,0.0
KEEP_returns,MTL_returns,0.0
KEEP_returns,KNC_returns,0.0
KEEP_returns,CTSI_returns,0.0
KEEP_returns,BTRST_returns,0.0
KEEP_returns,SCRT_returns,0.0
KEEP_returns,OMI_returns,0.0
KEEP_returns,GEOD_returns,0.0
KEEP_returns,EDU_returns,0.0
KEEP_returns,0x0_returns,0.0
KEEP_returns,KUJI_returns,0.0
DKA_returns,CTC_returns,0.0
DKA_returns,MINA_returns,0.0
DKA_returns,DASH_returns,0.0
DKA_returns,SFP_returns,0.0
DKA_returns,BabyDoge_returns,0.0
DKA_returns,SNX_returns,0.0
DKA_returns,TFUEL_returns,0.0
DKA_returns,DCR_returns,0.0
DKA_returns,GLM_returns,0.0
DKA_returns,MX_returns,0.0
DKA_returns,ZIL_returns,0.0
DKA_returns,BLUR_returns,0.0
DKA_returns,ROSE_returns,0.0
DKA_returns,CKB_returns,0.0
DKA_returns,TRAC_returns,0.0
DKA_returns,QTUM_returns,0.0
DKA_returns,ORDI_returns,0.0
DKA_returns,LPT_returns,0.0
DKA_returns,MASK_returns,0.0
DKA_returns,ASTR_returns,0.0
DKA_returns,ZRX_returns,0.0
DKA_returns,VTHO_returns,0.0
DKA_returns,ACH_returns,0.0
DKA_returns,BAT_returns,0.0
DKA_returns,CHEEL_returns,0.0
DKA_returns,CHEX_returns,-0.01069197957039212
DKA_returns,SNEK_returns,0.0
DKA_returns,BORG_returns,0.0
DKA_returns,KOGE_returns,0.0
DKA_returns,IOTX_returns,0.0
DKA_returns,CELO_returns,0.0
DKA_returns,GAS_returns,0.0
DKA_returns,ONE_returns,0.0
DKA_returns,ID_returns,0.0
DKA_returns,SUSHI_returns,0.0
DKA_returns,CSPR_returns,0.0
DKA_returns,HOT_returns,0.0
DKA_returns,SC_returns,0.0
DKA_returns,YFI_returns,0.0
DKA_returns,RVN_returns,0.0
DKA_returns,COW_returns,0.0
DKA_returns,ANKR_returns,0.0
DKA_returns,GOMINING_returns,0.0
DKA_returns,XCH_returns,0.0
DKA_returns,DGB_returns,0.0
DKA_returns,T_returns,0.0
DKA_returns,WOO_returns,0.0
DKA_returns,ELF_returns,0.0
DKA_returns,EUL_returns,0.178732611056703
DKA_returns,ORCA_returns,0.0
DKA_returns,KDA_returns,0.0
DKA_returns,OSMO_returns,0.0
DKA_returns,GMT_returns,0.0
DKA_returns,SNT_returns,0.0
DKA_returns,GMX_returns,0.0
DKA_returns,ENJ_returns,0.0
DKA_returns,XYO_returns,0.0
DKA_returns,POLYX_returns,0.0
DKA_returns,ZIG_returns,0.0
DKA_returns,ZEN_returns,0.0
DKA_returns,COTI_returns,0.0
DKA_returns,WEMIX_returns,0.0
DKA_returns,SKL_returns,0.0
DKA_returns,LCX_returns,0.0
DKA_returns,WAVES_returns,0.0
DKA_returns,CVC_returns,0.0
DKA_returns,SWFTC_returns,0.0
DKA_returns,LUNA_returns,0.0
DKA_returns,HIVE_returns,0.3751955841588286
DKA_returns,RLB_returns,0.0
DKA_returns,LRC_returns,0.0
DKA_returns,DAG_returns,0.0
DKA_returns,ONT_returns,0.0
DKA_returns,TRB_returns,0.0
DKA_returns,XNO_returns,0.0
DKA_returns,DLC_returns,0.0
DKA_returns,METIS_returns,-0.032323830410373164
DKA_returns,ICX_returns,0.0
DKA_returns,MYTH_returns,0.0
DKA_returns,MPLX_returns,0.0
DKA_returns,SXP_returns,0.0
DKA_returns,XVG_returns,0.0
DKA_returns,PEOPLE_returns,0.0
DKA_returns,AWE_returns,0.37367375556586935
DKA_returns,REQ_returns,0.0
DKA_returns,STORJ_returns,0.0
DKA_returns,BAND_returns,0.0
DKA_returns,WMTX_returns,0.0
DKA_returns,CFG_returns,0.0
DKA_returns,HONEY_returns,0.0
DKA_returns,PRO_returns,0.2011166798795212
DKA_returns,PRIME_returns,0.0
DKA_returns,VVS_returns,0.0
DKA_returns,CPOOL_returns,0.0
DKA_returns,YGG_returns,0.0
DKA_returns,SSV_returns,-0.018992690152222293
DKA_returns,CETUS_returns,0.0
DKA_returns,CGPT_returns,0.0
DKA_returns,STIK_returns,0.24276835416932277
DKA_returns,PHA_returns,0.0
DKA_returns,XVS_returns,0.0
DKA_returns,KUB_returns,0.0
DKA_returns,BICO_returns,0.0
DKA_returns,UMA_returns,0.0
DKA_returns,WAXP_returns,0.4763557121864839
DKA_returns,XPR_returns,0.0
DKA_returns,RPL_returns,0.0
DKA_returns,PUNDIX_returns,0.0
DKA_returns,FLUX_returns,0.0
DKA_returns,BORA_returns,0.5787696215702489
DKA_returns,POWR_returns,0.0
DKA_returns,AUDIO_returns,0.0
DKA_returns,PROM_returns,0.0
DKA_returns,IOST_returns,0.0
DKA_returns,ACX_returns,0.0
DKA_returns,ARDR_returns,0.0
DKA_returns,SPELL_returns,0.0
DKA_returns,ORBR_returns,0.0
DKA_returns,LSK_returns,0.0
DKA_returns,XOR_returns,-0.000724937617352637
DKA_returns,GLMR_returns,0.0
DKA_returns,BMX_returns,0.26660964651498337
DKA_returns,MVL_returns,0.45129111892453294
DKA_returns,ABT_returns,0.0
DKA_returns,VELO_returns,0.0
DKA_returns,IQ_returns,0.0
DKA_returns,AGI_returns,0.0
DKA_returns,WILD_returns,0.0
DKA_returns,XEM_returns,0.0
DKA_returns,LON_returns,0.0
DKA_returns,POND_returns,0.0
DKA_returns,ACT_returns,0.0
DKA_returns,XRD_returns,0.0
DKA_returns,RLC_returns,0.0
DKA_returns,ILV_returns,0.0
DKA_returns,FIDA_returns,0.0
DKA_returns,BNT_returns,0.0
DKA_returns,DENT_returns,0.0
DKA_returns,ORBS_returns,0.43619344005152455
DKA_returns,ONG_returns,0.0
DKA_returns,CHR_returns,0.0
DKA_returns,HEART_returns,0.0
DKA_returns,VANRY_returns,0.0
DKA_returns,LQTY_returns,0.0
DKA_returns,KEEP_returns,0.1797723321591691
DKA_returns,DKA_returns,0.0
DKA_returns,ELON_returns,0.0
DKA_returns,ARK_returns,0.0
DKA_returns,MLK_returns,0.5204169859776641
DKA_returns,AL_returns,0.0
DKA_returns,JOE_returns,0.0
DKA_returns,CELR_returns,0.0
DKA_returns,STEEM_returns,0.0
DKA_returns,BAL_returns,0.0
DKA_returns,PCI_returns,0.0
DKA_returns,MOVR_returns,0.0
DKA_returns,AUCTION_returns,0.0
DKA_returns,AERGO_returns,0.0
DKA_returns,MED_returns,0.6164700473095159
DKA_returns,NMR_returns,0.0
DKA_returns,API3_returns,0.0
DKA_returns,AGLD_returns,0.0
DKA_returns,BONE_returns,0.0
DKA_returns,SLP_returns,0.0
DKA_returns,MTL_returns,0.0
DKA_returns,KNC_returns,0.0
DKA_returns,CTSI_returns,0.0
DKA_returns,BTRST_returns,0.0
DKA_returns,SCRT_returns,0.0
DKA_returns,OMI_returns,0.0
DKA_returns,GEOD_returns,0.30682635297711786
DKA_returns,EDU_returns,0.0
DKA_returns,0x0_returns,0.0
DKA_returns,KUJI_returns,0.17968291421904783
ELON_returns,CTC_returns,-0.01746269240194869
ELON_returns,MINA_returns,0.0
ELON_returns,DASH_returns,0.0
ELON_returns,SFP_returns,0.0
ELON_returns,BabyDoge_returns,0.20154288239107312
ELON_returns,SNX_returns,0.0
ELON_returns,TFUEL_returns,0.0
ELON_returns,DCR_returns,0.0
ELON_returns,GLM_returns,0.0
ELON_returns,MX_returns,0.0
ELON_returns,ZIL_returns,0.0
ELON_returns,BLUR_returns,0.0
ELON_returns,ROSE_returns,0.0
ELON_returns,CKB_returns,0.0
ELON_returns,TRAC_returns,0.0
ELON_returns,QTUM_returns,0.0
ELON_returns,ORDI_returns,0.0
ELON_returns,LPT_returns,0.0
ELON_returns,MASK_returns,0.0
ELON_returns,ASTR_returns,0.0
ELON_returns,ZRX_returns,0.0
ELON_returns,VTHO_returns,0.0
ELON_returns,ACH_returns,0.0
ELON_returns,BAT_returns,0.0
ELON_returns,CHEEL_returns,0.0
ELON_returns,CHEX_returns,0.0
ELON_returns,SNEK_returns,0.0
ELON_returns,BORG_returns,-0.06588076947494788
ELON_returns,KOGE_returns,0.0
ELON_returns,IOTX_returns,0.0
ELON_returns,CELO_returns,0.0
ELON_returns,GAS_returns,0.0
ELON_returns,ONE_returns,0.0
ELON_returns,ID_returns,0.0
ELON_returns,SUSHI_returns,0.0
ELON_returns,CSPR_returns,0.0
ELON_returns,HOT_returns,0.2084119290021761
ELON_returns,SC_returns,-0.009227346133447535
ELON_returns,YFI_returns,0.0
ELON_returns,RVN_returns,0.16922489080827463
ELON_returns,COW_returns,0.0
ELON_returns,ANKR_returns,0.0
ELON_returns,GOMINING_returns,0.0
ELON_returns,XCH_returns,0.0
ELON_returns,DGB_returns,0.0
ELON_returns,T_returns,0.0
ELON_returns,WOO_returns,0.0
ELON_returns,ELF_returns,-0.021025277519898022
ELON_returns,EUL_returns,0.0
ELON_returns,ORCA_returns,-0.03682514745354656
ELON_returns,KDA_returns,0.0
ELON_returns,OSMO_returns,0.0
ELON_returns,GMT_returns,0.0
ELON_returns,SNT_returns,0.0
ELON_returns,GMX_returns,0.0
ELON_returns,ENJ_returns,0.0
ELON_returns,XYO_returns,-0.06229696926957572
ELON_returns,POLYX_returns,0.0
ELON_returns,ZIG_returns,0.0
ELON_returns,ZEN_returns,0.0
ELON_returns,COTI_returns,0.0
ELON_returns,WEMIX_returns,0.0
ELON_returns,SKL_returns,0.0
ELON_returns,LCX_returns,-0.025231695463533845
ELON_returns,WAVES_returns,0.0
ELON_returns,CVC_returns,0.0
ELON_returns,SWFTC_returns,-0.09201027489995638
ELON_returns,LUNA_returns,-0.06006725277801023
ELON_returns,HIVE_returns,0.0
ELON_returns,RLB_returns,0.0
ELON_returns,LRC_returns,0.0
ELON_returns,DAG_returns,0.0
ELON_returns,ONT_returns,0.0
ELON_returns,TRB_returns,0.0
ELON_returns,XNO_returns,0.0
ELON_returns,DLC_returns,0.0
ELON_returns,METIS_returns,0.0
ELON_returns,ICX_returns,0.0
ELON_returns,MYTH_returns,-0.05508667109712399
ELON_returns,MPLX_returns,0.0
ELON_returns,SXP_returns,0.0
ELON_returns,XVG_returns,0.0
ELON_returns,PEOPLE_returns,0.0
ELON_returns,AWE_returns,0.0
ELON_returns,REQ_returns,0.0
ELON_returns,STORJ_returns,0.0
ELON_returns,BAND_returns,0.0
ELON_returns,WMTX_returns,0.0
ELON_returns,CFG_returns,-0.05166249146589781
ELON_returns,HONEY_returns,0.0
ELON_returns,PRO_returns,0.0
ELON_returns,PRIME_returns,0.0
ELON_returns,VVS_returns,0.22102363167382244
ELON_returns,CPOOL_returns,-0.02420797561188907
ELON_returns,YGG_returns,0.0
ELON_returns,SSV_returns,0.0
ELON_returns,CETUS_returns,0.0
ELON_returns,CGPT_returns,0.0
ELON_returns,STIK_returns,0.0
ELON_returns,PHA_returns,-0.004793715910179552
ELON_returns,XVS_returns,0.0
ELON_returns,KUB_returns,0.0
ELON_returns,BICO_returns,0.0
ELON_returns,UMA_returns,0.0
ELON_returns,WAXP_returns,0.0
ELON_returns,XPR_returns,-0.014259403885965766
ELON_returns,RPL_returns,0.0
ELON_returns,PUNDIX_returns,0.0
ELON_returns,FLUX_returns,0.0
ELON_returns,BORA_returns,0.0
ELON_returns,POWR_returns,0.0
ELON_returns,AUDIO_returns,0.0
ELON_returns,PROM_returns,-0.01780707908654316
ELON_returns,IOST_returns,0.0
ELON_returns,ACX_returns,0.0
ELON_returns,ARDR_returns,0.0
ELON_returns,SPELL_returns,0.0
ELON_returns,ORBR_returns,0.0
ELON_returns,LSK_returns,0.0
ELON_returns,XOR_returns,0.0
ELON_returns,GLMR_returns,0.0
ELON_returns,BMX_returns,0.0
ELON_returns,MVL_returns,0.0
ELON_returns,ABT_returns,-0.006382962272619818
ELON_returns,VELO_returns,0.0
ELON_returns,IQ_returns,0.0
ELON_returns,AGI_returns,0.0
ELON_returns,WILD_returns,0.0
ELON_returns,XEM_returns,0.0
ELON_returns,LON_returns,0.0
ELON_returns,POND_returns,-0.0002214768432061978
ELON_returns,ACT_returns,0.0
ELON_returns,XRD_returns,0.0
ELON_returns,RLC_returns,0.0
ELON_returns,ILV_returns,0.0
ELON_returns,FIDA_returns,0.0
ELON_returns,BNT_returns,0.0
ELON_returns,DENT_returns,0.1919128709178941
ELON_returns,ORBS_returns,0.0
ELON_returns,ONG_returns,0.0
ELON_returns,CHR_returns,0.0
ELON_returns,HEART_returns,-0.03485381602752877
ELON_returns,VANRY_returns,0.0
ELON_returns,LQTY_returns,0.0
ELON_returns,KEEP_returns,0.0
ELON_returns,DKA_returns,0.0
ELON_returns,ELON_returns,0.0
ELON_returns,ARK_returns,0.0
ELON_returns,MLK_returns,0.0
ELON_returns,AL_returns,-0.07070266438076292
ELON_returns,JOE_returns,0.0
ELON_returns,CELR_returns,0.0
ELON_returns,STEEM_returns,0.0
ELON_returns,BAL_returns,0.0
ELON_returns,PCI_returns,0.0
ELON_returns,MOVR_returns,0.0
ELON_returns,AUCTION_returns,-0.002002723548458964
ELON_returns,AERGO_returns,0.0
ELON_returns,MED_returns,0.0
ELON_returns,NMR_returns,0.0
ELON_returns,API3_returns,0.0
ELON_returns,AGLD_returns,0.0
ELON_returns,BONE_returns,0.17428041501893202
ELON_returns,SLP_returns,0.0
ELON_returns,MTL_returns,0.0
ELON_returns,KNC_returns,0.0
ELON_returns,CTSI_returns,0.0
ELON_returns,BTRST_returns,0.0
ELON_returns,SCRT_returns,0.0
ELON_returns,OMI_returns,-0.04318498217992537
ELON_returns,GEOD_returns,-0.04278735709463816
ELON_returns,EDU_returns,0.0
ELON_returns,0x0_returns,0.0
ELON_returns,KUJI_returns,0.0
ARK_returns,CTC_returns,0.0
ARK_returns,MINA_returns,0.0
ARK_returns,DASH_returns,0.0
ARK_returns,SFP_returns,0.0
ARK_returns,BabyDoge_returns,0.0
ARK_returns,SNX_returns,0.0
ARK_returns,TFUEL_returns,0.0
ARK_returns,DCR_returns,0.0
ARK_returns,GLM_returns,0.0
ARK_returns,MX_returns,0.0
ARK_returns,ZIL_returns,0.0
ARK_returns,BLUR_returns,0.0
ARK_returns,ROSE_returns,0.0
ARK_returns,CKB_returns,0.0
ARK_returns,TRAC_returns,0.0
ARK_returns,QTUM_returns,0.0
ARK_returns,ORDI_returns,0.0
ARK_returns,LPT_returns,0.0
ARK_returns,MASK_returns,0.0
ARK_returns,ASTR_returns,0.0
ARK_returns,ZRX_returns,0.0
ARK_returns,VTHO_returns,0.0
ARK_returns,ACH_returns,0.0
ARK_returns,BAT_returns,0.0
ARK_returns,CHEEL_returns,0.0
ARK_returns,CHEX_returns,0.0
ARK_returns,SNEK_returns,0.0
ARK_returns,BORG_returns,0.0
ARK_returns,KOGE_returns,0.0
ARK_returns,IOTX_returns,0.0
ARK_returns,CELO_returns,0.0
ARK_returns,GAS_returns,0.39585962271577047
ARK_returns,ONE_returns,0.0
ARK_returns,ID_returns,0.0
ARK_returns,SUSHI_returns,0.0
ARK_returns,CSPR_returns,0.0
ARK_returns,HOT_returns,0.0
ARK_returns,SC_returns,0.0
ARK_returns,YFI_returns,0.0
ARK_returns,RVN_returns,0.0
ARK_returns,COW_returns,0.0
ARK_returns,ANKR_returns,0.0
ARK_returns,GOMINING_returns,0.0
ARK_returns,XCH_returns,0.0
ARK_returns,DGB_returns,0.0
ARK_returns,T_returns,0.0
ARK_returns,WOO_returns,0.0
ARK_returns,ELF_returns,0.0
ARK_returns,EUL_returns,0.0
ARK_returns,ORCA_returns,0.0
ARK_returns,KDA_returns,0.0
ARK_returns,OSMO_returns,0.0
ARK_returns,GMT_returns,0.0
ARK_returns,SNT_returns,0.0
ARK_returns,GMX_returns,0.0
ARK_returns,ENJ_returns,0.0
ARK_returns,XYO_returns,0.0
ARK_returns,POLYX_returns,0.0
ARK_returns,ZIG_returns,0.0
ARK_returns,ZEN_returns,0.0
ARK_returns,COTI_returns,0.0
ARK_returns,WEMIX_returns,0.0
ARK_returns,SKL_returns,0.0
ARK_returns,LCX_returns,0.0
ARK_returns,WAVES_returns,0.0
ARK_returns,CVC_returns,0.0
ARK_returns,SWFTC_returns,0.0
ARK_returns,LUNA_returns,0.0
ARK_returns,HIVE_returns,0.0
ARK_returns,RLB_returns,0.0
ARK_returns,LRC_returns,0.0
ARK_returns,DAG_returns,0.0
ARK_returns,ONT_returns,0.0
ARK_returns,TRB_returns,0.0
ARK_returns,XNO_returns,0.0
ARK_returns,DLC_returns,0.0
ARK_returns,METIS_returns,0.0
ARK_returns,ICX_returns,0.3537368034793508
ARK_returns,MYTH_returns,-0.001886760697635906
ARK_returns,MPLX_returns,0.0
ARK_returns,SXP_returns,0.34956720634231453
ARK_returns,XVG_returns,0.0
ARK_returns,PEOPLE_returns,0.0
ARK_returns,AWE_returns,0.0
ARK_returns,REQ_returns,0.0
ARK_returns,STORJ_returns,0.0
ARK_returns,BAND_returns,0.0
ARK_returns,WMTX_returns,0.0
ARK_returns,CFG_returns,0.0
ARK_returns,HONEY_returns,0.0
ARK_returns,PRO_returns,0.0
ARK_returns,PRIME_returns,0.0
ARK_returns,VVS_returns,0.0
ARK_returns,CPOOL_returns,0.0
ARK_returns,YGG_returns,0.0
ARK_returns,SSV_returns,0.0
ARK_returns,CETUS_returns,0.0
ARK_returns,CGPT_returns,0.0
ARK_returns,STIK_returns,0.0
ARK_returns,PHA_returns,0.0
ARK_returns,XVS_returns,0.0
ARK_returns,KUB_returns,0.0
ARK_returns,BICO_returns,0.0
ARK_returns,UMA_returns,0.0
ARK_returns,WAXP_returns,0.0
ARK_returns,XPR_returns,0.0
ARK_returns,RPL_returns,0.0
ARK_returns,PUNDIX_returns,0.0
ARK_returns,FLUX_returns,0.0
ARK_returns,BORA_returns,0.0
ARK_returns,POWR_returns,0.0
ARK_returns,AUDIO_returns,0.0
ARK_returns,PROM_returns,0.0
ARK_returns,IOST_returns,0.33312732876514467
ARK_returns,ACX_returns,0.0
ARK_returns,ARDR_returns,0.0
ARK_returns,SPELL_returns,0.0
ARK_returns,ORBR_returns,0.0
ARK_returns,LSK_returns,0.34193467680433703
ARK_returns,XOR_returns,-0.019274205805850812
ARK_returns,GLMR_returns,0.0
ARK_returns,BMX_returns,0.0
ARK_returns,MVL_returns,0.0
ARK_returns,ABT_returns,0.0
ARK_returns,VELO_returns,0.0
ARK_returns,IQ_returns,0.0
ARK_returns,AGI_returns,0.0
ARK_returns,WILD_returns,0.0
ARK_returns,XEM_returns,0.0
ARK_returns,LON_returns,0.0
ARK_returns,POND_returns,0.0
ARK_returns,ACT_returns,0.0
ARK_returns,XRD_returns,0.0
ARK_returns,RLC_returns,0.0
ARK_returns,ILV_returns,0.0
ARK_returns,FIDA_returns,0.0
ARK_returns,BNT_returns,0.0
ARK_returns,DENT_returns,0.0
ARK_returns,ORBS_returns,0.0
ARK_returns,ONG_returns,0.0
ARK_returns,CHR_returns,0.0
ARK_returns,HEART_returns,0.0
ARK_returns,VANRY_returns,0.0
ARK_returns,LQTY_returns,0.0
ARK_returns,KEEP_returns,0.0
ARK_returns,DKA_returns,0.0
ARK_returns,ELON_returns,0.0
ARK_returns,ARK_returns,0.0
ARK_returns,MLK_returns,0.0
ARK_returns,AL_returns,0.0
ARK_returns,JOE_returns,0.0
ARK_returns,CELR_returns,0.0
ARK_returns,STEEM_returns,0.0
ARK_returns,BAL_returns,0.0
ARK_returns,PCI_returns,0.0
ARK_returns,MOVR_returns,0.0
ARK_returns,AUCTION_returns,0.0
ARK_returns,AERGO_returns,0.30773591110321985
ARK_returns,MED_returns,0.0
ARK_returns,NMR_returns,0.0
ARK_returns,API3_returns,0.0
ARK_returns,AGLD_returns,0.0
ARK_returns,BONE_returns,0.0
ARK_returns,SLP_returns,0.0
ARK_returns,MTL_returns,0.0
ARK_returns,KNC_returns,0.3497063192653018
ARK_returns,CTSI_returns,0.0
ARK_returns,BTRST_returns,0.0
ARK_returns,SCRT_returns,0.0
ARK_returns,OMI_returns,0.0
ARK_returns,GEOD_returns,0.0
ARK_returns,EDU_returns,0.0
ARK_returns,0x0_returns,0.0
ARK_returns,KUJI_returns,0.0
MLK_returns,CTC_returns,0.0
MLK_returns,MINA_returns,0.0
MLK_returns,DASH_returns,0.0
MLK_returns,SFP_returns,0.0
MLK_returns,BabyDoge_returns,0.0
MLK_returns,SNX_returns,0.0
MLK_returns,TFUEL_returns,0.0
MLK_returns,DCR_returns,0.0
MLK_returns,GLM_returns,0.0
MLK_returns,MX_returns,0.0
MLK_returns,ZIL_returns,0.0
MLK_returns,BLUR_returns,0.0
MLK_returns,ROSE_returns,0.0
MLK_returns,CKB_returns,0.0
MLK_returns,TRAC_returns,0.0
MLK_returns,QTUM_returns,0.0
MLK_returns,ORDI_returns,0.0
MLK_returns,LPT_returns,0.0
MLK_returns,MASK_returns,0.0
MLK_returns,ASTR_returns,0.0
MLK_returns,ZRX_returns,0.0
MLK_returns,VTHO_returns,0.0
MLK_returns,ACH_returns,0.0
MLK_returns,BAT_returns,0.0
MLK_returns,CHEEL_returns,0.0
MLK_returns,CHEX_returns,-0.02131218775936272
MLK_returns,SNEK_returns,0.0
MLK_returns,BORG_returns,0.0
MLK_returns,KOGE_returns,0.31173499445650044
MLK_returns,IOTX_returns,0.0
MLK_returns,CELO_returns,0.0
MLK_returns,GAS_returns,0.0
MLK_returns,ONE_returns,0.0
MLK_returns,ID_returns,0.0
MLK_returns,SUSHI_returns,0.0
MLK_returns,CSPR_returns,0.0
MLK_returns,HOT_returns,0.0
MLK_returns,SC_returns,0.0
MLK_returns,YFI_returns,0.0
MLK_returns,RVN_returns,0.0
MLK_returns,COW_returns,0.0
MLK_returns,ANKR_returns,0.0
MLK_returns,GOMINING_returns,0.31538973020414446
MLK_returns,XCH_returns,0.0
MLK_returns,DGB_returns,0.0
MLK_returns,T_returns,0.0
MLK_returns,WOO_returns,0.0
MLK_returns,ELF_returns,0.292521222158499
MLK_returns,EUL_returns,0.0
MLK_returns,ORCA_returns,0.0
MLK_returns,KDA_returns,0.0
MLK_returns,OSMO_returns,0.0
MLK_returns,GMT_returns,0.0
MLK_returns,SNT_returns,0.0
MLK_returns,GMX_returns,0.0
MLK_returns,ENJ_returns,0.0
MLK_returns,XYO_returns,0.0
MLK_returns,POLYX_returns,0.0
MLK_returns,ZIG_returns,0.0
MLK_returns,ZEN_returns,0.0
MLK_returns,COTI_returns,0.0
MLK_returns,WEMIX_returns,0.0
MLK_returns,SKL_returns,0.0
MLK_returns,LCX_returns,0.0
MLK_returns,WAVES_returns,0.0
MLK_returns,CVC_returns,0.0
MLK_returns,SWFTC_returns,0.0
MLK_returns,LUNA_returns,0.0
MLK_returns,HIVE_returns,0.42285382443622005
MLK_returns,RLB_returns,0.0
MLK_returns,LRC_returns,0.0
MLK_returns,DAG_returns,0.0
MLK_returns,ONT_returns,0.0
MLK_returns,TRB_returns,0.0
MLK_returns,XNO_returns,0.0
MLK_returns,DLC_returns,0.0
MLK_returns,METIS_returns,-0.048202284148176254
MLK_returns,ICX_returns,0.0
MLK_returns,MYTH_returns,0.0
MLK_returns,MPLX_returns,0.0
MLK_returns,SXP_returns,0.0
MLK_returns,XVG_returns,0.0
MLK_returns,PEOPLE_returns,0.0
MLK_returns,AWE_returns,0.0
MLK_returns,REQ_returns,0.0
MLK_returns,STORJ_returns,0.0
MLK_returns,BAND_returns,0.0
MLK_returns,WMTX_returns,0.0
MLK_returns,CFG_returns,0.0
MLK_returns,HONEY_returns,0.0
MLK_returns,PRO_returns,0.0
MLK_returns,PRIME_returns,-0.019221622022331505
MLK_returns,VVS_returns,0.0
MLK_returns,CPOOL_returns,0.0
MLK_returns,YGG_returns,0.0
MLK_returns,SSV_returns,0.0
MLK_returns,CETUS_returns,0.0
MLK_returns,CGPT_returns,0.0
MLK_returns,STIK_returns,0.0
MLK_returns,PHA_returns,0.0
MLK_returns,XVS_returns,0.0
MLK_returns,KUB_returns,0.3499176457836027
MLK_returns,BICO_returns,0.0
MLK_returns,UMA_returns,0.0
MLK_returns,WAXP_returns,0.0
MLK_returns,XPR_returns,0.0
MLK_returns,RPL_returns,0.0
MLK_returns,PUNDIX_returns,0.0
MLK_returns,FLUX_returns,0.0
MLK_returns,BORA_returns,0.6501766244824466
MLK_returns,POWR_returns,0.0
MLK_returns,AUDIO_returns,0.0
MLK_returns,PROM_returns,0.0
MLK_returns,IOST_returns,0.39639690408836453
MLK_returns,ACX_returns,0.0
MLK_returns,ARDR_returns,0.0
MLK_returns,SPELL_returns,0.0
MLK_returns,ORBR_returns,0.0
MLK_returns,LSK_returns,0.0
MLK_returns,XOR_returns,-0.038271455027900206
MLK_returns,GLMR_returns,0.0
MLK_returns,BMX_returns,0.0
MLK_returns,MVL_returns,0.44352067590502453
MLK_returns,ABT_returns,0.0
MLK_returns,VELO_returns,0.0
MLK_returns,IQ_returns,0.0
MLK_returns,AGI_returns,0.0
MLK_returns,WILD_returns,-0.0222322575919297
MLK_returns,XEM_returns,0.0
MLK_returns,LON_returns,0.0
MLK_returns,POND_returns,0.0
MLK_returns,ACT_returns,0.0
MLK_returns,XRD_returns,0.24689517610245054
MLK_returns,RLC_returns,0.0
MLK_returns,ILV_returns,0.0
MLK_returns,FIDA_returns,0.0
MLK_returns,BNT_returns,0.0
MLK_returns,DENT_returns,0.0
MLK_returns,ORBS_returns,0.0
MLK_returns,ONG_returns,0.0
MLK_returns,CHR_returns,0.0
MLK_returns,HEART_returns,0.0
MLK_returns,VANRY_returns,0.0
MLK_returns,LQTY_returns,0.0
MLK_returns,KEEP_returns,0.1828016774755172
MLK_returns,DKA_returns,0.5204169859776641
MLK_returns,ELON_returns,0.0
MLK_returns,ARK_returns,0.0
MLK_returns,MLK_returns,0.0
MLK_returns,AL_returns,0.0
MLK_returns,JOE_returns,0.0
MLK_returns,CELR_returns,0.0
MLK_returns,STEEM_returns,0.0
MLK_returns,BAL_returns,-0.02395047251950111
MLK_returns,PCI_returns,0.0
MLK_returns,MOVR_returns,0.0
MLK_returns,AUCTION_returns,0.0
MLK_returns,AERGO_returns,0.0
MLK_returns,MED_returns,0.5625273105239094
MLK_returns,NMR_returns,0.0
MLK_returns,API3_returns,0.0
MLK_returns,AGLD_returns,0.0
MLK_returns,BONE_returns,0.0
MLK_returns,SLP_returns,0.0
MLK_returns,MTL_returns,0.0
MLK_returns,KNC_returns,0.0
MLK_returns,CTSI_returns,0.0
MLK_returns,BTRST_returns,0.0
MLK_returns,SCRT_returns,0.0
MLK_returns,OMI_returns,0.0
MLK_returns,GEOD_returns,0.0
MLK_returns,EDU_returns,0.0
MLK_returns,0x0_returns,0.0
MLK_returns,KUJI_returns,0.0
AL_returns,CTC_returns,0.0
AL_returns,MINA_returns,0.0
AL_returns,DASH_returns,0.0
AL_returns,SFP_returns,0.0
AL_returns,BabyDoge_returns,0.0
AL_returns,SNX_returns,0.0
AL_returns,TFUEL_returns,0.0
AL_returns,DCR_returns,0.0
AL_returns,GLM_returns,0.0
AL_returns,MX_returns,0.0
AL_returns,ZIL_returns,0.0
AL_returns,BLUR_returns,0.0
AL_returns,ROSE_returns,0.0
AL_returns,CKB_returns,0.0
AL_returns,TRAC_returns,0.0
AL_returns,QTUM_returns,0.0
AL_returns,ORDI_returns,0.0
AL_returns,LPT_returns,0.0
AL_returns,MASK_returns,0.0
AL_returns,ASTR_returns,0.0
AL_returns,ZRX_returns,0.0
AL_returns,VTHO_returns,0.0
AL_returns,ACH_returns,0.0
AL_returns,BAT_returns,0.2560537180066836
AL_returns,CHEEL_returns,0.0
AL_returns,CHEX_returns,0.0
AL_returns,SNEK_returns,0.0
AL_returns,BORG_returns,0.0
AL_returns,KOGE_returns,0.0
AL_returns,IOTX_returns,0.0
AL_returns,CELO_returns,0.0
AL_returns,GAS_returns,0.0
AL_returns,ONE_returns,0.0
AL_returns,ID_returns,0.0
AL_returns,SUSHI_returns,0.0
AL_returns,CSPR_returns,0.0
AL_returns,HOT_returns,0.0
AL_returns,SC_returns,0.0
AL_returns,YFI_returns,0.0
AL_returns,RVN_returns,0.0
AL_returns,COW_returns,-0.0636856482599558
AL_returns,ANKR_returns,0.0
AL_returns,GOMINING_returns,0.0
AL_returns,XCH_returns,0.0
AL_returns,DGB_returns,0.0
AL_returns,T_returns,0.0
AL_returns,WOO_returns,0.0
AL_returns,ELF_returns,0.0
AL_returns,EUL_returns,0.0
AL_returns,ORCA_returns,0.0
AL_returns,KDA_returns,0.0
AL_returns,OSMO_returns,0.0
AL_returns,GMT_returns,0.0
AL_returns,SNT_returns,0.0
AL_returns,GMX_returns,0.0
AL_returns,ENJ_returns,0.0
AL_returns,XYO_returns,0.0
AL_returns,POLYX_returns,0.0
AL_returns,ZIG_returns,0.0
AL_returns,ZEN_returns,0.0
AL_returns,COTI_returns,0.0
AL_returns,WEMIX_returns,0.0
AL_returns,SKL_returns,0.0
AL_returns,LCX_returns,0.0
AL_returns,WAVES_returns,0.0
AL_returns,CVC_returns,0.0
AL_returns,SWFTC_returns,0.0
AL_returns,LUNA_returns,0.0
AL_returns,HIVE_returns,0.0
AL_returns,RLB_returns,0.0
AL_returns,LRC_returns,0.0
AL_returns,DAG_returns,0.0
AL_returns,ONT_returns,0.0
AL_returns,TRB_returns,0.0
AL_returns,XNO_returns,0.0
AL_returns,DLC_returns,0.0
AL_returns,METIS_returns,0.0
AL_returns,ICX_returns,0.0
AL_returns,MYTH_returns,0.0
AL_returns,MPLX_returns,0.0
AL_returns,SXP_returns,0.0
AL_returns,XVG_returns,0.0
AL_returns,PEOPLE_returns,0.0
AL_returns,AWE_returns,0.0
AL_returns,REQ_returns,0.0
AL_returns,STORJ_returns,0.0
AL_returns,BAND_returns,0.2647447671498534
AL_returns,WMTX_returns,0.0
AL_returns,CFG_returns,0.0
AL_returns,HONEY_returns,0.0
AL_returns,PRO_returns,0.0
AL_returns,PRIME_returns,-0.03714344715734645
AL_returns,VVS_returns,0.0
AL_returns,CPOOL_returns,0.0
AL_returns,YGG_returns,0.0
AL_returns,SSV_returns,0.0
AL_returns,CETUS_returns,0.0
AL_returns,CGPT_returns,0.0
AL_returns,STIK_returns,0.0
AL_returns,PHA_returns,0.0
AL_returns,XVS_returns,0.0
AL_returns,KUB_returns,0.28165411118806793
AL_returns,BICO_returns,0.0
AL_returns,UMA_returns,0.0
AL_returns,WAXP_returns,0.0
AL_returns,XPR_returns,0.29862021031340985
AL_returns,RPL_returns,0.0
AL_returns,PUNDIX_returns,0.0
AL_returns,FLUX_returns,0.0
AL_returns,BORA_returns,0.28331227521361774
AL_returns,POWR_returns,0.0
AL_returns,AUDIO_returns,0.0
AL_returns,PROM_returns,0.0
AL_returns,IOST_returns,0.0
AL_returns,ACX_returns,0.0
AL_returns,ARDR_returns,0.0
AL_returns,SPELL_returns,0.0
AL_returns,ORBR_returns,0.0
AL_returns,LSK_returns,0.0
AL_returns,XOR_returns,-0.026278660657757615
AL_returns,GLMR_returns,0.0
AL_returns,BMX_returns,0.0
AL_returns,MVL_returns,0.0
AL_returns,ABT_returns,0.0
AL_returns,VELO_returns,0.0
AL_returns,IQ_returns,0.0
AL_returns,AGI_returns,0.0
AL_returns,WILD_returns,-0.0046346801809893775
AL_returns,XEM_returns,0.0
AL_returns,LON_returns,0.0
AL_returns,POND_returns,0.0
AL_returns,ACT_returns,0.0
AL_returns,XRD_returns,0.0
AL_returns,RLC_returns,0.0
AL_returns,ILV_returns,0.0
AL_returns,FIDA_returns,0.0
AL_returns,BNT_returns,0.0
AL_returns,DENT_returns,0.0
AL_returns,ORBS_returns,0.0
AL_returns,ONG_returns,0.0
AL_returns,CHR_returns,0.0
AL_returns,HEART_returns,0.0
AL_returns,VANRY_returns,0.0
AL_returns,LQTY_returns,0.0
AL_returns,KEEP_returns,0.0
AL_returns,DKA_returns,0.0
AL_returns,ELON_returns,-0.07070266438076292
AL_returns,ARK_returns,0.0
AL_returns,MLK_returns,0.0
AL_returns,AL_returns,0.0
AL_returns,JOE_returns,0.0
AL_returns,CELR_returns,0.0
AL_returns,STEEM_returns,0.0
AL_returns,BAL_returns,0.0
AL_returns,PCI_returns,0.0
AL_returns,MOVR_returns,0.0
AL_returns,AUCTION_returns,0.0
AL_returns,AERGO_returns,0.0
AL_returns,MED_returns,0.2706961898952545
AL_returns,NMR_returns,0.0
AL_returns,API3_returns,0.0
AL_returns,AGLD_returns,0.0
AL_returns,BONE_returns,0.0
AL_returns,SLP_returns,0.0
AL_returns,MTL_returns,0.0
AL_returns,KNC_returns,0.0
AL_returns,CTSI_returns,0.0
AL_returns,BTRST_returns,0.0
AL_returns,SCRT_returns,0.0
AL_returns,OMI_returns,0.0
AL_returns,GEOD_returns,0.0
AL_returns,EDU_returns,0.0
AL_returns,0x0_returns,0.0
AL_returns,KUJI_returns,0.0
JOE_returns,CTC_returns,0.0
JOE_returns,MINA_returns,0.0
JOE_returns,DASH_returns,0.0
JOE_returns,SFP_returns,0.0
JOE_returns,BabyDoge_returns,0.0
JOE_returns,SNX_returns,0.0
JOE_returns,TFUEL_returns,0.0
JOE_returns,DCR_returns,0.0
JOE_returns,GLM_returns,0.0
JOE_returns,MX_returns,0.0
JOE_returns,ZIL_returns,0.45678915474306764
JOE_returns,BLUR_returns,0.0
JOE_returns,ROSE_returns,0.0
JOE_returns,CKB_returns,0.0
JOE_returns,TRAC_returns,0.0
JOE_returns,QTUM_returns,0.0
JOE_returns,ORDI_returns,0.0
JOE_returns,LPT_returns,0.0
JOE_returns,MASK_returns,0.0
JOE_returns,ASTR_returns,0.0
JOE_returns,ZRX_returns,0.0
JOE_returns,VTHO_returns,0.0
JOE_returns,ACH_returns,0.0
JOE_returns,BAT_returns,0.4668415048280784
JOE_returns,CHEEL_returns,0.0
JOE_returns,CHEX_returns,0.0
JOE_returns,SNEK_returns,0.0
JOE_returns,BORG_returns,0.0
JOE_returns,KOGE_returns,0.0
JOE_returns,IOTX_returns,0.0
JOE_returns,CELO_returns,0.0
JOE_returns,GAS_returns,0.0
JOE_returns,ONE_returns,0.4889139722058679
JOE_returns,ID_returns,0.0
JOE_returns,SUSHI_returns,0.0
JOE_returns,CSPR_returns,0.0
JOE_returns,HOT_returns,0.0
JOE_returns,SC_returns,0.0
JOE_returns,YFI_returns,0.0
JOE_returns,RVN_returns,0.0
JOE_returns,COW_returns,0.0
JOE_returns,ANKR_returns,0.0
JOE_returns,GOMINING_returns,0.0
JOE_returns,XCH_returns,0.0
JOE_returns,DGB_returns,0.0
JOE_returns,T_returns,0.0
JOE_returns,WOO_returns,0.0
JOE_returns,ELF_returns,0.0
JOE_returns,EUL_returns,0.0
JOE_returns,ORCA_returns,0.2599157185357423
JOE_returns,KDA_returns,0.0
JOE_returns,OSMO_returns,0.0
JOE_returns,GMT_returns,0.0
JOE_returns,SNT_returns,0.0
JOE_returns,GMX_returns,0.0
JOE_returns,ENJ_returns,0.4645491406524993
JOE_returns,XYO_returns,0.0
JOE_returns,POLYX_returns,0.0
JOE_returns,ZIG_returns,0.0
JOE_returns,ZEN_returns,0.0
JOE_returns,COTI_returns,0.0
JOE_returns,WEMIX_returns,0.0
JOE_returns,SKL_returns,0.0
JOE_returns,LCX_returns,0.0
JOE_returns,WAVES_returns,0.0
JOE_returns,CVC_returns,0.0
JOE_returns,SWFTC_returns,0.0
JOE_returns,LUNA_returns,0.0
JOE_returns,HIVE_returns,0.0
JOE_returns,RLB_returns,0.0
JOE_returns,LRC_returns,0.0
JOE_returns,DAG_returns,0.0
JOE_returns,ONT_returns,0.0
JOE_returns,TRB_returns,0.0
JOE_returns,XNO_returns,0.0
JOE_returns,DLC_returns,0.0
JOE_returns,METIS_returns,0.0
JOE_returns,ICX_returns,0.0
JOE_returns,MYTH_returns,-0.0171346729742503
JOE_returns,MPLX_returns,0.0
JOE_returns,SXP_returns,0.0
JOE_returns,XVG_returns,0.0
JOE_returns,PEOPLE_returns,0.0
JOE_returns,AWE_returns,0.0
JOE_returns,REQ_returns,0.0
JOE_returns,STORJ_returns,0.0
JOE_returns,BAND_returns,0.0
JOE_returns,WMTX_returns,0.0
JOE_returns,CFG_returns,0.0
JOE_returns,HONEY_returns,0.0
JOE_returns,PRO_returns,0.0
JOE_returns,PRIME_returns,0.0
JOE_returns,VVS_returns,0.0
JOE_returns,CPOOL_returns,0.0
JOE_returns,YGG_returns,0.0
JOE_returns,SSV_returns,0.0
JOE_returns,CETUS_returns,0.0
JOE_returns,CGPT_returns,0.0
JOE_returns,STIK_returns,-0.051482997185551126
JOE_returns,PHA_returns,0.0
JOE_returns,XVS_returns,0.0
JOE_returns,KUB_returns,0.0
JOE_returns,BICO_returns,0.0
JOE_returns,UMA_returns,0.0
JOE_returns,WAXP_returns,0.0
JOE_returns,XPR_returns,0.0
JOE_returns,RPL_returns,0.0
JOE_returns,PUNDIX_returns,0.0
JOE_returns,FLUX_returns,0.0
JOE_returns,BORA_returns,0.0
JOE_returns,POWR_returns,0.0
JOE_returns,AUDIO_returns,0.0
JOE_returns,PROM_returns,0.0
JOE_returns,IOST_returns,0.0
JOE_returns,ACX_returns,0.0
JOE_returns,ARDR_returns,0.0
JOE_returns,SPELL_returns,0.0
JOE_returns,ORBR_returns,0.0
JOE_returns,LSK_returns,0.0
JOE_returns,XOR_returns,0.0
JOE_returns,GLMR_returns,0.0
JOE_returns,BMX_returns,0.0
JOE_returns,MVL_returns,0.0
JOE_returns,ABT_returns,0.0
JOE_returns,VELO_returns,0.29811628082650476
JOE_returns,IQ_returns,0.0
JOE_returns,AGI_returns,0.0
JOE_returns,WILD_returns,0.0
JOE_returns,XEM_returns,0.0
JOE_returns,LON_returns,-0.044695424137959704
JOE_returns,POND_returns,0.0
JOE_returns,ACT_returns,0.0
JOE_returns,XRD_returns,0.0
JOE_returns,RLC_returns,0.0
JOE_returns,ILV_returns,0.0
JOE_returns,FIDA_returns,0.40035487581635765
JOE_returns,BNT_returns,0.0
JOE_returns,DENT_returns,0.48920626744929796
JOE_returns,ORBS_returns,0.0
JOE_returns,ONG_returns,0.0
JOE_returns,CHR_returns,0.0
JOE_returns,HEART_returns,0.0
JOE_returns,VANRY_returns,0.0
JOE_returns,LQTY_returns,0.0
JOE_returns,KEEP_returns,0.0
JOE_returns,DKA_returns,0.0
JOE_returns,ELON_returns,0.0
JOE_returns,ARK_returns,0.0
JOE_returns,MLK_returns,0.0
JOE_returns,AL_returns,0.0
JOE_returns,JOE_returns,0.0
JOE_returns,CELR_returns,0.46644748619861826
JOE_returns,STEEM_returns,0.0
JOE_returns,BAL_returns,0.0
JOE_returns,PCI_returns,0.0
JOE_returns,MOVR_returns,0.0
JOE_returns,AUCTION_returns,0.0
JOE_returns,AERGO_returns,0.0
JOE_returns,MED_returns,0.0
JOE_returns,NMR_returns,0.0
JOE_returns,API3_returns,0.0
JOE_returns,AGLD_returns,0.0
JOE_returns,BONE_returns,0.0
JOE_returns,SLP_returns,0.0
JOE_returns,MTL_returns,0.0
JOE_returns,KNC_returns,0.0
JOE_returns,CTSI_returns,0.0
JOE_returns,BTRST_returns,0.0
JOE_returns,SCRT_returns,0.0
JOE_returns,OMI_returns,-0.012087779692392824
JOE_returns,GEOD_returns,0.0
JOE_returns,EDU_returns,0.0
JOE_returns,0x0_returns,0.0
JOE_returns,KUJI_returns,0.0
CELR_returns,CTC_returns,0.0
CELR_returns,MINA_returns,0.486528573647651
CELR_returns,DASH_returns,0.0
CELR_returns,SFP_returns,0.0
CELR_returns,BabyDoge_returns,0.0
CELR_returns,SNX_returns,0.48827661222166857
CELR_returns,TFUEL_returns,0.0
CELR_returns,DCR_returns,0.0
CELR_returns,GLM_returns,0.0
CELR_returns,MX_returns,0.0
CELR_returns,ZIL_returns,0.5941954359111754
CELR_returns,BLUR_returns,0.0
CELR_returns,ROSE_returns,0.5301142438345458
CELR_returns,CKB_returns,0.0
CELR_returns,TRAC_returns,0.0
CELR_returns,QTUM_returns,0.0
CELR_returns,ORDI_returns,0.0
CELR_returns,LPT_returns,0.0
CELR_returns,MASK_returns,0.0
CELR_returns,ASTR_returns,0.0
CELR_returns,ZRX_returns,0.0
CELR_returns,VTHO_returns,0.3084880326898222
CELR_returns,ACH_returns,0.0
CELR_returns,BAT_returns,0.5728173997792776
CELR_returns,CHEEL_returns,-0.026516973631495893
CELR_returns,CHEX_returns,0.0
CELR_returns,SNEK_returns,0.2353594473399076
CELR_returns,BORG_returns,0.0
CELR_returns,KOGE_returns,0.0
CELR_returns,IOTX_returns,0.41090618069743734
CELR_returns,CELO_returns,0.0
CELR_returns,GAS_returns,0.0
CELR_returns,ONE_returns,0.658423119810633
CELR_returns,ID_returns,0.0
CELR_returns,SUSHI_returns,0.4947947668854527
CELR_returns,CSPR_returns,0.0
CELR_returns,HOT_returns,0.0
CELR_returns,SC_returns,0.0
CELR_returns,YFI_returns,0.0
CELR_returns,RVN_returns,0.0
CELR_returns,COW_returns,0.0
CELR_returns,ANKR_returns,0.0
CELR_returns,GOMINING_returns,0.0
CELR_returns,XCH_returns,0.0
CELR_returns,DGB_returns,0.0
CELR_returns,T_returns,0.0
CELR_returns,WOO_returns,0.46979959903516755
CELR_returns,ELF_returns,0.0
CELR_returns,EUL_returns,0.0
CELR_returns,ORCA_returns,0.0
CELR_returns,KDA_returns,0.49740036000540333
CELR_returns,OSMO_returns,0.42453850476458543
CELR_returns,GMT_returns,0.0
CELR_returns,SNT_returns,0.0
CELR_returns,GMX_returns,0.3580525040236153
CELR_returns,ENJ_returns,0.0
CELR_returns,XYO_returns,0.0
CELR_returns,POLYX_returns,0.0
CELR_returns,ZIG_returns,0.0
CELR_returns,ZEN_returns,0.0
CELR_returns,COTI_returns,0.4174208423271167
CELR_returns,WEMIX_returns,0.0
CELR_returns,SKL_returns,0.41548504275903353
CELR_returns,LCX_returns,0.0
CELR_returns,WAVES_returns,0.0
CELR_returns,CVC_returns,0.0
CELR_returns,SWFTC_returns,0.0
CELR_returns,LUNA_returns,0.45077660098241745
CELR_returns,HIVE_returns,0.0
CELR_returns,RLB_returns,0.0
CELR_returns,LRC_returns,0.5478483250189722
CELR_returns,DAG_returns,0.0
CELR_returns,ONT_returns,0.0
CELR_returns,TRB_returns,0.2966201645838565
CELR_returns,XNO_returns,0.0
CELR_returns,DLC_returns,0.0
CELR_returns,METIS_returns,0.33765340846373676
CELR_returns,ICX_returns,0.0
CELR_returns,MYTH_returns,0.0
CELR_returns,MPLX_returns,0.0
CELR_returns,SXP_returns,0.0
CELR_returns,XVG_returns,0.29972903484137303
CELR_returns,PEOPLE_returns,0.0
CELR_returns,AWE_returns,0.0
CELR_returns,REQ_returns,0.0
CELR_returns,STORJ_returns,0.0
CELR_returns,BAND_returns,0.0
CELR_returns,WMTX_returns,0.0
CELR_returns,CFG_returns,0.0
CELR_returns,HONEY_returns,0.0
CELR_returns,PRO_returns,0.0
CELR_returns,PRIME_returns,0.0
CELR_returns,VVS_returns,0.0
CELR_returns,CPOOL_returns,0.0
CELR_returns,YGG_returns,0.0
CELR_returns,SSV_returns,0.0
CELR_returns,CETUS_returns,0.3154095016029687
CELR_returns,CGPT_returns,0.0
CELR_returns,STIK_returns,-0.06323068734346639
CELR_returns,PHA_returns,0.3055584999946208
CELR_returns,XVS_returns,0.0
CELR_returns,KUB_returns,0.0
CELR_returns,BICO_returns,0.4357995115866819
CELR_returns,UMA_returns,0.0
CELR_returns,WAXP_returns,0.0
CELR_returns,XPR_returns,0.0
CELR_returns,RPL_returns,0.0
CELR_returns,PUNDIX_returns,0.0
CELR_returns,FLUX_returns,0.0
CELR_returns,BORA_returns,0.0
CELR_returns,POWR_returns,0.0
CELR_returns,AUDIO_returns,0.0
CELR_returns,PROM_returns,0.0
CELR_returns,IOST_returns,0.0
CELR_returns,ACX_returns,0.19944018714783665
CELR_returns,ARDR_returns,0.0
CELR_returns,SPELL_returns,0.0
CELR_returns,ORBR_returns,0.0
CELR_returns,LSK_returns,0.0
CELR_returns,XOR_returns,0.0
CELR_returns,GLMR_returns,0.4487241900406885
CELR_returns,BMX_returns,0.0
CELR_returns,MVL_returns,0.0
CELR_returns,ABT_returns,0.0
CELR_returns,VELO_returns,0.3120347540848972
CELR_returns,IQ_returns,0.0
CELR_returns,AGI_returns,0.0
CELR_returns,WILD_returns,0.0
CELR_returns,XEM_returns,0.0
CELR_returns,LON_returns,-0.02045518362472674
CELR_returns,POND_returns,0.0
CELR_returns,ACT_returns,0.0
CELR_returns,XRD_returns,0.0
CELR_returns,RLC_returns,0.0
CELR_returns,ILV_returns,0.4010266805004824
CELR_returns,FIDA_returns,0.0
CELR_returns,BNT_returns,0.0
CELR_returns,DENT_returns,0.6174331984611261
CELR_returns,ORBS_returns,0.0
CELR_returns,ONG_returns,0.0
CELR_returns,CHR_returns,0.44551736130009684
CELR_returns,HEART_returns,0.0
CELR_returns,VANRY_returns,0.0
CELR_returns,LQTY_returns,0.34164006654515916
CELR_returns,KEEP_returns,0.0
CELR_returns,DKA_returns,0.0
CELR_returns,ELON_returns,0.0
CELR_returns,ARK_returns,0.0
CELR_returns,MLK_returns,0.0
CELR_returns,AL_returns,0.0
CELR_returns,JOE_returns,0.46644748619861826
CELR_returns,CELR_returns,0.0
CELR_returns,STEEM_returns,0.0
CELR_returns,BAL_returns,0.3454519780239211
CELR_returns,PCI_returns,0.0
CELR_returns,MOVR_returns,0.0
CELR_returns,AUCTION_returns,0.0
CELR_returns,AERGO_returns,0.0
CELR_returns,MED_returns,0.0
CELR_returns,NMR_returns,0.0
CELR_returns,API3_returns,0.0
CELR_returns,AGLD_returns,0.0
CELR_returns,BONE_returns,0.0
CELR_returns,SLP_returns,0.0
CELR_returns,MTL_returns,0.0
CELR_returns,KNC_returns,0.0
CELR_returns,CTSI_returns,0.5362042994840902
CELR_returns,BTRST_returns,0.0
CELR_returns,SCRT_returns,0.3044915026515328
CELR_returns,OMI_returns,0.0
CELR_returns,GEOD_returns,0.0
CELR_returns,EDU_returns,0.0
CELR_returns,0x0_returns,0.0
CELR_returns,KUJI_returns,0.0
STEEM_returns,CTC_returns,0.0
STEEM_returns,MINA_returns,0.0
STEEM_returns,DASH_returns,0.0
STEEM_returns,SFP_returns,0.0
STEEM_returns,BabyDoge_returns,0.0
STEEM_returns,SNX_returns,0.0
STEEM_returns,TFUEL_returns,0.0
STEEM_returns,DCR_returns,0.0
STEEM_returns,GLM_returns,0.3549409185425264
STEEM_returns,MX_returns,0.0
STEEM_returns,ZIL_returns,0.0
STEEM_returns,BLUR_returns,0.0
STEEM_returns,ROSE_returns,0.0
STEEM_returns,CKB_returns,0.0
STEEM_returns,TRAC_returns,0.0
STEEM_returns,QTUM_returns,0.0
STEEM_returns,ORDI_returns,0.0
STEEM_returns,LPT_returns,0.0
STEEM_returns,MASK_returns,0.0
STEEM_returns,ASTR_returns,0.0
STEEM_returns,ZRX_returns,0.0
STEEM_returns,VTHO_returns,0.0
STEEM_returns,ACH_returns,0.0
STEEM_returns,BAT_returns,0.45448137509522113
STEEM_returns,CHEEL_returns,0.0
STEEM_returns,CHEX_returns,0.0
STEEM_returns,SNEK_returns,0.0
STEEM_returns,BORG_returns,0.0
STEEM_returns,KOGE_returns,0.0
STEEM_returns,IOTX_returns,0.0
STEEM_returns,CELO_returns,0.0
STEEM_returns,GAS_returns,0.40594867221178466
STEEM_returns,ONE_returns,0.0
STEEM_returns,ID_returns,0.0
STEEM_returns,SUSHI_returns,0.0
STEEM_returns,CSPR_returns,0.0
STEEM_returns,HOT_returns,0.0
STEEM_returns,SC_returns,0.0
STEEM_returns,YFI_returns,0.0
STEEM_returns,RVN_returns,0.0
STEEM_returns,COW_returns,0.0
STEEM_returns,ANKR_returns,0.0
STEEM_returns,GOMINING_returns,0.0
STEEM_returns,XCH_returns,0.0
STEEM_returns,DGB_returns,0.0
STEEM_returns,T_returns,0.0
STEEM_returns,WOO_returns,0.0
STEEM_returns,ELF_returns,0.29357808730888946
STEEM_returns,EUL_returns,0.0
STEEM_returns,ORCA_returns,0.0
STEEM_returns,KDA_returns,0.0
STEEM_returns,OSMO_returns,0.0
STEEM_returns,GMT_returns,0.0
STEEM_returns,SNT_returns,0.0
STEEM_returns,GMX_returns,0.0
STEEM_returns,ENJ_returns,0.0
STEEM_returns,XYO_returns,0.0
STEEM_returns,POLYX_returns,0.0
STEEM_returns,ZIG_returns,0.0
STEEM_returns,ZEN_returns,0.0
STEEM_returns,COTI_returns,0.0
STEEM_returns,WEMIX_returns,0.0
STEEM_returns,SKL_returns,0.0
STEEM_returns,LCX_returns,0.0
STEEM_returns,WAVES_returns,0.0
STEEM_returns,CVC_returns,0.0
STEEM_returns,SWFTC_returns,0.0
STEEM_returns,LUNA_returns,0.0
STEEM_returns,HIVE_returns,0.4533787278614804
STEEM_returns,RLB_returns,0.0
STEEM_returns,LRC_returns,0.0
STEEM_returns,DAG_returns,0.0
STEEM_returns,ONT_returns,0.0
STEEM_returns,TRB_returns,0.0
STEEM_returns,XNO_returns,0.0
STEEM_returns,DLC_returns,0.0
STEEM_returns,METIS_returns,0.0
STEEM_returns,ICX_returns,0.44678083408164426
STEEM_returns,MYTH_returns,0.0
STEEM_returns,MPLX_returns,0.0
STEEM_returns,SXP_returns,0.0
STEEM_returns,XVG_returns,0.0
STEEM_returns,PEOPLE_returns,0.0
STEEM_returns,AWE_returns,0.0
STEEM_returns,REQ_returns,0.0
STEEM_returns,STORJ_returns,0.0
STEEM_returns,BAND_returns,0.0
STEEM_returns,WMTX_returns,0.0
STEEM_returns,CFG_returns,0.0
STEEM_returns,HONEY_returns,0.0
STEEM_returns,PRO_returns,0.0
STEEM_returns,PRIME_returns,0.0
STEEM_returns,VVS_returns,0.0
STEEM_returns,CPOOL_returns,0.0
STEEM_returns,YGG_returns,0.0
STEEM_returns,SSV_returns,0.0
STEEM_returns,CETUS_returns,0.0
STEEM_returns,CGPT_returns,0.0
STEEM_returns,STIK_returns,0.0
STEEM_returns,PHA_returns,0.0
STEEM_returns,XVS_returns,0.0
STEEM_returns,KUB_returns,0.0
STEEM_returns,BICO_returns,0.0
STEEM_returns,UMA_returns,0.0
STEEM_returns,WAXP_returns,0.45068772656859235
STEEM_returns,XPR_returns,0.0
STEEM_returns,RPL_returns,0.0
STEEM_returns,PUNDIX_returns,0.0
STEEM_returns,FLUX_returns,0.0
STEEM_returns,BORA_returns,0.0
STEEM_returns,POWR_returns,0.3792548364462367
STEEM_returns,AUDIO_returns,0.0
STEEM_returns,PROM_returns,0.0
STEEM_returns,IOST_returns,0.0
STEEM_returns,ACX_returns,0.0
STEEM_returns,ARDR_returns,0.0
STEEM_returns,SPELL_returns,0.0
STEEM_returns,ORBR_returns,0.0
STEEM_returns,LSK_returns,0.0
STEEM_returns,XOR_returns,0.0
STEEM_returns,GLMR_returns,0.0
STEEM_returns,BMX_returns,0.0
STEEM_returns,MVL_returns,0.0
STEEM_returns,ABT_returns,0.0
STEEM_returns,VELO_returns,0.0
STEEM_returns,IQ_returns,0.0
STEEM_returns,AGI_returns,0.0
STEEM_returns,WILD_returns,0.0
STEEM_returns,XEM_returns,0.0
STEEM_returns,LON_returns,0.0
STEEM_returns,POND_returns,0.0
STEEM_returns,ACT_returns,0.0
STEEM_returns,XRD_returns,0.0
STEEM_returns,RLC_returns,0.0
STEEM_returns,ILV_returns,0.0
STEEM_returns,FIDA_returns,0.0
STEEM_returns,BNT_returns,0.0
STEEM_returns,DENT_returns,0.0
STEEM_returns,ORBS_returns,0.0
STEEM_returns,ONG_returns,0.48936250500974665
STEEM_returns,CHR_returns,0.0
STEEM_returns,HEART_returns,0.0
STEEM_returns,VANRY_returns,0.0
STEEM_returns,LQTY_returns,0.0
STEEM_returns,KEEP_returns,0.0
STEEM_returns,DKA_returns,0.0
STEEM_returns,ELON_returns,0.0
STEEM_returns,ARK_returns,0.0
STEEM_returns,MLK_returns,0.0
STEEM_returns,AL_returns,0.0
STEEM_returns,JOE_returns,0.0
STEEM_returns,CELR_returns,0.0
STEEM_returns,STEEM_returns,0.0
STEEM_returns,BAL_returns,0.0
STEEM_returns,PCI_returns,0.0
STEEM_returns,MOVR_returns,0.0
STEEM_returns,AUCTION_returns,0.0
STEEM_returns,AERGO_returns,0.0
STEEM_returns,MED_returns,0.0
STEEM_returns,NMR_returns,0.0
STEEM_returns,API3_returns,0.0
STEEM_returns,AGLD_returns,0.0
STEEM_returns,BONE_returns,0.0
STEEM_returns,SLP_returns,0.0
STEEM_returns,MTL_returns,0.0
STEEM_returns,KNC_returns,0.43909310839229326
STEEM_returns,CTSI_returns,0.0
STEEM_returns,BTRST_returns,0.0
STEEM_returns,SCRT_returns,0.0
STEEM_returns,OMI_returns,0.0
STEEM_returns,GEOD_returns,0.0
STEEM_returns,EDU_returns,0.0
STEEM_returns,0x0_returns,0.0
STEEM_returns,KUJI_returns,0.0
BAL_returns,CTC_returns,0.0
BAL_returns,MINA_returns,0.0
BAL_returns,DASH_returns,0.0
BAL_returns,SFP_returns,0.0
BAL_returns,BabyDoge_returns,0.0
BAL_returns,SNX_returns,0.0
BAL_returns,TFUEL_returns,0.0
BAL_returns,DCR_returns,0.0
BAL_returns,GLM_returns,0.0
BAL_returns,MX_returns,0.0
BAL_returns,ZIL_returns,0.38305346494549675
BAL_returns,BLUR_returns,0.0
BAL_returns,ROSE_returns,0.0
BAL_returns,CKB_returns,0.0
BAL_returns,TRAC_returns,0.0
BAL_returns,QTUM_returns,0.0
BAL_returns,ORDI_returns,0.0
BAL_returns,LPT_returns,0.0
BAL_returns,MASK_returns,0.0
BAL_returns,ASTR_returns,0.0
BAL_returns,ZRX_returns,0.0
BAL_returns,VTHO_returns,0.0
BAL_returns,ACH_returns,0.0
BAL_returns,BAT_returns,0.3603785311706356
BAL_returns,CHEEL_returns,-0.07759012127805938
BAL_returns,CHEX_returns,0.0
BAL_returns,SNEK_returns,0.0
BAL_returns,BORG_returns,0.0
BAL_returns,KOGE_returns,0.0
BAL_returns,IOTX_returns,0.0
BAL_returns,CELO_returns,0.0
BAL_returns,GAS_returns,0.0
BAL_returns,ONE_returns,0.35336264076535595
BAL_returns,ID_returns,0.0
BAL_returns,SUSHI_returns,0.0
BAL_returns,CSPR_returns,0.0
BAL_returns,HOT_returns,0.0
BAL_returns,SC_returns,0.0
BAL_returns,YFI_returns,0.0
BAL_returns,RVN_returns,0.0
BAL_returns,COW_returns,0.0
BAL_returns,ANKR_returns,0.34415920582752174
BAL_returns,GOMINING_returns,-0.01648340338268128
BAL_returns,XCH_returns,0.0
BAL_returns,DGB_returns,0.0
BAL_returns,T_returns,0.0
BAL_returns,WOO_returns,0.0
BAL_returns,ELF_returns,0.0
BAL_returns,EUL_returns,0.0
BAL_returns,ORCA_returns,0.0
BAL_returns,KDA_returns,0.0
BAL_returns,OSMO_returns,0.0
BAL_returns,GMT_returns,0.0
BAL_returns,SNT_returns,0.0
BAL_returns,GMX_returns,0.0
BAL_returns,ENJ_returns,0.0
BAL_returns,XYO_returns,0.0
BAL_returns,POLYX_returns,0.0
BAL_returns,ZIG_returns,0.0
BAL_returns,ZEN_returns,0.0
BAL_returns,COTI_returns,0.0
BAL_returns,WEMIX_returns,0.0
BAL_returns,SKL_returns,0.0
BAL_returns,LCX_returns,0.0
BAL_returns,WAVES_returns,0.0
BAL_returns,CVC_returns,0.0
BAL_returns,SWFTC_returns,0.0
BAL_returns,LUNA_returns,0.0
BAL_returns,HIVE_returns,0.0
BAL_returns,RLB_returns,0.0
BAL_returns,LRC_returns,0.3686085178231386
BAL_returns,DAG_returns,0.0
BAL_returns,ONT_returns,0.0
BAL_returns,TRB_returns,0.0
BAL_returns,XNO_returns,0.0
BAL_returns,DLC_returns,0.0
BAL_returns,METIS_returns,0.0
BAL_returns,ICX_returns,0.0
BAL_returns,MYTH_returns,0.0
BAL_returns,MPLX_returns,0.0
BAL_returns,SXP_returns,0.0
BAL_returns,XVG_returns,0.0
BAL_returns,PEOPLE_returns,0.0
BAL_returns,AWE_returns,0.0
BAL_returns,REQ_returns,0.0
BAL_returns,STORJ_returns,0.0
BAL_returns,BAND_returns,0.0
BAL_returns,WMTX_returns,0.0
BAL_returns,CFG_returns,0.0
BAL_returns,HONEY_returns,0.0
BAL_returns,PRO_returns,0.0
BAL_returns,PRIME_returns,0.0
BAL_returns,VVS_returns,0.0
BAL_returns,CPOOL_returns,0.0
BAL_returns,YGG_returns,0.0
BAL_returns,SSV_returns,0.0
BAL_returns,CETUS_returns,0.0
BAL_returns,CGPT_returns,0.0
BAL_returns,STIK_returns,-0.050224735960682276
BAL_returns,PHA_returns,0.0
BAL_returns,XVS_returns,0.0
BAL_returns,KUB_returns,0.0
BAL_returns,BICO_returns,0.0
BAL_returns,UMA_returns,0.0
BAL_returns,WAXP_returns,0.0
BAL_returns,XPR_returns,0.0
BAL_returns,RPL_returns,0.0
BAL_returns,PUNDIX_returns,0.0
BAL_returns,FLUX_returns,0.0
BAL_returns,BORA_returns,0.0
BAL_returns,POWR_returns,0.0
BAL_returns,AUDIO_returns,0.0
BAL_returns,PROM_returns,0.0
BAL_returns,IOST_returns,0.0
BAL_returns,ACX_returns,0.0
BAL_returns,ARDR_returns,0.0
BAL_returns,SPELL_returns,0.0
BAL_returns,ORBR_returns,0.0
BAL_returns,LSK_returns,0.0
BAL_returns,XOR_returns,0.0
BAL_returns,GLMR_returns,0.0
BAL_returns,BMX_returns,0.0
BAL_returns,MVL_returns,0.0
BAL_returns,ABT_returns,0.0
BAL_returns,VELO_returns,0.0
BAL_returns,IQ_returns,0.0
BAL_returns,AGI_returns,0.0
BAL_returns,WILD_returns,0.0
BAL_returns,XEM_returns,0.0
BAL_returns,LON_returns,-0.046305885741246965
BAL_returns,POND_returns,0.0
BAL_returns,ACT_returns,0.0
BAL_returns,XRD_returns,0.0
BAL_returns,RLC_returns,0.0
BAL_returns,ILV_returns,0.0
BAL_returns,FIDA_returns,0.0
BAL_returns,BNT_returns,0.0
BAL_returns,DENT_returns,0.0
BAL_returns,ORBS_returns,0.0
BAL_returns,ONG_returns,0.0
BAL_returns,CHR_returns,0.0
BAL_returns,HEART_returns,0.0
BAL_returns,VANRY_returns,0.0
BAL_returns,LQTY_returns,0.0
BAL_returns,KEEP_returns,0.0
BAL_returns,DKA_returns,0.0
BAL_returns,ELON_returns,0.0
BAL_returns,ARK_returns,0.0
BAL_returns,MLK_returns,-0.02395047251950111
BAL_returns,AL_returns,0.0
BAL_returns,JOE_returns,0.0
BAL_returns,CELR_returns,0.3454519780239211
BAL_returns,STEEM_returns,0.0
BAL_returns,BAL_returns,0.0
BAL_returns,PCI_returns,-0.0009754076206797505
BAL_returns,MOVR_returns,0.0
BAL_returns,AUCTION_returns,0.0
BAL_returns,AERGO_returns,0.0
BAL_returns,MED_returns,0.0
BAL_returns,NMR_returns,0.0
BAL_returns,API3_returns,0.0
BAL_returns,AGLD_returns,0.0
BAL_returns,BONE_returns,0.0
BAL_returns,SLP_returns,0.0
BAL_returns,MTL_returns,0.0
BAL_returns,KNC_returns,0.0
BAL_returns,CTSI_returns,0.0
BAL_returns,BTRST_returns,0.0
BAL_returns,SCRT_returns,0.0
BAL_returns,OMI_returns,0.0
BAL_returns,GEOD_returns,0.0
BAL_returns,EDU_returns,0.0
BAL_returns,0x0_returns,0.0
BAL_returns,KUJI_returns,0.0
PCI_returns,CTC_returns,0.0
PCI_returns,MINA_returns,0.0
PCI_returns,DASH_returns,0.0
PCI_returns,SFP_returns,0.0
PCI_returns,BabyDoge_returns,0.0
PCI_returns,SNX_returns,0.0
PCI_returns,TFUEL_returns,0.0
PCI_returns,DCR_returns,0.0
PCI_returns,GLM_returns,0.0
PCI_returns,MX_returns,0.2531662538846059
PCI_returns,ZIL_returns,0.0
PCI_returns,BLUR_returns,0.0
PCI_returns,ROSE_returns,0.0
PCI_returns,CKB_returns,0.0
PCI_returns,TRAC_returns,0.0
PCI_returns,QTUM_returns,0.0
PCI_returns,ORDI_returns,0.0
PCI_returns,LPT_returns,0.0
PCI_returns,MASK_returns,0.0
PCI_returns,ASTR_returns,0.0
PCI_returns,ZRX_returns,0.0
PCI_returns,VTHO_returns,0.0
PCI_returns,ACH_returns,0.0
PCI_returns,BAT_returns,0.0
PCI_returns,CHEEL_returns,0.2771284011341822
PCI_returns,CHEX_returns,0.0
PCI_returns,SNEK_returns,0.0
PCI_returns,BORG_returns,0.0
PCI_returns,KOGE_returns,0.0
PCI_returns,IOTX_returns,0.0
PCI_returns,CELO_returns,0.0
PCI_returns,GAS_returns,0.0
PCI_returns,ONE_returns,0.0
PCI_returns,ID_returns,0.0
PCI_returns,SUSHI_returns,0.0
PCI_returns,CSPR_returns,0.0
PCI_returns,HOT_returns,0.0
PCI_returns,SC_returns,0.0
PCI_returns,YFI_returns,0.0
PCI_returns,RVN_returns,0.0
PCI_returns,COW_returns,0.0
PCI_returns,ANKR_returns,0.0
PCI_returns,GOMINING_returns,0.0
PCI_returns,XCH_returns,0.0
PCI_returns,DGB_returns,0.0
PCI_returns,T_returns,0.0
PCI_returns,WOO_returns,0.0
PCI_returns,ELF_returns,0.0
PCI_returns,EUL_returns,0.0
PCI_returns,ORCA_returns,0.0
PCI_returns,KDA_returns,0.0
PCI_returns,OSMO_returns,0.0
PCI_returns,GMT_returns,0.0
PCI_returns,SNT_returns,0.0
PCI_returns,GMX_returns,0.0
PCI_returns,ENJ_returns,0.0
PCI_returns,XYO_returns,0.0
PCI_returns,POLYX_returns,0.0
PCI_returns,ZIG_returns,0.0
PCI_returns,ZEN_returns,0.0
PCI_returns,COTI_returns,0.0
PCI_returns,WEMIX_returns,0.0
PCI_returns,SKL_returns,0.0
PCI_returns,LCX_returns,0.0
PCI_returns,WAVES_returns,0.0
PCI_returns,CVC_returns,0.0
PCI_returns,SWFTC_returns,0.0
PCI_returns,LUNA_returns,0.0
PCI_returns,HIVE_returns,0.0
PCI_returns,RLB_returns,0.0
PCI_returns,LRC_returns,0.0
PCI_returns,DAG_returns,0.0
PCI_returns,ONT_returns,0.0
PCI_returns,TRB_returns,-0.01923501528849681
PCI_returns,XNO_returns,0.0
PCI_returns,DLC_returns,0.0
PCI_returns,METIS_returns,-0.02329339116452406
PCI_returns,ICX_returns,0.0
PCI_returns,MYTH_returns,0.17709839431749902
PCI_returns,MPLX_returns,0.1470890832620423
PCI_returns,SXP_returns,0.0
PCI_returns,XVG_returns,0.0
PCI_returns,PEOPLE_returns,-0.02440189302602586
PCI_returns,AWE_returns,0.0
PCI_returns,REQ_returns,0.0
PCI_returns,STORJ_returns,0.0
PCI_returns,BAND_returns,0.0
PCI_returns,WMTX_returns,0.0
PCI_returns,CFG_returns,0.0
PCI_returns,HONEY_returns,0.0
PCI_returns,PRO_returns,0.0
PCI_returns,PRIME_returns,-0.017719901422758526
PCI_returns,VVS_returns,0.0
PCI_returns,CPOOL_returns,0.0
PCI_returns,YGG_returns,0.0
PCI_returns,SSV_returns,-0.02633319204263111
PCI_returns,CETUS_returns,0.0
PCI_returns,CGPT_returns,0.0
PCI_returns,STIK_returns,0.0
PCI_returns,PHA_returns,0.0
PCI_returns,XVS_returns,0.0
PCI_returns,KUB_returns,0.2649538604755728
PCI_returns,BICO_returns,0.0
PCI_returns,UMA_returns,0.0
PCI_returns,WAXP_returns,0.0
PCI_returns,XPR_returns,0.0
PCI_returns,RPL_returns,0.0
PCI_returns,PUNDIX_returns,0.0
PCI_returns,FLUX_returns,0.0
PCI_returns,BORA_returns,0.2357216578402865
PCI_returns,POWR_returns,0.0
PCI_returns,AUDIO_returns,0.0
PCI_returns,PROM_returns,0.0
PCI_returns,IOST_returns,0.0
PCI_returns,ACX_returns,0.0
PCI_returns,ARDR_returns,0.0
PCI_returns,SPELL_returns,0.0
PCI_returns,ORBR_returns,0.0
PCI_returns,LSK_returns,0.0
PCI_returns,XOR_returns,0.0
PCI_returns,GLMR_returns,0.0
PCI_returns,BMX_returns,0.0
PCI_returns,MVL_returns,0.0
PCI_returns,ABT_returns,0.0
PCI_returns,VELO_returns,0.0
PCI_returns,IQ_returns,0.0
PCI_returns,AGI_returns,0.0
PCI_returns,WILD_returns,0.0
PCI_returns,XEM_returns,0.0
PCI_returns,LON_returns,0.264877985932943
PCI_returns,POND_returns,0.0
PCI_returns,ACT_returns,0.0
PCI_returns,XRD_returns,0.0
PCI_returns,RLC_returns,0.0
PCI_returns,ILV_returns,0.0
PCI_returns,FIDA_returns,0.0
PCI_returns,BNT_returns,0.0
PCI_returns,DENT_returns,0.0
PCI_returns,ORBS_returns,0.0
PCI_returns,ONG_returns,0.0
PCI_returns,CHR_returns,0.0
PCI_returns,HEART_returns,0.0
PCI_returns,VANRY_returns,0.0
PCI_returns,LQTY_returns,0.0
PCI_returns,KEEP_returns,0.0
PCI_returns,DKA_returns,0.0
PCI_returns,ELON_returns,0.0
PCI_returns,ARK_returns,0.0
PCI_returns,MLK_returns,0.0
PCI_returns,AL_returns,0.0
PCI_returns,JOE_returns,0.0
PCI_returns,CELR_returns,0.0
PCI_returns,STEEM_returns,0.0
PCI_returns,BAL_returns,-0.0009754076206797505
PCI_returns,PCI_returns,0.0
PCI_returns,MOVR_returns,0.0
PCI_returns,AUCTION_returns,0.0
PCI_returns,AERGO_returns,0.0
PCI_returns,MED_returns,0.0
PCI_returns,NMR_returns,-0.002447831948119516
PCI_returns,API3_returns,0.0
PCI_returns,AGLD_returns,0.0
PCI_returns,BONE_returns,0.0
PCI_returns,SLP_returns,0.0
PCI_returns,MTL_returns,0.0
PCI_returns,KNC_returns,0.0
PCI_returns,CTSI_returns,0.0
PCI_returns,BTRST_returns,0.0
PCI_returns,SCRT_returns,0.0
PCI_returns,OMI_returns,0.0
PCI_returns,GEOD_returns,0.25336536955531164
PCI_returns,EDU_returns,0.0
PCI_returns,0x0_returns,-0.06175932071600348
PCI_returns,KUJI_returns,0.0
MOVR_returns,CTC_returns,0.0
MOVR_returns,MINA_returns,0.0
MOVR_returns,DASH_returns,0.0
MOVR_returns,SFP_returns,0.0
MOVR_returns,BabyDoge_returns,0.0
MOVR_returns,SNX_returns,0.0
MOVR_returns,TFUEL_returns,0.0
MOVR_returns,DCR_returns,0.0
MOVR_returns,GLM_returns,0.0
MOVR_returns,MX_returns,0.0
MOVR_returns,ZIL_returns,0.0
MOVR_returns,BLUR_returns,0.0
MOVR_returns,ROSE_returns,0.0
MOVR_returns,CKB_returns,0.0
MOVR_returns,TRAC_returns,0.0
MOVR_returns,QTUM_returns,0.0
MOVR_returns,ORDI_returns,0.0
MOVR_returns,LPT_returns,0.0
MOVR_returns,MASK_returns,0.0
MOVR_returns,ASTR_returns,0.0
MOVR_returns,ZRX_returns,0.0
MOVR_returns,VTHO_returns,0.0
MOVR_returns,ACH_returns,0.0
MOVR_returns,BAT_returns,0.0
MOVR_returns,CHEEL_returns,0.0
MOVR_returns,CHEX_returns,0.0
MOVR_returns,SNEK_returns,0.0
MOVR_returns,BORG_returns,0.0
MOVR_returns,KOGE_returns,0.0
MOVR_returns,IOTX_returns,0.0
MOVR_returns,CELO_returns,0.0
MOVR_returns,GAS_returns,0.0
MOVR_returns,ONE_returns,0.3902634777741223
MOVR_returns,ID_returns,0.0
MOVR_returns,SUSHI_returns,0.0
MOVR_returns,CSPR_returns,0.0
MOVR_returns,HOT_returns,0.0
MOVR_returns,SC_returns,0.0
MOVR_returns,YFI_returns,0.0
MOVR_returns,RVN_returns,0.0
MOVR_returns,COW_returns,0.0
MOVR_returns,ANKR_returns,0.0
MOVR_returns,GOMINING_returns,0.0
MOVR_returns,XCH_returns,0.0
MOVR_returns,DGB_returns,0.0
MOVR_returns,T_returns,0.0
MOVR_returns,WOO_returns,0.0
MOVR_returns,ELF_returns,0.0
MOVR_returns,EUL_returns,0.0
MOVR_returns,ORCA_returns,0.0
MOVR_returns,KDA_returns,0.37188375202721463
MOVR_returns,OSMO_returns,0.0
MOVR_returns,GMT_returns,0.0
MOVR_returns,SNT_returns,0.0
MOVR_returns,GMX_returns,0.0
MOVR_returns,ENJ_returns,0.3676821088394851
MOVR_returns,XYO_returns,0.0
MOVR_returns,POLYX_returns,0.0
MOVR_returns,ZIG_returns,0.0
MOVR_returns,ZEN_returns,0.0
MOVR_returns,COTI_returns,0.0
MOVR_returns,WEMIX_returns,0.0
MOVR_returns,SKL_returns,0.0
MOVR_returns,LCX_returns,0.0
MOVR_returns,WAVES_returns,0.0
MOVR_returns,CVC_returns,0.0
MOVR_returns,SWFTC_returns,0.0
MOVR_returns,LUNA_returns,0.0
MOVR_returns,HIVE_returns,0.0
MOVR_returns,RLB_returns,-0.017943408985127175
MOVR_returns,LRC_returns,0.3689562713132837
MOVR_returns,DAG_returns,0.0
MOVR_returns,ONT_returns,0.0
MOVR_returns,TRB_returns,0.0
MOVR_returns,XNO_returns,0.0
MOVR_returns,DLC_returns,0.0
MOVR_returns,METIS_returns,0.0
MOVR_returns,ICX_returns,0.0
MOVR_returns,MYTH_returns,0.0
MOVR_returns,MPLX_returns,0.0
MOVR_returns,SXP_returns,0.0
MOVR_returns,XVG_returns,0.0
MOVR_returns,PEOPLE_returns,0.0
MOVR_returns,AWE_returns,0.0
MOVR_returns,REQ_returns,0.0
MOVR_returns,STORJ_returns,0.0
MOVR_returns,BAND_returns,0.0
MOVR_returns,WMTX_returns,0.0
MOVR_returns,CFG_returns,0.0
MOVR_returns,HONEY_returns,0.0
MOVR_returns,PRO_returns,0.0
MOVR_returns,PRIME_returns,0.0
MOVR_returns,VVS_returns,0.0
MOVR_returns,CPOOL_returns,0.0
MOVR_returns,YGG_returns,0.0
MOVR_returns,SSV_returns,0.0
MOVR_returns,CETUS_returns,0.0
MOVR_returns,CGPT_returns,0.0
MOVR_returns,STIK_returns,0.0
MOVR_returns,PHA_returns,0.0
MOVR_returns,XVS_returns,0.0
MOVR_returns,KUB_returns,0.0
MOVR_returns,BICO_returns,0.0
MOVR_returns,UMA_returns,0.0
MOVR_returns,WAXP_returns,0.0
MOVR_returns,XPR_returns,0.0
MOVR_returns,RPL_returns,0.0
MOVR_returns,PUNDIX_returns,0.0
MOVR_returns,FLUX_returns,0.0
MOVR_returns,BORA_returns,0.0
MOVR_returns,POWR_returns,0.0
MOVR_returns,AUDIO_returns,0.0
MOVR_returns,PROM_returns,0.0
MOVR_returns,IOST_returns,0.0
MOVR_returns,ACX_returns,0.0
MOVR_returns,ARDR_returns,0.0
MOVR_returns,SPELL_returns,0.0
MOVR_returns,ORBR_returns,0.0
MOVR_returns,LSK_returns,0.0
MOVR_returns,XOR_returns,0.12257974136689323
MOVR_returns,GLMR_returns,0.5569052822818062
MOVR_returns,BMX_returns,0.0
MOVR_returns,MVL_returns,0.0
MOVR_returns,ABT_returns,0.0
MOVR_returns,VELO_returns,0.0
MOVR_returns,IQ_returns,0.0
MOVR_returns,AGI_returns,0.0
MOVR_returns,WILD_returns,0.0
MOVR_returns,XEM_returns,0.0
MOVR_returns,LON_returns,0.0
MOVR_returns,POND_returns,0.0
MOVR_returns,ACT_returns,-0.013636546705371332
MOVR_returns,XRD_returns,0.0
MOVR_returns,RLC_returns,0.0
MOVR_returns,ILV_returns,0.0
MOVR_returns,FIDA_returns,0.0
MOVR_returns,BNT_returns,0.0
MOVR_returns,DENT_returns,0.3851697743002406
MOVR_returns,ORBS_returns,0.0
MOVR_returns,ONG_returns,0.0
MOVR_returns,CHR_returns,0.0
MOVR_returns,HEART_returns,0.0
MOVR_returns,VANRY_returns,0.0
MOVR_returns,LQTY_returns,0.0
MOVR_returns,KEEP_returns,0.0
MOVR_returns,DKA_returns,0.0
MOVR_returns,ELON_returns,0.0
MOVR_returns,ARK_returns,0.0
MOVR_returns,MLK_returns,0.0
MOVR_returns,AL_returns,0.0
MOVR_returns,JOE_returns,0.0
MOVR_returns,CELR_returns,0.0
MOVR_returns,STEEM_returns,0.0
MOVR_returns,BAL_returns,0.0
MOVR_returns,PCI_returns,0.0
MOVR_returns,MOVR_returns,0.0
MOVR_returns,AUCTION_returns,0.0
MOVR_returns,AERGO_returns,0.0
MOVR_returns,MED_returns,0.0
MOVR_returns,NMR_returns,0.0
MOVR_returns,API3_returns,0.0
MOVR_returns,AGLD_returns,0.0
MOVR_returns,BONE_returns,0.0
MOVR_returns,SLP_returns,0.0
MOVR_returns,MTL_returns,0.0
MOVR_returns,KNC_returns,0.0
MOVR_returns,CTSI_returns,0.0
MOVR_returns,BTRST_returns,0.0
MOVR_returns,SCRT_returns,0.0
MOVR_returns,OMI_returns,0.0
MOVR_returns,GEOD_returns,0.0
MOVR_returns,EDU_returns,0.0
MOVR_returns,0x0_returns,0.0
MOVR_returns,KUJI_returns,0.0
AUCTION_returns,CTC_returns,0.0
AUCTION_returns,MINA_returns,0.0
AUCTION_returns,DASH_returns,0.0
AUCTION_returns,SFP_returns,0.0
AUCTION_returns,BabyDoge_returns,0.0
AUCTION_returns,SNX_returns,0.0
AUCTION_returns,TFUEL_returns,0.0
AUCTION_returns,DCR_returns,0.0
AUCTION_returns,GLM_returns,0.0
AUCTION_returns,MX_returns,0.0
AUCTION_returns,ZIL_returns,0.24201187618800557
AUCTION_returns,BLUR_returns,0.0
AUCTION_returns,ROSE_returns,0.0
AUCTION_returns,CKB_returns,0.0
AUCTION_returns,TRAC_returns,0.0
AUCTION_returns,QTUM_returns,0.0
AUCTION_returns,ORDI_returns,0.0
AUCTION_returns,LPT_returns,0.0
AUCTION_returns,MASK_returns,0.23407853169878265
AUCTION_returns,ASTR_returns,0.24876653963585552
AUCTION_returns,ZRX_returns,0.0
AUCTION_returns,VTHO_returns,0.0
AUCTION_returns,ACH_returns,0.0
AUCTION_returns,BAT_returns,0.0
AUCTION_returns,CHEEL_returns,0.0
AUCTION_returns,CHEX_returns,0.0
AUCTION_returns,SNEK_returns,0.0
AUCTION_returns,BORG_returns,0.0
AUCTION_returns,KOGE_returns,0.0
AUCTION_returns,IOTX_returns,0.2616307390892076
AUCTION_returns,CELO_returns,0.0
AUCTION_returns,GAS_returns,0.0
AUCTION_returns,ONE_returns,0.0
AUCTION_returns,ID_returns,0.0
AUCTION_returns,SUSHI_returns,0.0
AUCTION_returns,CSPR_returns,0.0
AUCTION_returns,HOT_returns,0.0
AUCTION_returns,SC_returns,0.0
AUCTION_returns,YFI_returns,0.0
AUCTION_returns,RVN_returns,0.0
AUCTION_returns,COW_returns,0.0
AUCTION_returns,ANKR_returns,0.25976816812314857
AUCTION_returns,GOMINING_returns,0.0
AUCTION_returns,XCH_returns,0.0
AUCTION_returns,DGB_returns,0.0
AUCTION_returns,T_returns,0.0
AUCTION_returns,WOO_returns,0.0
AUCTION_returns,ELF_returns,0.0
AUCTION_returns,EUL_returns,-0.028371301191303974
AUCTION_returns,ORCA_returns,0.0
AUCTION_returns,KDA_returns,0.0
AUCTION_returns,OSMO_returns,0.0
AUCTION_returns,GMT_returns,0.0
AUCTION_returns,SNT_returns,0.0
AUCTION_returns,GMX_returns,0.0
AUCTION_returns,ENJ_returns,0.0
AUCTION_returns,XYO_returns,0.0
AUCTION_returns,POLYX_returns,0.0
AUCTION_returns,ZIG_returns,0.0
AUCTION_returns,ZEN_returns,0.0
AUCTION_returns,COTI_returns,0.0
AUCTION_returns,WEMIX_returns,0.0
AUCTION_returns,SKL_returns,0.0
AUCTION_returns,LCX_returns,0.0
AUCTION_returns,WAVES_returns,0.0
AUCTION_returns,CVC_returns,0.0
AUCTION_returns,SWFTC_returns,0.0
AUCTION_returns,LUNA_returns,0.0
AUCTION_returns,HIVE_returns,0.0
AUCTION_returns,RLB_returns,0.0
AUCTION_returns,LRC_returns,0.0
AUCTION_returns,DAG_returns,0.0
AUCTION_returns,ONT_returns,0.0
AUCTION_returns,TRB_returns,0.0
AUCTION_returns,XNO_returns,0.0
AUCTION_returns,DLC_returns,0.0
AUCTION_returns,METIS_returns,0.0
AUCTION_returns,ICX_returns,0.0
AUCTION_returns,MYTH_returns,0.0
AUCTION_returns,MPLX_returns,0.0
AUCTION_returns,SXP_returns,0.0
AUCTION_returns,XVG_returns,0.0
AUCTION_returns,PEOPLE_returns,0.0
AUCTION_returns,AWE_returns,0.0
AUCTION_returns,REQ_returns,0.0
AUCTION_returns,STORJ_returns,0.0
AUCTION_returns,BAND_returns,0.0
AUCTION_returns,WMTX_returns,0.0
AUCTION_returns,CFG_returns,0.0
AUCTION_returns,HONEY_returns,0.0
AUCTION_returns,PRO_returns,0.0
AUCTION_returns,PRIME_returns,0.0
AUCTION_returns,VVS_returns,0.0
AUCTION_returns,CPOOL_returns,0.0
AUCTION_returns,YGG_returns,0.0
AUCTION_returns,SSV_returns,0.0
AUCTION_returns,CETUS_returns,0.0
AUCTION_returns,CGPT_returns,0.0
AUCTION_returns,STIK_returns,0.0
AUCTION_returns,PHA_returns,0.0
AUCTION_returns,XVS_returns,0.0
AUCTION_returns,KUB_returns,0.0
AUCTION_returns,BICO_returns,0.0
AUCTION_returns,UMA_returns,0.0
AUCTION_returns,WAXP_returns,0.0
AUCTION_returns,XPR_returns,0.0
AUCTION_returns,RPL_returns,0.0
AUCTION_returns,PUNDIX_returns,0.0
AUCTION_returns,FLUX_returns,0.0
AUCTION_returns,BORA_returns,0.0
AUCTION_returns,POWR_returns,0.0
AUCTION_returns,AUDIO_returns,0.0
AUCTION_returns,PROM_returns,0.0
AUCTION_returns,IOST_returns,0.24677729121637673
AUCTION_returns,ACX_returns,0.0
AUCTION_returns,ARDR_returns,0.0
AUCTION_returns,SPELL_returns,0.0
AUCTION_returns,ORBR_returns,0.0
AUCTION_returns,LSK_returns,0.0
AUCTION_returns,XOR_returns,-0.005149665834989236
AUCTION_returns,GLMR_returns,0.0
AUCTION_returns,BMX_returns,0.0
AUCTION_returns,MVL_returns,0.0
AUCTION_returns,ABT_returns,0.0
AUCTION_returns,VELO_returns,0.0
AUCTION_returns,IQ_returns,0.0
AUCTION_returns,AGI_returns,0.0
AUCTION_returns,WILD_returns,0.0
AUCTION_returns,XEM_returns,0.0
AUCTION_returns,LON_returns,0.0
AUCTION_returns,POND_returns,0.0
AUCTION_returns,ACT_returns,0.0
AUCTION_returns,XRD_returns,0.0
AUCTION_returns,RLC_returns,0.0
AUCTION_returns,ILV_returns,0.0
AUCTION_returns,FIDA_returns,0.0
AUCTION_returns,BNT_returns,0.0
AUCTION_returns,DENT_returns,0.0
AUCTION_returns,ORBS_returns,0.0
AUCTION_returns,ONG_returns,0.0
AUCTION_returns,CHR_returns,0.0
AUCTION_returns,HEART_returns,0.0
AUCTION_returns,VANRY_returns,0.0
AUCTION_returns,LQTY_returns,0.0
AUCTION_returns,KEEP_returns,0.0
AUCTION_returns,DKA_returns,0.0
AUCTION_returns,ELON_returns,-0.002002723548458964
AUCTION_returns,ARK_returns,0.0
AUCTION_returns,MLK_returns,0.0
AUCTION_returns,AL_returns,0.0
AUCTION_returns,JOE_returns,0.0
AUCTION_returns,CELR_returns,0.0
AUCTION_returns,STEEM_returns,0.0
AUCTION_returns,BAL_returns,0.0
AUCTION_returns,PCI_returns,0.0
AUCTION_returns,MOVR_returns,0.0
AUCTION_returns,AUCTION_returns,0.0
AUCTION_returns,AERGO_returns,0.0
AUCTION_returns,MED_returns,0.0
AUCTION_returns,NMR_returns,0.0
AUCTION_returns,API3_returns,0.0
AUCTION_returns,AGLD_returns,0.0
AUCTION_returns,BONE_returns,0.0
AUCTION_returns,SLP_returns,0.0
AUCTION_returns,MTL_returns,0.0
AUCTION_returns,KNC_returns,0.0
AUCTION_returns,CTSI_returns,0.0
AUCTION_returns,BTRST_returns,0.0
AUCTION_returns,SCRT_returns,0.0
AUCTION_returns,OMI_returns,0.0
AUCTION_returns,GEOD_returns,0.0
AUCTION_returns,EDU_returns,0.0
AUCTION_returns,0x0_returns,-0.006176734006903164
AUCTION_returns,KUJI_returns,0.0
AERGO_returns,CTC_returns,0.0
AERGO_returns,MINA_returns,0.0
AERGO_returns,DASH_returns,0.0
AERGO_returns,SFP_returns,0.0
AERGO_returns,BabyDoge_returns,0.0
AERGO_returns,SNX_returns,0.0
AERGO_returns,TFUEL_returns,0.0
AERGO_returns,DCR_returns,0.0
AERGO_returns,GLM_returns,0.0
AERGO_returns,MX_returns,0.0
AERGO_returns,ZIL_returns,0.0
AERGO_returns,BLUR_returns,0.0
AERGO_returns,ROSE_returns,0.0
AERGO_returns,CKB_returns,0.0
AERGO_returns,TRAC_returns,0.0
AERGO_returns,QTUM_returns,0.0
AERGO_returns,ORDI_returns,0.0
AERGO_returns,LPT_returns,0.0
AERGO_returns,MASK_returns,0.0
AERGO_returns,ASTR_returns,0.0
AERGO_returns,ZRX_returns,0.0
AERGO_returns,VTHO_returns,0.0
AERGO_returns,ACH_returns,0.0
AERGO_returns,BAT_returns,0.27083429776269036
AERGO_returns,CHEEL_returns,0.0
AERGO_returns,CHEX_returns,0.0
AERGO_returns,SNEK_returns,0.0
AERGO_returns,BORG_returns,0.0
AERGO_returns,KOGE_returns,0.0
AERGO_returns,IOTX_returns,0.0
AERGO_returns,CELO_returns,0.0
AERGO_returns,GAS_returns,0.0
AERGO_returns,ONE_returns,0.0
AERGO_returns,ID_returns,0.0
AERGO_returns,SUSHI_returns,0.0
AERGO_returns,CSPR_returns,0.0
AERGO_returns,HOT_returns,0.0
AERGO_returns,SC_returns,0.0
AERGO_returns,YFI_returns,0.0
AERGO_returns,RVN_returns,0.0
AERGO_returns,COW_returns,0.0
AERGO_returns,ANKR_returns,0.0
AERGO_returns,GOMINING_returns,0.0
AERGO_returns,XCH_returns,0.0
AERGO_returns,DGB_returns,0.0
AERGO_returns,T_returns,0.0
AERGO_returns,WOO_returns,0.0
AERGO_returns,ELF_returns,0.0
AERGO_returns,EUL_returns,0.0
AERGO_returns,ORCA_returns,0.0
AERGO_returns,KDA_returns,0.0
AERGO_returns,OSMO_returns,0.0
AERGO_returns,GMT_returns,0.0
AERGO_returns,SNT_returns,0.0
AERGO_returns,GMX_returns,0.0
AERGO_returns,ENJ_returns,0.0
AERGO_returns,XYO_returns,0.0
AERGO_returns,POLYX_returns,0.0
AERGO_returns,ZIG_returns,0.0
AERGO_returns,ZEN_returns,0.0
AERGO_returns,COTI_returns,0.0
AERGO_returns,WEMIX_returns,0.0
AERGO_returns,SKL_returns,0.0
AERGO_returns,LCX_returns,0.0
AERGO_returns,WAVES_returns,0.0
AERGO_returns,CVC_returns,0.30646473449547784
AERGO_returns,SWFTC_returns,0.0
AERGO_returns,LUNA_returns,0.0
AERGO_returns,HIVE_returns,0.0
AERGO_returns,RLB_returns,0.0
AERGO_returns,LRC_returns,0.0
AERGO_returns,DAG_returns,0.0
AERGO_returns,ONT_returns,0.0
AERGO_returns,TRB_returns,0.0
AERGO_returns,XNO_returns,0.0
AERGO_returns,DLC_returns,0.0
AERGO_returns,METIS_returns,0.0
AERGO_returns,ICX_returns,0.0
AERGO_returns,MYTH_returns,0.0
AERGO_returns,MPLX_returns,0.0
AERGO_returns,SXP_returns,0.0
AERGO_returns,XVG_returns,0.0
AERGO_returns,PEOPLE_returns,0.0
AERGO_returns,AWE_returns,0.0
AERGO_returns,REQ_returns,0.0
AERGO_returns,STORJ_returns,0.0
AERGO_returns,BAND_returns,0.0
AERGO_returns,WMTX_returns,0.0
AERGO_returns,CFG_returns,0.0
AERGO_returns,HONEY_returns,0.0
AERGO_returns,PRO_returns,0.0
AERGO_returns,PRIME_returns,0.0
AERGO_returns,VVS_returns,0.0
AERGO_returns,CPOOL_returns,0.0
AERGO_returns,YGG_returns,0.0
AERGO_returns,SSV_returns,0.0
AERGO_returns,CETUS_returns,0.0
AERGO_returns,CGPT_returns,0.0
AERGO_returns,STIK_returns,0.0
AERGO_returns,PHA_returns,0.0
AERGO_returns,XVS_returns,0.0
AERGO_returns,KUB_returns,0.0
AERGO_returns,BICO_returns,0.0
AERGO_returns,UMA_returns,0.0
AERGO_returns,WAXP_returns,0.2822549684059664
AERGO_returns,XPR_returns,0.0
AERGO_returns,RPL_returns,0.0
AERGO_returns,PUNDIX_returns,0.0
AERGO_returns,FLUX_returns,0.0
AERGO_returns,BORA_returns,0.0
AERGO_returns,POWR_returns,0.0
AERGO_returns,AUDIO_returns,0.0
AERGO_returns,PROM_returns,0.0
AERGO_returns,IOST_returns,0.27883342943135747
AERGO_returns,ACX_returns,0.0
AERGO_returns,ARDR_returns,0.0
AERGO_returns,SPELL_returns,0.0
AERGO_returns,ORBR_returns,0.0
AERGO_returns,LSK_returns,0.0
AERGO_returns,XOR_returns,0.0
AERGO_returns,GLMR_returns,0.0
AERGO_returns,BMX_returns,0.0
AERGO_returns,MVL_returns,0.0
AERGO_returns,ABT_returns,0.0
AERGO_returns,VELO_returns,0.0
AERGO_returns,IQ_returns,0.0
AERGO_returns,AGI_returns,0.0
AERGO_returns,WILD_returns,0.0
AERGO_returns,XEM_returns,0.0
AERGO_returns,LON_returns,0.0
AERGO_returns,POND_returns,0.0
AERGO_returns,ACT_returns,0.0
AERGO_returns,XRD_returns,0.0
AERGO_returns,RLC_returns,0.0
AERGO_returns,ILV_returns,0.0
AERGO_returns,FIDA_returns,0.0
AERGO_returns,BNT_returns,0.0
AERGO_returns,DENT_returns,0.0
AERGO_returns,ORBS_returns,0.0
AERGO_returns,ONG_returns,0.0
AERGO_returns,CHR_returns,0.0
AERGO_returns,HEART_returns,0.0
AERGO_returns,VANRY_returns,0.0
AERGO_returns,LQTY_returns,0.0
AERGO_returns,KEEP_returns,0.0
AERGO_returns,DKA_returns,0.0
AERGO_returns,ELON_returns,0.0
AERGO_returns,ARK_returns,0.30773591110321985
AERGO_returns,MLK_returns,0.0
AERGO_returns,AL_returns,0.0
AERGO_returns,JOE_returns,0.0
AERGO_returns,CELR_returns,0.0
AERGO_returns,STEEM_returns,0.0
AERGO_returns,BAL_returns,0.0
AERGO_returns,PCI_returns,0.0
AERGO_returns,MOVR_returns,0.0
AERGO_returns,AUCTION_returns,0.0
AERGO_returns,AERGO_returns,0.0
AERGO_returns,MED_returns,0.2738395289774297
AERGO_returns,NMR_returns,0.0
AERGO_returns,API3_returns,0.0
AERGO_returns,AGLD_returns,0.0
AERGO_returns,BONE_returns,0.0
AERGO_returns,SLP_returns,0.0
AERGO_returns,MTL_returns,0.0
AERGO_returns,KNC_returns,0.0
AERGO_returns,CTSI_returns,0.0
AERGO_returns,BTRST_returns,0.0
AERGO_returns,SCRT_returns,0.0
AERGO_returns,OMI_returns,0.0
AERGO_returns,GEOD_returns,0.0
AERGO_returns,EDU_returns,0.0
AERGO_returns,0x0_returns,0.0
AERGO_returns,KUJI_returns,0.0
MED_returns,CTC_returns,0.0
MED_returns,MINA_returns,0.0
MED_returns,DASH_returns,0.0
MED_returns,SFP_returns,0.0
MED_returns,BabyDoge_returns,0.0
MED_returns,SNX_returns,0.0
MED_returns,TFUEL_returns,0.0
MED_returns,DCR_returns,0.0
MED_returns,GLM_returns,0.353614224787085
MED_returns,MX_returns,0.3817495687178379
MED_returns,ZIL_returns,0.0
MED_returns,BLUR_returns,0.0
MED_returns,ROSE_returns,0.0
MED_returns,CKB_returns,0.0
MED_returns,TRAC_returns,0.0
MED_returns,QTUM_returns,0.0
MED_returns,ORDI_returns,0.0
MED_returns,LPT_returns,0.0
MED_returns,MASK_returns,0.0
MED_returns,ASTR_returns,0.0
MED_returns,ZRX_returns,0.0
MED_returns,VTHO_returns,0.0
MED_returns,ACH_returns,0.0
MED_returns,BAT_returns,0.0
MED_returns,CHEEL_returns,0.0
MED_returns,CHEX_returns,-0.030262454709844764
MED_returns,SNEK_returns,0.0
MED_returns,BORG_returns,0.2362911781817054
MED_returns,KOGE_returns,0.30869883457563246
MED_returns,IOTX_returns,0.0
MED_returns,CELO_returns,0.0
MED_returns,GAS_returns,0.0
MED_returns,ONE_returns,0.0
MED_returns,ID_returns,0.0
MED_returns,SUSHI_returns,0.0
MED_returns,CSPR_returns,0.0
MED_returns,HOT_returns,0.0
MED_returns,SC_returns,0.4378845292341789
MED_returns,YFI_returns,0.0
MED_returns,RVN_returns,0.0
MED_returns,COW_returns,0.0
MED_returns,ANKR_returns,0.0
MED_returns,GOMINING_returns,0.0
MED_returns,XCH_returns,0.0
MED_returns,DGB_returns,0.0
MED_returns,T_returns,0.0
MED_returns,WOO_returns,0.0
MED_returns,ELF_returns,0.3244876247982628
MED_returns,EUL_returns,0.16530228136621303
MED_returns,ORCA_returns,0.0
MED_returns,KDA_returns,0.0
MED_returns,OSMO_returns,0.0
MED_returns,GMT_returns,0.0
MED_returns,SNT_returns,0.0
MED_returns,GMX_returns,0.0
MED_returns,ENJ_returns,0.0
MED_returns,XYO_returns,0.0
MED_returns,POLYX_returns,0.0
MED_returns,ZIG_returns,0.0
MED_returns,ZEN_returns,0.0
MED_returns,COTI_returns,0.0
MED_returns,WEMIX_returns,0.28167551304512695
MED_returns,SKL_returns,0.0
MED_returns,LCX_returns,0.0
MED_returns,WAVES_returns,0.0
MED_returns,CVC_returns,0.39938580755946124
MED_returns,SWFTC_returns,0.0
MED_returns,LUNA_returns,0.0
MED_returns,HIVE_returns,0.4175302193496149
MED_returns,RLB_returns,0.2077329846597352
MED_returns,LRC_returns,0.0
MED_returns,DAG_returns,0.0
MED_returns,ONT_returns,0.0
MED_returns,TRB_returns,0.0
MED_returns,XNO_returns,0.0
MED_returns,DLC_returns,0.0
MED_returns,METIS_returns,-0.005115176975896962
MED_returns,ICX_returns,0.0
MED_returns,MYTH_returns,0.0
MED_returns,MPLX_returns,0.0
MED_returns,SXP_returns,0.0
MED_returns,XVG_returns,0.0
MED_returns,PEOPLE_returns,0.0
MED_returns,AWE_returns,0.39760996573029067
MED_returns,REQ_returns,0.0
MED_returns,STORJ_returns,0.0
MED_returns,BAND_returns,0.0
MED_returns,WMTX_returns,0.0
MED_returns,CFG_returns,0.0
MED_returns,HONEY_returns,0.0
MED_returns,PRO_returns,0.0
MED_returns,PRIME_returns,0.0
MED_returns,VVS_returns,0.0
MED_returns,CPOOL_returns,0.0
MED_returns,YGG_returns,0.0
MED_returns,SSV_returns,-0.01104123313577924
MED_returns,CETUS_returns,0.0
MED_returns,CGPT_returns,-0.0032017053291256144
MED_returns,STIK_returns,0.0
MED_returns,PHA_returns,0.0
MED_returns,XVS_returns,0.0
MED_returns,KUB_returns,0.3511040030558168
MED_returns,BICO_returns,0.0
MED_returns,UMA_returns,0.0
MED_returns,WAXP_returns,0.5259692227279789
MED_returns,XPR_returns,0.21390849205633278
MED_returns,RPL_returns,0.0
MED_returns,PUNDIX_returns,0.40059765264258274
MED_returns,FLUX_returns,0.0
MED_returns,BORA_returns,0.6261295170824909
MED_returns,POWR_returns,0.0
MED_returns,AUDIO_returns,0.0
MED_returns,PROM_returns,0.0
MED_returns,IOST_returns,0.4740000130386697
MED_returns,ACX_returns,0.0
MED_returns,ARDR_returns,0.3647051336478947
MED_returns,SPELL_returns,0.0
MED_returns,ORBR_returns,0.0
MED_returns,LSK_returns,0.0
MED_returns,XOR_returns,-0.03694470606808546
MED_returns,GLMR_returns,0.0
MED_returns,BMX_returns,0.0
MED_returns,MVL_returns,0.5808254948363835
MED_returns,ABT_returns,0.0
MED_returns,VELO_returns,0.0
MED_returns,IQ_returns,0.37829071060905883
MED_returns,AGI_returns,0.0
MED_returns,WILD_returns,0.0
MED_returns,XEM_returns,0.388401747711516
MED_returns,LON_returns,0.0
MED_returns,POND_returns,0.0
MED_returns,ACT_returns,0.16107108568406217
MED_returns,XRD_returns,0.0
MED_returns,RLC_returns,0.0
MED_returns,ILV_returns,0.0
MED_returns,FIDA_returns,0.0
MED_returns,BNT_returns,0.0
MED_returns,DENT_returns,0.0
MED_returns,ORBS_returns,0.4631928118460357
MED_returns,ONG_returns,0.0
MED_returns,CHR_returns,0.0
MED_returns,HEART_returns,0.0
MED_returns,VANRY_returns,0.0
MED_returns,LQTY_returns,0.0
MED_returns,KEEP_returns,0.0
MED_returns,DKA_returns,0.6164700473095159
MED_returns,ELON_returns,0.0
MED_returns,ARK_returns,0.0
MED_returns,MLK_returns,0.5625273105239094
MED_returns,AL_returns,0.2706961898952545
MED_returns,JOE_returns,0.0
MED_returns,CELR_returns,0.0
MED_returns,STEEM_returns,0.0
MED_returns,BAL_returns,0.0
MED_returns,PCI_returns,0.0
MED_returns,MOVR_returns,0.0
MED_returns,AUCTION_returns,0.0
MED_returns,AERGO_returns,0.2738395289774297
MED_returns,MED_returns,0.0
MED_returns,NMR_returns,0.0
MED_returns,API3_returns,0.0
MED_returns,AGLD_returns,0.0
MED_returns,BONE_returns,0.0
MED_returns,SLP_returns,0.0
MED_returns,MTL_returns,0.4352189023380674
MED_returns,KNC_returns,0.0
MED_returns,CTSI_returns,0.0
MED_returns,BTRST_returns,0.27092969413723694
MED_returns,SCRT_returns,0.0
MED_returns,OMI_returns,0.24766271328816677
MED_returns,GEOD_returns,0.3181640469620669
MED_returns,EDU_returns,0.0
MED_returns,0x0_returns,0.0
MED_returns,KUJI_returns,0.0
NMR_returns,CTC_returns,0.0
NMR_returns,MINA_returns,0.0
NMR_returns,DASH_returns,0.0
NMR_returns,SFP_returns,0.0
NMR_returns,BabyDoge_returns,0.21851765322890407
NMR_returns,SNX_returns,0.0
NMR_returns,TFUEL_returns,0.0
NMR_returns,DCR_returns,0.0
NMR_returns,GLM_returns,0.0
NMR_returns,MX_returns,0.0
NMR_returns,ZIL_returns,0.3892968589593632
NMR_returns,BLUR_returns,0.0
NMR_returns,ROSE_returns,0.0
NMR_returns,CKB_returns,0.0
NMR_returns,TRAC_returns,0.18909750423701557
NMR_returns,QTUM_returns,0.0
NMR_returns,ORDI_returns,0.0
NMR_returns,LPT_returns,0.0
NMR_returns,MASK_returns,0.0
NMR_returns,ASTR_returns,0.0
NMR_returns,ZRX_returns,0.0
NMR_returns,VTHO_returns,0.0
NMR_returns,ACH_returns,0.0
NMR_returns,BAT_returns,0.3973800745772146
NMR_returns,CHEEL_returns,0.0
NMR_returns,CHEX_returns,0.0
NMR_returns,SNEK_returns,0.0
NMR_returns,BORG_returns,0.0
NMR_returns,KOGE_returns,0.0
NMR_returns,IOTX_returns,0.0
NMR_returns,CELO_returns,0.0
NMR_returns,GAS_returns,0.0
NMR_returns,ONE_returns,0.0
NMR_returns,ID_returns,0.0
NMR_returns,SUSHI_returns,0.0
NMR_returns,CSPR_returns,0.0
NMR_returns,HOT_returns,0.0
NMR_returns,SC_returns,0.0
NMR_returns,YFI_returns,0.0
NMR_returns,RVN_returns,0.0
NMR_returns,COW_returns,0.0
NMR_returns,ANKR_returns,0.0
NMR_returns,GOMINING_returns,0.0
NMR_returns,XCH_returns,0.0
NMR_returns,DGB_returns,0.0
NMR_returns,T_returns,0.0
NMR_returns,WOO_returns,0.0
NMR_returns,ELF_returns,0.0
NMR_returns,EUL_returns,0.0
NMR_returns,ORCA_returns,0.0
NMR_returns,KDA_returns,0.0
NMR_returns,OSMO_returns,0.0
NMR_returns,GMT_returns,0.0
NMR_returns,SNT_returns,0.0
NMR_returns,GMX_returns,0.0
NMR_returns,ENJ_returns,0.38802098124753154
NMR_returns,XYO_returns,0.0
NMR_returns,POLYX_returns,0.0
NMR_returns,ZIG_returns,0.0
NMR_returns,ZEN_returns,0.0
NMR_returns,COTI_returns,0.0
NMR_returns,WEMIX_returns,0.0
NMR_returns,SKL_returns,0.0
NMR_returns,LCX_returns,0.0
NMR_returns,WAVES_returns,0.0
NMR_returns,CVC_returns,0.0
NMR_returns,SWFTC_returns,0.0
NMR_returns,LUNA_returns,0.0
NMR_returns,HIVE_returns,0.0
NMR_returns,RLB_returns,0.0
NMR_returns,LRC_returns,0.3784792356387609
NMR_returns,DAG_returns,0.0
NMR_returns,ONT_returns,0.0
NMR_returns,TRB_returns,0.0
NMR_returns,XNO_returns,0.0
NMR_returns,DLC_returns,0.0
NMR_returns,METIS_returns,0.0
NMR_returns,ICX_returns,0.0
NMR_returns,MYTH_returns,0.0
NMR_returns,MPLX_returns,0.0
NMR_returns,SXP_returns,0.0
NMR_returns,XVG_returns,0.0
NMR_returns,PEOPLE_returns,0.0
NMR_returns,AWE_returns,0.0
NMR_returns,REQ_returns,0.0
NMR_returns,STORJ_returns,0.0
NMR_returns,BAND_returns,0.0
NMR_returns,WMTX_returns,0.0
NMR_returns,CFG_returns,0.0
NMR_returns,HONEY_returns,0.0
NMR_returns,PRO_returns,0.0
NMR_returns,PRIME_returns,0.0
NMR_returns,VVS_returns,0.0
NMR_returns,CPOOL_returns,0.0
NMR_returns,YGG_returns,0.0
NMR_returns,SSV_returns,0.0
NMR_returns,CETUS_returns,0.0
NMR_returns,CGPT_returns,0.0
NMR_returns,STIK_returns,0.0
NMR_returns,PHA_returns,0.0
NMR_returns,XVS_returns,0.0
NMR_returns,KUB_returns,0.0
NMR_returns,BICO_returns,0.0
NMR_returns,UMA_returns,0.0
NMR_returns,WAXP_returns,0.0
NMR_returns,XPR_returns,0.0
NMR_returns,RPL_returns,0.0
NMR_returns,PUNDIX_returns,0.0
NMR_returns,FLUX_returns,0.0
NMR_returns,BORA_returns,0.0
NMR_returns,POWR_returns,0.0
NMR_returns,AUDIO_returns,0.0
NMR_returns,PROM_returns,0.0
NMR_returns,IOST_returns,0.0
NMR_returns,ACX_returns,0.0
NMR_returns,ARDR_returns,0.0
NMR_returns,SPELL_returns,0.0
NMR_returns,ORBR_returns,0.0
NMR_returns,LSK_returns,0.0
NMR_returns,XOR_returns,0.0
NMR_returns,GLMR_returns,0.0
NMR_returns,BMX_returns,0.0
NMR_returns,MVL_returns,0.0
NMR_returns,ABT_returns,0.0
NMR_returns,VELO_returns,0.0
NMR_returns,IQ_returns,0.0
NMR_returns,AGI_returns,0.0
NMR_returns,WILD_returns,0.0
NMR_returns,XEM_returns,0.0
NMR_returns,LON_returns,0.0
NMR_returns,POND_returns,0.0
NMR_returns,ACT_returns,-0.00819533177060807
NMR_returns,XRD_returns,0.0
NMR_returns,RLC_returns,0.47035478615031234
NMR_returns,ILV_returns,0.0
NMR_returns,FIDA_returns,0.0
NMR_returns,BNT_returns,0.0
NMR_returns,DENT_returns,0.3755551214004366
NMR_returns,ORBS_returns,0.0
NMR_returns,ONG_returns,0.0
NMR_returns,CHR_returns,0.0
NMR_returns,HEART_returns,0.0
NMR_returns,VANRY_returns,0.0
NMR_returns,LQTY_returns,0.0
NMR_returns,KEEP_returns,0.0
NMR_returns,DKA_returns,0.0
NMR_returns,ELON_returns,0.0
NMR_returns,ARK_returns,0.0
NMR_returns,MLK_returns,0.0
NMR_returns,AL_returns,0.0
NMR_returns,JOE_returns,0.0
NMR_returns,CELR_returns,0.0
NMR_returns,STEEM_returns,0.0
NMR_returns,BAL_returns,0.0
NMR_returns,PCI_returns,-0.002447831948119516
NMR_returns,MOVR_returns,0.0
NMR_returns,AUCTION_returns,0.0
NMR_returns,AERGO_returns,0.0
NMR_returns,MED_returns,0.0
NMR_returns,NMR_returns,0.0
NMR_returns,API3_returns,0.0
NMR_returns,AGLD_returns,0.21544508983791086
NMR_returns,BONE_returns,0.0
NMR_returns,SLP_returns,0.0
NMR_returns,MTL_returns,0.0
NMR_returns,KNC_returns,0.0
NMR_returns,CTSI_returns,0.0
NMR_returns,BTRST_returns,0.0
NMR_returns,SCRT_returns,0.0
NMR_returns,OMI_returns,0.0
NMR_returns,GEOD_returns,0.0
NMR_returns,EDU_returns,0.0
NMR_returns,0x0_returns,0.0
NMR_returns,KUJI_returns,0.0
API3_returns,CTC_returns,0.0
API3_returns,MINA_returns,0.0
API3_returns,DASH_returns,0.0
API3_returns,SFP_returns,0.0
API3_returns,BabyDoge_returns,0.0
API3_returns,SNX_returns,0.0
API3_returns,TFUEL_returns,0.0
API3_returns,DCR_returns,0.0
API3_returns,GLM_returns,0.0
API3_returns,MX_returns,0.0
API3_returns,ZIL_returns,0.38115150193153413
API3_returns,BLUR_returns,0.0
API3_returns,ROSE_returns,0.0
API3_returns,CKB_returns,0.0
API3_returns,TRAC_returns,0.0
API3_returns,QTUM_returns,0.0
API3_returns,ORDI_returns,0.0
API3_returns,LPT_returns,0.0
API3_returns,MASK_returns,0.0
API3_returns,ASTR_returns,0.0
API3_returns,ZRX_returns,0.0
API3_returns,VTHO_returns,0.0
API3_returns,ACH_returns,0.0
API3_returns,BAT_returns,0.0
API3_returns,CHEEL_returns,0.0
API3_returns,CHEX_returns,0.0
API3_returns,SNEK_returns,0.0
API3_returns,BORG_returns,0.0
API3_returns,KOGE_returns,0.0
API3_returns,IOTX_returns,0.0
API3_returns,CELO_returns,0.0
API3_returns,GAS_returns,0.0
API3_returns,ONE_returns,0.0
API3_returns,ID_returns,0.0
API3_returns,SUSHI_returns,0.0
API3_returns,CSPR_returns,0.0
API3_returns,HOT_returns,0.0
API3_returns,SC_returns,0.0
API3_returns,YFI_returns,0.0
API3_returns,RVN_returns,0.0
API3_returns,COW_returns,0.0
API3_returns,ANKR_returns,0.0
API3_returns,GOMINING_returns,0.0
API3_returns,XCH_returns,0.0
API3_returns,DGB_returns,0.0
API3_returns,T_returns,0.0
API3_returns,WOO_returns,0.3598325996307558
API3_returns,ELF_returns,0.0
API3_returns,EUL_returns,0.0
API3_returns,ORCA_returns,0.0
API3_returns,KDA_returns,0.0
API3_returns,OSMO_returns,0.0
API3_returns,GMT_returns,0.0
API3_returns,SNT_returns,0.0
API3_returns,GMX_returns,0.0
API3_returns,ENJ_returns,0.37908983115172906
API3_returns,XYO_returns,0.0
API3_returns,POLYX_returns,0.0
API3_returns,ZIG_returns,0.0
API3_returns,ZEN_returns,0.0
API3_returns,COTI_returns,0.0
API3_returns,WEMIX_returns,0.0
API3_returns,SKL_returns,0.0
API3_returns,LCX_returns,0.0
API3_returns,WAVES_returns,0.0
API3_returns,CVC_returns,0.0
API3_returns,SWFTC_returns,0.0
API3_returns,LUNA_returns,0.0
API3_returns,HIVE_returns,0.0
API3_returns,RLB_returns,0.0
API3_returns,LRC_returns,0.36649930947425624
API3_returns,DAG_returns,0.0
API3_returns,ONT_returns,0.0
API3_returns,TRB_returns,0.0
API3_returns,XNO_returns,0.0
API3_returns,DLC_returns,0.0
API3_returns,METIS_returns,0.0
API3_returns,ICX_returns,0.0
API3_returns,MYTH_returns,0.0
API3_returns,MPLX_returns,0.0
API3_returns,SXP_returns,0.0
API3_returns,XVG_returns,0.0
API3_returns,PEOPLE_returns,0.0
API3_returns,AWE_returns,0.0
API3_returns,REQ_returns,0.0
API3_returns,STORJ_returns,0.0
API3_returns,BAND_returns,0.4573725655272036
API3_returns,WMTX_returns,0.0
API3_returns,CFG_returns,0.0
API3_returns,HONEY_returns,0.0
API3_returns,PRO_returns,0.0
API3_returns,PRIME_returns,0.0
API3_returns,VVS_returns,0.0
API3_returns,CPOOL_returns,0.0
API3_returns,YGG_returns,0.0
API3_returns,SSV_returns,0.0
API3_returns,CETUS_returns,0.0
API3_returns,CGPT_returns,0.0
API3_returns,STIK_returns,-0.041420852999663825
API3_returns,PHA_returns,0.0
API3_returns,XVS_returns,0.0
API3_returns,KUB_returns,0.0
API3_returns,BICO_returns,0.0
API3_returns,UMA_returns,0.0
API3_returns,WAXP_returns,0.0
API3_returns,XPR_returns,0.0
API3_returns,RPL_returns,0.0
API3_returns,PUNDIX_returns,0.0
API3_returns,FLUX_returns,0.0
API3_returns,BORA_returns,0.0
API3_returns,POWR_returns,0.0
API3_returns,AUDIO_returns,0.0
API3_returns,PROM_returns,0.0
API3_returns,IOST_returns,0.0
API3_returns,ACX_returns,0.0
API3_returns,ARDR_returns,0.0
API3_returns,SPELL_returns,0.0
API3_returns,ORBR_returns,-0.006562501781235214
API3_returns,LSK_returns,0.0
API3_returns,XOR_returns,0.0
API3_returns,GLMR_returns,0.0
API3_returns,BMX_returns,0.0
API3_returns,MVL_returns,0.0
API3_returns,ABT_returns,0.0
API3_returns,VELO_returns,0.0
API3_returns,IQ_returns,0.0
API3_returns,AGI_returns,0.0
API3_returns,WILD_returns,0.0
API3_returns,XEM_returns,0.0
API3_returns,LON_returns,-0.02414842686288517
API3_returns,POND_returns,0.0
API3_returns,ACT_returns,-0.058347234113234475
API3_returns,XRD_returns,0.0
API3_returns,RLC_returns,0.0
API3_returns,ILV_returns,0.0
API3_returns,FIDA_returns,0.0
API3_returns,BNT_returns,0.0
API3_returns,DENT_returns,0.39085951450039674
API3_returns,ORBS_returns,0.0
API3_returns,ONG_returns,0.0
API3_returns,CHR_returns,0.0
API3_returns,HEART_returns,0.0
API3_returns,VANRY_returns,0.0
API3_returns,LQTY_returns,0.0
API3_returns,KEEP_returns,0.0
API3_returns,DKA_returns,0.0
API3_returns,ELON_returns,0.0
API3_returns,ARK_returns,0.0
API3_returns,MLK_returns,0.0
API3_returns,AL_returns,0.0
API3_returns,JOE_returns,0.0
API3_returns,CELR_returns,0.0
API3_returns,STEEM_returns,0.0
API3_returns,BAL_returns,0.0
API3_returns,PCI_returns,0.0
API3_returns,MOVR_returns,0.0
API3_returns,AUCTION_returns,0.0
API3_returns,AERGO_returns,0.0
API3_returns,MED_returns,0.0
API3_returns,NMR_returns,0.0
API3_returns,API3_returns,0.0
API3_returns,AGLD_returns,0.0
API3_returns,BONE_returns,0.0
API3_returns,SLP_returns,0.0
API3_returns,MTL_returns,0.0
API3_returns,KNC_returns,0.0
API3_returns,CTSI_returns,0.0
API3_returns,BTRST_returns,0.0
API3_returns,SCRT_returns,0.0
API3_returns,OMI_returns,0.0
API3_returns,GEOD_returns,0.0
API3_returns,EDU_returns,0.0
API3_returns,0x0_returns,0.0
API3_returns,KUJI_returns,0.0
AGLD_returns,CTC_returns,0.0
AGLD_returns,MINA_returns,0.20504301778362077
AGLD_returns,DASH_returns,0.0
AGLD_returns,SFP_returns,0.0
AGLD_returns,BabyDoge_returns,0.0
AGLD_returns,SNX_returns,0.0
AGLD_returns,TFUEL_returns,0.0
AGLD_returns,DCR_returns,0.0
AGLD_returns,GLM_returns,0.0
AGLD_returns,MX_returns,0.0
AGLD_returns,ZIL_returns,0.0
AGLD_returns,BLUR_returns,0.0
AGLD_returns,ROSE_returns,0.0
AGLD_returns,CKB_returns,0.0
AGLD_returns,TRAC_returns,0.0
AGLD_returns,QTUM_returns,0.0
AGLD_returns,ORDI_returns,0.0
AGLD_returns,LPT_returns,0.0
AGLD_returns,MASK_returns,0.0
AGLD_returns,ASTR_returns,0.0
AGLD_returns,ZRX_returns,0.0
AGLD_returns,VTHO_returns,0.0
AGLD_returns,ACH_returns,0.0
AGLD_returns,BAT_returns,0.0
AGLD_returns,CHEEL_returns,0.0
AGLD_returns,CHEX_returns,-0.011418553203038606
AGLD_returns,SNEK_returns,0.0
AGLD_returns,BORG_returns,-0.000705838534864088
AGLD_returns,KOGE_returns,0.0
AGLD_returns,IOTX_returns,0.19509166833883088
AGLD_returns,CELO_returns,0.0
AGLD_returns,GAS_returns,0.0
AGLD_returns,ONE_returns,0.19836571715792573
AGLD_returns,ID_returns,0.0
AGLD_returns,SUSHI_returns,0.0
AGLD_returns,CSPR_returns,0.0
AGLD_returns,HOT_returns,0.0
AGLD_returns,SC_returns,0.0
AGLD_returns,YFI_returns,0.0
AGLD_returns,RVN_returns,0.0
AGLD_returns,COW_returns,0.0
AGLD_returns,ANKR_returns,0.0
AGLD_returns,GOMINING_returns,0.0
AGLD_returns,XCH_returns,0.0
AGLD_returns,DGB_returns,0.0
AGLD_returns,T_returns,0.0
AGLD_returns,WOO_returns,0.0
AGLD_returns,ELF_returns,0.0
AGLD_returns,EUL_returns,0.0
AGLD_returns,ORCA_returns,0.0
AGLD_returns,KDA_returns,0.0
AGLD_returns,OSMO_returns,0.0
AGLD_returns,GMT_returns,0.0
AGLD_returns,SNT_returns,0.0
AGLD_returns,GMX_returns,0.0
AGLD_returns,ENJ_returns,0.0
AGLD_returns,XYO_returns,-0.01933455467990393
AGLD_returns,POLYX_returns,0.0
AGLD_returns,ZIG_returns,0.0
AGLD_returns,ZEN_returns,0.0
AGLD_returns,COTI_returns,0.0
AGLD_returns,WEMIX_returns,0.0
AGLD_returns,SKL_returns,0.0
AGLD_returns,LCX_returns,0.0
AGLD_returns,WAVES_returns,0.0
AGLD_returns,CVC_returns,0.0
AGLD_returns,SWFTC_returns,-0.00529164097690716
AGLD_returns,LUNA_returns,0.0
AGLD_returns,HIVE_returns,0.0
AGLD_returns,RLB_returns,0.0
AGLD_returns,LRC_returns,0.0
AGLD_returns,DAG_returns,0.0
AGLD_returns,ONT_returns,0.0
AGLD_returns,TRB_returns,0.0
AGLD_returns,XNO_returns,0.0
AGLD_returns,DLC_returns,0.0
AGLD_returns,METIS_returns,0.0
AGLD_returns,ICX_returns,0.0
AGLD_returns,MYTH_returns,0.0
AGLD_returns,MPLX_returns,0.0
AGLD_returns,SXP_returns,0.0
AGLD_returns,XVG_returns,0.0
AGLD_returns,PEOPLE_returns,0.0
AGLD_returns,AWE_returns,0.0
AGLD_returns,REQ_returns,0.0
AGLD_returns,STORJ_returns,0.0
AGLD_returns,BAND_returns,0.0
AGLD_returns,WMTX_returns,0.0
AGLD_returns,CFG_returns,0.0
AGLD_returns,HONEY_returns,0.0
AGLD_returns,PRO_returns,0.0
AGLD_returns,PRIME_returns,0.0
AGLD_returns,VVS_returns,0.0
AGLD_returns,CPOOL_returns,0.0
AGLD_returns,YGG_returns,0.0
AGLD_returns,SSV_returns,0.0
AGLD_returns,CETUS_returns,0.19014638406519718
AGLD_returns,CGPT_returns,0.0
AGLD_returns,STIK_returns,0.0
AGLD_returns,PHA_returns,0.0
AGLD_returns,XVS_returns,0.0
AGLD_returns,KUB_returns,0.0
AGLD_returns,BICO_returns,0.0
AGLD_returns,UMA_returns,0.0
AGLD_returns,WAXP_returns,0.0
AGLD_returns,XPR_returns,0.0
AGLD_returns,RPL_returns,0.0
AGLD_returns,PUNDIX_returns,0.0
AGLD_returns,FLUX_returns,0.0
AGLD_returns,BORA_returns,0.0
AGLD_returns,POWR_returns,0.0
AGLD_returns,AUDIO_returns,0.0
AGLD_returns,PROM_returns,0.0
AGLD_returns,IOST_returns,0.0
AGLD_returns,ACX_returns,0.0
AGLD_returns,ARDR_returns,0.0
AGLD_returns,SPELL_returns,0.0
AGLD_returns,ORBR_returns,0.0
AGLD_returns,LSK_returns,0.0
AGLD_returns,XOR_returns,0.0
AGLD_returns,GLMR_returns,0.0
AGLD_returns,BMX_returns,-0.005260262233999031
AGLD_returns,MVL_returns,0.0
AGLD_returns,ABT_returns,0.0
AGLD_returns,VELO_returns,0.0
AGLD_returns,IQ_returns,0.0
AGLD_returns,AGI_returns,0.0
AGLD_returns,WILD_returns,0.0
AGLD_returns,XEM_returns,0.0
AGLD_returns,LON_returns,-0.0016592203545570967
AGLD_returns,POND_returns,0.0
AGLD_returns,ACT_returns,0.0
AGLD_returns,XRD_returns,0.0
AGLD_returns,RLC_returns,0.0
AGLD_returns,ILV_returns,0.0
AGLD_returns,FIDA_returns,0.0
AGLD_returns,BNT_returns,0.0
AGLD_returns,DENT_returns,0.1987724864690286
AGLD_returns,ORBS_returns,0.0
AGLD_returns,ONG_returns,0.0
AGLD_returns,CHR_returns,0.0
AGLD_returns,HEART_returns,-0.04449025274321146
AGLD_returns,VANRY_returns,0.0
AGLD_returns,LQTY_returns,0.0
AGLD_returns,KEEP_returns,0.0
AGLD_returns,DKA_returns,0.0
AGLD_returns,ELON_returns,0.0
AGLD_returns,ARK_returns,0.0
AGLD_returns,MLK_returns,0.0
AGLD_returns,AL_returns,0.0
AGLD_returns,JOE_returns,0.0
AGLD_returns,CELR_returns,0.0
AGLD_returns,STEEM_returns,0.0
AGLD_returns,BAL_returns,0.0
AGLD_returns,PCI_returns,0.0
AGLD_returns,MOVR_returns,0.0
AGLD_returns,AUCTION_returns,0.0
AGLD_returns,AERGO_returns,0.0
AGLD_returns,MED_returns,0.0
AGLD_returns,NMR_returns,0.21544508983791086
AGLD_returns,API3_returns,0.0
AGLD_returns,AGLD_returns,0.0
AGLD_returns,BONE_returns,0.0
AGLD_returns,SLP_returns,0.0
AGLD_returns,MTL_returns,0.0
AGLD_returns,KNC_returns,0.0
AGLD_returns,CTSI_returns,0.0
AGLD_returns,BTRST_returns,0.0
AGLD_returns,SCRT_returns,0.0
AGLD_returns,OMI_returns,0.0
AGLD_returns,GEOD_returns,0.0
AGLD_returns,EDU_returns,0.0
AGLD_returns,0x0_returns,0.0
AGLD_returns,KUJI_returns,0.0
BONE_returns,CTC_returns,0.0
BONE_returns,MINA_returns,0.0
BONE_returns,DASH_returns,0.2380209376396286
BONE_returns,SFP_returns,0.0
BONE_returns,BabyDoge_returns,0.2899268937178424
BONE_returns,SNX_returns,0.0
BONE_returns,TFUEL_returns,0.0
BONE_returns,DCR_returns,0.0
BONE_returns,GLM_returns,0.0
BONE_returns,MX_returns,0.0
BONE_returns,ZIL_returns,0.0
BONE_returns,BLUR_returns,0.0
BONE_returns,ROSE_returns,0.0
BONE_returns,CKB_returns,0.0
BONE_returns,TRAC_returns,0.0
BONE_returns,QTUM_returns,0.2623944110497432
BONE_returns,ORDI_returns,0.0
BONE_returns,LPT_returns,0.0
BONE_returns,MASK_returns,0.0
BONE_returns,ASTR_returns,0.0
BONE_returns,ZRX_returns,0.0
BONE_returns,VTHO_returns,0.0
BONE_returns,ACH_returns,0.0
BONE_returns,BAT_returns,0.0
BONE_returns,CHEEL_returns,0.0
BONE_returns,CHEX_returns,-0.0003425047654487384
BONE_returns,SNEK_returns,0.0
BONE_returns,BORG_returns,0.0
BONE_returns,KOGE_returns,0.0
BONE_returns,IOTX_returns,0.0
BONE_returns,CELO_returns,0.0
BONE_returns,GAS_returns,0.0
BONE_returns,ONE_returns,0.0
BONE_returns,ID_returns,0.0
BONE_returns,SUSHI_returns,0.0
BONE_returns,CSPR_returns,0.0
BONE_returns,HOT_returns,0.2680907847986375
BONE_returns,SC_returns,0.0
BONE_returns,YFI_returns,0.0
BONE_returns,RVN_returns,0.0
BONE_returns,COW_returns,0.0
BONE_returns,ANKR_returns,0.0
BONE_returns,GOMINING_returns,0.0
BONE_returns,XCH_returns,0.0
BONE_returns,DGB_returns,0.0
BONE_returns,T_returns,0.0
BONE_returns,WOO_returns,0.0
BONE_returns,ELF_returns,0.0
BONE_returns,EUL_returns,0.0
BONE_returns,ORCA_returns,0.0
BONE_returns,KDA_returns,0.0
BONE_returns,OSMO_returns,0.0
BONE_returns,GMT_returns,0.0
BONE_returns,SNT_returns,0.0
BONE_returns,GMX_returns,0.0
BONE_returns,ENJ_returns,0.23354506675171777
BONE_returns,XYO_returns,0.0
BONE_returns,POLYX_returns,0.0
BONE_returns,ZIG_returns,-0.018137325915335064
BONE_returns,ZEN_returns,0.0
BONE_returns,COTI_returns,0.0
BONE_returns,WEMIX_returns,0.0
BONE_returns,SKL_returns,0.0
BONE_returns,LCX_returns,0.0
BONE_returns,WAVES_returns,0.0
BONE_returns,CVC_returns,0.0
BONE_returns,SWFTC_returns,0.0
BONE_returns,LUNA_returns,0.0
BONE_returns,HIVE_returns,0.0
BONE_returns,RLB_returns,0.0
BONE_returns,LRC_returns,0.0
BONE_returns,DAG_returns,0.0
BONE_returns,ONT_returns,0.0
BONE_returns,TRB_returns,0.0
BONE_returns,XNO_returns,0.0
BONE_returns,DLC_returns,0.0
BONE_returns,METIS_returns,0.0
BONE_returns,ICX_returns,0.0
BONE_returns,MYTH_returns,0.0
BONE_returns,MPLX_returns,-0.009322944598100387
BONE_returns,SXP_returns,0.0
BONE_returns,XVG_returns,0.0
BONE_returns,PEOPLE_returns,0.0
BONE_returns,AWE_returns,0.0
BONE_returns,REQ_returns,0.0
BONE_returns,STORJ_returns,0.0
BONE_returns,BAND_returns,0.0
BONE_returns,WMTX_returns,0.0
BONE_returns,CFG_returns,0.0
BONE_returns,HONEY_returns,0.0
BONE_returns,PRO_returns,0.0
BONE_returns,PRIME_returns,0.0
BONE_returns,VVS_returns,0.0
BONE_returns,CPOOL_returns,0.0
BONE_returns,YGG_returns,0.0
BONE_returns,SSV_returns,0.0
BONE_returns,CETUS_returns,0.0
BONE_returns,CGPT_returns,0.0
BONE_returns,STIK_returns,-0.0018737919715366843
BONE_returns,PHA_returns,0.0
BONE_returns,XVS_returns,0.0
BONE_returns,KUB_returns,0.0
BONE_returns,BICO_returns,0.0
BONE_returns,UMA_returns,0.0
BONE_returns,WAXP_returns,0.0
BONE_returns,XPR_returns,0.0
BONE_returns,RPL_returns,0.0
BONE_returns,PUNDIX_returns,0.0
BONE_returns,FLUX_returns,0.0
BONE_returns,BORA_returns,0.0
BONE_returns,POWR_returns,0.0
BONE_returns,AUDIO_returns,0.0
BONE_returns,PROM_returns,0.0
BONE_returns,IOST_returns,0.0
BONE_returns,ACX_returns,0.0
BONE_returns,ARDR_returns,0.0
BONE_returns,SPELL_returns,0.0
BONE_returns,ORBR_returns,0.0
BONE_returns,LSK_returns,0.0
BONE_returns,XOR_returns,-0.01787874872353891
BONE_returns,GLMR_returns,0.0
BONE_returns,BMX_returns,0.0
BONE_returns,MVL_returns,0.0
BONE_returns,ABT_returns,0.0
BONE_returns,VELO_returns,0.0
BONE_returns,IQ_returns,0.0
BONE_returns,AGI_returns,0.0
BONE_returns,WILD_returns,0.0
BONE_returns,XEM_returns,0.0
BONE_returns,LON_returns,0.0
BONE_returns,POND_returns,0.0
BONE_returns,ACT_returns,-0.025340059438420635
BONE_returns,XRD_returns,0.0
BONE_returns,RLC_returns,0.0
BONE_returns,ILV_returns,0.0
BONE_returns,FIDA_returns,0.0
BONE_returns,BNT_returns,0.0
BONE_returns,DENT_returns,0.25011544446398565
BONE_returns,ORBS_returns,0.0
BONE_returns,ONG_returns,0.0
BONE_returns,CHR_returns,0.0
BONE_returns,HEART_returns,0.0
BONE_returns,VANRY_returns,0.0
BONE_returns,LQTY_returns,0.0
BONE_returns,KEEP_returns,0.0
BONE_returns,DKA_returns,0.0
BONE_returns,ELON_returns,0.17428041501893202
BONE_returns,ARK_returns,0.0
BONE_returns,MLK_returns,0.0
BONE_returns,AL_returns,0.0
BONE_returns,JOE_returns,0.0
BONE_returns,CELR_returns,0.0
BONE_returns,STEEM_returns,0.0
BONE_returns,BAL_returns,0.0
BONE_returns,PCI_returns,0.0
BONE_returns,MOVR_returns,0.0
BONE_returns,AUCTION_returns,0.0
BONE_returns,AERGO_returns,0.0
BONE_returns,MED_returns,0.0
BONE_returns,NMR_returns,0.0
BONE_returns,API3_returns,0.0
BONE_returns,AGLD_returns,0.0
BONE_returns,BONE_returns,0.0
BONE_returns,SLP_returns,0.0
BONE_returns,MTL_returns,0.0
BONE_returns,KNC_returns,0.0
BONE_returns,CTSI_returns,0.0
BONE_returns,BTRST_returns,0.0
BONE_returns,SCRT_returns,0.0
BONE_returns,OMI_returns,0.0
BONE_returns,GEOD_returns,0.0
BONE_returns,EDU_returns,0.0
BONE_returns,0x0_returns,0.0
BONE_returns,KUJI_returns,0.0
SLP_returns,CTC_returns,0.0
SLP_returns,MINA_returns,0.0
SLP_returns,DASH_returns,0.0
SLP_returns,SFP_returns,0.0
SLP_returns,BabyDoge_returns,0.0
SLP_returns,SNX_returns,0.0
SLP_returns,TFUEL_returns,0.0
SLP_returns,DCR_returns,0.0
SLP_returns,GLM_returns,0.0
SLP_returns,MX_returns,0.0
SLP_returns,ZIL_returns,0.42366167167167545
SLP_returns,BLUR_returns,0.0
SLP_returns,ROSE_returns,0.0
SLP_returns,CKB_returns,0.0
SLP_returns,TRAC_returns,0.0
SLP_returns,QTUM_returns,0.0
SLP_returns,ORDI_returns,0.0
SLP_returns,LPT_returns,0.0
SLP_returns,MASK_returns,0.0
SLP_returns,ASTR_returns,0.0
SLP_returns,ZRX_returns,0.0
SLP_returns,VTHO_returns,0.0
SLP_returns,ACH_returns,0.0
SLP_returns,BAT_returns,0.4233369787889276
SLP_returns,CHEEL_returns,0.0
SLP_returns,CHEX_returns,0.0
SLP_returns,SNEK_returns,0.0
SLP_returns,BORG_returns,0.0
SLP_returns,KOGE_returns,0.0
SLP_returns,IOTX_returns,0.0
SLP_returns,CELO_returns,0.0
SLP_returns,GAS_returns,0.0
SLP_returns,ONE_returns,0.44202067117778143
SLP_returns,ID_returns,0.0
SLP_returns,SUSHI_returns,0.0
SLP_returns,CSPR_returns,0.0
SLP_returns,HOT_returns,0.4223361012281604
SLP_returns,SC_returns,0.0
SLP_returns,YFI_returns,0.0
SLP_returns,RVN_returns,0.0
SLP_returns,COW_returns,0.0
SLP_returns,ANKR_returns,0.0
SLP_returns,GOMINING_returns,-0.013108623446105592
SLP_returns,XCH_returns,0.0
SLP_returns,DGB_returns,0.0
SLP_returns,T_returns,0.0
SLP_returns,WOO_returns,0.0
SLP_returns,ELF_returns,0.0
SLP_returns,EUL_returns,0.0
SLP_returns,ORCA_returns,0.0
SLP_returns,KDA_returns,0.0
SLP_returns,OSMO_returns,0.0
SLP_returns,GMT_returns,0.0
SLP_returns,SNT_returns,0.0
SLP_returns,GMX_returns,0.0
SLP_returns,ENJ_returns,0.4478067180647747
SLP_returns,XYO_returns,0.0
SLP_returns,POLYX_returns,0.0
SLP_returns,ZIG_returns,0.0
SLP_returns,ZEN_returns,0.0
SLP_returns,COTI_returns,0.0
SLP_returns,WEMIX_returns,0.0
SLP_returns,SKL_returns,0.0
SLP_returns,LCX_returns,0.0
SLP_returns,WAVES_returns,0.0
SLP_returns,CVC_returns,0.0
SLP_returns,SWFTC_returns,0.0
SLP_returns,LUNA_returns,0.0
SLP_returns,HIVE_returns,0.0
SLP_returns,RLB_returns,0.0
SLP_returns,LRC_returns,0.4245966032666554
SLP_returns,DAG_returns,0.0
SLP_returns,ONT_returns,0.0
SLP_returns,TRB_returns,0.0
SLP_returns,XNO_returns,0.0
SLP_returns,DLC_returns,0.0
SLP_returns,METIS_returns,0.0
SLP_returns,ICX_returns,0.0
SLP_returns,MYTH_returns,0.0
SLP_returns,MPLX_returns,0.0
SLP_returns,SXP_returns,0.0
SLP_returns,XVG_returns,0.0
SLP_returns,PEOPLE_returns,0.0
SLP_returns,AWE_returns,0.0
SLP_returns,REQ_returns,0.0
SLP_returns,STORJ_returns,0.0
SLP_returns,BAND_returns,0.0
SLP_returns,WMTX_returns,0.0
SLP_returns,CFG_returns,0.0
SLP_returns,HONEY_returns,0.0
SLP_returns,PRO_returns,0.0
SLP_returns,PRIME_returns,0.0
SLP_returns,VVS_returns,0.0
SLP_returns,CPOOL_returns,0.0
SLP_returns,YGG_returns,0.0
SLP_returns,SSV_returns,0.0
SLP_returns,CETUS_returns,0.0
SLP_returns,CGPT_returns,0.0
SLP_returns,STIK_returns,-0.05253793228089913
SLP_returns,PHA_returns,0.0
SLP_returns,XVS_returns,0.0
SLP_returns,KUB_returns,0.0
SLP_returns,BICO_returns,0.0
SLP_returns,UMA_returns,0.0
SLP_returns,WAXP_returns,0.0
SLP_returns,XPR_returns,0.0
SLP_returns,RPL_returns,0.0
SLP_returns,PUNDIX_returns,0.0
SLP_returns,FLUX_returns,0.0
SLP_returns,BORA_returns,0.0
SLP_returns,POWR_returns,0.0
SLP_returns,AUDIO_returns,0.0
SLP_returns,PROM_returns,0.0
SLP_returns,IOST_returns,0.0
SLP_returns,ACX_returns,0.0
SLP_returns,ARDR_returns,0.0
SLP_returns,SPELL_returns,0.0
SLP_returns,ORBR_returns,0.0
SLP_returns,LSK_returns,0.0
SLP_returns,XOR_returns,0.0
SLP_returns,GLMR_returns,0.0
SLP_returns,BMX_returns,0.0
SLP_returns,MVL_returns,0.0
SLP_returns,ABT_returns,0.0
SLP_returns,VELO_returns,0.0
SLP_returns,IQ_returns,0.0
SLP_returns,AGI_returns,0.0
SLP_returns,WILD_returns,0.0
SLP_returns,XEM_returns,0.0
SLP_returns,LON_returns,0.0
SLP_returns,POND_returns,0.0
SLP_returns,ACT_returns,-0.00840213182577509
SLP_returns,XRD_returns,0.0
SLP_returns,RLC_returns,0.0
SLP_returns,ILV_returns,0.0
SLP_returns,FIDA_returns,0.0
SLP_returns,BNT_returns,0.0
SLP_returns,DENT_returns,0.0
SLP_returns,ORBS_returns,0.0
SLP_returns,ONG_returns,0.0
SLP_returns,CHR_returns,0.0
SLP_returns,HEART_returns,0.0
SLP_returns,VANRY_returns,0.0
SLP_returns,LQTY_returns,0.0
SLP_returns,KEEP_returns,0.0
SLP_returns,DKA_returns,0.0
SLP_returns,ELON_returns,0.0
SLP_returns,ARK_returns,0.0
SLP_returns,MLK_returns,0.0
SLP_returns,AL_returns,0.0
SLP_returns,JOE_returns,0.0
SLP_returns,CELR_returns,0.0
SLP_returns,STEEM_returns,0.0
SLP_returns,BAL_returns,0.0
SLP_returns,PCI_returns,0.0
SLP_returns,MOVR_returns,0.0
SLP_returns,AUCTION_returns,0.0
SLP_returns,AERGO_returns,0.0
SLP_returns,MED_returns,0.0
SLP_returns,NMR_returns,0.0
SLP_returns,API3_returns,0.0
SLP_returns,AGLD_returns,0.0
SLP_returns,BONE_returns,0.0
SLP_returns,SLP_returns,0.0
SLP_returns,MTL_returns,0.0
SLP_returns,KNC_returns,0.0
SLP_returns,CTSI_returns,0.0
SLP_returns,BTRST_returns,0.0
SLP_returns,SCRT_returns,0.0
SLP_returns,OMI_returns,0.0
SLP_returns,GEOD_returns,0.0
SLP_returns,EDU_returns,0.0
SLP_returns,0x0_returns,0.0
SLP_returns,KUJI_returns,0.0
MTL_returns,CTC_returns,0.0
MTL_returns,MINA_returns,0.0
MTL_returns,DASH_returns,0.0
MTL_returns,SFP_returns,0.0
MTL_returns,BabyDoge_returns,0.0
MTL_returns,SNX_returns,0.0
MTL_returns,TFUEL_returns,0.0
MTL_returns,DCR_returns,0.0
MTL_returns,GLM_returns,0.0
MTL_returns,MX_returns,0.0
MTL_returns,ZIL_returns,0.4923244496778282
MTL_returns,BLUR_returns,0.0
MTL_returns,ROSE_returns,0.0
MTL_returns,CKB_returns,0.0
MTL_returns,TRAC_returns,0.0
MTL_returns,QTUM_returns,0.0
MTL_returns,ORDI_returns,0.0
MTL_returns,LPT_returns,0.0
MTL_returns,MASK_returns,0.0
MTL_returns,ASTR_returns,0.0
MTL_returns,ZRX_returns,0.0
MTL_returns,VTHO_returns,0.0
MTL_returns,ACH_returns,0.0
MTL_returns,BAT_returns,0.4631634969425438
MTL_returns,CHEEL_returns,0.0
MTL_returns,CHEX_returns,0.0
MTL_returns,SNEK_returns,0.0
MTL_returns,BORG_returns,0.0
MTL_returns,KOGE_returns,0.0
MTL_returns,IOTX_returns,0.0
MTL_returns,CELO_returns,0.0
MTL_returns,GAS_returns,0.0
MTL_returns,ONE_returns,0.0
MTL_returns,ID_returns,0.0
MTL_returns,SUSHI_returns,0.0
MTL_returns,CSPR_returns,0.0
MTL_returns,HOT_returns,0.0
MTL_returns,SC_returns,0.0
MTL_returns,YFI_returns,0.0
MTL_returns,RVN_returns,0.0
MTL_returns,COW_returns,0.0
MTL_returns,ANKR_returns,0.0
MTL_returns,GOMINING_returns,0.0
MTL_returns,XCH_returns,0.0
MTL_returns,DGB_returns,0.0
MTL_returns,T_returns,0.0
MTL_returns,WOO_returns,0.0
MTL_returns,ELF_returns,0.0
MTL_returns,EUL_returns,0.0
MTL_returns,ORCA_returns,0.0
MTL_returns,KDA_returns,0.0
MTL_returns,OSMO_returns,0.0
MTL_returns,GMT_returns,0.0
MTL_returns,SNT_returns,0.0
MTL_returns,GMX_returns,0.0
MTL_returns,ENJ_returns,0.0
MTL_returns,XYO_returns,0.0
MTL_returns,POLYX_returns,0.0
MTL_returns,ZIG_returns,0.0
MTL_returns,ZEN_returns,0.0
MTL_returns,COTI_returns,0.0
MTL_returns,WEMIX_returns,0.0
MTL_returns,SKL_returns,0.0
MTL_returns,LCX_returns,0.0
MTL_returns,WAVES_returns,0.0
MTL_returns,CVC_returns,0.0
MTL_returns,SWFTC_returns,0.0
MTL_returns,LUNA_returns,0.0
MTL_returns,HIVE_returns,0.0
MTL_returns,RLB_returns,0.0
MTL_returns,LRC_returns,0.0
MTL_returns,DAG_returns,0.0
MTL_returns,ONT_returns,0.0
MTL_returns,TRB_returns,0.0
MTL_returns,XNO_returns,0.0
MTL_returns,DLC_returns,0.0
MTL_returns,METIS_returns,0.0
MTL_returns,ICX_returns,0.4998413383230515
MTL_returns,MYTH_returns,0.0
MTL_returns,MPLX_returns,0.0
MTL_returns,SXP_returns,0.0
MTL_returns,XVG_returns,0.0
MTL_returns,PEOPLE_returns,0.0
MTL_returns,AWE_returns,0.0
MTL_returns,REQ_returns,0.0
MTL_returns,STORJ_returns,0.0
MTL_returns,BAND_returns,0.0
MTL_returns,WMTX_returns,0.0
MTL_returns,CFG_returns,0.0
MTL_returns,HONEY_returns,0.0
MTL_returns,PRO_returns,0.0
MTL_returns,PRIME_returns,0.0
MTL_returns,VVS_returns,0.0
MTL_returns,CPOOL_returns,0.0
MTL_returns,YGG_returns,0.0
MTL_returns,SSV_returns,0.0
MTL_returns,CETUS_returns,0.0
MTL_returns,CGPT_returns,0.0
MTL_returns,STIK_returns,0.0
MTL_returns,PHA_returns,0.0
MTL_returns,XVS_returns,0.0
MTL_returns,KUB_returns,0.0
MTL_returns,BICO_returns,0.0
MTL_returns,UMA_returns,0.0
MTL_returns,WAXP_returns,0.0
MTL_returns,XPR_returns,0.0
MTL_returns,RPL_returns,0.0
MTL_returns,PUNDIX_returns,0.38440798356590894
MTL_returns,FLUX_returns,0.0
MTL_returns,BORA_returns,0.0
MTL_returns,POWR_returns,0.0
MTL_returns,AUDIO_returns,0.0
MTL_returns,PROM_returns,0.0
MTL_returns,IOST_returns,0.48910524518651444
MTL_returns,ACX_returns,0.0
MTL_returns,ARDR_returns,0.3595742369130545
MTL_returns,SPELL_returns,0.0
MTL_returns,ORBR_returns,0.0
MTL_returns,LSK_returns,0.5176359768784726
MTL_returns,XOR_returns,0.0
MTL_returns,GLMR_returns,0.0
MTL_returns,BMX_returns,0.0
MTL_returns,MVL_returns,0.0
MTL_returns,ABT_returns,0.0
MTL_returns,VELO_returns,0.0
MTL_returns,IQ_returns,0.0
MTL_returns,AGI_returns,0.0
MTL_returns,WILD_returns,0.0
MTL_returns,XEM_returns,0.0
MTL_returns,LON_returns,0.0
MTL_returns,POND_returns,0.0
MTL_returns,ACT_returns,0.0
MTL_returns,XRD_returns,0.0
MTL_returns,RLC_returns,0.0
MTL_returns,ILV_returns,0.0
MTL_returns,FIDA_returns,0.0
MTL_returns,BNT_returns,0.0
MTL_returns,DENT_returns,0.0
MTL_returns,ORBS_returns,0.0
MTL_returns,ONG_returns,0.0
MTL_returns,CHR_returns,0.0
MTL_returns,HEART_returns,0.0
MTL_returns,VANRY_returns,0.0
MTL_returns,LQTY_returns,0.0
MTL_returns,KEEP_returns,0.0
MTL_returns,DKA_returns,0.0
MTL_returns,ELON_returns,0.0
MTL_returns,ARK_returns,0.0
MTL_returns,MLK_returns,0.0
MTL_returns,AL_returns,0.0
MTL_returns,JOE_returns,0.0
MTL_returns,CELR_returns,0.0
MTL_returns,STEEM_returns,0.0
MTL_returns,BAL_returns,0.0
MTL_returns,PCI_returns,0.0
MTL_returns,MOVR_returns,0.0
MTL_returns,AUCTION_returns,0.0
MTL_returns,AERGO_returns,0.0
MTL_returns,MED_returns,0.4352189023380674
MTL_returns,NMR_returns,0.0
MTL_returns,API3_returns,0.0
MTL_returns,AGLD_returns,0.0
MTL_returns,BONE_returns,0.0
MTL_returns,SLP_returns,0.0
MTL_returns,MTL_returns,0.0
MTL_returns,KNC_returns,0.0
MTL_returns,CTSI_returns,0.0
MTL_returns,BTRST_returns,0.0
MTL_returns,SCRT_returns,0.0
MTL_returns,OMI_returns,0.0
MTL_returns,GEOD_returns,0.0
MTL_returns,EDU_returns,0.0
MTL_returns,0x0_returns,-0.021258401261562133
MTL_returns,KUJI_returns,0.0
KNC_returns,CTC_returns,0.0
KNC_returns,MINA_returns,0.0
KNC_returns,DASH_returns,0.0
KNC_returns,SFP_returns,0.0
KNC_returns,BabyDoge_returns,0.0
KNC_returns,SNX_returns,0.0
KNC_returns,TFUEL_returns,0.0
KNC_returns,DCR_returns,0.0
KNC_returns,GLM_returns,0.0
KNC_returns,MX_returns,0.0
KNC_returns,ZIL_returns,0.6259739498357962
KNC_returns,BLUR_returns,0.0
KNC_returns,ROSE_returns,0.0
KNC_returns,CKB_returns,0.0
KNC_returns,TRAC_returns,0.0
KNC_returns,QTUM_returns,0.0
KNC_returns,ORDI_returns,0.0
KNC_returns,LPT_returns,0.0
KNC_returns,MASK_returns,0.0
KNC_returns,ASTR_returns,0.0
KNC_returns,ZRX_returns,0.0
KNC_returns,VTHO_returns,0.0
KNC_returns,ACH_returns,0.0
KNC_returns,BAT_returns,0.5830532316089829
KNC_returns,CHEEL_returns,0.0
KNC_returns,CHEX_returns,0.0
KNC_returns,SNEK_returns,0.0
KNC_returns,BORG_returns,0.0
KNC_returns,KOGE_returns,0.0
KNC_returns,IOTX_returns,0.0
KNC_returns,CELO_returns,0.0
KNC_returns,GAS_returns,0.0
KNC_returns,ONE_returns,0.0
KNC_returns,ID_returns,0.0
KNC_returns,SUSHI_returns,0.0
KNC_returns,CSPR_returns,0.0
KNC_returns,HOT_returns,0.0
KNC_returns,SC_returns,0.0
KNC_returns,YFI_returns,0.0
KNC_returns,RVN_returns,0.0
KNC_returns,COW_returns,0.0
KNC_returns,ANKR_returns,0.5716534504712729
KNC_returns,GOMINING_returns,0.0
KNC_returns,XCH_returns,0.0
KNC_returns,DGB_returns,0.0
KNC_returns,T_returns,0.0
KNC_returns,WOO_returns,0.0
KNC_returns,ELF_returns,0.0
KNC_returns,EUL_returns,0.0
KNC_returns,ORCA_returns,0.0
KNC_returns,KDA_returns,0.0
KNC_returns,OSMO_returns,0.0
KNC_returns,GMT_returns,0.0
KNC_returns,SNT_returns,0.0
KNC_returns,GMX_returns,0.0
KNC_returns,ENJ_returns,0.0
KNC_returns,XYO_returns,0.0
KNC_returns,POLYX_returns,0.3734592408829773
KNC_returns,ZIG_returns,0.0
KNC_returns,ZEN_returns,0.0
KNC_returns,COTI_returns,0.0
KNC_returns,WEMIX_returns,0.25221042301277785
KNC_returns,SKL_returns,0.0
KNC_returns,LCX_returns,0.0
KNC_returns,WAVES_returns,0.3833830579916465
KNC_returns,CVC_returns,0.0
KNC_returns,SWFTC_returns,0.0
KNC_returns,LUNA_returns,0.0
KNC_returns,HIVE_returns,0.0
KNC_returns,RLB_returns,0.17945754724880222
KNC_returns,LRC_returns,0.0
KNC_returns,DAG_returns,0.0
KNC_returns,ONT_returns,0.0
KNC_returns,TRB_returns,0.0
KNC_returns,XNO_returns,0.0
KNC_returns,DLC_returns,0.0
KNC_returns,METIS_returns,0.0
KNC_returns,ICX_returns,0.5908619998385889
KNC_returns,MYTH_returns,0.0
KNC_returns,MPLX_returns,0.0
KNC_returns,SXP_returns,0.5152663826191554
KNC_returns,XVG_returns,0.0
KNC_returns,PEOPLE_returns,0.0
KNC_returns,AWE_returns,0.36353299699345887
KNC_returns,REQ_returns,0.0
KNC_returns,STORJ_returns,0.0
KNC_returns,BAND_returns,0.0
KNC_returns,WMTX_returns,0.0
KNC_returns,CFG_returns,0.0
KNC_returns,HONEY_returns,0.0
KNC_returns,PRO_returns,0.0
KNC_returns,PRIME_returns,0.0
KNC_returns,VVS_returns,0.0
KNC_returns,CPOOL_returns,0.0
KNC_returns,YGG_returns,0.0
KNC_returns,SSV_returns,0.0
KNC_returns,CETUS_returns,0.0
KNC_returns,CGPT_returns,0.0
KNC_returns,STIK_returns,0.0
KNC_returns,PHA_returns,0.0
KNC_returns,XVS_returns,0.35734401447747033
KNC_returns,KUB_returns,0.0
KNC_returns,BICO_returns,0.0
KNC_returns,UMA_returns,0.0
KNC_returns,WAXP_returns,0.5466092439157025
KNC_returns,XPR_returns,0.0
KNC_returns,RPL_returns,0.0
KNC_returns,PUNDIX_returns,0.0
KNC_returns,FLUX_returns,0.0
KNC_returns,BORA_returns,0.0
KNC_returns,POWR_returns,0.0
KNC_returns,AUDIO_returns,0.0
KNC_returns,PROM_returns,0.0
KNC_returns,IOST_returns,0.5689795286764582
KNC_returns,ACX_returns,0.0
KNC_returns,ARDR_returns,0.0
KNC_returns,SPELL_returns,0.0
KNC_returns,ORBR_returns,0.0
KNC_returns,LSK_returns,0.0
KNC_returns,XOR_returns,0.0
KNC_returns,GLMR_returns,0.0
KNC_returns,BMX_returns,0.0
KNC_returns,MVL_returns,0.0
KNC_returns,ABT_returns,0.0
KNC_returns,VELO_returns,0.0
KNC_returns,IQ_returns,0.0
KNC_returns,AGI_returns,0.0
KNC_returns,WILD_returns,0.0
KNC_returns,XEM_returns,0.0
KNC_returns,LON_returns,0.0
KNC_returns,POND_returns,0.0
KNC_returns,ACT_returns,0.0
KNC_returns,XRD_returns,0.0
KNC_returns,RLC_returns,0.0
KNC_returns,ILV_returns,0.0
KNC_returns,FIDA_returns,0.0
KNC_returns,BNT_returns,0.0
KNC_returns,DENT_returns,0.0
KNC_returns,ORBS_returns,0.0
KNC_returns,ONG_returns,0.0
KNC_returns,CHR_returns,0.0
KNC_returns,HEART_returns,0.0
KNC_returns,VANRY_returns,0.0
KNC_returns,LQTY_returns,0.0
KNC_returns,KEEP_returns,0.0
KNC_returns,DKA_returns,0.0
KNC_returns,ELON_returns,0.0
KNC_returns,ARK_returns,0.3497063192653018
KNC_returns,MLK_returns,0.0
KNC_returns,AL_returns,0.0
KNC_returns,JOE_returns,0.0
KNC_returns,CELR_returns,0.0
KNC_returns,STEEM_returns,0.43909310839229326
KNC_returns,BAL_returns,0.0
KNC_returns,PCI_returns,0.0
KNC_returns,MOVR_returns,0.0
KNC_returns,AUCTION_returns,0.0
KNC_returns,AERGO_returns,0.0
KNC_returns,MED_returns,0.0
KNC_returns,NMR_returns,0.0
KNC_returns,API3_returns,0.0
KNC_returns,AGLD_returns,0.0
KNC_returns,BONE_returns,0.0
KNC_returns,SLP_returns,0.0
KNC_returns,MTL_returns,0.0
KNC_returns,KNC_returns,0.0
KNC_returns,CTSI_returns,0.0
KNC_returns,BTRST_returns,0.0
KNC_returns,SCRT_returns,0.0
KNC_returns,OMI_returns,0.0
KNC_returns,GEOD_returns,0.0
KNC_returns,EDU_returns,0.0
KNC_returns,0x0_returns,0.0
KNC_returns,KUJI_returns,0.0
CTSI_returns,CTC_returns,0.0
CTSI_returns,MINA_returns,0.0
CTSI_returns,DASH_returns,0.0
CTSI_returns,SFP_returns,0.0
CTSI_returns,BabyDoge_returns,0.0
CTSI_returns,SNX_returns,0.0
CTSI_returns,TFUEL_returns,0.0
CTSI_returns,DCR_returns,0.0
CTSI_returns,GLM_returns,0.0
CTSI_returns,MX_returns,0.0
CTSI_returns,ZIL_returns,0.5022729766037763
CTSI_returns,BLUR_returns,0.0
CTSI_returns,ROSE_returns,0.4728233360578842
CTSI_returns,CKB_returns,0.313175261217224
CTSI_returns,TRAC_returns,0.0
CTSI_returns,QTUM_returns,0.0
CTSI_returns,ORDI_returns,0.0
CTSI_returns,LPT_returns,0.0
CTSI_returns,MASK_returns,0.0
CTSI_returns,ASTR_returns,0.0
CTSI_returns,ZRX_returns,0.0
CTSI_returns,VTHO_returns,0.0
CTSI_returns,ACH_returns,0.0
CTSI_returns,BAT_returns,0.4785015742126838
CTSI_returns,CHEEL_returns,0.0
CTSI_returns,CHEX_returns,0.0
CTSI_returns,SNEK_returns,0.0
CTSI_returns,BORG_returns,0.0
CTSI_returns,KOGE_returns,0.0
CTSI_returns,IOTX_returns,0.0
CTSI_returns,CELO_returns,0.0
CTSI_returns,GAS_returns,0.0
CTSI_returns,ONE_returns,0.0
CTSI_returns,ID_returns,0.0
CTSI_returns,SUSHI_returns,0.0
CTSI_returns,CSPR_returns,0.0
CTSI_returns,HOT_returns,0.0
CTSI_returns,SC_returns,0.0
CTSI_returns,YFI_returns,0.0
CTSI_returns,RVN_returns,0.0
CTSI_returns,COW_returns,0.0
CTSI_returns,ANKR_returns,0.0
CTSI_returns,GOMINING_returns,0.0
CTSI_returns,XCH_returns,0.0
CTSI_returns,DGB_returns,0.0
CTSI_returns,T_returns,0.0
CTSI_returns,WOO_returns,0.0
CTSI_returns,ELF_returns,0.0
CTSI_returns,EUL_returns,0.0
CTSI_returns,ORCA_returns,0.0
CTSI_returns,KDA_returns,0.0
CTSI_returns,OSMO_returns,0.0
CTSI_returns,GMT_returns,0.0
CTSI_returns,SNT_returns,0.0
CTSI_returns,GMX_returns,0.0
CTSI_returns,ENJ_returns,0.0
CTSI_returns,XYO_returns,0.0
CTSI_returns,POLYX_returns,0.0
CTSI_returns,ZIG_returns,0.0
CTSI_returns,ZEN_returns,0.0
CTSI_returns,COTI_returns,0.0
CTSI_returns,WEMIX_returns,0.0
CTSI_returns,SKL_returns,0.0
CTSI_returns,LCX_returns,0.0
CTSI_returns,WAVES_returns,0.0
CTSI_returns,CVC_returns,0.0
CTSI_returns,SWFTC_returns,0.0
CTSI_returns,LUNA_returns,0.0
CTSI_returns,HIVE_returns,0.0
CTSI_returns,RLB_returns,0.0
CTSI_returns,LRC_returns,0.4894828209489672
CTSI_returns,DAG_returns,0.0
CTSI_returns,ONT_returns,0.0
CTSI_returns,TRB_returns,0.0
CTSI_returns,XNO_returns,0.0
CTSI_returns,DLC_returns,0.1566221061276449
CTSI_returns,METIS_returns,0.0
CTSI_returns,ICX_returns,0.0
CTSI_returns,MYTH_returns,0.0
CTSI_returns,MPLX_returns,0.0
CTSI_returns,SXP_returns,0.0
CTSI_returns,XVG_returns,0.0
CTSI_returns,PEOPLE_returns,0.0
CTSI_returns,AWE_returns,0.0
CTSI_returns,REQ_returns,0.0
CTSI_returns,STORJ_returns,0.0
CTSI_returns,BAND_returns,0.0
CTSI_returns,WMTX_returns,0.0
CTSI_returns,CFG_returns,0.0
CTSI_returns,HONEY_returns,0.0
CTSI_returns,PRO_returns,0.0
CTSI_returns,PRIME_returns,0.0
CTSI_returns,VVS_returns,0.0
CTSI_returns,CPOOL_returns,0.0
CTSI_returns,YGG_returns,0.0
CTSI_returns,SSV_returns,0.0
CTSI_returns,CETUS_returns,0.0
CTSI_returns,CGPT_returns,0.0
CTSI_returns,STIK_returns,-0.05163877592174409
CTSI_returns,PHA_returns,0.0
CTSI_returns,XVS_returns,0.0
CTSI_returns,KUB_returns,0.0
CTSI_returns,BICO_returns,0.0
CTSI_returns,UMA_returns,0.34253339934324
CTSI_returns,WAXP_returns,0.0
CTSI_returns,XPR_returns,0.0
CTSI_returns,RPL_returns,0.0
CTSI_returns,PUNDIX_returns,0.0
CTSI_returns,FLUX_returns,0.0
CTSI_returns,BORA_returns,0.0
CTSI_returns,POWR_returns,0.0
CTSI_returns,AUDIO_returns,0.0
CTSI_returns,PROM_returns,0.0
CTSI_returns,IOST_returns,0.0
CTSI_returns,ACX_returns,0.0
CTSI_returns,ARDR_returns,0.0
CTSI_returns,SPELL_returns,0.0
CTSI_returns,ORBR_returns,0.0
CTSI_returns,LSK_returns,0.0
CTSI_returns,XOR_returns,0.0
CTSI_returns,GLMR_returns,0.0
CTSI_returns,BMX_returns,0.0
CTSI_returns,MVL_returns,0.0
CTSI_returns,ABT_returns,0.0
CTSI_returns,VELO_returns,0.0
CTSI_returns,IQ_returns,0.0
CTSI_returns,AGI_returns,0.2917118825608912
CTSI_returns,WILD_returns,0.0
CTSI_returns,XEM_returns,0.0
CTSI_returns,LON_returns,0.0
CTSI_returns,POND_returns,0.0
CTSI_returns,ACT_returns,0.0
CTSI_returns,XRD_returns,0.0
CTSI_returns,RLC_returns,0.0
CTSI_returns,ILV_returns,0.0
CTSI_returns,FIDA_returns,0.0
CTSI_returns,BNT_returns,0.0
CTSI_returns,DENT_returns,0.5233171126185
CTSI_returns,ORBS_returns,0.0
CTSI_returns,ONG_returns,0.0
CTSI_returns,CHR_returns,0.4636777975166374
CTSI_returns,HEART_returns,0.0
CTSI_returns,VANRY_returns,0.0
CTSI_returns,LQTY_returns,0.0
CTSI_returns,KEEP_returns,0.0
CTSI_returns,DKA_returns,0.0
CTSI_returns,ELON_returns,0.0
CTSI_returns,ARK_returns,0.0
CTSI_returns,MLK_returns,0.0
CTSI_returns,AL_returns,0.0
CTSI_returns,JOE_returns,0.0
CTSI_returns,CELR_returns,0.5362042994840902
CTSI_returns,STEEM_returns,0.0
CTSI_returns,BAL_returns,0.0
CTSI_returns,PCI_returns,0.0
CTSI_returns,MOVR_returns,0.0
CTSI_returns,AUCTION_returns,0.0
CTSI_returns,AERGO_returns,0.0
CTSI_returns,MED_returns,0.0
CTSI_returns,NMR_returns,0.0
CTSI_returns,API3_returns,0.0
CTSI_returns,AGLD_returns,0.0
CTSI_returns,BONE_returns,0.0
CTSI_returns,SLP_returns,0.0
CTSI_returns,MTL_returns,0.0
CTSI_returns,KNC_returns,0.0
CTSI_returns,CTSI_returns,0.0
CTSI_returns,BTRST_returns,0.0
CTSI_returns,SCRT_returns,0.0
CTSI_returns,OMI_returns,0.0
CTSI_returns,GEOD_returns,0.0
CTSI_returns,EDU_returns,0.0
CTSI_returns,0x0_returns,0.0
CTSI_returns,KUJI_returns,0.0
BTRST_returns,CTC_returns,0.0
BTRST_returns,MINA_returns,0.0
BTRST_returns,DASH_returns,0.0
BTRST_returns,SFP_returns,0.0
BTRST_returns,BabyDoge_returns,0.0
BTRST_returns,SNX_returns,0.0
BTRST_returns,TFUEL_returns,0.0
BTRST_returns,DCR_returns,0.0
BTRST_returns,GLM_returns,0.0
BTRST_returns,MX_returns,0.36456258094384736
BTRST_returns,ZIL_returns,0.0
BTRST_returns,BLUR_returns,0.0
BTRST_returns,ROSE_returns,0.0
BTRST_returns,CKB_returns,0.0
BTRST_returns,TRAC_returns,0.0
BTRST_returns,QTUM_returns,0.0
BTRST_returns,ORDI_returns,-0.04523200881222869
BTRST_returns,LPT_returns,0.0
BTRST_returns,MASK_returns,0.0
BTRST_returns,ASTR_returns,0.0
BTRST_returns,ZRX_returns,0.0
BTRST_returns,VTHO_returns,0.0
BTRST_returns,ACH_returns,0.0
BTRST_returns,BAT_returns,0.0
BTRST_returns,CHEEL_returns,0.29952303175508194
BTRST_returns,CHEX_returns,0.0
BTRST_returns,SNEK_returns,0.0
BTRST_returns,BORG_returns,0.0
BTRST_returns,KOGE_returns,0.0
BTRST_returns,IOTX_returns,0.0
BTRST_returns,CELO_returns,0.0
BTRST_returns,GAS_returns,0.0
BTRST_returns,ONE_returns,0.0
BTRST_returns,ID_returns,0.0
BTRST_returns,SUSHI_returns,0.0
BTRST_returns,CSPR_returns,0.0
BTRST_returns,HOT_returns,0.0
BTRST_returns,SC_returns,0.0
BTRST_returns,YFI_returns,0.0
BTRST_returns,RVN_returns,0.0
BTRST_returns,COW_returns,0.0
BTRST_returns,ANKR_returns,0.0
BTRST_returns,GOMINING_returns,0.0
BTRST_returns,XCH_returns,0.0
BTRST_returns,DGB_returns,0.0
BTRST_returns,T_returns,0.0
BTRST_returns,WOO_returns,-0.0040770858686583296
BTRST_returns,ELF_returns,0.0
BTRST_returns,EUL_returns,0.0
BTRST_returns,ORCA_returns,0.0
BTRST_returns,KDA_returns,0.0
BTRST_returns,OSMO_returns,0.0
BTRST_returns,GMT_returns,0.0
BTRST_returns,SNT_returns,0.0
BTRST_returns,GMX_returns,0.0
BTRST_returns,ENJ_returns,0.0
BTRST_returns,XYO_returns,0.0
BTRST_returns,POLYX_returns,0.0
BTRST_returns,ZIG_returns,0.0
BTRST_returns,ZEN_returns,0.0
BTRST_returns,COTI_returns,-0.03875309785635959
BTRST_returns,WEMIX_returns,0.0
BTRST_returns,SKL_returns,0.0
BTRST_returns,LCX_returns,0.0
BTRST_returns,WAVES_returns,0.0
BTRST_returns,CVC_returns,0.0
BTRST_returns,SWFTC_returns,0.17520519982649377
BTRST_returns,LUNA_returns,0.0
BTRST_returns,HIVE_returns,0.0
BTRST_returns,RLB_returns,0.0
BTRST_returns,LRC_returns,0.0
BTRST_returns,DAG_returns,0.0
BTRST_returns,ONT_returns,0.0
BTRST_returns,TRB_returns,0.0
BTRST_returns,XNO_returns,0.0
BTRST_returns,DLC_returns,0.0
BTRST_returns,METIS_returns,-0.06200779117604425
BTRST_returns,ICX_returns,0.0
BTRST_returns,MYTH_returns,0.0
BTRST_returns,MPLX_returns,0.0
BTRST_returns,SXP_returns,0.0
BTRST_returns,XVG_returns,0.0
BTRST_returns,PEOPLE_returns,0.0
BTRST_returns,AWE_returns,0.0
BTRST_returns,REQ_returns,0.0
BTRST_returns,STORJ_returns,0.0
BTRST_returns,BAND_returns,0.0
BTRST_returns,WMTX_returns,0.0
BTRST_returns,CFG_returns,0.0
BTRST_returns,HONEY_returns,0.0
BTRST_returns,PRO_returns,0.0
BTRST_returns,PRIME_returns,0.0
BTRST_returns,VVS_returns,0.0
BTRST_returns,CPOOL_returns,0.0
BTRST_returns,YGG_returns,0.0
BTRST_returns,SSV_returns,-0.12332706680649441
BTRST_returns,CETUS_returns,0.0
BTRST_returns,CGPT_returns,0.0
BTRST_returns,STIK_returns,0.0
BTRST_returns,PHA_returns,0.0
BTRST_returns,XVS_returns,0.0
BTRST_returns,KUB_returns,0.3051988385181748
BTRST_returns,BICO_returns,0.0
BTRST_returns,UMA_returns,0.0
BTRST_returns,WAXP_returns,0.0
BTRST_returns,XPR_returns,0.0
BTRST_returns,RPL_returns,-0.03337790590463519
BTRST_returns,PUNDIX_returns,0.0
BTRST_returns,FLUX_returns,0.0
BTRST_returns,BORA_returns,0.2719707000011605
BTRST_returns,POWR_returns,0.0
BTRST_returns,AUDIO_returns,0.0
BTRST_returns,PROM_returns,0.0
BTRST_returns,IOST_returns,0.0
BTRST_returns,ACX_returns,-0.03822154164109542
BTRST_returns,ARDR_returns,0.0
BTRST_returns,SPELL_returns,0.0
BTRST_returns,ORBR_returns,0.0
BTRST_returns,LSK_returns,0.0
BTRST_returns,XOR_returns,0.0
BTRST_returns,GLMR_returns,0.0
BTRST_returns,BMX_returns,0.0
BTRST_returns,MVL_returns,0.0
BTRST_returns,ABT_returns,0.0
BTRST_returns,VELO_returns,0.0
BTRST_returns,IQ_returns,0.0
BTRST_returns,AGI_returns,0.0
BTRST_returns,WILD_returns,0.0
BTRST_returns,XEM_returns,0.0
BTRST_returns,LON_returns,0.36087459104378034
BTRST_returns,POND_returns,0.0
BTRST_returns,ACT_returns,0.0
BTRST_returns,XRD_returns,0.0
BTRST_returns,RLC_returns,0.0
BTRST_returns,ILV_returns,0.0
BTRST_returns,FIDA_returns,0.0
BTRST_returns,BNT_returns,0.0
BTRST_returns,DENT_returns,0.0
BTRST_returns,ORBS_returns,0.0
BTRST_returns,ONG_returns,0.0
BTRST_returns,CHR_returns,0.0
BTRST_returns,HEART_returns,0.0
BTRST_returns,VANRY_returns,-0.003527595773320782
BTRST_returns,LQTY_returns,-0.035944691601763314
BTRST_returns,KEEP_returns,0.0
BTRST_returns,DKA_returns,0.0
BTRST_returns,ELON_returns,0.0
BTRST_returns,ARK_returns,0.0
BTRST_returns,MLK_returns,0.0
BTRST_returns,AL_returns,0.0
BTRST_returns,JOE_returns,0.0
BTRST_returns,CELR_returns,0.0
BTRST_returns,STEEM_returns,0.0
BTRST_returns,BAL_returns,0.0
BTRST_returns,PCI_returns,0.0
BTRST_returns,MOVR_returns,0.0
BTRST_returns,AUCTION_returns,0.0
BTRST_returns,AERGO_returns,0.0
BTRST_returns,MED_returns,0.27092969413723694
BTRST_returns,NMR_returns,0.0
BTRST_returns,API3_returns,0.0
BTRST_returns,AGLD_returns,0.0
BTRST_returns,BONE_returns,0.0
BTRST_returns,SLP_returns,0.0
BTRST_returns,MTL_returns,0.0
BTRST_returns,KNC_returns,0.0
BTRST_returns,CTSI_returns,0.0
BTRST_returns,BTRST_returns,0.0
BTRST_returns,SCRT_returns,0.0
BTRST_returns,OMI_returns,0.2495345181329975
BTRST_returns,GEOD_returns,0.0
BTRST_returns,EDU_returns,0.0
BTRST_returns,0x0_returns,-0.05712107684518211
BTRST_returns,KUJI_returns,0.0
SCRT_returns,CTC_returns,0.0
SCRT_returns,MINA_returns,0.0
SCRT_returns,DASH_returns,0.0
SCRT_returns,SFP_returns,0.0
SCRT_returns,BabyDoge_returns,0.0
SCRT_returns,SNX_returns,0.0
SCRT_returns,TFUEL_returns,0.0
SCRT_returns,DCR_returns,0.0
SCRT_returns,GLM_returns,0.0
SCRT_returns,MX_returns,0.0
SCRT_returns,ZIL_returns,0.0
SCRT_returns,BLUR_returns,0.0
SCRT_returns,ROSE_returns,0.0
SCRT_returns,CKB_returns,0.0
SCRT_returns,TRAC_returns,0.0
SCRT_returns,QTUM_returns,0.0
SCRT_returns,ORDI_returns,0.0
SCRT_returns,LPT_returns,0.0
SCRT_returns,MASK_returns,0.0
SCRT_returns,ASTR_returns,0.0
SCRT_returns,ZRX_returns,0.0
SCRT_returns,VTHO_returns,0.0
SCRT_returns,ACH_returns,0.0
SCRT_returns,BAT_returns,0.0
SCRT_returns,CHEEL_returns,0.0
SCRT_returns,CHEX_returns,0.0
SCRT_returns,SNEK_returns,0.0
SCRT_returns,BORG_returns,0.0
SCRT_returns,KOGE_returns,0.0
SCRT_returns,IOTX_returns,0.0
SCRT_returns,CELO_returns,0.0
SCRT_returns,GAS_returns,0.0
SCRT_returns,ONE_returns,0.0
SCRT_returns,ID_returns,0.0
SCRT_returns,SUSHI_returns,0.0
SCRT_returns,CSPR_returns,0.39171649589911917
SCRT_returns,HOT_returns,0.32145549512888016
SCRT_returns,SC_returns,0.0
SCRT_returns,YFI_returns,0.0
SCRT_returns,RVN_returns,0.0
SCRT_returns,COW_returns,0.0
SCRT_returns,ANKR_returns,0.0
SCRT_returns,GOMINING_returns,0.0
SCRT_returns,XCH_returns,0.0
SCRT_returns,DGB_returns,0.0
SCRT_returns,T_returns,0.0
SCRT_returns,WOO_returns,0.0
SCRT_returns,ELF_returns,0.0
SCRT_returns,EUL_returns,0.0
SCRT_returns,ORCA_returns,0.0
SCRT_returns,KDA_returns,0.0
SCRT_returns,OSMO_returns,0.0
SCRT_returns,GMT_returns,0.0
SCRT_returns,SNT_returns,0.0
SCRT_returns,GMX_returns,0.0
SCRT_returns,ENJ_returns,0.0
SCRT_returns,XYO_returns,0.0
SCRT_returns,POLYX_returns,0.0
SCRT_returns,ZIG_returns,0.0
SCRT_returns,ZEN_returns,0.0
SCRT_returns,COTI_returns,0.31643048452450284
SCRT_returns,WEMIX_returns,0.0
SCRT_returns,SKL_returns,0.0
SCRT_returns,LCX_returns,0.0
SCRT_returns,WAVES_returns,0.0
SCRT_returns,CVC_returns,0.0
SCRT_returns,SWFTC_returns,0.0
SCRT_returns,LUNA_returns,0.0
SCRT_returns,HIVE_returns,0.0
SCRT_returns,RLB_returns,0.0
SCRT_returns,LRC_returns,0.30629551929365034
SCRT_returns,DAG_returns,0.0
SCRT_returns,ONT_returns,0.0
SCRT_returns,TRB_returns,0.0
SCRT_returns,XNO_returns,0.0
SCRT_returns,DLC_returns,0.0
SCRT_returns,METIS_returns,0.0
SCRT_returns,ICX_returns,0.0
SCRT_returns,MYTH_returns,-0.004152299389527955
SCRT_returns,MPLX_returns,0.0
SCRT_returns,SXP_returns,0.0
SCRT_returns,XVG_returns,0.0
SCRT_returns,PEOPLE_returns,0.0
SCRT_returns,AWE_returns,0.0
SCRT_returns,REQ_returns,0.0
SCRT_returns,STORJ_returns,0.0
SCRT_returns,BAND_returns,0.0
SCRT_returns,WMTX_returns,0.0
SCRT_returns,CFG_returns,0.0
SCRT_returns,HONEY_returns,0.0
SCRT_returns,PRO_returns,0.0
SCRT_returns,PRIME_returns,0.0
SCRT_returns,VVS_returns,0.0
SCRT_returns,CPOOL_returns,0.0
SCRT_returns,YGG_returns,0.0
SCRT_returns,SSV_returns,0.0
SCRT_returns,CETUS_returns,0.0
SCRT_returns,CGPT_returns,0.0
SCRT_returns,STIK_returns,0.0
SCRT_returns,PHA_returns,0.0
SCRT_returns,XVS_returns,0.0
SCRT_returns,KUB_returns,0.0
SCRT_returns,BICO_returns,0.0
SCRT_returns,UMA_returns,0.0
SCRT_returns,WAXP_returns,0.0
SCRT_returns,XPR_returns,0.0
SCRT_returns,RPL_returns,0.0
SCRT_returns,PUNDIX_returns,0.0
SCRT_returns,FLUX_returns,0.0
SCRT_returns,BORA_returns,0.0
SCRT_returns,POWR_returns,0.0
SCRT_returns,AUDIO_returns,0.0
SCRT_returns,PROM_returns,0.0
SCRT_returns,IOST_returns,0.0
SCRT_returns,ACX_returns,0.0
SCRT_returns,ARDR_returns,0.0
SCRT_returns,SPELL_returns,0.0
SCRT_returns,ORBR_returns,0.0
SCRT_returns,LSK_returns,0.0
SCRT_returns,XOR_returns,0.0
SCRT_returns,GLMR_returns,0.42968737238524807
SCRT_returns,BMX_returns,0.0
SCRT_returns,MVL_returns,0.0
SCRT_returns,ABT_returns,0.0
SCRT_returns,VELO_returns,0.0
SCRT_returns,IQ_returns,0.0
SCRT_returns,AGI_returns,0.0
SCRT_returns,WILD_returns,0.0
SCRT_returns,XEM_returns,0.0
SCRT_returns,LON_returns,0.0
SCRT_returns,POND_returns,0.0
SCRT_returns,ACT_returns,-0.05894294497938002
SCRT_returns,XRD_returns,0.24116724722508726
SCRT_returns,RLC_returns,0.0
SCRT_returns,ILV_returns,0.0
SCRT_returns,FIDA_returns,0.0
SCRT_returns,BNT_returns,0.0
SCRT_returns,DENT_returns,0.0
SCRT_returns,ORBS_returns,0.0
SCRT_returns,ONG_returns,0.0
SCRT_returns,CHR_returns,0.0
SCRT_returns,HEART_returns,0.0
SCRT_returns,VANRY_returns,0.0
SCRT_returns,LQTY_returns,0.0
SCRT_returns,KEEP_returns,0.0
SCRT_returns,DKA_returns,0.0
SCRT_returns,ELON_returns,0.0
SCRT_returns,ARK_returns,0.0
SCRT_returns,MLK_returns,0.0
SCRT_returns,AL_returns,0.0
SCRT_returns,JOE_returns,0.0
SCRT_returns,CELR_returns,0.3044915026515328
SCRT_returns,STEEM_returns,0.0
SCRT_returns,BAL_returns,0.0
SCRT_returns,PCI_returns,0.0
SCRT_returns,MOVR_returns,0.0
SCRT_returns,AUCTION_returns,0.0
SCRT_returns,AERGO_returns,0.0
SCRT_returns,MED_returns,0.0
SCRT_returns,NMR_returns,0.0
SCRT_returns,API3_returns,0.0
SCRT_returns,AGLD_returns,0.0
SCRT_returns,BONE_returns,0.0
SCRT_returns,SLP_returns,0.0
SCRT_returns,MTL_returns,0.0
SCRT_returns,KNC_returns,0.0
SCRT_returns,CTSI_returns,0.0
SCRT_returns,BTRST_returns,0.0
SCRT_returns,SCRT_returns,0.0
SCRT_returns,OMI_returns,0.0
SCRT_returns,GEOD_returns,0.0
SCRT_returns,EDU_returns,0.0
SCRT_returns,0x0_returns,0.0
SCRT_returns,KUJI_returns,0.0
OMI_returns,CTC_returns,0.0
OMI_returns,MINA_returns,0.0
OMI_returns,DASH_returns,0.0
OMI_returns,SFP_returns,0.0
OMI_returns,BabyDoge_returns,0.0
OMI_returns,SNX_returns,0.0
OMI_returns,TFUEL_returns,0.0
OMI_returns,DCR_returns,0.0
OMI_returns,GLM_returns,0.0
OMI_returns,MX_returns,0.3169364619185149
OMI_returns,ZIL_returns,0.0
OMI_returns,BLUR_returns,0.0
OMI_returns,ROSE_returns,0.0
OMI_returns,CKB_returns,0.0
OMI_returns,TRAC_returns,0.0
OMI_returns,QTUM_returns,0.0
OMI_returns,ORDI_returns,-0.05147343203744787
OMI_returns,LPT_returns,0.0
OMI_returns,MASK_returns,0.0
OMI_returns,ASTR_returns,0.0
OMI_returns,ZRX_returns,0.0
OMI_returns,VTHO_returns,0.0
OMI_returns,ACH_returns,0.0
OMI_returns,BAT_returns,0.0
OMI_returns,CHEEL_returns,0.27890559780204227
OMI_returns,CHEX_returns,-0.03203257163634741
OMI_returns,SNEK_returns,0.0
OMI_returns,BORG_returns,0.0
OMI_returns,KOGE_returns,0.0
OMI_returns,IOTX_returns,0.0
OMI_returns,CELO_returns,0.0
OMI_returns,GAS_returns,0.0
OMI_returns,ONE_returns,0.0
OMI_returns,ID_returns,0.0
OMI_returns,SUSHI_returns,0.0
OMI_returns,CSPR_returns,0.0
OMI_returns,HOT_returns,0.0
OMI_returns,SC_returns,0.0
OMI_returns,YFI_returns,0.0
OMI_returns,RVN_returns,0.0
OMI_returns,COW_returns,-0.04381447134162668
OMI_returns,ANKR_returns,0.0
OMI_returns,GOMINING_returns,0.0
OMI_returns,XCH_returns,0.0
OMI_returns,DGB_returns,0.0
OMI_returns,T_returns,0.0
OMI_returns,WOO_returns,0.0
OMI_returns,ELF_returns,0.0
OMI_returns,EUL_returns,0.0
OMI_returns,ORCA_returns,0.0
OMI_returns,KDA_returns,0.0
OMI_returns,OSMO_returns,0.0
OMI_returns,GMT_returns,0.0
OMI_returns,SNT_returns,0.0
OMI_returns,GMX_returns,0.0
OMI_returns,ENJ_returns,0.0
OMI_returns,XYO_returns,0.0
OMI_returns,POLYX_returns,0.0
OMI_returns,ZIG_returns,0.0
OMI_returns,ZEN_returns,0.0
OMI_returns,COTI_returns,0.0
OMI_returns,WEMIX_returns,0.0
OMI_returns,SKL_returns,0.0
OMI_returns,LCX_returns,0.0
OMI_returns,WAVES_returns,0.0
OMI_returns,CVC_returns,0.0
OMI_returns,SWFTC_returns,0.0
OMI_returns,LUNA_returns,0.0
OMI_returns,HIVE_returns,0.0
OMI_returns,RLB_returns,0.0
OMI_returns,LRC_returns,0.0
OMI_returns,DAG_returns,0.0
OMI_returns,ONT_returns,0.0
OMI_returns,TRB_returns,0.0
OMI_returns,XNO_returns,0.0
OMI_returns,DLC_returns,0.0
OMI_returns,METIS_returns,0.0
OMI_returns,ICX_returns,0.0
OMI_returns,MYTH_returns,0.0
OMI_returns,MPLX_returns,0.0
OMI_returns,SXP_returns,0.0
OMI_returns,XVG_returns,0.0
OMI_returns,PEOPLE_returns,0.0
OMI_returns,AWE_returns,0.0
OMI_returns,REQ_returns,0.0
OMI_returns,STORJ_returns,0.0
OMI_returns,BAND_returns,0.0
OMI_returns,WMTX_returns,0.0
OMI_returns,CFG_returns,0.0
OMI_returns,HONEY_returns,0.0
OMI_returns,PRO_returns,0.0
OMI_returns,PRIME_returns,-0.04521092665129329
OMI_returns,VVS_returns,0.0
OMI_returns,CPOOL_returns,0.0
OMI_returns,YGG_returns,0.0
OMI_returns,SSV_returns,-0.06595790225762173
OMI_returns,CETUS_returns,0.0
OMI_returns,CGPT_returns,0.0
OMI_returns,STIK_returns,0.0
OMI_returns,PHA_returns,0.0
OMI_returns,XVS_returns,0.0
OMI_returns,KUB_returns,0.0
OMI_returns,BICO_returns,0.0
OMI_returns,UMA_returns,0.0
OMI_returns,WAXP_returns,0.0
OMI_returns,XPR_returns,0.0
OMI_returns,RPL_returns,0.0
OMI_returns,PUNDIX_returns,0.0
OMI_returns,FLUX_returns,0.0
OMI_returns,BORA_returns,0.0
OMI_returns,POWR_returns,0.0
OMI_returns,AUDIO_returns,0.0
OMI_returns,PROM_returns,0.0
OMI_returns,IOST_returns,0.0
OMI_returns,ACX_returns,0.0
OMI_returns,ARDR_returns,0.0
OMI_returns,SPELL_returns,0.0
OMI_returns,ORBR_returns,0.0
OMI_returns,LSK_returns,0.0
OMI_returns,XOR_returns,0.0
OMI_returns,GLMR_returns,0.0
OMI_returns,BMX_returns,0.0
OMI_returns,MVL_returns,0.2240475525521005
OMI_returns,ABT_returns,0.0
OMI_returns,VELO_returns,0.0
OMI_returns,IQ_returns,0.0
OMI_returns,AGI_returns,0.0
OMI_returns,WILD_returns,0.0
OMI_returns,XEM_returns,0.0
OMI_returns,LON_returns,0.3261573857084606
OMI_returns,POND_returns,0.0
OMI_returns,ACT_returns,0.0
OMI_returns,XRD_returns,0.0
OMI_returns,RLC_returns,0.0
OMI_returns,ILV_returns,-0.051141025349714216
OMI_returns,FIDA_returns,0.0
OMI_returns,BNT_returns,0.0
OMI_returns,DENT_returns,0.0
OMI_returns,ORBS_returns,0.0
OMI_returns,ONG_returns,0.0
OMI_returns,CHR_returns,0.0
OMI_returns,HEART_returns,0.0
OMI_returns,VANRY_returns,0.0
OMI_returns,LQTY_returns,-0.0394826907575367
OMI_returns,KEEP_returns,0.0
OMI_returns,DKA_returns,0.0
OMI_returns,ELON_returns,-0.04318498217992537
OMI_returns,ARK_returns,0.0
OMI_returns,MLK_returns,0.0
OMI_returns,AL_returns,0.0
OMI_returns,JOE_returns,-0.012087779692392824
OMI_returns,CELR_returns,0.0
OMI_returns,STEEM_returns,0.0
OMI_returns,BAL_returns,0.0
OMI_returns,PCI_returns,0.0
OMI_returns,MOVR_returns,0.0
OMI_returns,AUCTION_returns,0.0
OMI_returns,AERGO_returns,0.0
OMI_returns,MED_returns,0.24766271328816677
OMI_returns,NMR_returns,0.0
OMI_returns,API3_returns,0.0
OMI_returns,AGLD_returns,0.0
OMI_returns,BONE_returns,0.0
OMI_returns,SLP_returns,0.0
OMI_returns,MTL_returns,0.0
OMI_returns,KNC_returns,0.0
OMI_returns,CTSI_returns,0.0
OMI_returns,BTRST_returns,0.2495345181329975
OMI_returns,SCRT_returns,0.0
OMI_returns,OMI_returns,0.0
OMI_returns,GEOD_returns,0.0
OMI_returns,EDU_returns,0.0
OMI_returns,0x0_returns,0.0
OMI_returns,KUJI_returns,0.0
GEOD_returns,CTC_returns,0.0
GEOD_returns,MINA_returns,0.0
GEOD_returns,DASH_returns,0.0
GEOD_returns,SFP_returns,0.0
GEOD_returns,BabyDoge_returns,0.0
GEOD_returns,SNX_returns,0.0
GEOD_returns,TFUEL_returns,0.0
GEOD_returns,DCR_returns,0.0
GEOD_returns,GLM_returns,0.0
GEOD_returns,MX_returns,0.3500415011954962
GEOD_returns,ZIL_returns,0.0
GEOD_returns,BLUR_returns,0.0
GEOD_returns,ROSE_returns,0.0
GEOD_returns,CKB_returns,0.0
GEOD_returns,TRAC_returns,0.0
GEOD_returns,QTUM_returns,0.0
GEOD_returns,ORDI_returns,0.0
GEOD_returns,LPT_returns,0.0
GEOD_returns,MASK_returns,0.0
GEOD_returns,ASTR_returns,0.0
GEOD_returns,ZRX_returns,0.0
GEOD_returns,VTHO_returns,0.0
GEOD_returns,ACH_returns,0.0
GEOD_returns,BAT_returns,0.0
GEOD_returns,CHEEL_returns,0.30250009474572254
GEOD_returns,CHEX_returns,0.0
GEOD_returns,SNEK_returns,-0.028221593014799783
GEOD_returns,BORG_returns,0.0
GEOD_returns,KOGE_returns,0.28778902054747824
GEOD_returns,IOTX_returns,0.0
GEOD_returns,CELO_returns,0.0
GEOD_returns,GAS_returns,0.0
GEOD_returns,ONE_returns,0.0
GEOD_returns,ID_returns,0.0
GEOD_returns,SUSHI_returns,0.0
GEOD_returns,CSPR_returns,0.0
GEOD_returns,HOT_returns,0.0
GEOD_returns,SC_returns,0.0
GEOD_returns,YFI_returns,0.0
GEOD_returns,RVN_returns,0.0
GEOD_returns,COW_returns,-0.05462057586004388
GEOD_returns,ANKR_returns,0.0
GEOD_returns,GOMINING_returns,0.0
GEOD_returns,XCH_returns,0.0
GEOD_returns,DGB_returns,0.0
GEOD_returns,T_returns,0.0
GEOD_returns,WOO_returns,0.0
GEOD_returns,ELF_returns,0.0
GEOD_returns,EUL_returns,0.0
GEOD_returns,ORCA_returns,0.0
GEOD_returns,KDA_returns,0.0
GEOD_returns,OSMO_returns,0.0
GEOD_returns,GMT_returns,0.0
GEOD_returns,SNT_returns,0.0
GEOD_returns,GMX_returns,0.0
GEOD_returns,ENJ_returns,0.0
GEOD_returns,XYO_returns,0.0
GEOD_returns,POLYX_returns,0.0
GEOD_returns,ZIG_returns,0.0
GEOD_returns,ZEN_returns,0.0
GEOD_returns,COTI_returns,0.0
GEOD_returns,WEMIX_returns,0.0
GEOD_returns,SKL_returns,0.0
GEOD_returns,LCX_returns,0.0
GEOD_returns,WAVES_returns,0.0
GEOD_returns,CVC_returns,0.0
GEOD_returns,SWFTC_returns,0.0
GEOD_returns,LUNA_returns,0.0
GEOD_returns,HIVE_returns,0.0
GEOD_returns,RLB_returns,0.0
GEOD_returns,LRC_returns,0.0
GEOD_returns,DAG_returns,0.0
GEOD_returns,ONT_returns,0.0
GEOD_returns,TRB_returns,0.0
GEOD_returns,XNO_returns,0.0
GEOD_returns,DLC_returns,0.0
GEOD_returns,METIS_returns,-0.07890534179960484
GEOD_returns,ICX_returns,0.0
GEOD_returns,MYTH_returns,0.0
GEOD_returns,MPLX_returns,0.18617077078292854
GEOD_returns,SXP_returns,0.0
GEOD_returns,XVG_returns,0.0
GEOD_returns,PEOPLE_returns,0.0
GEOD_returns,AWE_returns,0.0
GEOD_returns,REQ_returns,0.0
GEOD_returns,STORJ_returns,0.0
GEOD_returns,BAND_returns,0.0
GEOD_returns,WMTX_returns,0.0
GEOD_returns,CFG_returns,0.0
GEOD_returns,HONEY_returns,0.0
GEOD_returns,PRO_returns,0.0
GEOD_returns,PRIME_returns,0.0
GEOD_returns,VVS_returns,0.0
GEOD_returns,CPOOL_returns,0.0
GEOD_returns,YGG_returns,0.0
GEOD_returns,SSV_returns,0.0
GEOD_returns,CETUS_returns,0.0
GEOD_returns,CGPT_returns,0.0
GEOD_returns,STIK_returns,0.0
GEOD_returns,PHA_returns,0.0
GEOD_returns,XVS_returns,0.0
GEOD_returns,KUB_returns,0.0
GEOD_returns,BICO_returns,0.0
GEOD_returns,UMA_returns,0.0
GEOD_returns,WAXP_returns,0.0
GEOD_returns,XPR_returns,0.0
GEOD_returns,RPL_returns,0.0
GEOD_returns,PUNDIX_returns,0.0
GEOD_returns,FLUX_returns,0.0
GEOD_returns,BORA_returns,0.0
GEOD_returns,POWR_returns,0.0
GEOD_returns,AUDIO_returns,0.0
GEOD_returns,PROM_returns,0.0
GEOD_returns,IOST_returns,0.0
GEOD_returns,ACX_returns,0.0
GEOD_returns,ARDR_returns,0.0
GEOD_returns,SPELL_returns,0.0
GEOD_returns,ORBR_returns,0.0
GEOD_returns,LSK_returns,0.0
GEOD_returns,XOR_returns,0.0
GEOD_returns,GLMR_returns,0.0
GEOD_returns,BMX_returns,0.0
GEOD_returns,MVL_returns,0.0
GEOD_returns,ABT_returns,0.0
GEOD_returns,VELO_returns,0.0
GEOD_returns,IQ_returns,0.0
GEOD_returns,AGI_returns,0.0
GEOD_returns,WILD_returns,0.0
GEOD_returns,XEM_returns,0.0
GEOD_returns,LON_returns,0.37103411872225994
GEOD_returns,POND_returns,0.0
GEOD_returns,ACT_returns,0.0
GEOD_returns,XRD_returns,0.0
GEOD_returns,RLC_returns,0.0
GEOD_returns,ILV_returns,-0.030604474321158343
GEOD_returns,FIDA_returns,0.0
GEOD_returns,BNT_returns,0.0
GEOD_returns,DENT_returns,0.0
GEOD_returns,ORBS_returns,0.0
GEOD_returns,ONG_returns,0.0
GEOD_returns,CHR_returns,0.0
GEOD_returns,HEART_returns,0.0
GEOD_returns,VANRY_returns,0.0
GEOD_returns,LQTY_returns,0.0
GEOD_returns,KEEP_returns,0.0
GEOD_returns,DKA_returns,0.30682635297711786
GEOD_returns,ELON_returns,-0.04278735709463816
GEOD_returns,ARK_returns,0.0
GEOD_returns,MLK_returns,0.0
GEOD_returns,AL_returns,0.0
GEOD_returns,JOE_returns,0.0
GEOD_returns,CELR_returns,0.0
GEOD_returns,STEEM_returns,0.0
GEOD_returns,BAL_returns,0.0
GEOD_returns,PCI_returns,0.25336536955531164
GEOD_returns,MOVR_returns,0.0
GEOD_returns,AUCTION_returns,0.0
GEOD_returns,AERGO_returns,0.0
GEOD_returns,MED_returns,0.3181640469620669
GEOD_returns,NMR_returns,0.0
GEOD_returns,API3_returns,0.0
GEOD_returns,AGLD_returns,0.0
GEOD_returns,BONE_returns,0.0
GEOD_returns,SLP_returns,0.0
GEOD_returns,MTL_returns,0.0
GEOD_returns,KNC_returns,0.0
GEOD_returns,CTSI_returns,0.0
GEOD_returns,BTRST_returns,0.0
GEOD_returns,SCRT_returns,0.0
GEOD_returns,OMI_returns,0.0
GEOD_returns,GEOD_returns,0.0
GEOD_returns,EDU_returns,0.0
GEOD_returns,0x0_returns,-0.04371528078185665
GEOD_returns,KUJI_returns,0.0
EDU_returns,CTC_returns,0.0
EDU_returns,MINA_returns,0.0
EDU_returns,DASH_returns,0.0
EDU_returns,SFP_returns,0.0
EDU_returns,BabyDoge_returns,0.0
EDU_returns,SNX_returns,0.0
EDU_returns,TFUEL_returns,0.0
EDU_returns,DCR_returns,0.0
EDU_returns,GLM_returns,0.0
EDU_returns,MX_returns,0.0
EDU_returns,ZIL_returns,0.4906037628051513
EDU_returns,BLUR_returns,0.0
EDU_returns,ROSE_returns,0.0
EDU_returns,CKB_returns,0.0
EDU_returns,TRAC_returns,0.0
EDU_returns,QTUM_returns,0.0
EDU_returns,ORDI_returns,0.0
EDU_returns,LPT_returns,0.0
EDU_returns,MASK_returns,0.0
EDU_returns,ASTR_returns,0.0
EDU_returns,ZRX_returns,0.0
EDU_returns,VTHO_returns,0.0
EDU_returns,ACH_returns,0.0
EDU_returns,BAT_returns,0.4596513107046466
EDU_returns,CHEEL_returns,0.0
EDU_returns,CHEX_returns,0.0
EDU_returns,SNEK_returns,0.0
EDU_returns,BORG_returns,0.0
EDU_returns,KOGE_returns,0.0
EDU_returns,IOTX_returns,0.0
EDU_returns,CELO_returns,0.0
EDU_returns,GAS_returns,0.0
EDU_returns,ONE_returns,0.4517893989485847
EDU_returns,ID_returns,0.48071833696067406
EDU_returns,SUSHI_returns,0.0
EDU_returns,CSPR_returns,0.0
EDU_returns,HOT_returns,0.0
EDU_returns,SC_returns,0.0
EDU_returns,YFI_returns,0.0
EDU_returns,RVN_returns,0.0
EDU_returns,COW_returns,0.0
EDU_returns,ANKR_returns,0.0
EDU_returns,GOMINING_returns,0.0
EDU_returns,XCH_returns,0.0
EDU_returns,DGB_returns,0.0
EDU_returns,T_returns,0.0
EDU_returns,WOO_returns,0.0
EDU_returns,ELF_returns,0.0
EDU_returns,EUL_returns,0.0
EDU_returns,ORCA_returns,0.0
EDU_returns,KDA_returns,0.0
EDU_returns,OSMO_returns,0.0
EDU_returns,GMT_returns,0.0
EDU_returns,SNT_returns,0.0
EDU_returns,GMX_returns,0.0
EDU_returns,ENJ_returns,0.4877014898058261
EDU_returns,XYO_returns,0.0
EDU_returns,POLYX_returns,0.0
EDU_returns,ZIG_returns,0.0
EDU_returns,ZEN_returns,0.0
EDU_returns,COTI_returns,0.0
EDU_returns,WEMIX_returns,0.0
EDU_returns,SKL_returns,0.0
EDU_returns,LCX_returns,0.0
EDU_returns,WAVES_returns,0.0
EDU_returns,CVC_returns,0.0
EDU_returns,SWFTC_returns,0.0
EDU_returns,LUNA_returns,0.0
EDU_returns,HIVE_returns,0.0
EDU_returns,RLB_returns,0.0
EDU_returns,LRC_returns,0.0
EDU_returns,DAG_returns,0.0
EDU_returns,ONT_returns,0.0
EDU_returns,TRB_returns,0.0
EDU_returns,XNO_returns,0.0
EDU_returns,DLC_returns,0.0
EDU_returns,METIS_returns,0.0
EDU_returns,ICX_returns,0.0
EDU_returns,MYTH_returns,0.0
EDU_returns,MPLX_returns,0.0
EDU_returns,SXP_returns,0.0
EDU_returns,XVG_returns,0.0
EDU_returns,PEOPLE_returns,0.3134472467433449
EDU_returns,AWE_returns,0.0
EDU_returns,REQ_returns,0.0
EDU_returns,STORJ_returns,0.0
EDU_returns,BAND_returns,0.0
EDU_returns,WMTX_returns,0.0
EDU_returns,CFG_returns,0.0
EDU_returns,HONEY_returns,0.0
EDU_returns,PRO_returns,0.0
EDU_returns,PRIME_returns,0.0
EDU_returns,VVS_returns,0.0
EDU_returns,CPOOL_returns,0.0
EDU_returns,YGG_returns,0.0
EDU_returns,SSV_returns,0.0
EDU_returns,CETUS_returns,0.0
EDU_returns,CGPT_returns,0.0
EDU_returns,STIK_returns,0.0
EDU_returns,PHA_returns,0.0
EDU_returns,XVS_returns,0.0
EDU_returns,KUB_returns,0.0
EDU_returns,BICO_returns,0.0
EDU_returns,UMA_returns,0.0
EDU_returns,WAXP_returns,0.0
EDU_returns,XPR_returns,0.0
EDU_returns,RPL_returns,0.0
EDU_returns,PUNDIX_returns,0.0
EDU_returns,FLUX_returns,0.0
EDU_returns,BORA_returns,0.0
EDU_returns,POWR_returns,0.0
EDU_returns,AUDIO_returns,0.0
EDU_returns,PROM_returns,0.0
EDU_returns,IOST_returns,0.0
EDU_returns,ACX_returns,0.0
EDU_returns,ARDR_returns,0.0
EDU_returns,SPELL_returns,0.0
EDU_returns,ORBR_returns,0.0
EDU_returns,LSK_returns,0.0
EDU_returns,XOR_returns,0.0
EDU_returns,GLMR_returns,0.0
EDU_returns,BMX_returns,0.0
EDU_returns,MVL_returns,0.0
EDU_returns,ABT_returns,0.0
EDU_returns,VELO_returns,0.0
EDU_returns,IQ_returns,0.0
EDU_returns,AGI_returns,0.0
EDU_returns,WILD_returns,0.0
EDU_returns,XEM_returns,0.0
EDU_returns,LON_returns,0.0
EDU_returns,POND_returns,0.0
EDU_returns,ACT_returns,0.0
EDU_returns,XRD_returns,0.0
EDU_returns,RLC_returns,0.0
EDU_returns,ILV_returns,0.0
EDU_returns,FIDA_returns,0.0
EDU_returns,BNT_returns,0.0
EDU_returns,DENT_returns,0.45493146401491485
EDU_returns,ORBS_returns,0.0
EDU_returns,ONG_returns,0.0
EDU_returns,CHR_returns,0.0
EDU_returns,HEART_returns,0.16991587827357124
EDU_returns,VANRY_returns,0.0
EDU_returns,LQTY_returns,0.0
EDU_returns,KEEP_returns,0.0
EDU_returns,DKA_returns,0.0
EDU_returns,ELON_returns,0.0
EDU_returns,ARK_returns,0.0
EDU_returns,MLK_returns,0.0
EDU_returns,AL_returns,0.0
EDU_returns,JOE_returns,0.0
EDU_returns,CELR_returns,0.0
EDU_returns,STEEM_returns,0.0
EDU_returns,BAL_returns,0.0
EDU_returns,PCI_returns,0.0
EDU_returns,MOVR_returns,0.0
EDU_returns,AUCTION_returns,0.0
EDU_returns,AERGO_returns,0.0
EDU_returns,MED_returns,0.0
EDU_returns,NMR_returns,0.0
EDU_returns,API3_returns,0.0
EDU_returns,AGLD_returns,0.0
EDU_returns,BONE_returns,0.0
EDU_returns,SLP_returns,0.0
EDU_returns,MTL_returns,0.0
EDU_returns,KNC_returns,0.0
EDU_returns,CTSI_returns,0.0
EDU_returns,BTRST_returns,0.0
EDU_returns,SCRT_returns,0.0
EDU_returns,OMI_returns,0.0
EDU_returns,GEOD_returns,0.0
EDU_returns,EDU_returns,0.0
EDU_returns,0x0_returns,0.0
EDU_returns,KUJI_returns,0.0
0x0_returns,CTC_returns,0.0
0x0_returns,MINA_returns,0.0
0x0_returns,DASH_returns,0.0
0x0_returns,SFP_returns,-0.007378706900324158
0x0_returns,BabyDoge_returns,0.0
0x0_returns,SNX_returns,0.0
0x0_returns,TFUEL_returns,0.0
0x0_returns,DCR_returns,0.0
0x0_returns,GLM_returns,0.0
0x0_returns,MX_returns,-0.05843812146493492
0x0_returns,ZIL_returns,0.0
0x0_returns,BLUR_returns,0.0
0x0_returns,ROSE_returns,0.16211132429564026
0x0_returns,CKB_returns,0.0
0x0_returns,TRAC_returns,0.0
0x0_returns,QTUM_returns,0.0
0x0_returns,ORDI_returns,0.0
0x0_returns,LPT_returns,0.0
0x0_returns,MASK_returns,-0.039580540538023457
0x0_returns,ASTR_returns,0.0
0x0_returns,ZRX_returns,0.0
0x0_returns,VTHO_returns,0.0
0x0_returns,ACH_returns,0.0
0x0_returns,BAT_returns,0.0
0x0_returns,CHEEL_returns,-0.07738526077680431
0x0_returns,CHEX_returns,0.0
0x0_returns,SNEK_returns,0.16901956418020025
0x0_returns,BORG_returns,0.0
0x0_returns,KOGE_returns,-0.02593697132424714
0x0_returns,IOTX_returns,0.0
0x0_returns,CELO_returns,0.0
0x0_returns,GAS_returns,0.0
0x0_returns,ONE_returns,0.0
0x0_returns,ID_returns,0.0
0x0_returns,SUSHI_returns,0.0
0x0_returns,CSPR_returns,0.0
0x0_returns,HOT_returns,0.0
0x0_returns,SC_returns,0.0
0x0_returns,YFI_returns,0.0
0x0_returns,RVN_returns,0.0
0x0_returns,COW_returns,0.0
0x0_returns,ANKR_returns,0.0
0x0_returns,GOMINING_returns,-0.08680447293297469
0x0_returns,XCH_returns,0.0
0x0_returns,DGB_returns,0.0
0x0_returns,T_returns,0.0
0x0_returns,WOO_returns,0.16567454555767364
0x0_returns,ELF_returns,-0.026194971383927772
0x0_returns,EUL_returns,0.0
0x0_returns,ORCA_returns,0.0
0x0_returns,KDA_returns,0.0
0x0_returns,OSMO_returns,0.0
0x0_returns,GMT_returns,0.0
0x0_returns,SNT_returns,0.0
0x0_returns,GMX_returns,0.0
0x0_returns,ENJ_returns,0.0
0x0_returns,XYO_returns,0.0
0x0_returns,POLYX_returns,0.0
0x0_returns,ZIG_returns,0.1541026255392852
0x0_returns,ZEN_returns,0.0
0x0_returns,COTI_returns,0.0
0x0_returns,WEMIX_returns,0.0
0x0_returns,SKL_returns,0.0
0x0_returns,LCX_returns,0.0
0x0_returns,WAVES_returns,0.0
0x0_returns,CVC_returns,0.0
0x0_returns,SWFTC_returns,0.0
0x0_returns,LUNA_returns,0.0
0x0_returns,HIVE_returns,0.0
0x0_returns,RLB_returns,0.0
0x0_returns,LRC_returns,0.0
0x0_returns,DAG_returns,0.0
0x0_returns,ONT_returns,0.0
0x0_returns,TRB_returns,0.0
0x0_returns,XNO_returns,0.0
0x0_returns,DLC_returns,-0.03320331976472325
0x0_returns,METIS_returns,0.0
0x0_returns,ICX_returns,0.0
0x0_returns,MYTH_returns,0.0
0x0_returns,MPLX_returns,0.0
0x0_returns,SXP_returns,0.0
0x0_returns,XVG_returns,0.0
0x0_returns,PEOPLE_returns,0.0
0x0_returns,AWE_returns,-0.030845570447167715
0x0_returns,REQ_returns,0.0
0x0_returns,STORJ_returns,0.0
0x0_returns,BAND_returns,0.0
0x0_returns,WMTX_returns,0.0
0x0_returns,CFG_returns,0.0
0x0_returns,HONEY_returns,0.0
0x0_returns,PRO_returns,0.0
0x0_returns,PRIME_returns,0.20250500635040103
0x0_returns,VVS_returns,0.0
0x0_returns,CPOOL_returns,0.0
0x0_returns,YGG_returns,0.0
0x0_returns,SSV_returns,0.0
0x0_returns,CETUS_returns,0.0
0x0_returns,CGPT_returns,0.0
0x0_returns,STIK_returns,0.0
0x0_returns,PHA_returns,0.0
0x0_returns,XVS_returns,0.0
0x0_returns,KUB_returns,-0.07440123161514425
0x0_returns,BICO_returns,0.0
0x0_returns,UMA_returns,0.0
0x0_returns,WAXP_returns,0.0
0x0_returns,XPR_returns,0.0
0x0_returns,RPL_returns,0.0
0x0_returns,PUNDIX_returns,-0.014357727638319844
0x0_returns,FLUX_returns,0.0
0x0_returns,BORA_returns,-0.012270399850632385
0x0_returns,POWR_returns,0.0
0x0_returns,AUDIO_returns,0.0
0x0_returns,PROM_returns,-0.043518787182328295
0x0_returns,IOST_returns,0.0
0x0_returns,ACX_returns,0.0
0x0_returns,ARDR_returns,-0.000559683870377659
0x0_returns,SPELL_returns,0.0
0x0_returns,ORBR_returns,0.0
0x0_returns,LSK_returns,0.0
0x0_returns,XOR_returns,0.0
0x0_returns,GLMR_returns,0.0
0x0_returns,BMX_returns,-0.09030204865316292
0x0_returns,MVL_returns,0.0
0x0_returns,ABT_returns,0.0
0x0_returns,VELO_returns,0.0
0x0_returns,IQ_returns,0.0
0x0_returns,AGI_returns,0.0
0x0_returns,WILD_returns,0.0
0x0_returns,XEM_returns,0.0
0x0_returns,LON_returns,-0.10293683715721755
0x0_returns,POND_returns,0.0
0x0_returns,ACT_returns,0.0
0x0_returns,XRD_returns,0.0
0x0_returns,RLC_returns,0.0
0x0_returns,ILV_returns,0.0
0x0_returns,FIDA_returns,0.16059758934064902
0x0_returns,BNT_returns,-0.001748377186003769
0x0_returns,DENT_returns,0.0
0x0_returns,ORBS_returns,0.0
0x0_returns,ONG_returns,0.0
0x0_returns,CHR_returns,0.0
0x0_returns,HEART_returns,0.0
0x0_returns,VANRY_returns,0.0
0x0_returns,LQTY_returns,0.0
0x0_returns,KEEP_returns,0.0
0x0_returns,DKA_returns,0.0
0x0_returns,ELON_returns,0.0
0x0_returns,ARK_returns,0.0
0x0_returns,MLK_returns,0.0
0x0_returns,AL_returns,0.0
0x0_returns,JOE_returns,0.0
0x0_returns,CELR_returns,0.0
0x0_returns,STEEM_returns,0.0
0x0_returns,BAL_returns,0.0
0x0_returns,PCI_returns,-0.06175932071600348
0x0_returns,MOVR_returns,0.0
0x0_returns,AUCTION_returns,-0.006176734006903164
0x0_returns,AERGO_returns,0.0
0x0_returns,MED_returns,0.0
0x0_returns,NMR_returns,0.0
0x0_returns,API3_returns,0.0
0x0_returns,AGLD_returns,0.0
0x0_returns,BONE_returns,0.0
0x0_returns,SLP_returns,0.0
0x0_returns,MTL_returns,-0.021258401261562133
0x0_returns,KNC_returns,0.0
0x0_returns,CTSI_returns,0.0
0x0_returns,BTRST_returns,-0.05712107684518211
0x0_returns,SCRT_returns,0.0
0x0_returns,OMI_returns,0.0
0x0_returns,GEOD_returns,-0.04371528078185665
0x0_returns,EDU_returns,0.0
0x0_returns,0x0_returns,0.0
0x0_returns,KUJI_returns,0.0
KUJI_returns,CTC_returns,0.0
KUJI_returns,MINA_returns,0.0
KUJI_returns,DASH_returns,0.0
KUJI_returns,SFP_returns,0.0
KUJI_returns,BabyDoge_returns,0.0
KUJI_returns,SNX_returns,0.0
KUJI_returns,TFUEL_returns,0.0
KUJI_returns,DCR_returns,0.0
KUJI_returns,GLM_returns,0.0
KUJI_returns,MX_returns,0.0
KUJI_returns,ZIL_returns,0.0
KUJI_returns,BLUR_returns,0.0
KUJI_returns,ROSE_returns,0.0
KUJI_returns,CKB_returns,0.0
KUJI_returns,TRAC_returns,0.0
KUJI_returns,QTUM_returns,0.0
KUJI_returns,ORDI_returns,0.0
KUJI_returns,LPT_returns,0.0
KUJI_returns,MASK_returns,0.0
KUJI_returns,ASTR_returns,0.0
KUJI_returns,ZRX_returns,0.0
KUJI_returns,VTHO_returns,0.0
KUJI_returns,ACH_returns,0.0
KUJI_returns,BAT_returns,0.0
KUJI_returns,CHEEL_returns,0.0
KUJI_returns,CHEX_returns,-0.03744356685761588
KUJI_returns,SNEK_returns,0.0
KUJI_returns,BORG_returns,0.0
KUJI_returns,KOGE_returns,0.0
KUJI_returns,IOTX_returns,0.0
KUJI_returns,CELO_returns,0.0
KUJI_returns,GAS_returns,0.0
KUJI_returns,ONE_returns,0.0
KUJI_returns,ID_returns,0.0
KUJI_returns,SUSHI_returns,0.0
KUJI_returns,CSPR_returns,0.0
KUJI_returns,HOT_returns,0.0
KUJI_returns,SC_returns,0.0
KUJI_returns,YFI_returns,0.0
KUJI_returns,RVN_returns,0.0
KUJI_returns,COW_returns,0.0
KUJI_returns,ANKR_returns,0.0
KUJI_returns,GOMINING_returns,0.0
KUJI_returns,XCH_returns,0.0
KUJI_returns,DGB_returns,0.0
KUJI_returns,T_returns,0.0
KUJI_returns,WOO_returns,0.0
KUJI_returns,ELF_returns,0.0
KUJI_returns,EUL_returns,0.0
KUJI_returns,ORCA_returns,0.18108505336631336
KUJI_returns,KDA_returns,0.1836698596968115
KUJI_returns,OSMO_returns,0.0
KUJI_returns,GMT_returns,0.0
KUJI_returns,SNT_returns,0.0
KUJI_returns,GMX_returns,0.0
KUJI_returns,ENJ_returns,0.0
KUJI_returns,XYO_returns,0.0
KUJI_returns,POLYX_returns,0.0
KUJI_returns,ZIG_returns,0.0
KUJI_returns,ZEN_returns,0.0
KUJI_returns,COTI_returns,0.0
KUJI_returns,WEMIX_returns,0.0
KUJI_returns,SKL_returns,0.0
KUJI_returns,LCX_returns,0.0
KUJI_returns,WAVES_returns,0.0
KUJI_returns,CVC_returns,0.0
KUJI_returns,SWFTC_returns,-0.010391880896184012
KUJI_returns,LUNA_returns,0.17392273137768424
KUJI_returns,HIVE_returns,0.0
KUJI_returns,RLB_returns,0.0
KUJI_returns,LRC_returns,0.0
KUJI_returns,DAG_returns,0.0
KUJI_returns,ONT_returns,0.0
KUJI_returns,TRB_returns,0.0
KUJI_returns,XNO_returns,0.17981710085313682
KUJI_returns,DLC_returns,-0.044249802164237136
KUJI_returns,METIS_returns,0.0
KUJI_returns,ICX_returns,0.0
KUJI_returns,MYTH_returns,0.0
KUJI_returns,MPLX_returns,0.0
KUJI_returns,SXP_returns,0.0
KUJI_returns,XVG_returns,0.0
KUJI_returns,PEOPLE_returns,0.0
KUJI_returns,AWE_returns,0.0
KUJI_returns,REQ_returns,0.0
KUJI_returns,STORJ_returns,0.0
KUJI_returns,BAND_returns,0.0
KUJI_returns,WMTX_returns,0.0
KUJI_returns,CFG_returns,0.0
KUJI_returns,HONEY_returns,0.0
KUJI_returns,PRO_returns,0.0
KUJI_returns,PRIME_returns,0.0
KUJI_returns,VVS_returns,0.0
KUJI_returns,CPOOL_returns,0.0
KUJI_returns,YGG_returns,0.0
KUJI_returns,SSV_returns,0.0
KUJI_returns,CETUS_returns,0.0
KUJI_returns,CGPT_returns,0.0
KUJI_returns,STIK_returns,0.0
KUJI_returns,PHA_returns,0.0
KUJI_returns,XVS_returns,0.0
KUJI_returns,KUB_returns,0.0
KUJI_returns,BICO_returns,0.0
KUJI_returns,UMA_returns,0.0
KUJI_returns,WAXP_returns,0.0
KUJI_returns,XPR_returns,-0.03147286797445336
KUJI_returns,RPL_returns,0.0
KUJI_returns,PUNDIX_returns,0.0
KUJI_returns,FLUX_returns,0.0
KUJI_returns,BORA_returns,0.0
KUJI_returns,POWR_returns,0.0
KUJI_returns,AUDIO_returns,0.0
KUJI_returns,PROM_returns,0.0
KUJI_returns,IOST_returns,0.0
KUJI_returns,ACX_returns,0.0
KUJI_returns,ARDR_returns,0.0
KUJI_returns,SPELL_returns,0.0
KUJI_returns,ORBR_returns,0.0
KUJI_returns,LSK_returns,0.0
KUJI_returns,XOR_returns,-0.04863864183991411
KUJI_returns,GLMR_returns,0.0
KUJI_returns,BMX_returns,0.0
KUJI_returns,MVL_returns,0.0
KUJI_returns,ABT_returns,0.0
KUJI_returns,VELO_returns,0.0
KUJI_returns,IQ_returns,0.0
KUJI_returns,AGI_returns,0.0
KUJI_returns,WILD_returns,0.0
KUJI_returns,XEM_returns,0.0
KUJI_returns,LON_returns,0.0
KUJI_returns,POND_returns,0.0
KUJI_returns,ACT_returns,-0.02898597519863546
KUJI_returns,XRD_returns,0.1967524622446178
KUJI_returns,RLC_returns,0.0
KUJI_returns,ILV_returns,0.0
KUJI_returns,FIDA_returns,0.0
KUJI_returns,BNT_returns,0.0
KUJI_returns,DENT_returns,0.0
KUJI_returns,ORBS_returns,0.0
KUJI_returns,ONG_returns,0.0
KUJI_returns,CHR_returns,0.0
KUJI_returns,HEART_returns,0.0
KUJI_returns,VANRY_returns,0.0
KUJI_returns,LQTY_returns,0.0
KUJI_returns,KEEP_returns,0.0
KUJI_returns,DKA_returns,0.17968291421904783
KUJI_returns,ELON_returns,0.0
KUJI_returns,ARK_returns,0.0
KUJI_returns,MLK_returns,0.0
KUJI_returns,AL_returns,0.0
KUJI_returns,JOE_returns,0.0
KUJI_returns,CELR_returns,0.0
KUJI_returns,STEEM_returns,0.0
KUJI_returns,BAL_returns,0.0
KUJI_returns,PCI_returns,0.0
KUJI_returns,MOVR_returns,0.0
KUJI_returns,AUCTION_returns,0.0
KUJI_returns,AERGO_returns,0.0
KUJI_returns,MED_returns,0.0
KUJI_returns,NMR_returns,0.0
KUJI_returns,API3_returns,0.0
KUJI_returns,AGLD_returns,0.0
KUJI_returns,BONE_returns,0.0
KUJI_returns,SLP_returns,0.0
KUJI_returns,MTL_returns,0.0
KUJI_returns,KNC_returns,0.0
KUJI_returns,CTSI_returns,0.0
KUJI_returns,BTRST_returns,0.0
KUJI_returns,SCRT_returns,0.0
KUJI_returns,OMI_returns,0.0
KUJI_returns,GEOD_returns,0.0
KUJI_returns,EDU_returns,0.0
KUJI_returns,0x0_returns,0.0
KUJI_returns,KUJI_returns,0.0
